{"abilities": [{"ability": {"name": "honey-gather", "url": "https://pokeapi.co/api/v2/ability/118/"}, "is_hidden": false, "slot": 1}, {"ability": {"name": "hustle", "url": "https://pokeapi.co/api/v2/ability/55/"}, "is_hidden": true, "slot": 3}], "base_experience": 49, "cries": {"latest": "https://raw.githubusercontent.com/PokeAPI/cries/main/cries/pokemon/latest/415.ogg", "legacy": "https://raw.githubusercontent.com/PokeAPI/cries/main/cries/pokemon/legacy/415.ogg"}, "forms": [{"name": "combee", "url": "https://pokeapi.co/api/v2/pokemon-form/415/"}], "game_indices": [{"game_index": 415, "version": {"name": "diamond", "url": "https://pokeapi.co/api/v2/version/12/"}}, {"game_index": 415, "version": {"name": "pearl", "url": "https://pokeapi.co/api/v2/version/13/"}}, {"game_index": 415, "version": {"name": "platinum", "url": "https://pokeapi.co/api/v2/version/14/"}}, {"game_index": 415, "version": {"name": "heartgold", "url": "https://pokeapi.co/api/v2/version/15/"}}, {"game_index": 415, "version": {"name": "soulsilver", "url": "https://pokeapi.co/api/v2/version/16/"}}, {"game_index": 415, "version": {"name": "black", "url": "https://pokeapi.co/api/v2/version/17/"}}, {"game_index": 415, "version": {"name": "white", "url": "https://pokeapi.co/api/v2/version/18/"}}, {"game_index": 415, "version": {"name": "black-2", "url": "https://pokeapi.co/api/v2/version/21/"}}, {"game_index": 415, "version": {"name": "white-2", "url": "https://pokeapi.co/api/v2/version/22/"}}], "height": 3, "held_items": [{"item": {"name": "honey", "url": "https://pokeapi.co/api/v2/item/94/"}, "version_details": [{"rarity": 100, "version": {"name": "diamond", "url": "https://pokeapi.co/api/v2/version/12/"}}, {"rarity": 100, "version": {"name": "pearl", "url": "https://pokeapi.co/api/v2/version/13/"}}, {"rarity": 100, "version": {"name": "platinum", "url": "https://pokeapi.co/api/v2/version/14/"}}, {"rarity": 100, "version": {"name": "heartgold", "url": "https://pokeapi.co/api/v2/version/15/"}}, {"rarity": 100, "version": {"name": "soulsilver", "url": "https://pokeapi.co/api/v2/version/16/"}}, {"rarity": 100, "version": {"name": "black", "url": "https://pokeapi.co/api/v2/version/17/"}}, {"rarity": 100, "version": {"name": "white", "url": "https://pokeapi.co/api/v2/version/18/"}}, {"rarity": 5, "version": {"name": "black-2", "url": "https://pokeapi.co/api/v2/version/21/"}}, {"rarity": 5, "version": {"name": "white-2", "url": "https://pokeapi.co/api/v2/version/22/"}}, {"rarity": 5, "version": {"name": "x", "url": "https://pokeapi.co/api/v2/version/23/"}}, {"rarity": 5, "version": {"name": "y", "url": "https://pokeapi.co/api/v2/version/24/"}}, {"rarity": 5, "version": {"name": "omega-ruby", "url": "https://pokeapi.co/api/v2/version/25/"}}, {"rarity": 5, "version": {"name": "alpha-sapphire", "url": "https://pokeapi.co/api/v2/version/26/"}}, {"rarity": 5, "version": {"name": "sun", "url": "https://pokeapi.co/api/v2/version/27/"}}, {"rarity": 5, "version": {"name": "moon", "url": "https://pokeapi.co/api/v2/version/28/"}}, {"rarity": 5, "version": {"name": "ultra-sun", "url": "https://pokeapi.co/api/v2/version/29/"}}, {"rarity": 5, "version": {"name": "ultra-moon", "url": "https://pokeapi.co/api/v2/version/30/"}}]}], "id": 415, "is_default": true, "location_area_encounters": "https://pokeapi.co/api/v2/pokemon/415/encounters", "moves": [{"move": {"name": "gust", "url": "https://pokeapi.co/api/v2/move/16/"}, "version_group_details": [{"level_learned_at": 1, "move_learn_method": {"name": "level-up", "url": "https://pokeapi.co/api/v2/move-learn-method/1/"}, "version_group": {"name": "diamond-pearl", "url": "https://pokeapi.co/api/v2/version-group/8/"}}, {"level_learned_at": 1, "move_learn_method": {"name": "level-up", "url": "https://pokeapi.co/api/v2/move-learn-method/1/"}, "version_group": {"name": "platinum", "url": "https://pokeapi.co/api/v2/version-group/9/"}}, {"level_learned_at": 1, "move_learn_method": {"name": "level-up", "url": "https://pokeapi.co/api/v2/move-learn-method/1/"}, "version_group": {"name": "heartgold-soulsilver", "url": "https://pokeapi.co/api/v2/version-group/10/"}}, {"level_learned_at": 1, "move_learn_method": {"name": "level-up", "url": "https://pokeapi.co/api/v2/move-learn-method/1/"}, "version_group": {"name": "black-white", "url": "https://pokeapi.co/api/v2/version-group/11/"}}, {"level_learned_at": 1, "move_learn_method": {"name": "level-up", "url": "https://pokeapi.co/api/v2/move-learn-method/1/"}, "version_group": {"name": "black-2-white-2", "url": "https://pokeapi.co/api/v2/version-group/14/"}}, {"level_learned_at": 1, "move_learn_method": {"name": "level-up", "url": "https://pokeapi.co/api/v2/move-learn-method/1/"}, "version_group": {"name": "x-y", "url": "https://pokeapi.co/api/v2/version-group/15/"}}, {"level_learned_at": 1, "move_learn_method": {"name": "level-up", "url": "https://pokeapi.co/api/v2/move-learn-method/1/"}, "version_group": {"name": "omega-ruby-alpha-sapphire", "url": "https://pokeapi.co/api/v2/version-group/16/"}}, {"level_learned_at": 1, "move_learn_method": {"name": "level-up", "url": "https://pokeapi.co/api/v2/move-learn-method/1/"}, "version_group": {"name": "sun-moon", "url": "https://pokeapi.co/api/v2/version-group/17/"}}, {"level_learned_at": 1, "move_learn_method": {"name": "level-up", "url": "https://pokeapi.co/api/v2/move-learn-method/1/"}, "version_group": {"name": "ultra-sun-ultra-moon", "url": "https://pokeapi.co/api/v2/version-group/18/"}}, {"level_learned_at": 1, "move_learn_method": {"name": "level-up", "url": "https://pokeapi.co/api/v2/move-learn-method/1/"}, "version_group": {"name": "sword-shield", "url": "https://pokeapi.co/api/v2/version-group/20/"}}, {"level_learned_at": 1, "move_learn_method": {"name": "level-up", "url": "https://pokeapi.co/api/v2/move-learn-method/1/"}, "version_group": {"name": "brilliant-diamond-and-shining-pearl", "url": "https://pokeapi.co/api/v2/version-group/23/"}}, {"level_learned_at": 1, "move_learn_method": {"name": "level-up", "url": "https://pokeapi.co/api/v2/move-learn-method/1/"}, "version_group": {"name": "scarlet-violet", "url": "https://pokeapi.co/api/v2/version-group/25/"}}]}, {"move": {"name": "string-shot", "url": "https://pokeapi.co/api/v2/move/81/"}, "version_group_details": [{"level_learned_at": 0, "move_learn_method": {"name": "tutor", "url": "https://pokeapi.co/api/v2/move-learn-method/3/"}, "version_group": {"name": "heartgold-soulsilver", "url": "https://pokeapi.co/api/v2/version-group/10/"}}]}, {"move": {"name": "swift", "url": "https://pokeapi.co/api/v2/move/129/"}, "version_group_details": [{"level_learned_at": 0, "move_learn_method": {"name": "tutor", "url": "https://pokeapi.co/api/v2/move-learn-method/3/"}, "version_group": {"name": "platinum", "url": "https://pokeapi.co/api/v2/version-group/9/"}}, {"level_learned_at": 0, "move_learn_method": {"name": "tutor", "url": "https://pokeapi.co/api/v2/move-learn-method/3/"}, "version_group": {"name": "heartgold-soulsilver", "url": "https://pokeapi.co/api/v2/version-group/10/"}}]}, {"move": {"name": "snore", "url": "https://pokeapi.co/api/v2/move/173/"}, "version_group_details": [{"level_learned_at": 0, "move_learn_method": {"name": "tutor", "url": "https://pokeapi.co/api/v2/move-learn-method/3/"}, "version_group": {"name": "platinum", "url": "https://pokeapi.co/api/v2/version-group/9/"}}, {"level_learned_at": 0, "move_learn_method": {"name": "tutor", "url": "https://pokeapi.co/api/v2/move-learn-method/3/"}, "version_group": {"name": "heartgold-soulsilver", "url": "https://pokeapi.co/api/v2/version-group/10/"}}, {"level_learned_at": 0, "move_learn_method": {"name": "tutor", "url": "https://pokeapi.co/api/v2/move-learn-method/3/"}, "version_group": {"name": "black-2-white-2", "url": "https://pokeapi.co/api/v2/version-group/14/"}}, {"level_learned_at": 0, "move_learn_method": {"name": "tutor", "url": "https://pokeapi.co/api/v2/move-learn-method/3/"}, "version_group": {"name": "omega-ruby-alpha-sapphire", "url": "https://pokeapi.co/api/v2/version-group/16/"}}, {"level_learned_at": 0, "move_learn_method": {"name": "tutor", "url": "https://pokeapi.co/api/v2/move-learn-method/3/"}, "version_group": {"name": "ultra-sun-ultra-moon", "url": "https://pokeapi.co/api/v2/version-group/18/"}}, {"level_learned_at": 0, "move_learn_method": {"name": "machine", "url": "https://pokeapi.co/api/v2/move-learn-method/4/"}, "version_group": {"name": "sword-shield", "url": "https://pokeapi.co/api/v2/version-group/20/"}}]}, {"move": {"name": "mud-slap", "url": "https://pokeapi.co/api/v2/move/189/"}, "version_group_details": [{"level_learned_at": 0, "move_learn_method": {"name": "tutor", "url": "https://pokeapi.co/api/v2/move-learn-method/3/"}, "version_group": {"name": "platinum", "url": "https://pokeapi.co/api/v2/version-group/9/"}}, {"level_learned_at": 0, "move_learn_method": {"name": "tutor", "url": "https://pokeapi.co/api/v2/move-learn-method/3/"}, "version_group": {"name": "heartgold-soulsilver", "url": "https://pokeapi.co/api/v2/version-group/10/"}}]}, {"move": {"name": "sleep-talk", "url": "https://pokeapi.co/api/v2/move/214/"}, "version_group_details": [{"level_learned_at": 0, "move_learn_method": {"name": "machine", "url": "https://pokeapi.co/api/v2/move-learn-method/4/"}, "version_group": {"name": "scarlet-violet", "url": "https://pokeapi.co/api/v2/version-group/25/"}}]}, {"move": {"name": "sweet-scent", "url": "https://pokeapi.co/api/v2/move/230/"}, "version_group_details": [{"level_learned_at": 1, "move_learn_method": {"name": "level-up", "url": "https://pokeapi.co/api/v2/move-learn-method/1/"}, "version_group": {"name": "diamond-pearl", "url": "https://pokeapi.co/api/v2/version-group/8/"}}, {"level_learned_at": 1, "move_learn_method": {"name": "level-up", "url": "https://pokeapi.co/api/v2/move-learn-method/1/"}, "version_group": {"name": "platinum", "url": "https://pokeapi.co/api/v2/version-group/9/"}}, {"level_learned_at": 1, "move_learn_method": {"name": "level-up", "url": "https://pokeapi.co/api/v2/move-learn-method/1/"}, "version_group": {"name": "heartgold-soulsilver", "url": "https://pokeapi.co/api/v2/version-group/10/"}}, {"level_learned_at": 1, "move_learn_method": {"name": "level-up", "url": "https://pokeapi.co/api/v2/move-learn-method/1/"}, "version_group": {"name": "black-white", "url": "https://pokeapi.co/api/v2/version-group/11/"}}, {"level_learned_at": 1, "move_learn_method": {"name": "level-up", "url": "https://pokeapi.co/api/v2/move-learn-method/1/"}, "version_group": {"name": "black-2-white-2", "url": "https://pokeapi.co/api/v2/version-group/14/"}}, {"level_learned_at": 1, "move_learn_method": {"name": "level-up", "url": "https://pokeapi.co/api/v2/move-learn-method/1/"}, "version_group": {"name": "x-y", "url": "https://pokeapi.co/api/v2/version-group/15/"}}, {"level_learned_at": 1, "move_learn_method": {"name": "level-up", "url": "https://pokeapi.co/api/v2/move-learn-method/1/"}, "version_group": {"name": "omega-ruby-alpha-sapphire", "url": "https://pokeapi.co/api/v2/version-group/16/"}}, {"level_learned_at": 1, "move_learn_method": {"name": "level-up", "url": "https://pokeapi.co/api/v2/move-learn-method/1/"}, "version_group": {"name": "sun-moon", "url": "https://pokeapi.co/api/v2/version-group/17/"}}, {"level_learned_at": 1, "move_learn_method": {"name": "level-up", "url": "https://pokeapi.co/api/v2/move-learn-method/1/"}, "version_group": {"name": "ultra-sun-ultra-moon", "url": "https://pokeapi.co/api/v2/version-group/18/"}}, {"level_learned_at": 1, "move_learn_method": {"name": "level-up", "url": "https://pokeapi.co/api/v2/move-learn-method/1/"}, "version_group": {"name": "sword-shield", "url": "https://pokeapi.co/api/v2/version-group/20/"}}, {"level_learned_at": 1, "move_learn_method": {"name": "level-up", "url": "https://pokeapi.co/api/v2/move-learn-method/1/"}, "version_group": {"name": "brilliant-diamond-and-shining-pearl", "url": "https://pokeapi.co/api/v2/version-group/23/"}}, {"level_learned_at": 1, "move_learn_method": {"name": "level-up", "url": "https://pokeapi.co/api/v2/move-learn-method/1/"}, "version_group": {"name": "scarlet-violet", "url": "https://pokeapi.co/api/v2/version-group/25/"}}]}, {"move": {"name": "endeavor", "url": "https://pokeapi.co/api/v2/move/283/"}, "version_group_details": [{"level_learned_at": 0, "move_learn_method": {"name": "tutor", "url": "https://pokeapi.co/api/v2/move-learn-method/3/"}, "version_group": {"name": "platinum", "url": "https://pokeapi.co/api/v2/version-group/9/"}}, {"level_learned_at": 0, "move_learn_method": {"name": "tutor", "url": "https://pokeapi.co/api/v2/move-learn-method/3/"}, "version_group": {"name": "heartgold-soulsilver", "url": "https://pokeapi.co/api/v2/version-group/10/"}}, {"level_learned_at": 0, "move_learn_method": {"name": "tutor", "url": "https://pokeapi.co/api/v2/move-learn-method/3/"}, "version_group": {"name": "black-2-white-2", "url": "https://pokeapi.co/api/v2/version-group/14/"}}, {"level_learned_at": 0, "move_learn_method": {"name": "tutor", "url": "https://pokeapi.co/api/v2/move-learn-method/3/"}, "version_group": {"name": "omega-ruby-alpha-sapphire", "url": "https://pokeapi.co/api/v2/version-group/16/"}}, {"level_learned_at": 0, "move_learn_method": {"name": "tutor", "url": "https://pokeapi.co/api/v2/move-learn-method/3/"}, "version_group": {"name": "ultra-sun-ultra-moon", "url": "https://pokeapi.co/api/v2/version-group/18/"}}, {"level_learned_at": 0, "move_learn_method": {"name": "machine", "url": "https://pokeapi.co/api/v2/move-learn-method/4/"}, "version_group": {"name": "scarlet-violet", "url": "https://pokeapi.co/api/v2/version-group/25/"}}]}, {"move": {"name": "air-cutter", "url": "https://pokeapi.co/api/v2/move/314/"}, "version_group_details": [{"level_learned_at": 0, "move_learn_method": {"name": "tutor", "url": "https://pokeapi.co/api/v2/move-learn-method/3/"}, "version_group": {"name": "platinum", "url": "https://pokeapi.co/api/v2/version-group/9/"}}, {"level_learned_at": 0, "move_learn_method": {"name": "tutor", "url": "https://pokeapi.co/api/v2/move-learn-method/3/"}, "version_group": {"name": "heartgold-soulsilver", "url": "https://pokeapi.co/api/v2/version-group/10/"}}]}, {"move": {"name": "tailwind", "url": "https://pokeapi.co/api/v2/move/366/"}, "version_group_details": [{"level_learned_at": 0, "move_learn_method": {"name": "tutor", "url": "https://pokeapi.co/api/v2/move-learn-method/3/"}, "version_group": {"name": "heartgold-soulsilver", "url": "https://pokeapi.co/api/v2/version-group/10/"}}, {"level_learned_at": 0, "move_learn_method": {"name": "tutor", "url": "https://pokeapi.co/api/v2/move-learn-method/3/"}, "version_group": {"name": "black-2-white-2", "url": "https://pokeapi.co/api/v2/version-group/14/"}}, {"level_learned_at": 0, "move_learn_method": {"name": "tutor", "url": "https://pokeapi.co/api/v2/move-learn-method/3/"}, "version_group": {"name": "omega-ruby-alpha-sapphire", "url": "https://pokeapi.co/api/v2/version-group/16/"}}, {"level_learned_at": 0, "move_learn_method": {"name": "tutor", "url": "https://pokeapi.co/api/v2/move-learn-method/3/"}, "version_group": {"name": "ultra-sun-ultra-moon", "url": "https://pokeapi.co/api/v2/version-group/18/"}}]}, {"move": {"name": "bug-buzz", "url": "https://pokeapi.co/api/v2/move/405/"}, "version_group_details": [{"level_learned_at": 29, "move_learn_method": {"name": "level-up", "url": "https://pokeapi.co/api/v2/move-learn-method/1/"}, "version_group": {"name": "black-2-white-2", "url": "https://pokeapi.co/api/v2/version-group/14/"}}, {"level_learned_at": 29, "move_learn_method": {"name": "level-up", "url": "https://pokeapi.co/api/v2/move-learn-method/1/"}, "version_group": {"name": "x-y", "url": "https://pokeapi.co/api/v2/version-group/15/"}}, {"level_learned_at": 29, "move_learn_method": {"name": "level-up", "url": "https://pokeapi.co/api/v2/move-learn-method/1/"}, "version_group": {"name": "omega-ruby-alpha-sapphire", "url": "https://pokeapi.co/api/v2/version-group/16/"}}, {"level_learned_at": 29, "move_learn_method": {"name": "level-up", "url": "https://pokeapi.co/api/v2/move-learn-method/1/"}, "version_group": {"name": "sun-moon", "url": "https://pokeapi.co/api/v2/version-group/17/"}}, {"level_learned_at": 29, "move_learn_method": {"name": "level-up", "url": "https://pokeapi.co/api/v2/move-learn-method/1/"}, "version_group": {"name": "ultra-sun-ultra-moon", "url": "https://pokeapi.co/api/v2/version-group/18/"}}, {"level_learned_at": 0, "move_learn_method": {"name": "machine", "url": "https://pokeapi.co/api/v2/move-learn-method/4/"}, "version_group": {"name": "sword-shield", "url": "https://pokeapi.co/api/v2/version-group/20/"}}, {"level_learned_at": 0, "move_learn_method": {"name": "machine", "url": "https://pokeapi.co/api/v2/move-learn-method/4/"}, "version_group": {"name": "brilliant-diamond-and-shining-pearl", "url": "https://pokeapi.co/api/v2/version-group/23/"}}, {"level_learned_at": 0, "move_learn_method": {"name": "machine", "url": "https://pokeapi.co/api/v2/move-learn-method/4/"}, "version_group": {"name": "scarlet-violet", "url": "https://pokeapi.co/api/v2/version-group/25/"}}]}, {"move": {"name": "bug-bite", "url": "https://pokeapi.co/api/v2/move/450/"}, "version_group_details": [{"level_learned_at": 13, "move_learn_method": {"name": "level-up", "url": "https://pokeapi.co/api/v2/move-learn-method/1/"}, "version_group": {"name": "platinum", "url": "https://pokeapi.co/api/v2/version-group/9/"}}, {"level_learned_at": 13, "move_learn_method": {"name": "level-up", "url": "https://pokeapi.co/api/v2/move-learn-method/1/"}, "version_group": {"name": "heartgold-soulsilver", "url": "https://pokeapi.co/api/v2/version-group/10/"}}, {"level_learned_at": 0, "move_learn_method": {"name": "tutor", "url": "https://pokeapi.co/api/v2/move-learn-method/3/"}, "version_group": {"name": "heartgold-soulsilver", "url": "https://pokeapi.co/api/v2/version-group/10/"}}, {"level_learned_at": 13, "move_learn_method": {"name": "level-up", "url": "https://pokeapi.co/api/v2/move-learn-method/1/"}, "version_group": {"name": "black-white", "url": "https://pokeapi.co/api/v2/version-group/11/"}}, {"level_learned_at": 13, "move_learn_method": {"name": "level-up", "url": "https://pokeapi.co/api/v2/move-learn-method/1/"}, "version_group": {"name": "black-2-white-2", "url": "https://pokeapi.co/api/v2/version-group/14/"}}, {"level_learned_at": 0, "move_learn_method": {"name": "tutor", "url": "https://pokeapi.co/api/v2/move-learn-method/3/"}, "version_group": {"name": "black-2-white-2", "url": "https://pokeapi.co/api/v2/version-group/14/"}}, {"level_learned_at": 13, "move_learn_method": {"name": "level-up", "url": "https://pokeapi.co/api/v2/move-learn-method/1/"}, "version_group": {"name": "x-y", "url": "https://pokeapi.co/api/v2/version-group/15/"}}, {"level_learned_at": 13, "move_learn_method": {"name": "level-up", "url": "https://pokeapi.co/api/v2/move-learn-method/1/"}, "version_group": {"name": "omega-ruby-alpha-sapphire", "url": "https://pokeapi.co/api/v2/version-group/16/"}}, {"level_learned_at": 0, "move_learn_method": {"name": "tutor", "url": "https://pokeapi.co/api/v2/move-learn-method/3/"}, "version_group": {"name": "omega-ruby-alpha-sapphire", "url": "https://pokeapi.co/api/v2/version-group/16/"}}, {"level_learned_at": 13, "move_learn_method": {"name": "level-up", "url": "https://pokeapi.co/api/v2/move-learn-method/1/"}, "version_group": {"name": "sun-moon", "url": "https://pokeapi.co/api/v2/version-group/17/"}}, {"level_learned_at": 13, "move_learn_method": {"name": "level-up", "url": "https://pokeapi.co/api/v2/move-learn-method/1/"}, "version_group": {"name": "ultra-sun-ultra-moon", "url": "https://pokeapi.co/api/v2/version-group/18/"}}, {"level_learned_at": 0, "move_learn_method": {"name": "tutor", "url": "https://pokeapi.co/api/v2/move-learn-method/3/"}, "version_group": {"name": "ultra-sun-ultra-moon", "url": "https://pokeapi.co/api/v2/version-group/18/"}}, {"level_learned_at": 1, "move_learn_method": {"name": "level-up", "url": "https://pokeapi.co/api/v2/move-learn-method/1/"}, "version_group": {"name": "sword-shield", "url": "https://pokeapi.co/api/v2/version-group/20/"}}, {"level_learned_at": 1, "move_learn_method": {"name": "level-up", "url": "https://pokeapi.co/api/v2/move-learn-method/1/"}, "version_group": {"name": "brilliant-diamond-and-shining-pearl", "url": "https://pokeapi.co/api/v2/version-group/23/"}}, {"level_learned_at": 1, "move_learn_method": {"name": "level-up", "url": "https://pokeapi.co/api/v2/move-learn-method/1/"}, "version_group": {"name": "scarlet-violet", "url": "https://pokeapi.co/api/v2/version-group/25/"}}, {"level_learned_at": 0, "move_learn_method": {"name": "machine", "url": "https://pokeapi.co/api/v2/move-learn-method/4/"}, "version_group": {"name": "scarlet-violet", "url": "https://pokeapi.co/api/v2/version-group/25/"}}]}, {"move": {"name": "ominous-wind", "url": "https://pokeapi.co/api/v2/move/466/"}, "version_group_details": [{"level_learned_at": 0, "move_learn_method": {"name": "tutor", "url": "https://pokeapi.co/api/v2/move-learn-method/3/"}, "version_group": {"name": "platinum", "url": "https://pokeapi.co/api/v2/version-group/9/"}}, {"level_learned_at": 0, "move_learn_method": {"name": "tutor", "url": "https://pokeapi.co/api/v2/move-learn-method/3/"}, "version_group": {"name": "heartgold-soulsilver", "url": "https://pokeapi.co/api/v2/version-group/10/"}}]}, {"move": {"name": "struggle-bug", "url": "https://pokeapi.co/api/v2/move/522/"}, "version_group_details": [{"level_learned_at": 1, "move_learn_method": {"name": "level-up", "url": "https://pokeapi.co/api/v2/move-learn-method/1/"}, "version_group": {"name": "sword-shield", "url": "https://pokeapi.co/api/v2/version-group/20/"}}, {"level_learned_at": 1, "move_learn_method": {"name": "level-up", "url": "https://pokeapi.co/api/v2/move-learn-method/1/"}, "version_group": {"name": "brilliant-diamond-and-shining-pearl", "url": "https://pokeapi.co/api/v2/version-group/23/"}}, {"level_learned_at": 1, "move_learn_method": {"name": "level-up", "url": "https://pokeapi.co/api/v2/move-learn-method/1/"}, "version_group": {"name": "scarlet-violet", "url": "https://pokeapi.co/api/v2/version-group/25/"}}, {"level_learned_at": 0, "move_learn_method": {"name": "machine", "url": "https://pokeapi.co/api/v2/move-learn-method/4/"}, "version_group": {"name": "scarlet-violet", "url": "https://pokeapi.co/api/v2/version-group/25/"}}]}, {"move": {"name": "lunge", "url": "https://pokeapi.co/api/v2/move/679/"}, "version_group_details": [{"level_learned_at": 0, "move_learn_method": {"name": "machine", "url": "https://pokeapi.co/api/v2/move-learn-method/4/"}, "version_group": {"name": "scarlet-violet", "url": "https://pokeapi.co/api/v2/version-group/25/"}}]}, {"move": {"name": "skitter-smack", "url": "https://pokeapi.co/api/v2/move/806/"}, "version_group_details": [{"level_learned_at": 0, "move_learn_method": {"name": "machine", "url": "https://pokeapi.co/api/v2/move-learn-method/4/"}, "version_group": {"name": "scarlet-violet", "url": "https://pokeapi.co/api/v2/version-group/25/"}}]}, {"move": {"name": "dual-wingbeat", "url": "https://pokeapi.co/api/v2/move/814/"}, "version_group_details": [{"level_learned_at": 0, "move_learn_method": {"name": "tutor", "url": "https://pokeapi.co/api/v2/move-learn-method/3/"}, "version_group": {"name": "sword-shield", "url": "https://pokeapi.co/api/v2/version-group/20/"}}]}, {"move": {"name": "tera-blast", "url": "https://pokeapi.co/api/v2/move/851/"}, "version_group_details": [{"level_learned_at": 0, "move_learn_method": {"name": "machine", "url": "https://pokeapi.co/api/v2/move-learn-method/4/"}, "version_group": {"name": "scarlet-violet", "url": "https://pokeapi.co/api/v2/version-group/25/"}}]}], "name": "combee", "order": 546, "past_abilities": [], "past_types": [], "species": {"name": "combee", "url": "https://pokeapi.co/api/v2/pokemon-species/415/"}, "sprites": {"back_default": "https://raw.githubusercontent.com/PokeAPI/sprites/master/sprites/pokemon/back/415.png", "back_female": null, "back_shiny": "https://raw.githubusercontent.com/PokeAPI/sprites/master/sprites/pokemon/back/shiny/415.png", "back_shiny_female": null, "front_default": "https://raw.githubusercontent.com/PokeAPI/sprites/master/sprites/pokemon/415.png", "front_female": "https://raw.githubusercontent.com/PokeAPI/sprites/master/sprites/pokemon/female/415.png", "front_shiny": "https://raw.githubusercontent.com/PokeAPI/sprites/master/sprites/pokemon/shiny/415.png", "front_shiny_female": "https://raw.githubusercontent.com/PokeAPI/sprites/master/sprites/pokemon/shiny/female/415.png", "other": {"dream_world": {"front_default": "https://raw.githubusercontent.com/PokeAPI/sprites/master/sprites/pokemon/other/dream-world/415.svg", "front_female": null}, "home": {"front_default": "https://raw.githubusercontent.com/PokeAPI/sprites/master/sprites/pokemon/other/home/415.png", "front_female": "https://raw.githubusercontent.com/PokeAPI/sprites/master/sprites/pokemon/other/home/female/415.png", "front_shiny": "https://raw.githubusercontent.com/PokeAPI/sprites/master/sprites/pokemon/other/home/shiny/415.png", "front_shiny_female": "https://raw.githubusercontent.com/PokeAPI/sprites/master/sprites/pokemon/other/home/shiny/female/415.png"}, "official-artwork": {"front_default": "https://raw.githubusercontent.com/PokeAPI/sprites/master/sprites/pokemon/other/official-artwork/415.png", "front_shiny": "https://raw.githubusercontent.com/PokeAPI/sprites/master/sprites/pokemon/other/official-artwork/shiny/415.png"}, "showdown": {"back_default": "https://raw.githubusercontent.com/PokeAPI/sprites/master/sprites/pokemon/other/showdown/back/415.gif", "back_female": "https://raw.githubusercontent.com/PokeAPI/sprites/master/sprites/pokemon/other/showdown/back/female/415.gif", "back_shiny": "https://raw.githubusercontent.com/PokeAPI/sprites/master/sprites/pokemon/other/showdown/back/shiny/415.gif", "back_shiny_female": null, "front_default": "https://raw.githubusercontent.com/PokeAPI/sprites/master/sprites/pokemon/other/showdown/415.gif", "front_female": "https://raw.githubusercontent.com/PokeAPI/sprites/master/sprites/pokemon/other/showdown/female/415.gif", "front_shiny": "https://raw.githubusercontent.com/PokeAPI/sprites/master/sprites/pokemon/other/showdown/shiny/415.gif", "front_shiny_female": "https://raw.githubusercontent.com/PokeAPI/sprites/master/sprites/pokemon/other/showdown/shiny/female/415.gif"}}, "versions": {"generation-i": {"red-blue": {"back_default": null, "back_gray": null, "back_transparent": null, "front_default": null, "front_gray": null, "front_transparent": null}, "yellow": {"back_default": null, "back_gray": null, "back_transparent": null, "front_default": null, "front_gray": null, "front_transparent": null}}, "generation-ii": {"crystal": {"back_default": null, "back_shiny": null, "back_shiny_transparent": null, "back_transparent": null, "front_default": null, "front_shiny": null, "front_shiny_transparent": null, "front_transparent": null}, "gold": {"back_default": null, "back_shiny": null, "front_default": null, "front_shiny": null, "front_transparent": null}, "silver": {"back_default": null, "back_shiny": null, "front_default": null, "front_shiny": null, "front_transparent": null}}, "generation-iii": {"emerald": {"front_default": null, "front_shiny": null}, "firered-leafgreen": {"back_default": null, "back_shiny": null, "front_default": null, "front_shiny": null}, "ruby-sapphire": {"back_default": null, "back_shiny": null, "front_default": null, "front_shiny": null}}, "generation-iv": {"diamond-pearl": {"back_default": "https://raw.githubusercontent.com/PokeAPI/sprites/master/sprites/pokemon/versions/generation-iv/diamond-pearl/back/415.png", "back_female": null, "back_shiny": "https://raw.githubusercontent.com/PokeAPI/sprites/master/sprites/pokemon/versions/generation-iv/diamond-pearl/back/shiny/415.png", "back_shiny_female": null, "front_default": "https://raw.githubusercontent.com/PokeAPI/sprites/master/sprites/pokemon/versions/generation-iv/diamond-pearl/415.png", "front_female": "https://raw.githubusercontent.com/PokeAPI/sprites/master/sprites/pokemon/versions/generation-iv/diamond-pearl/female/415.png", "front_shiny": "https://raw.githubusercontent.com/PokeAPI/sprites/master/sprites/pokemon/versions/generation-iv/diamond-pearl/shiny/415.png", "front_shiny_female": "https://raw.githubusercontent.com/PokeAPI/sprites/master/sprites/pokemon/versions/generation-iv/diamond-pearl/shiny/female/415.png"}, "heartgold-soulsilver": {"back_default": "https://raw.githubusercontent.com/PokeAPI/sprites/master/sprites/pokemon/versions/generation-iv/heartgold-soulsilver/back/415.png", "back_female": null, "back_shiny": "https://raw.githubusercontent.com/PokeAPI/sprites/master/sprites/pokemon/versions/generation-iv/heartgold-soulsilver/back/shiny/415.png", "back_shiny_female": null, "front_default": "https://raw.githubusercontent.com/PokeAPI/sprites/master/sprites/pokemon/versions/generation-iv/heartgold-soulsilver/415.png", "front_female": "https://raw.githubusercontent.com/PokeAPI/sprites/master/sprites/pokemon/versions/generation-iv/heartgold-soulsilver/female/415.png", "front_shiny": "https://raw.githubusercontent.com/PokeAPI/sprites/master/sprites/pokemon/versions/generation-iv/heartgold-soulsilver/shiny/415.png", "front_shiny_female": "https://raw.githubusercontent.com/PokeAPI/sprites/master/sprites/pokemon/versions/generation-iv/heartgold-soulsilver/shiny/female/415.png"}, "platinum": {"back_default": "https://raw.githubusercontent.com/PokeAPI/sprites/master/sprites/pokemon/versions/generation-iv/platinum/back/415.png", "back_female": null, "back_shiny": "https://raw.githubusercontent.com/PokeAPI/sprites/master/sprites/pokemon/versions/generation-iv/platinum/back/shiny/415.png", "back_shiny_female": null, "front_default": "https://raw.githubusercontent.com/PokeAPI/sprites/master/sprites/pokemon/versions/generation-iv/platinum/415.png", "front_female": "https://raw.githubusercontent.com/PokeAPI/sprites/master/sprites/pokemon/versions/generation-iv/platinum/female/415.png", "front_shiny": "https://raw.githubusercontent.com/PokeAPI/sprites/master/sprites/pokemon/versions/generation-iv/platinum/shiny/415.png", "front_shiny_female": "https://raw.githubusercontent.com/PokeAPI/sprites/master/sprites/pokemon/versions/generation-iv/platinum/shiny/female/415.png"}}, "generation-v": {"black-white": {"animated": {"back_default": "https://raw.githubusercontent.com/PokeAPI/sprites/master/sprites/pokemon/versions/generation-v/black-white/animated/back/415.gif", "back_female": "https://raw.githubusercontent.com/PokeAPI/sprites/master/sprites/pokemon/versions/generation-v/black-white/animated/back/female/415.gif", "back_shiny": "https://raw.githubusercontent.com/PokeAPI/sprites/master/sprites/pokemon/versions/generation-v/black-white/animated/back/shiny/415.gif", "back_shiny_female": "https://raw.githubusercontent.com/PokeAPI/sprites/master/sprites/pokemon/versions/generation-v/black-white/animated/back/shiny/female/415.gif", "front_default": "https://raw.githubusercontent.com/PokeAPI/sprites/master/sprites/pokemon/versions/generation-v/black-white/animated/415.gif", "front_female": "https://raw.githubusercontent.com/PokeAPI/sprites/master/sprites/pokemon/versions/generation-v/black-white/animated/female/415.gif", "front_shiny": "https://raw.githubusercontent.com/PokeAPI/sprites/master/sprites/pokemon/versions/generation-v/black-white/animated/shiny/415.gif", "front_shiny_female": "https://raw.githubusercontent.com/PokeAPI/sprites/master/sprites/pokemon/versions/generation-v/black-white/animated/shiny/female/415.gif"}, "back_default": "https://raw.githubusercontent.com/PokeAPI/sprites/master/sprites/pokemon/versions/generation-v/black-white/back/415.png", "back_female": null, "back_shiny": "https://raw.githubusercontent.com/PokeAPI/sprites/master/sprites/pokemon/versions/generation-v/black-white/back/shiny/415.png", "back_shiny_female": null, "front_default": "https://raw.githubusercontent.com/PokeAPI/sprites/master/sprites/pokemon/versions/generation-v/black-white/415.png", "front_female": "https://raw.githubusercontent.com/PokeAPI/sprites/master/sprites/pokemon/versions/generation-v/black-white/female/415.png", "front_shiny": "https://raw.githubusercontent.com/PokeAPI/sprites/master/sprites/pokemon/versions/generation-v/black-white/shiny/415.png", "front_shiny_female": "https://raw.githubusercontent.com/PokeAPI/sprites/master/sprites/pokemon/versions/generation-v/black-white/shiny/female/415.png"}}, "generation-vi": {"omegaruby-alphasapphire": {"front_default": "https://raw.githubusercontent.com/PokeAPI/sprites/master/sprites/pokemon/versions/generation-vi/omegaruby-alphasapphire/415.png", "front_female": "https://raw.githubusercontent.com/PokeAPI/sprites/master/sprites/pokemon/versions/generation-vi/omegaruby-alphasapphire/female/415.png", "front_shiny": "https://raw.githubusercontent.com/PokeAPI/sprites/master/sprites/pokemon/versions/generation-vi/omegaruby-alphasapphire/shiny/415.png", "front_shiny_female": "https://raw.githubusercontent.com/PokeAPI/sprites/master/sprites/pokemon/versions/generation-vi/omegaruby-alphasapphire/shiny/female/415.png"}, "x-y": {"front_default": "https://raw.githubusercontent.com/PokeAPI/sprites/master/sprites/pokemon/versions/generation-vi/x-y/415.png", "front_female": "https://raw.githubusercontent.com/PokeAPI/sprites/master/sprites/pokemon/versions/generation-vi/x-y/female/415.png", "front_shiny": "https://raw.githubusercontent.com/PokeAPI/sprites/master/sprites/pokemon/versions/generation-vi/x-y/shiny/415.png", "front_shiny_female": "https://raw.githubusercontent.com/PokeAPI/sprites/master/sprites/pokemon/versions/generation-vi/x-y/shiny/female/415.png"}}, "generation-vii": {"icons": {"front_default": "https://raw.githubusercontent.com/PokeAPI/sprites/master/sprites/pokemon/versions/generation-vii/icons/415.png", "front_female": null}, "ultra-sun-ultra-moon": {"front_default": "https://raw.githubusercontent.com/PokeAPI/sprites/master/sprites/pokemon/versions/generation-vii/ultra-sun-ultra-moon/415.png", "front_female": "https://raw.githubusercontent.com/PokeAPI/sprites/master/sprites/pokemon/versions/generation-vii/ultra-sun-ultra-moon/female/415.png", "front_shiny": "https://raw.githubusercontent.com/PokeAPI/sprites/master/sprites/pokemon/versions/generation-vii/ultra-sun-ultra-moon/shiny/415.png", "front_shiny_female": "https://raw.githubusercontent.com/PokeAPI/sprites/master/sprites/pokemon/versions/generation-vii/ultra-sun-ultra-moon/shiny/female/415.png"}}, "generation-viii": {"icons": {"front_default": "https://raw.githubusercontent.com/PokeAPI/sprites/master/sprites/pokemon/versions/generation-viii/icons/415.png", "front_female": null}}}}, "stats": [{"base_stat": 30, "effort": 0, "stat": {"name": "hp", "url": "https://pokeapi.co/api/v2/stat/1/"}}, {"base_stat": 30, "effort": 0, "stat": {"name": "attack", "url": "https://pokeapi.co/api/v2/stat/2/"}}, {"base_stat": 42, "effort": 0, "stat": {"name": "defense", "url": "https://pokeapi.co/api/v2/stat/3/"}}, {"base_stat": 30, "effort": 0, "stat": {"name": "special-attack", "url": "https://pokeapi.co/api/v2/stat/4/"}}, {"base_stat": 42, "effort": 0, "stat": {"name": "special-defense", "url": "https://pokeapi.co/api/v2/stat/5/"}}, {"base_stat": 70, "effort": 1, "stat": {"name": "speed", "url": "https://pokeapi.co/api/v2/stat/6/"}}], "types": [{"slot": 1, "type": {"name": "bug", "url": "https://pokeapi.co/api/v2/type/7/"}}, {"slot": 2, "type": {"name": "flying", "url": "https://pokeapi.co/api/v2/type/3/"}}], "weight": 55}