{"abilities": [{"ability": {"name": "rattled", "url": "https://pokeapi.co/api/v2/ability/155/"}, "is_hidden": false, "slot": 1}, {"ability": {"name": "static", "url": "https://pokeapi.co/api/v2/ability/9/"}, "is_hidden": false, "slot": 2}, {"ability": {"name": "klutz", "url": "https://pokeapi.co/api/v2/ability/103/"}, "is_hidden": true, "slot": 3}], "base_experience": 48, "cries": {"latest": "https://raw.githubusercontent.com/PokeAPI/cries/main/cries/pokemon/latest/848.ogg", "legacy": null}, "forms": [{"name": "toxel", "url": "https://pokeapi.co/api/v2/pokemon-form/848/"}], "game_indices": [], "height": 4, "held_items": [], "id": 848, "is_default": true, "location_area_encounters": "https://pokeapi.co/api/v2/pokemon/848/encounters", "moves": [{"move": {"name": "growl", "url": "https://pokeapi.co/api/v2/move/45/"}, "version_group_details": [{"level_learned_at": 1, "move_learn_method": {"name": "level-up", "url": "https://pokeapi.co/api/v2/move-learn-method/1/"}, "version_group": {"name": "sword-shield", "url": "https://pokeapi.co/api/v2/version-group/20/"}}, {"level_learned_at": 1, "move_learn_method": {"name": "level-up", "url": "https://pokeapi.co/api/v2/move-learn-method/1/"}, "version_group": {"name": "scarlet-violet", "url": "https://pokeapi.co/api/v2/version-group/25/"}}]}, {"move": {"name": "acid", "url": "https://pokeapi.co/api/v2/move/51/"}, "version_group_details": [{"level_learned_at": 1, "move_learn_method": {"name": "level-up", "url": "https://pokeapi.co/api/v2/move-learn-method/1/"}, "version_group": {"name": "sword-shield", "url": "https://pokeapi.co/api/v2/version-group/20/"}}, {"level_learned_at": 1, "move_learn_method": {"name": "level-up", "url": "https://pokeapi.co/api/v2/move-learn-method/1/"}, "version_group": {"name": "scarlet-violet", "url": "https://pokeapi.co/api/v2/version-group/25/"}}]}, {"move": {"name": "rest", "url": "https://pokeapi.co/api/v2/move/156/"}, "version_group_details": [{"level_learned_at": 0, "move_learn_method": {"name": "machine", "url": "https://pokeapi.co/api/v2/move-learn-method/4/"}, "version_group": {"name": "sword-shield", "url": "https://pokeapi.co/api/v2/version-group/20/"}}, {"level_learned_at": 0, "move_learn_method": {"name": "machine", "url": "https://pokeapi.co/api/v2/move-learn-method/4/"}, "version_group": {"name": "scarlet-violet", "url": "https://pokeapi.co/api/v2/version-group/25/"}}]}, {"move": {"name": "substitute", "url": "https://pokeapi.co/api/v2/move/164/"}, "version_group_details": [{"level_learned_at": 0, "move_learn_method": {"name": "machine", "url": "https://pokeapi.co/api/v2/move-learn-method/4/"}, "version_group": {"name": "sword-shield", "url": "https://pokeapi.co/api/v2/version-group/20/"}}, {"level_learned_at": 0, "move_learn_method": {"name": "machine", "url": "https://pokeapi.co/api/v2/move-learn-method/4/"}, "version_group": {"name": "scarlet-violet", "url": "https://pokeapi.co/api/v2/version-group/25/"}}]}, {"move": {"name": "snore", "url": "https://pokeapi.co/api/v2/move/173/"}, "version_group_details": [{"level_learned_at": 0, "move_learn_method": {"name": "machine", "url": "https://pokeapi.co/api/v2/move-learn-method/4/"}, "version_group": {"name": "sword-shield", "url": "https://pokeapi.co/api/v2/version-group/20/"}}]}, {"move": {"name": "flail", "url": "https://pokeapi.co/api/v2/move/175/"}, "version_group_details": [{"level_learned_at": 1, "move_learn_method": {"name": "level-up", "url": "https://pokeapi.co/api/v2/move-learn-method/1/"}, "version_group": {"name": "sword-shield", "url": "https://pokeapi.co/api/v2/version-group/20/"}}, {"level_learned_at": 1, "move_learn_method": {"name": "level-up", "url": "https://pokeapi.co/api/v2/move-learn-method/1/"}, "version_group": {"name": "scarlet-violet", "url": "https://pokeapi.co/api/v2/version-group/25/"}}]}, {"move": {"name": "protect", "url": "https://pokeapi.co/api/v2/move/182/"}, "version_group_details": [{"level_learned_at": 0, "move_learn_method": {"name": "machine", "url": "https://pokeapi.co/api/v2/move-learn-method/4/"}, "version_group": {"name": "sword-shield", "url": "https://pokeapi.co/api/v2/version-group/20/"}}, {"level_learned_at": 0, "move_learn_method": {"name": "machine", "url": "https://pokeapi.co/api/v2/move-learn-method/4/"}, "version_group": {"name": "scarlet-violet", "url": "https://pokeapi.co/api/v2/version-group/25/"}}]}, {"move": {"name": "endure", "url": "https://pokeapi.co/api/v2/move/203/"}, "version_group_details": [{"level_learned_at": 0, "move_learn_method": {"name": "machine", "url": "https://pokeapi.co/api/v2/move-learn-method/4/"}, "version_group": {"name": "sword-shield", "url": "https://pokeapi.co/api/v2/version-group/20/"}}, {"level_learned_at": 0, "move_learn_method": {"name": "machine", "url": "https://pokeapi.co/api/v2/move-learn-method/4/"}, "version_group": {"name": "scarlet-violet", "url": "https://pokeapi.co/api/v2/version-group/25/"}}]}, {"move": {"name": "charm", "url": "https://pokeapi.co/api/v2/move/204/"}, "version_group_details": [{"level_learned_at": 0, "move_learn_method": {"name": "machine", "url": "https://pokeapi.co/api/v2/move-learn-method/4/"}, "version_group": {"name": "scarlet-violet", "url": "https://pokeapi.co/api/v2/version-group/25/"}}]}, {"move": {"name": "attract", "url": "https://pokeapi.co/api/v2/move/213/"}, "version_group_details": [{"level_learned_at": 0, "move_learn_method": {"name": "machine", "url": "https://pokeapi.co/api/v2/move-learn-method/4/"}, "version_group": {"name": "sword-shield", "url": "https://pokeapi.co/api/v2/version-group/20/"}}]}, {"move": {"name": "sleep-talk", "url": "https://pokeapi.co/api/v2/move/214/"}, "version_group_details": [{"level_learned_at": 0, "move_learn_method": {"name": "machine", "url": "https://pokeapi.co/api/v2/move-learn-method/4/"}, "version_group": {"name": "sword-shield", "url": "https://pokeapi.co/api/v2/version-group/20/"}}, {"level_learned_at": 0, "move_learn_method": {"name": "machine", "url": "https://pokeapi.co/api/v2/move-learn-method/4/"}, "version_group": {"name": "scarlet-violet", "url": "https://pokeapi.co/api/v2/version-group/25/"}}]}, {"move": {"name": "encore", "url": "https://pokeapi.co/api/v2/move/227/"}, "version_group_details": [{"level_learned_at": 0, "move_learn_method": {"name": "machine", "url": "https://pokeapi.co/api/v2/move-learn-method/4/"}, "version_group": {"name": "sword-shield", "url": "https://pokeapi.co/api/v2/version-group/20/"}}, {"level_learned_at": 0, "move_learn_method": {"name": "machine", "url": "https://pokeapi.co/api/v2/move-learn-method/4/"}, "version_group": {"name": "scarlet-violet", "url": "https://pokeapi.co/api/v2/version-group/25/"}}]}, {"move": {"name": "facade", "url": "https://pokeapi.co/api/v2/move/263/"}, "version_group_details": [{"level_learned_at": 0, "move_learn_method": {"name": "machine", "url": "https://pokeapi.co/api/v2/move-learn-method/4/"}, "version_group": {"name": "sword-shield", "url": "https://pokeapi.co/api/v2/version-group/20/"}}, {"level_learned_at": 0, "move_learn_method": {"name": "machine", "url": "https://pokeapi.co/api/v2/move-learn-method/4/"}, "version_group": {"name": "scarlet-violet", "url": "https://pokeapi.co/api/v2/version-group/25/"}}]}, {"move": {"name": "endeavor", "url": "https://pokeapi.co/api/v2/move/283/"}, "version_group_details": [{"level_learned_at": 0, "move_learn_method": {"name": "egg", "url": "https://pokeapi.co/api/v2/move-learn-method/2/"}, "version_group": {"name": "sword-shield", "url": "https://pokeapi.co/api/v2/version-group/20/"}}, {"level_learned_at": 0, "move_learn_method": {"name": "egg", "url": "https://pokeapi.co/api/v2/move-learn-method/2/"}, "version_group": {"name": "scarlet-violet", "url": "https://pokeapi.co/api/v2/version-group/25/"}}, {"level_learned_at": 0, "move_learn_method": {"name": "machine", "url": "https://pokeapi.co/api/v2/move-learn-method/4/"}, "version_group": {"name": "scarlet-violet", "url": "https://pokeapi.co/api/v2/version-group/25/"}}]}, {"move": {"name": "metal-sound", "url": "https://pokeapi.co/api/v2/move/319/"}, "version_group_details": [{"level_learned_at": 0, "move_learn_method": {"name": "egg", "url": "https://pokeapi.co/api/v2/move-learn-method/2/"}, "version_group": {"name": "sword-shield", "url": "https://pokeapi.co/api/v2/version-group/20/"}}, {"level_learned_at": 0, "move_learn_method": {"name": "egg", "url": "https://pokeapi.co/api/v2/move-learn-method/2/"}, "version_group": {"name": "scarlet-violet", "url": "https://pokeapi.co/api/v2/version-group/25/"}}, {"level_learned_at": 0, "move_learn_method": {"name": "machine", "url": "https://pokeapi.co/api/v2/move-learn-method/4/"}, "version_group": {"name": "scarlet-violet", "url": "https://pokeapi.co/api/v2/version-group/25/"}}]}, {"move": {"name": "round", "url": "https://pokeapi.co/api/v2/move/496/"}, "version_group_details": [{"level_learned_at": 0, "move_learn_method": {"name": "machine", "url": "https://pokeapi.co/api/v2/move-learn-method/4/"}, "version_group": {"name": "sword-shield", "url": "https://pokeapi.co/api/v2/version-group/20/"}}]}, {"move": {"name": "belch", "url": "https://pokeapi.co/api/v2/move/562/"}, "version_group_details": [{"level_learned_at": 1, "move_learn_method": {"name": "level-up", "url": "https://pokeapi.co/api/v2/move-learn-method/1/"}, "version_group": {"name": "sword-shield", "url": "https://pokeapi.co/api/v2/version-group/20/"}}, {"level_learned_at": 1, "move_learn_method": {"name": "level-up", "url": "https://pokeapi.co/api/v2/move-learn-method/1/"}, "version_group": {"name": "scarlet-violet", "url": "https://pokeapi.co/api/v2/version-group/25/"}}]}, {"move": {"name": "nuzzle", "url": "https://pokeapi.co/api/v2/move/609/"}, "version_group_details": [{"level_learned_at": 1, "move_learn_method": {"name": "level-up", "url": "https://pokeapi.co/api/v2/move-learn-method/1/"}, "version_group": {"name": "sword-shield", "url": "https://pokeapi.co/api/v2/version-group/20/"}}, {"level_learned_at": 1, "move_learn_method": {"name": "level-up", "url": "https://pokeapi.co/api/v2/move-learn-method/1/"}, "version_group": {"name": "scarlet-violet", "url": "https://pokeapi.co/api/v2/version-group/25/"}}]}, {"move": {"name": "power-up-punch", "url": "https://pokeapi.co/api/v2/move/612/"}, "version_group_details": [{"level_learned_at": 0, "move_learn_method": {"name": "egg", "url": "https://pokeapi.co/api/v2/move-learn-method/2/"}, "version_group": {"name": "sword-shield", "url": "https://pokeapi.co/api/v2/version-group/20/"}}]}, {"move": {"name": "tearful-look", "url": "https://pokeapi.co/api/v2/move/715/"}, "version_group_details": [{"level_learned_at": 1, "move_learn_method": {"name": "level-up", "url": "https://pokeapi.co/api/v2/move-learn-method/1/"}, "version_group": {"name": "sword-shield", "url": "https://pokeapi.co/api/v2/version-group/20/"}}, {"level_learned_at": 1, "move_learn_method": {"name": "level-up", "url": "https://pokeapi.co/api/v2/move-learn-method/1/"}, "version_group": {"name": "scarlet-violet", "url": "https://pokeapi.co/api/v2/version-group/25/"}}]}, {"move": {"name": "tera-blast", "url": "https://pokeapi.co/api/v2/move/851/"}, "version_group_details": [{"level_learned_at": 0, "move_learn_method": {"name": "machine", "url": "https://pokeapi.co/api/v2/move-learn-method/4/"}, "version_group": {"name": "scarlet-violet", "url": "https://pokeapi.co/api/v2/version-group/25/"}}]}], "name": "toxel", "order": 1031, "past_abilities": [], "past_types": [], "species": {"name": "toxel", "url": "https://pokeapi.co/api/v2/pokemon-species/848/"}, "sprites": {"back_default": "https://raw.githubusercontent.com/PokeAPI/sprites/master/sprites/pokemon/back/848.png", "back_female": null, "back_shiny": "https://raw.githubusercontent.com/PokeAPI/sprites/master/sprites/pokemon/back/shiny/848.png", "back_shiny_female": null, "front_default": "https://raw.githubusercontent.com/PokeAPI/sprites/master/sprites/pokemon/848.png", "front_female": null, "front_shiny": "https://raw.githubusercontent.com/PokeAPI/sprites/master/sprites/pokemon/shiny/848.png", "front_shiny_female": null, "other": {"dream_world": {"front_default": null, "front_female": null}, "home": {"front_default": "https://raw.githubusercontent.com/PokeAPI/sprites/master/sprites/pokemon/other/home/848.png", "front_female": null, "front_shiny": "https://raw.githubusercontent.com/PokeAPI/sprites/master/sprites/pokemon/other/home/shiny/848.png", "front_shiny_female": null}, "official-artwork": {"front_default": "https://raw.githubusercontent.com/PokeAPI/sprites/master/sprites/pokemon/other/official-artwork/848.png", "front_shiny": "https://raw.githubusercontent.com/PokeAPI/sprites/master/sprites/pokemon/other/official-artwork/shiny/848.png"}, "showdown": {"back_default": "https://raw.githubusercontent.com/PokeAPI/sprites/master/sprites/pokemon/other/showdown/back/848.gif", "back_female": null, "back_shiny": "https://raw.githubusercontent.com/PokeAPI/sprites/master/sprites/pokemon/other/showdown/back/shiny/848.gif", "back_shiny_female": null, "front_default": "https://raw.githubusercontent.com/PokeAPI/sprites/master/sprites/pokemon/other/showdown/848.gif", "front_female": null, "front_shiny": "https://raw.githubusercontent.com/PokeAPI/sprites/master/sprites/pokemon/other/showdown/shiny/848.gif", "front_shiny_female": null}}, "versions": {"generation-i": {"red-blue": {"back_default": null, "back_gray": null, "back_transparent": null, "front_default": null, "front_gray": null, "front_transparent": null}, "yellow": {"back_default": null, "back_gray": null, "back_transparent": null, "front_default": null, "front_gray": null, "front_transparent": null}}, "generation-ii": {"crystal": {"back_default": null, "back_shiny": null, "back_shiny_transparent": null, "back_transparent": null, "front_default": null, "front_shiny": null, "front_shiny_transparent": null, "front_transparent": null}, "gold": {"back_default": null, "back_shiny": null, "front_default": null, "front_shiny": null, "front_transparent": null}, "silver": {"back_default": null, "back_shiny": null, "front_default": null, "front_shiny": null, "front_transparent": null}}, "generation-iii": {"emerald": {"front_default": null, "front_shiny": null}, "firered-leafgreen": {"back_default": null, "back_shiny": null, "front_default": null, "front_shiny": null}, "ruby-sapphire": {"back_default": null, "back_shiny": null, "front_default": null, "front_shiny": null}}, "generation-iv": {"diamond-pearl": {"back_default": null, "back_female": null, "back_shiny": null, "back_shiny_female": null, "front_default": null, "front_female": null, "front_shiny": null, "front_shiny_female": null}, "heartgold-soulsilver": {"back_default": null, "back_female": null, "back_shiny": null, "back_shiny_female": null, "front_default": null, "front_female": null, "front_shiny": null, "front_shiny_female": null}, "platinum": {"back_default": null, "back_female": null, "back_shiny": null, "back_shiny_female": null, "front_default": null, "front_female": null, "front_shiny": null, "front_shiny_female": null}}, "generation-v": {"black-white": {"animated": {"back_default": null, "back_female": null, "back_shiny": null, "back_shiny_female": null, "front_default": null, "front_female": null, "front_shiny": null, "front_shiny_female": null}, "back_default": "https://raw.githubusercontent.com/PokeAPI/sprites/master/sprites/pokemon/versions/generation-v/black-white/back/848.png", "back_female": null, "back_shiny": "https://raw.githubusercontent.com/PokeAPI/sprites/master/sprites/pokemon/versions/generation-v/black-white/back/shiny/848.png", "back_shiny_female": null, "front_default": "https://raw.githubusercontent.com/PokeAPI/sprites/master/sprites/pokemon/versions/generation-v/black-white/848.png", "front_female": null, "front_shiny": "https://raw.githubusercontent.com/PokeAPI/sprites/master/sprites/pokemon/versions/generation-v/black-white/shiny/848.png", "front_shiny_female": null}}, "generation-vi": {"omegaruby-alphasapphire": {"front_default": null, "front_female": null, "front_shiny": null, "front_shiny_female": null}, "x-y": {"front_default": null, "front_female": null, "front_shiny": null, "front_shiny_female": null}}, "generation-vii": {"icons": {"front_default": null, "front_female": null}, "ultra-sun-ultra-moon": {"front_default": null, "front_female": null, "front_shiny": null, "front_shiny_female": null}}, "generation-viii": {"icons": {"front_default": "https://raw.githubusercontent.com/PokeAPI/sprites/master/sprites/pokemon/versions/generation-viii/icons/848.png", "front_female": null}}}}, "stats": [{"base_stat": 40, "effort": 0, "stat": {"name": "hp", "url": "https://pokeapi.co/api/v2/stat/1/"}}, {"base_stat": 38, "effort": 0, "stat": {"name": "attack", "url": "https://pokeapi.co/api/v2/stat/2/"}}, {"base_stat": 35, "effort": 0, "stat": {"name": "defense", "url": "https://pokeapi.co/api/v2/stat/3/"}}, {"base_stat": 54, "effort": 1, "stat": {"name": "special-attack", "url": "https://pokeapi.co/api/v2/stat/4/"}}, {"base_stat": 35, "effort": 0, "stat": {"name": "special-defense", "url": "https://pokeapi.co/api/v2/stat/5/"}}, {"base_stat": 40, "effort": 0, "stat": {"name": "speed", "url": "https://pokeapi.co/api/v2/stat/6/"}}], "types": [{"slot": 1, "type": {"name": "electric", "url": "https://pokeapi.co/api/v2/type/13/"}}, {"slot": 2, "type": {"name": "poison", "url": "https://pokeapi.co/api/v2/type/4/"}}], "weight": 110}