{"damage_relations": {"double_damage_from": [{"name": "flying", "url": "https://pokeapi.co/api/v2/type/3/"}, {"name": "rock", "url": "https://pokeapi.co/api/v2/type/6/"}, {"name": "fire", "url": "https://pokeapi.co/api/v2/type/10/"}], "double_damage_to": [{"name": "grass", "url": "https://pokeapi.co/api/v2/type/12/"}, {"name": "psychic", "url": "https://pokeapi.co/api/v2/type/14/"}, {"name": "dark", "url": "https://pokeapi.co/api/v2/type/17/"}], "half_damage_from": [{"name": "fighting", "url": "https://pokeapi.co/api/v2/type/2/"}, {"name": "ground", "url": "https://pokeapi.co/api/v2/type/5/"}, {"name": "grass", "url": "https://pokeapi.co/api/v2/type/12/"}], "half_damage_to": [{"name": "fighting", "url": "https://pokeapi.co/api/v2/type/2/"}, {"name": "flying", "url": "https://pokeapi.co/api/v2/type/3/"}, {"name": "poison", "url": "https://pokeapi.co/api/v2/type/4/"}, {"name": "ghost", "url": "https://pokeapi.co/api/v2/type/8/"}, {"name": "steel", "url": "https://pokeapi.co/api/v2/type/9/"}, {"name": "fire", "url": "https://pokeapi.co/api/v2/type/10/"}, {"name": "fairy", "url": "https://pokeapi.co/api/v2/type/18/"}], "no_damage_from": [], "no_damage_to": []}, "game_indices": [{"game_index": 7, "generation": {"name": "generation-i", "url": "https://pokeapi.co/api/v2/generation/1/"}}, {"game_index": 7, "generation": {"name": "generation-ii", "url": "https://pokeapi.co/api/v2/generation/2/"}}, {"game_index": 6, "generation": {"name": "generation-iii", "url": "https://pokeapi.co/api/v2/generation/3/"}}, {"game_index": 6, "generation": {"name": "generation-iv", "url": "https://pokeapi.co/api/v2/generation/4/"}}, {"game_index": 6, "generation": {"name": "generation-v", "url": "https://pokeapi.co/api/v2/generation/5/"}}, {"game_index": 6, "generation": {"name": "generation-vi", "url": "https://pokeapi.co/api/v2/generation/6/"}}], "generation": {"name": "generation-i", "url": "https://pokeapi.co/api/v2/generation/1/"}, "id": 7, "move_damage_class": {"name": "physical", "url": "https://pokeapi.co/api/v2/move-damage-class/2/"}, "moves": [{"name": "twineedle", "url": "https://pokeapi.co/api/v2/move/41/"}, {"name": "pin-missile", "url": "https://pokeapi.co/api/v2/move/42/"}, {"name": "string-shot", "url": "https://pokeapi.co/api/v2/move/81/"}, {"name": "leech-life", "url": "https://pokeapi.co/api/v2/move/141/"}, {"name": "spider-web", "url": "https://pokeapi.co/api/v2/move/169/"}, {"name": "fury-cutter", "url": "https://pokeapi.co/api/v2/move/210/"}, {"name": "megahorn", "url": "https://pokeapi.co/api/v2/move/224/"}, {"name": "tail-glow", "url": "https://pokeapi.co/api/v2/move/294/"}, {"name": "silver-wind", "url": "https://pokeapi.co/api/v2/move/318/"}, {"name": "signal-beam", "url": "https://pokeapi.co/api/v2/move/324/"}, {"name": "u-turn", "url": "https://pokeapi.co/api/v2/move/369/"}, {"name": "x-scissor", "url": "https://pokeapi.co/api/v2/move/404/"}, {"name": "bug-buzz", "url": "https://pokeapi.co/api/v2/move/405/"}, {"name": "bug-bite", "url": "https://pokeapi.co/api/v2/move/450/"}, {"name": "attack-order", "url": "https://pokeapi.co/api/v2/move/454/"}, {"name": "defend-order", "url": "https://pokeapi.co/api/v2/move/455/"}, {"name": "heal-order", "url": "https://pokeapi.co/api/v2/move/456/"}, {"name": "rage-powder", "url": "https://pokeapi.co/api/v2/move/476/"}, {"name": "quiver-dance", "url": "https://pokeapi.co/api/v2/move/483/"}, {"name": "struggle-bug", "url": "https://pokeapi.co/api/v2/move/522/"}, {"name": "steamroller", "url": "https://pokeapi.co/api/v2/move/537/"}, {"name": "sticky-web", "url": "https://pokeapi.co/api/v2/move/564/"}, {"name": "fell-stinger", "url": "https://pokeapi.co/api/v2/move/565/"}, {"name": "powder", "url": "https://pokeapi.co/api/v2/move/600/"}, {"name": "infestation", "url": "https://pokeapi.co/api/v2/move/611/"}, {"name": "savage-spin-out--physical", "url": "https://pokeapi.co/api/v2/move/634/"}, {"name": "savage-spin-out--special", "url": "https://pokeapi.co/api/v2/move/635/"}, {"name": "first-impression", "url": "https://pokeapi.co/api/v2/move/660/"}, {"name": "pollen-puff", "url": "https://pokeapi.co/api/v2/move/676/"}, {"name": "lunge", "url": "https://pokeapi.co/api/v2/move/679/"}, {"name": "max-flutterby", "url": "https://pokeapi.co/api/v2/move/758/"}, {"name": "skitter-smack", "url": "https://pokeapi.co/api/v2/move/806/"}, {"name": "silk-trap", "url": "https://pokeapi.co/api/v2/move/852/"}, {"name": "pounce", "url": "https://pokeapi.co/api/v2/move/884/"}], "name": "bug", "names": [{"language": {"name": "ja-Hrkt", "url": "https://pokeapi.co/api/v2/language/1/"}, "name": "\u3080\u3057"}, {"language": {"name": "ko", "url": "https://pokeapi.co/api/v2/language/3/"}, "name": "\ubc8c\ub808"}, {"language": {"name": "zh-Hant", "url": "https://pokeapi.co/api/v2/language/4/"}, "name": "\u87f2"}, {"language": {"name": "fr", "url": "https://pokeapi.co/api/v2/language/5/"}, "name": "Insecte"}, {"language": {"name": "de", "url": "https://pokeapi.co/api/v2/language/6/"}, "name": "K\u00e4fer"}, {"language": {"name": "es", "url": "https://pokeapi.co/api/v2/language/7/"}, "name": "Bicho"}, {"language": {"name": "it", "url": "https://pokeapi.co/api/v2/language/8/"}, "name": "Coleottero"}, {"language": {"name": "en", "url": "https://pokeapi.co/api/v2/language/9/"}, "name": "Bug"}, {"language": {"name": "ja", "url": "https://pokeapi.co/api/v2/language/11/"}, "name": "\u3080\u3057"}, {"language": {"name": "zh-Hans", "url": "https://pokeapi.co/api/v2/language/12/"}, "name": "\u866b"}], "past_damage_relations": [{"damage_relations": {"double_damage_from": [{"name": "flying", "url": "https://pokeapi.co/api/v2/type/3/"}, {"name": "rock", "url": "https://pokeapi.co/api/v2/type/6/"}, {"name": "fire", "url": "https://pokeapi.co/api/v2/type/10/"}, {"name": "poison", "url": "https://pokeapi.co/api/v2/type/4/"}], "double_damage_to": [{"name": "grass", "url": "https://pokeapi.co/api/v2/type/12/"}, {"name": "psychic", "url": "https://pokeapi.co/api/v2/type/14/"}, {"name": "poison", "url": "https://pokeapi.co/api/v2/type/4/"}], "half_damage_from": [{"name": "fighting", "url": "https://pokeapi.co/api/v2/type/2/"}, {"name": "ground", "url": "https://pokeapi.co/api/v2/type/5/"}, {"name": "grass", "url": "https://pokeapi.co/api/v2/type/12/"}], "half_damage_to": [{"name": "fighting", "url": "https://pokeapi.co/api/v2/type/2/"}, {"name": "flying", "url": "https://pokeapi.co/api/v2/type/3/"}, {"name": "ghost", "url": "https://pokeapi.co/api/v2/type/8/"}, {"name": "fire", "url": "https://pokeapi.co/api/v2/type/10/"}], "no_damage_from": [], "no_damage_to": []}, "generation": {"name": "generation-i", "url": "https://pokeapi.co/api/v2/generation/1/"}}], "pokemon": [{"pokemon": {"name": "caterpie", "url": "https://pokeapi.co/api/v2/pokemon/10/"}, "slot": 1}, {"pokemon": {"name": "metapod", "url": "https://pokeapi.co/api/v2/pokemon/11/"}, "slot": 1}, {"pokemon": {"name": "butterfree", "url": "https://pokeapi.co/api/v2/pokemon/12/"}, "slot": 1}, {"pokemon": {"name": "weedle", "url": "https://pokeapi.co/api/v2/pokemon/13/"}, "slot": 1}, {"pokemon": {"name": "kakuna", "url": "https://pokeapi.co/api/v2/pokemon/14/"}, "slot": 1}, {"pokemon": {"name": "beedrill", "url": "https://pokeapi.co/api/v2/pokemon/15/"}, "slot": 1}, {"pokemon": {"name": "paras", "url": "https://pokeapi.co/api/v2/pokemon/46/"}, "slot": 1}, {"pokemon": {"name": "parasect", "url": "https://pokeapi.co/api/v2/pokemon/47/"}, "slot": 1}, {"pokemon": {"name": "venonat", "url": "https://pokeapi.co/api/v2/pokemon/48/"}, "slot": 1}, {"pokemon": {"name": "venomoth", "url": "https://pokeapi.co/api/v2/pokemon/49/"}, "slot": 1}, {"pokemon": {"name": "scyther", "url": "https://pokeapi.co/api/v2/pokemon/123/"}, "slot": 1}, {"pokemon": {"name": "pinsir", "url": "https://pokeapi.co/api/v2/pokemon/127/"}, "slot": 1}, {"pokemon": {"name": "ledyba", "url": "https://pokeapi.co/api/v2/pokemon/165/"}, "slot": 1}, {"pokemon": {"name": "ledian", "url": "https://pokeapi.co/api/v2/pokemon/166/"}, "slot": 1}, {"pokemon": {"name": "spinarak", "url": "https://pokeapi.co/api/v2/pokemon/167/"}, "slot": 1}, {"pokemon": {"name": "ariados", "url": "https://pokeapi.co/api/v2/pokemon/168/"}, "slot": 1}, {"pokemon": {"name": "yanma", "url": "https://pokeapi.co/api/v2/pokemon/193/"}, "slot": 1}, {"pokemon": {"name": "pineco", "url": "https://pokeapi.co/api/v2/pokemon/204/"}, "slot": 1}, {"pokemon": {"name": "forretress", "url": "https://pokeapi.co/api/v2/pokemon/205/"}, "slot": 1}, {"pokemon": {"name": "scizor", "url": "https://pokeapi.co/api/v2/pokemon/212/"}, "slot": 1}, {"pokemon": {"name": "shuckle", "url": "https://pokeapi.co/api/v2/pokemon/213/"}, "slot": 1}, {"pokemon": {"name": "heracross", "url": "https://pokeapi.co/api/v2/pokemon/214/"}, "slot": 1}, {"pokemon": {"name": "wurmple", "url": "https://pokeapi.co/api/v2/pokemon/265/"}, "slot": 1}, {"pokemon": {"name": "silcoon", "url": "https://pokeapi.co/api/v2/pokemon/266/"}, "slot": 1}, {"pokemon": {"name": "beautifly", "url": "https://pokeapi.co/api/v2/pokemon/267/"}, "slot": 1}, {"pokemon": {"name": "cascoon", "url": "https://pokeapi.co/api/v2/pokemon/268/"}, "slot": 1}, {"pokemon": {"name": "dustox", "url": "https://pokeapi.co/api/v2/pokemon/269/"}, "slot": 1}, {"pokemon": {"name": "surskit", "url": "https://pokeapi.co/api/v2/pokemon/283/"}, "slot": 1}, {"pokemon": {"name": "masquerain", "url": "https://pokeapi.co/api/v2/pokemon/284/"}, "slot": 1}, {"pokemon": {"name": "nincada", "url": "https://pokeapi.co/api/v2/pokemon/290/"}, "slot": 1}, {"pokemon": {"name": "ninjask", "url": "https://pokeapi.co/api/v2/pokemon/291/"}, "slot": 1}, {"pokemon": {"name": "shedinja", "url": "https://pokeapi.co/api/v2/pokemon/292/"}, "slot": 1}, {"pokemon": {"name": "volbeat", "url": "https://pokeapi.co/api/v2/pokemon/313/"}, "slot": 1}, {"pokemon": {"name": "illumise", "url": "https://pokeapi.co/api/v2/pokemon/314/"}, "slot": 1}, {"pokemon": {"name": "anorith", "url": "https://pokeapi.co/api/v2/pokemon/347/"}, "slot": 2}, {"pokemon": {"name": "armaldo", "url": "https://pokeapi.co/api/v2/pokemon/348/"}, "slot": 2}, {"pokemon": {"name": "kricketot", "url": "https://pokeapi.co/api/v2/pokemon/401/"}, "slot": 1}, {"pokemon": {"name": "kricketune", "url": "https://pokeapi.co/api/v2/pokemon/402/"}, "slot": 1}, {"pokemon": {"name": "burmy", "url": "https://pokeapi.co/api/v2/pokemon/412/"}, "slot": 1}, {"pokemon": {"name": "wormadam-plant", "url": "https://pokeapi.co/api/v2/pokemon/413/"}, "slot": 1}, {"pokemon": {"name": "mothim", "url": "https://pokeapi.co/api/v2/pokemon/414/"}, "slot": 1}, {"pokemon": {"name": "combee", "url": "https://pokeapi.co/api/v2/pokemon/415/"}, "slot": 1}, {"pokemon": {"name": "vespiquen", "url": "https://pokeapi.co/api/v2/pokemon/416/"}, "slot": 1}, {"pokemon": {"name": "skorupi", "url": "https://pokeapi.co/api/v2/pokemon/451/"}, "slot": 2}, {"pokemon": {"name": "yanmega", "url": "https://pokeapi.co/api/v2/pokemon/469/"}, "slot": 1}, {"pokemon": {"name": "sewaddle", "url": "https://pokeapi.co/api/v2/pokemon/540/"}, "slot": 1}, {"pokemon": {"name": "swadloon", "url": "https://pokeapi.co/api/v2/pokemon/541/"}, "slot": 1}, {"pokemon": {"name": "leavanny", "url": "https://pokeapi.co/api/v2/pokemon/542/"}, "slot": 1}, {"pokemon": {"name": "venipede", "url": "https://pokeapi.co/api/v2/pokemon/543/"}, "slot": 1}, {"pokemon": {"name": "whirlipede", "url": "https://pokeapi.co/api/v2/pokemon/544/"}, "slot": 1}, {"pokemon": {"name": "scolipede", "url": "https://pokeapi.co/api/v2/pokemon/545/"}, "slot": 1}, {"pokemon": {"name": "dwebble", "url": "https://pokeapi.co/api/v2/pokemon/557/"}, "slot": 1}, {"pokemon": {"name": "crustle", "url": "https://pokeapi.co/api/v2/pokemon/558/"}, "slot": 1}, {"pokemon": {"name": "karrablast", "url": "https://pokeapi.co/api/v2/pokemon/588/"}, "slot": 1}, {"pokemon": {"name": "escavalier", "url": "https://pokeapi.co/api/v2/pokemon/589/"}, "slot": 1}, {"pokemon": {"name": "joltik", "url": "https://pokeapi.co/api/v2/pokemon/595/"}, "slot": 1}, {"pokemon": {"name": "galvantula", "url": "https://pokeapi.co/api/v2/pokemon/596/"}, "slot": 1}, {"pokemon": {"name": "shelmet", "url": "https://pokeapi.co/api/v2/pokemon/616/"}, "slot": 1}, {"pokemon": {"name": "accelgor", "url": "https://pokeapi.co/api/v2/pokemon/617/"}, "slot": 1}, {"pokemon": {"name": "durant", "url": "https://pokeapi.co/api/v2/pokemon/632/"}, "slot": 1}, {"pokemon": {"name": "larvesta", "url": "https://pokeapi.co/api/v2/pokemon/636/"}, "slot": 1}, {"pokemon": {"name": "volcarona", "url": "https://pokeapi.co/api/v2/pokemon/637/"}, "slot": 1}, {"pokemon": {"name": "genesect", "url": "https://pokeapi.co/api/v2/pokemon/649/"}, "slot": 1}, {"pokemon": {"name": "scatterbug", "url": "https://pokeapi.co/api/v2/pokemon/664/"}, "slot": 1}, {"pokemon": {"name": "spewpa", "url": "https://pokeapi.co/api/v2/pokemon/665/"}, "slot": 1}, {"pokemon": {"name": "vivillon", "url": "https://pokeapi.co/api/v2/pokemon/666/"}, "slot": 1}, {"pokemon": {"name": "grubbin", "url": "https://pokeapi.co/api/v2/pokemon/736/"}, "slot": 1}, {"pokemon": {"name": "charjabug", "url": "https://pokeapi.co/api/v2/pokemon/737/"}, "slot": 1}, {"pokemon": {"name": "vikavolt", "url": "https://pokeapi.co/api/v2/pokemon/738/"}, "slot": 1}, {"pokemon": {"name": "cutiefly", "url": "https://pokeapi.co/api/v2/pokemon/742/"}, "slot": 1}, {"pokemon": {"name": "ribombee", "url": "https://pokeapi.co/api/v2/pokemon/743/"}, "slot": 1}, {"pokemon": {"name": "dewpider", "url": "https://pokeapi.co/api/v2/pokemon/751/"}, "slot": 2}, {"pokemon": {"name": "araquanid", "url": "https://pokeapi.co/api/v2/pokemon/752/"}, "slot": 2}, {"pokemon": {"name": "wimpod", "url": "https://pokeapi.co/api/v2/pokemon/767/"}, "slot": 1}, {"pokemon": {"name": "golisopod", "url": "https://pokeapi.co/api/v2/pokemon/768/"}, "slot": 1}, {"pokemon": {"name": "buzzwole", "url": "https://pokeapi.co/api/v2/pokemon/794/"}, "slot": 1}, {"pokemon": {"name": "pheromosa", "url": "https://pokeapi.co/api/v2/pokemon/795/"}, "slot": 1}, {"pokemon": {"name": "blipbug", "url": "https://pokeapi.co/api/v2/pokemon/824/"}, "slot": 1}, {"pokemon": {"name": "dottler", "url": "https://pokeapi.co/api/v2/pokemon/825/"}, "slot": 1}, {"pokemon": {"name": "orbeetle", "url": "https://pokeapi.co/api/v2/pokemon/826/"}, "slot": 1}, {"pokemon": {"name": "sizzlipede", "url": "https://pokeapi.co/api/v2/pokemon/850/"}, "slot": 2}, {"pokemon": {"name": "centiskorch", "url": "https://pokeapi.co/api/v2/pokemon/851/"}, "slot": 2}, {"pokemon": {"name": "snom", "url": "https://pokeapi.co/api/v2/pokemon/872/"}, "slot": 2}, {"pokemon": {"name": "frosmoth", "url": "https://pokeapi.co/api/v2/pokemon/873/"}, "slot": 2}, {"pokemon": {"name": "kleavor", "url": "https://pokeapi.co/api/v2/pokemon/900/"}, "slot": 1}, {"pokemon": {"name": "tarountula", "url": "https://pokeapi.co/api/v2/pokemon/917/"}, "slot": 1}, {"pokemon": {"name": "spidops", "url": "https://pokeapi.co/api/v2/pokemon/918/"}, "slot": 1}, {"pokemon": {"name": "nymble", "url": "https://pokeapi.co/api/v2/pokemon/919/"}, "slot": 1}, {"pokemon": {"name": "lokix", "url": "https://pokeapi.co/api/v2/pokemon/920/"}, "slot": 1}, {"pokemon": {"name": "rellor", "url": "https://pokeapi.co/api/v2/pokemon/953/"}, "slot": 1}, {"pokemon": {"name": "rabsca", "url": "https://pokeapi.co/api/v2/pokemon/954/"}, "slot": 1}, {"pokemon": {"name": "slither-wing", "url": "https://pokeapi.co/api/v2/pokemon/988/"}, "slot": 1}, {"pokemon": {"name": "wormadam-sandy", "url": "https://pokeapi.co/api/v2/pokemon/10004/"}, "slot": 1}, {"pokemon": {"name": "wormadam-trash", "url": "https://pokeapi.co/api/v2/pokemon/10005/"}, "slot": 1}, {"pokemon": {"name": "pinsir-mega", "url": "https://pokeapi.co/api/v2/pokemon/10040/"}, "slot": 1}, {"pokemon": {"name": "scizor-mega", "url": "https://pokeapi.co/api/v2/pokemon/10046/"}, "slot": 1}, {"pokemon": {"name": "heracross-mega", "url": "https://pokeapi.co/api/v2/pokemon/10047/"}, "slot": 1}, {"pokemon": {"name": "beedrill-mega", "url": "https://pokeapi.co/api/v2/pokemon/10090/"}, "slot": 1}, {"pokemon": {"name": "vikavolt-totem", "url": "https://pokeapi.co/api/v2/pokemon/10122/"}, "slot": 1}, {"pokemon": {"name": "ribombee-totem", "url": "https://pokeapi.co/api/v2/pokemon/10150/"}, "slot": 1}, {"pokemon": {"name": "araquanid-totem", "url": "https://pokeapi.co/api/v2/pokemon/10153/"}, "slot": 2}, {"pokemon": {"name": "butterfree-gmax", "url": "https://pokeapi.co/api/v2/pokemon/10198/"}, "slot": 1}, {"pokemon": {"name": "orbeetle-gmax", "url": "https://pokeapi.co/api/v2/pokemon/10213/"}, "slot": 1}, {"pokemon": {"name": "centiskorch-gmax", "url": "https://pokeapi.co/api/v2/pokemon/10220/"}, "slot": 2}]}