{"damage_relations": {"double_damage_from": [{"name": "fighting", "url": "https://pokeapi.co/api/v2/type/2/"}, {"name": "bug", "url": "https://pokeapi.co/api/v2/type/7/"}, {"name": "fairy", "url": "https://pokeapi.co/api/v2/type/18/"}], "double_damage_to": [{"name": "ghost", "url": "https://pokeapi.co/api/v2/type/8/"}, {"name": "psychic", "url": "https://pokeapi.co/api/v2/type/14/"}], "half_damage_from": [{"name": "ghost", "url": "https://pokeapi.co/api/v2/type/8/"}, {"name": "dark", "url": "https://pokeapi.co/api/v2/type/17/"}], "half_damage_to": [{"name": "fighting", "url": "https://pokeapi.co/api/v2/type/2/"}, {"name": "dark", "url": "https://pokeapi.co/api/v2/type/17/"}, {"name": "fairy", "url": "https://pokeapi.co/api/v2/type/18/"}], "no_damage_from": [{"name": "psychic", "url": "https://pokeapi.co/api/v2/type/14/"}], "no_damage_to": []}, "game_indices": [{"game_index": 27, "generation": {"name": "generation-ii", "url": "https://pokeapi.co/api/v2/generation/2/"}}, {"game_index": 17, "generation": {"name": "generation-iii", "url": "https://pokeapi.co/api/v2/generation/3/"}}, {"game_index": 17, "generation": {"name": "generation-iv", "url": "https://pokeapi.co/api/v2/generation/4/"}}, {"game_index": 16, "generation": {"name": "generation-v", "url": "https://pokeapi.co/api/v2/generation/5/"}}, {"game_index": 16, "generation": {"name": "generation-vi", "url": "https://pokeapi.co/api/v2/generation/6/"}}], "generation": {"name": "generation-ii", "url": "https://pokeapi.co/api/v2/generation/2/"}, "id": 17, "move_damage_class": {"name": "special", "url": "https://pokeapi.co/api/v2/move-damage-class/3/"}, "moves": [{"name": "bite", "url": "https://pokeapi.co/api/v2/move/44/"}, {"name": "thief", "url": "https://pokeapi.co/api/v2/move/168/"}, {"name": "feint-attack", "url": "https://pokeapi.co/api/v2/move/185/"}, {"name": "pursuit", "url": "https://pokeapi.co/api/v2/move/228/"}, {"name": "crunch", "url": "https://pokeapi.co/api/v2/move/242/"}, {"name": "beat-up", "url": "https://pokeapi.co/api/v2/move/251/"}, {"name": "torment", "url": "https://pokeapi.co/api/v2/move/259/"}, {"name": "flatter", "url": "https://pokeapi.co/api/v2/move/260/"}, {"name": "memento", "url": "https://pokeapi.co/api/v2/move/262/"}, {"name": "taunt", "url": "https://pokeapi.co/api/v2/move/269/"}, {"name": "knock-off", "url": "https://pokeapi.co/api/v2/move/282/"}, {"name": "snatch", "url": "https://pokeapi.co/api/v2/move/289/"}, {"name": "fake-tears", "url": "https://pokeapi.co/api/v2/move/313/"}, {"name": "payback", "url": "https://pokeapi.co/api/v2/move/371/"}, {"name": "assurance", "url": "https://pokeapi.co/api/v2/move/372/"}, {"name": "embargo", "url": "https://pokeapi.co/api/v2/move/373/"}, {"name": "fling", "url": "https://pokeapi.co/api/v2/move/374/"}, {"name": "punishment", "url": "https://pokeapi.co/api/v2/move/386/"}, {"name": "sucker-punch", "url": "https://pokeapi.co/api/v2/move/389/"}, {"name": "dark-pulse", "url": "https://pokeapi.co/api/v2/move/399/"}, {"name": "night-slash", "url": "https://pokeapi.co/api/v2/move/400/"}, {"name": "switcheroo", "url": "https://pokeapi.co/api/v2/move/415/"}, {"name": "nasty-plot", "url": "https://pokeapi.co/api/v2/move/417/"}, {"name": "dark-void", "url": "https://pokeapi.co/api/v2/move/464/"}, {"name": "hone-claws", "url": "https://pokeapi.co/api/v2/move/468/"}, {"name": "foul-play", "url": "https://pokeapi.co/api/v2/move/492/"}, {"name": "quash", "url": "https://pokeapi.co/api/v2/move/511/"}, {"name": "night-daze", "url": "https://pokeapi.co/api/v2/move/539/"}, {"name": "snarl", "url": "https://pokeapi.co/api/v2/move/555/"}, {"name": "parting-shot", "url": "https://pokeapi.co/api/v2/move/575/"}, {"name": "topsy-turvy", "url": "https://pokeapi.co/api/v2/move/576/"}, {"name": "hyperspace-fury", "url": "https://pokeapi.co/api/v2/move/621/"}, {"name": "black-hole-eclipse--physical", "url": "https://pokeapi.co/api/v2/move/654/"}, {"name": "black-hole-eclipse--special", "url": "https://pokeapi.co/api/v2/move/655/"}, {"name": "darkest-lariat", "url": "https://pokeapi.co/api/v2/move/663/"}, {"name": "throat-chop", "url": "https://pokeapi.co/api/v2/move/675/"}, {"name": "power-trip", "url": "https://pokeapi.co/api/v2/move/681/"}, {"name": "brutal-swing", "url": "https://pokeapi.co/api/v2/move/693/"}, {"name": "malicious-moonsault", "url": "https://pokeapi.co/api/v2/move/696/"}, {"name": "baddy-bad", "url": "https://pokeapi.co/api/v2/move/737/"}, {"name": "jaw-lock", "url": "https://pokeapi.co/api/v2/move/746/"}, {"name": "max-darkness", "url": "https://pokeapi.co/api/v2/move/772/"}, {"name": "obstruct", "url": "https://pokeapi.co/api/v2/move/792/"}, {"name": "false-surrender", "url": "https://pokeapi.co/api/v2/move/793/"}, {"name": "lash-out", "url": "https://pokeapi.co/api/v2/move/808/"}, {"name": "wicked-blow", "url": "https://pokeapi.co/api/v2/move/817/"}, {"name": "fiery-wrath", "url": "https://pokeapi.co/api/v2/move/822/"}, {"name": "ceaseless-edge", "url": "https://pokeapi.co/api/v2/move/845/"}, {"name": "kowtow-cleave", "url": "https://pokeapi.co/api/v2/move/869/"}, {"name": "ruination", "url": "https://pokeapi.co/api/v2/move/877/"}, {"name": "comeuppance", "url": "https://pokeapi.co/api/v2/move/894/"}, {"name": "wicked-torque", "url": "https://pokeapi.co/api/v2/move/897/"}], "name": "dark", "names": [{"language": {"name": "ja-Hrkt", "url": "https://pokeapi.co/api/v2/language/1/"}, "name": "\u3042\u304f"}, {"language": {"name": "ko", "url": "https://pokeapi.co/api/v2/language/3/"}, "name": "\uc545"}, {"language": {"name": "zh-Hant", "url": "https://pokeapi.co/api/v2/language/4/"}, "name": "\u60e1"}, {"language": {"name": "fr", "url": "https://pokeapi.co/api/v2/language/5/"}, "name": "T\u00e9n\u00e8bres"}, {"language": {"name": "de", "url": "https://pokeapi.co/api/v2/language/6/"}, "name": "Unlicht"}, {"language": {"name": "es", "url": "https://pokeapi.co/api/v2/language/7/"}, "name": "Siniestro"}, {"language": {"name": "it", "url": "https://pokeapi.co/api/v2/language/8/"}, "name": "Buio"}, {"language": {"name": "en", "url": "https://pokeapi.co/api/v2/language/9/"}, "name": "Dark"}, {"language": {"name": "ja", "url": "https://pokeapi.co/api/v2/language/11/"}, "name": "\u3042\u304f"}, {"language": {"name": "zh-Hans", "url": "https://pokeapi.co/api/v2/language/12/"}, "name": "\u6076"}], "past_damage_relations": [{"damage_relations": {"double_damage_from": [{"name": "fighting", "url": "https://pokeapi.co/api/v2/type/2/"}, {"name": "bug", "url": "https://pokeapi.co/api/v2/type/7/"}], "double_damage_to": [{"name": "ghost", "url": "https://pokeapi.co/api/v2/type/8/"}, {"name": "psychic", "url": "https://pokeapi.co/api/v2/type/14/"}], "half_damage_from": [{"name": "ghost", "url": "https://pokeapi.co/api/v2/type/8/"}, {"name": "dark", "url": "https://pokeapi.co/api/v2/type/17/"}], "half_damage_to": [{"name": "fighting", "url": "https://pokeapi.co/api/v2/type/2/"}, {"name": "dark", "url": "https://pokeapi.co/api/v2/type/17/"}, {"name": "steel", "url": "https://pokeapi.co/api/v2/type/9/"}], "no_damage_from": [{"name": "psychic", "url": "https://pokeapi.co/api/v2/type/14/"}], "no_damage_to": []}, "generation": {"name": "generation-v", "url": "https://pokeapi.co/api/v2/generation/5/"}}], "pokemon": [{"pokemon": {"name": "umbreon", "url": "https://pokeapi.co/api/v2/pokemon/197/"}, "slot": 1}, {"pokemon": {"name": "murkrow", "url": "https://pokeapi.co/api/v2/pokemon/198/"}, "slot": 1}, {"pokemon": {"name": "sneasel", "url": "https://pokeapi.co/api/v2/pokemon/215/"}, "slot": 1}, {"pokemon": {"name": "houndour", "url": "https://pokeapi.co/api/v2/pokemon/228/"}, "slot": 1}, {"pokemon": {"name": "houndoom", "url": "https://pokeapi.co/api/v2/pokemon/229/"}, "slot": 1}, {"pokemon": {"name": "tyranitar", "url": "https://pokeapi.co/api/v2/pokemon/248/"}, "slot": 2}, {"pokemon": {"name": "poochyena", "url": "https://pokeapi.co/api/v2/pokemon/261/"}, "slot": 1}, {"pokemon": {"name": "mightyena", "url": "https://pokeapi.co/api/v2/pokemon/262/"}, "slot": 1}, {"pokemon": {"name": "nuzleaf", "url": "https://pokeapi.co/api/v2/pokemon/274/"}, "slot": 2}, {"pokemon": {"name": "shiftry", "url": "https://pokeapi.co/api/v2/pokemon/275/"}, "slot": 2}, {"pokemon": {"name": "sableye", "url": "https://pokeapi.co/api/v2/pokemon/302/"}, "slot": 1}, {"pokemon": {"name": "carvanha", "url": "https://pokeapi.co/api/v2/pokemon/318/"}, "slot": 2}, {"pokemon": {"name": "sharpedo", "url": "https://pokeapi.co/api/v2/pokemon/319/"}, "slot": 2}, {"pokemon": {"name": "cacturne", "url": "https://pokeapi.co/api/v2/pokemon/332/"}, "slot": 2}, {"pokemon": {"name": "crawdaunt", "url": "https://pokeapi.co/api/v2/pokemon/342/"}, "slot": 2}, {"pokemon": {"name": "absol", "url": "https://pokeapi.co/api/v2/pokemon/359/"}, "slot": 1}, {"pokemon": {"name": "honchkrow", "url": "https://pokeapi.co/api/v2/pokemon/430/"}, "slot": 1}, {"pokemon": {"name": "stunky", "url": "https://pokeapi.co/api/v2/pokemon/434/"}, "slot": 2}, {"pokemon": {"name": "skuntank", "url": "https://pokeapi.co/api/v2/pokemon/435/"}, "slot": 2}, {"pokemon": {"name": "spiritomb", "url": "https://pokeapi.co/api/v2/pokemon/442/"}, "slot": 2}, {"pokemon": {"name": "drapion", "url": "https://pokeapi.co/api/v2/pokemon/452/"}, "slot": 2}, {"pokemon": {"name": "weavile", "url": "https://pokeapi.co/api/v2/pokemon/461/"}, "slot": 1}, {"pokemon": {"name": "darkrai", "url": "https://pokeapi.co/api/v2/pokemon/491/"}, "slot": 1}, {"pokemon": {"name": "purrloin", "url": "https://pokeapi.co/api/v2/pokemon/509/"}, "slot": 1}, {"pokemon": {"name": "liepard", "url": "https://pokeapi.co/api/v2/pokemon/510/"}, "slot": 1}, {"pokemon": {"name": "sandile", "url": "https://pokeapi.co/api/v2/pokemon/551/"}, "slot": 2}, {"pokemon": {"name": "krokorok", "url": "https://pokeapi.co/api/v2/pokemon/552/"}, "slot": 2}, {"pokemon": {"name": "krookodile", "url": "https://pokeapi.co/api/v2/pokemon/553/"}, "slot": 2}, {"pokemon": {"name": "scraggy", "url": "https://pokeapi.co/api/v2/pokemon/559/"}, "slot": 1}, {"pokemon": {"name": "scrafty", "url": "https://pokeapi.co/api/v2/pokemon/560/"}, "slot": 1}, {"pokemon": {"name": "zorua", "url": "https://pokeapi.co/api/v2/pokemon/570/"}, "slot": 1}, {"pokemon": {"name": "zoroark", "url": "https://pokeapi.co/api/v2/pokemon/571/"}, "slot": 1}, {"pokemon": {"name": "pawniard", "url": "https://pokeapi.co/api/v2/pokemon/624/"}, "slot": 1}, {"pokemon": {"name": "bisharp", "url": "https://pokeapi.co/api/v2/pokemon/625/"}, "slot": 1}, {"pokemon": {"name": "vullaby", "url": "https://pokeapi.co/api/v2/pokemon/629/"}, "slot": 1}, {"pokemon": {"name": "mandibuzz", "url": "https://pokeapi.co/api/v2/pokemon/630/"}, "slot": 1}, {"pokemon": {"name": "deino", "url": "https://pokeapi.co/api/v2/pokemon/633/"}, "slot": 1}, {"pokemon": {"name": "zweilous", "url": "https://pokeapi.co/api/v2/pokemon/634/"}, "slot": 1}, {"pokemon": {"name": "hydreigon", "url": "https://pokeapi.co/api/v2/pokemon/635/"}, "slot": 1}, {"pokemon": {"name": "greninja", "url": "https://pokeapi.co/api/v2/pokemon/658/"}, "slot": 2}, {"pokemon": {"name": "pangoro", "url": "https://pokeapi.co/api/v2/pokemon/675/"}, "slot": 2}, {"pokemon": {"name": "inkay", "url": "https://pokeapi.co/api/v2/pokemon/686/"}, "slot": 1}, {"pokemon": {"name": "malamar", "url": "https://pokeapi.co/api/v2/pokemon/687/"}, "slot": 1}, {"pokemon": {"name": "yveltal", "url": "https://pokeapi.co/api/v2/pokemon/717/"}, "slot": 1}, {"pokemon": {"name": "incineroar", "url": "https://pokeapi.co/api/v2/pokemon/727/"}, "slot": 2}, {"pokemon": {"name": "guzzlord", "url": "https://pokeapi.co/api/v2/pokemon/799/"}, "slot": 1}, {"pokemon": {"name": "nickit", "url": "https://pokeapi.co/api/v2/pokemon/827/"}, "slot": 1}, {"pokemon": {"name": "thievul", "url": "https://pokeapi.co/api/v2/pokemon/828/"}, "slot": 1}, {"pokemon": {"name": "impidimp", "url": "https://pokeapi.co/api/v2/pokemon/859/"}, "slot": 1}, {"pokemon": {"name": "morgrem", "url": "https://pokeapi.co/api/v2/pokemon/860/"}, "slot": 1}, {"pokemon": {"name": "grimmsnarl", "url": "https://pokeapi.co/api/v2/pokemon/861/"}, "slot": 1}, {"pokemon": {"name": "obstagoon", "url": "https://pokeapi.co/api/v2/pokemon/862/"}, "slot": 1}, {"pokemon": {"name": "morpeko-full-belly", "url": "https://pokeapi.co/api/v2/pokemon/877/"}, "slot": 2}, {"pokemon": {"name": "urshifu-single-strike", "url": "https://pokeapi.co/api/v2/pokemon/892/"}, "slot": 2}, {"pokemon": {"name": "zarude", "url": "https://pokeapi.co/api/v2/pokemon/893/"}, "slot": 1}, {"pokemon": {"name": "overqwil", "url": "https://pokeapi.co/api/v2/pokemon/904/"}, "slot": 1}, {"pokemon": {"name": "meowscarada", "url": "https://pokeapi.co/api/v2/pokemon/908/"}, "slot": 2}, {"pokemon": {"name": "lokix", "url": "https://pokeapi.co/api/v2/pokemon/920/"}, "slot": 2}, {"pokemon": {"name": "maschiff", "url": "https://pokeapi.co/api/v2/pokemon/942/"}, "slot": 1}, {"pokemon": {"name": "mabosstiff", "url": "https://pokeapi.co/api/v2/pokemon/943/"}, "slot": 1}, {"pokemon": {"name": "bombirdier", "url": "https://pokeapi.co/api/v2/pokemon/962/"}, "slot": 2}, {"pokemon": {"name": "kingambit", "url": "https://pokeapi.co/api/v2/pokemon/983/"}, "slot": 1}, {"pokemon": {"name": "brute-bonnet", "url": "https://pokeapi.co/api/v2/pokemon/986/"}, "slot": 2}, {"pokemon": {"name": "iron-jugulis", "url": "https://pokeapi.co/api/v2/pokemon/993/"}, "slot": 1}, {"pokemon": {"name": "wo-chien", "url": "https://pokeapi.co/api/v2/pokemon/1001/"}, "slot": 1}, {"pokemon": {"name": "chien-pao", "url": "https://pokeapi.co/api/v2/pokemon/1002/"}, "slot": 1}, {"pokemon": {"name": "ting-lu", "url": "https://pokeapi.co/api/v2/pokemon/1003/"}, "slot": 1}, {"pokemon": {"name": "chi-yu", "url": "https://pokeapi.co/api/v2/pokemon/1004/"}, "slot": 1}, {"pokemon": {"name": "roaring-moon", "url": "https://pokeapi.co/api/v2/pokemon/1005/"}, "slot": 2}, {"pokemon": {"name": "gyarados-mega", "url": "https://pokeapi.co/api/v2/pokemon/10041/"}, "slot": 2}, {"pokemon": {"name": "houndoom-mega", "url": "https://pokeapi.co/api/v2/pokemon/10048/"}, "slot": 1}, {"pokemon": {"name": "tyranitar-mega", "url": "https://pokeapi.co/api/v2/pokemon/10049/"}, "slot": 2}, {"pokemon": {"name": "absol-mega", "url": "https://pokeapi.co/api/v2/pokemon/10057/"}, "slot": 1}, {"pokemon": {"name": "sableye-mega", "url": "https://pokeapi.co/api/v2/pokemon/10066/"}, "slot": 1}, {"pokemon": {"name": "sharpedo-mega", "url": "https://pokeapi.co/api/v2/pokemon/10070/"}, "slot": 2}, {"pokemon": {"name": "hoopa-unbound", "url": "https://pokeapi.co/api/v2/pokemon/10086/"}, "slot": 2}, {"pokemon": {"name": "rattata-alola", "url": "https://pokeapi.co/api/v2/pokemon/10091/"}, "slot": 1}, {"pokemon": {"name": "raticate-alola", "url": "https://pokeapi.co/api/v2/pokemon/10092/"}, "slot": 1}, {"pokemon": {"name": "raticate-totem-alola", "url": "https://pokeapi.co/api/v2/pokemon/10093/"}, "slot": 1}, {"pokemon": {"name": "meowth-alola", "url": "https://pokeapi.co/api/v2/pokemon/10107/"}, "slot": 1}, {"pokemon": {"name": "persian-alola", "url": "https://pokeapi.co/api/v2/pokemon/10108/"}, "slot": 1}, {"pokemon": {"name": "grimer-alola", "url": "https://pokeapi.co/api/v2/pokemon/10112/"}, "slot": 2}, {"pokemon": {"name": "muk-alola", "url": "https://pokeapi.co/api/v2/pokemon/10113/"}, "slot": 2}, {"pokemon": {"name": "greninja-battle-bond", "url": "https://pokeapi.co/api/v2/pokemon/10116/"}, "slot": 2}, {"pokemon": {"name": "greninja-ash", "url": "https://pokeapi.co/api/v2/pokemon/10117/"}, "slot": 2}, {"pokemon": {"name": "moltres-galar", "url": "https://pokeapi.co/api/v2/pokemon/10171/"}, "slot": 1}, {"pokemon": {"name": "zigzagoon-galar", "url": "https://pokeapi.co/api/v2/pokemon/10174/"}, "slot": 1}, {"pokemon": {"name": "linoone-galar", "url": "https://pokeapi.co/api/v2/pokemon/10175/"}, "slot": 1}, {"pokemon": {"name": "morpeko-hangry", "url": "https://pokeapi.co/api/v2/pokemon/10187/"}, "slot": 2}, {"pokemon": {"name": "zarude-dada", "url": "https://pokeapi.co/api/v2/pokemon/10192/"}, "slot": 1}, {"pokemon": {"name": "grimmsnarl-gmax", "url": "https://pokeapi.co/api/v2/pokemon/10222/"}, "slot": 1}, {"pokemon": {"name": "urshifu-single-strike-gmax", "url": "https://pokeapi.co/api/v2/pokemon/10226/"}, "slot": 2}, {"pokemon": {"name": "qwilfish-hisui", "url": "https://pokeapi.co/api/v2/pokemon/10234/"}, "slot": 1}, {"pokemon": {"name": "samurott-hisui", "url": "https://pokeapi.co/api/v2/pokemon/10236/"}, "slot": 2}]}