{"damage_relations": {"double_damage_from": [{"name": "ice", "url": "https://pokeapi.co/api/v2/type/15/"}, {"name": "dragon", "url": "https://pokeapi.co/api/v2/type/16/"}, {"name": "fairy", "url": "https://pokeapi.co/api/v2/type/18/"}], "double_damage_to": [{"name": "dragon", "url": "https://pokeapi.co/api/v2/type/16/"}], "half_damage_from": [{"name": "fire", "url": "https://pokeapi.co/api/v2/type/10/"}, {"name": "water", "url": "https://pokeapi.co/api/v2/type/11/"}, {"name": "grass", "url": "https://pokeapi.co/api/v2/type/12/"}, {"name": "electric", "url": "https://pokeapi.co/api/v2/type/13/"}], "half_damage_to": [{"name": "steel", "url": "https://pokeapi.co/api/v2/type/9/"}], "no_damage_from": [], "no_damage_to": [{"name": "fairy", "url": "https://pokeapi.co/api/v2/type/18/"}]}, "game_indices": [{"game_index": 26, "generation": {"name": "generation-i", "url": "https://pokeapi.co/api/v2/generation/1/"}}, {"game_index": 26, "generation": {"name": "generation-ii", "url": "https://pokeapi.co/api/v2/generation/2/"}}, {"game_index": 16, "generation": {"name": "generation-iii", "url": "https://pokeapi.co/api/v2/generation/3/"}}, {"game_index": 16, "generation": {"name": "generation-iv", "url": "https://pokeapi.co/api/v2/generation/4/"}}, {"game_index": 15, "generation": {"name": "generation-v", "url": "https://pokeapi.co/api/v2/generation/5/"}}, {"game_index": 15, "generation": {"name": "generation-vi", "url": "https://pokeapi.co/api/v2/generation/6/"}}], "generation": {"name": "generation-i", "url": "https://pokeapi.co/api/v2/generation/1/"}, "id": 16, "move_damage_class": {"name": "special", "url": "https://pokeapi.co/api/v2/move-damage-class/3/"}, "moves": [{"name": "dragon-rage", "url": "https://pokeapi.co/api/v2/move/82/"}, {"name": "outrage", "url": "https://pokeapi.co/api/v2/move/200/"}, {"name": "dragon-breath", "url": "https://pokeapi.co/api/v2/move/225/"}, {"name": "twister", "url": "https://pokeapi.co/api/v2/move/239/"}, {"name": "dragon-claw", "url": "https://pokeapi.co/api/v2/move/337/"}, {"name": "dragon-dance", "url": "https://pokeapi.co/api/v2/move/349/"}, {"name": "dragon-pulse", "url": "https://pokeapi.co/api/v2/move/406/"}, {"name": "dragon-rush", "url": "https://pokeapi.co/api/v2/move/407/"}, {"name": "draco-meteor", "url": "https://pokeapi.co/api/v2/move/434/"}, {"name": "roar-of-time", "url": "https://pokeapi.co/api/v2/move/459/"}, {"name": "spacial-rend", "url": "https://pokeapi.co/api/v2/move/460/"}, {"name": "dragon-tail", "url": "https://pokeapi.co/api/v2/move/525/"}, {"name": "dual-chop", "url": "https://pokeapi.co/api/v2/move/530/"}, {"name": "devastating-drake--physical", "url": "https://pokeapi.co/api/v2/move/652/"}, {"name": "devastating-drake--special", "url": "https://pokeapi.co/api/v2/move/653/"}, {"name": "core-enforcer", "url": "https://pokeapi.co/api/v2/move/687/"}, {"name": "clanging-scales", "url": "https://pokeapi.co/api/v2/move/691/"}, {"name": "dragon-hammer", "url": "https://pokeapi.co/api/v2/move/692/"}, {"name": "clangorous-soulblaze", "url": "https://pokeapi.co/api/v2/move/728/"}, {"name": "dynamax-cannon", "url": "https://pokeapi.co/api/v2/move/744/"}, {"name": "dragon-darts", "url": "https://pokeapi.co/api/v2/move/751/"}, {"name": "max-wyrmwind", "url": "https://pokeapi.co/api/v2/move/768/"}, {"name": "clangorous-soul", "url": "https://pokeapi.co/api/v2/move/775/"}, {"name": "breaking-swipe", "url": "https://pokeapi.co/api/v2/move/784/"}, {"name": "eternabeam", "url": "https://pokeapi.co/api/v2/move/795/"}, {"name": "scale-shot", "url": "https://pokeapi.co/api/v2/move/799/"}, {"name": "dragon-energy", "url": "https://pokeapi.co/api/v2/move/820/"}, {"name": "order-up", "url": "https://pokeapi.co/api/v2/move/856/"}, {"name": "glaive-rush", "url": "https://pokeapi.co/api/v2/move/862/"}, {"name": "fickle-beam", "url": "https://pokeapi.co/api/v2/move/907/"}, {"name": "dragon-cheer", "url": "https://pokeapi.co/api/v2/move/913/"}], "name": "dragon", "names": [{"language": {"name": "ja-Hrkt", "url": "https://pokeapi.co/api/v2/language/1/"}, "name": "\u30c9\u30e9\u30b4\u30f3"}, {"language": {"name": "ko", "url": "https://pokeapi.co/api/v2/language/3/"}, "name": "\ub4dc\ub798\uace4"}, {"language": {"name": "zh-Hant", "url": "https://pokeapi.co/api/v2/language/4/"}, "name": "\u9f8d"}, {"language": {"name": "fr", "url": "https://pokeapi.co/api/v2/language/5/"}, "name": "Dragon"}, {"language": {"name": "de", "url": "https://pokeapi.co/api/v2/language/6/"}, "name": "Drache"}, {"language": {"name": "es", "url": "https://pokeapi.co/api/v2/language/7/"}, "name": "Drag\u00f3n"}, {"language": {"name": "it", "url": "https://pokeapi.co/api/v2/language/8/"}, "name": "Drago"}, {"language": {"name": "en", "url": "https://pokeapi.co/api/v2/language/9/"}, "name": "Dragon"}, {"language": {"name": "ja", "url": "https://pokeapi.co/api/v2/language/11/"}, "name": "\u30c9\u30e9\u30b4\u30f3"}, {"language": {"name": "zh-Hans", "url": "https://pokeapi.co/api/v2/language/12/"}, "name": "\u9f99"}], "past_damage_relations": [], "pokemon": [{"pokemon": {"name": "dratini", "url": "https://pokeapi.co/api/v2/pokemon/147/"}, "slot": 1}, {"pokemon": {"name": "dragonair", "url": "https://pokeapi.co/api/v2/pokemon/148/"}, "slot": 1}, {"pokemon": {"name": "dragonite", "url": "https://pokeapi.co/api/v2/pokemon/149/"}, "slot": 1}, {"pokemon": {"name": "kingdra", "url": "https://pokeapi.co/api/v2/pokemon/230/"}, "slot": 2}, {"pokemon": {"name": "vibrava", "url": "https://pokeapi.co/api/v2/pokemon/329/"}, "slot": 2}, {"pokemon": {"name": "flygon", "url": "https://pokeapi.co/api/v2/pokemon/330/"}, "slot": 2}, {"pokemon": {"name": "altaria", "url": "https://pokeapi.co/api/v2/pokemon/334/"}, "slot": 1}, {"pokemon": {"name": "bagon", "url": "https://pokeapi.co/api/v2/pokemon/371/"}, "slot": 1}, {"pokemon": {"name": "shelgon", "url": "https://pokeapi.co/api/v2/pokemon/372/"}, "slot": 1}, {"pokemon": {"name": "salamence", "url": "https://pokeapi.co/api/v2/pokemon/373/"}, "slot": 1}, {"pokemon": {"name": "latias", "url": "https://pokeapi.co/api/v2/pokemon/380/"}, "slot": 1}, {"pokemon": {"name": "latios", "url": "https://pokeapi.co/api/v2/pokemon/381/"}, "slot": 1}, {"pokemon": {"name": "rayquaza", "url": "https://pokeapi.co/api/v2/pokemon/384/"}, "slot": 1}, {"pokemon": {"name": "gible", "url": "https://pokeapi.co/api/v2/pokemon/443/"}, "slot": 1}, {"pokemon": {"name": "gabite", "url": "https://pokeapi.co/api/v2/pokemon/444/"}, "slot": 1}, {"pokemon": {"name": "garchomp", "url": "https://pokeapi.co/api/v2/pokemon/445/"}, "slot": 1}, {"pokemon": {"name": "dialga", "url": "https://pokeapi.co/api/v2/pokemon/483/"}, "slot": 2}, {"pokemon": {"name": "palkia", "url": "https://pokeapi.co/api/v2/pokemon/484/"}, "slot": 2}, {"pokemon": {"name": "giratina-altered", "url": "https://pokeapi.co/api/v2/pokemon/487/"}, "slot": 2}, {"pokemon": {"name": "axew", "url": "https://pokeapi.co/api/v2/pokemon/610/"}, "slot": 1}, {"pokemon": {"name": "fraxure", "url": "https://pokeapi.co/api/v2/pokemon/611/"}, "slot": 1}, {"pokemon": {"name": "haxorus", "url": "https://pokeapi.co/api/v2/pokemon/612/"}, "slot": 1}, {"pokemon": {"name": "druddigon", "url": "https://pokeapi.co/api/v2/pokemon/621/"}, "slot": 1}, {"pokemon": {"name": "deino", "url": "https://pokeapi.co/api/v2/pokemon/633/"}, "slot": 2}, {"pokemon": {"name": "zweilous", "url": "https://pokeapi.co/api/v2/pokemon/634/"}, "slot": 2}, {"pokemon": {"name": "hydreigon", "url": "https://pokeapi.co/api/v2/pokemon/635/"}, "slot": 2}, {"pokemon": {"name": "reshiram", "url": "https://pokeapi.co/api/v2/pokemon/643/"}, "slot": 1}, {"pokemon": {"name": "zekrom", "url": "https://pokeapi.co/api/v2/pokemon/644/"}, "slot": 1}, {"pokemon": {"name": "kyurem", "url": "https://pokeapi.co/api/v2/pokemon/646/"}, "slot": 1}, {"pokemon": {"name": "dragalge", "url": "https://pokeapi.co/api/v2/pokemon/691/"}, "slot": 2}, {"pokemon": {"name": "tyrunt", "url": "https://pokeapi.co/api/v2/pokemon/696/"}, "slot": 2}, {"pokemon": {"name": "tyrantrum", "url": "https://pokeapi.co/api/v2/pokemon/697/"}, "slot": 2}, {"pokemon": {"name": "goomy", "url": "https://pokeapi.co/api/v2/pokemon/704/"}, "slot": 1}, {"pokemon": {"name": "sliggoo", "url": "https://pokeapi.co/api/v2/pokemon/705/"}, "slot": 1}, {"pokemon": {"name": "goodra", "url": "https://pokeapi.co/api/v2/pokemon/706/"}, "slot": 1}, {"pokemon": {"name": "noibat", "url": "https://pokeapi.co/api/v2/pokemon/714/"}, "slot": 2}, {"pokemon": {"name": "noivern", "url": "https://pokeapi.co/api/v2/pokemon/715/"}, "slot": 2}, {"pokemon": {"name": "zygarde-50", "url": "https://pokeapi.co/api/v2/pokemon/718/"}, "slot": 1}, {"pokemon": {"name": "turtonator", "url": "https://pokeapi.co/api/v2/pokemon/776/"}, "slot": 2}, {"pokemon": {"name": "drampa", "url": "https://pokeapi.co/api/v2/pokemon/780/"}, "slot": 2}, {"pokemon": {"name": "jangmo-o", "url": "https://pokeapi.co/api/v2/pokemon/782/"}, "slot": 1}, {"pokemon": {"name": "hakamo-o", "url": "https://pokeapi.co/api/v2/pokemon/783/"}, "slot": 1}, {"pokemon": {"name": "kommo-o", "url": "https://pokeapi.co/api/v2/pokemon/784/"}, "slot": 1}, {"pokemon": {"name": "guzzlord", "url": "https://pokeapi.co/api/v2/pokemon/799/"}, "slot": 2}, {"pokemon": {"name": "naganadel", "url": "https://pokeapi.co/api/v2/pokemon/804/"}, "slot": 2}, {"pokemon": {"name": "applin", "url": "https://pokeapi.co/api/v2/pokemon/840/"}, "slot": 2}, {"pokemon": {"name": "flapple", "url": "https://pokeapi.co/api/v2/pokemon/841/"}, "slot": 2}, {"pokemon": {"name": "appletun", "url": "https://pokeapi.co/api/v2/pokemon/842/"}, "slot": 2}, {"pokemon": {"name": "dracozolt", "url": "https://pokeapi.co/api/v2/pokemon/880/"}, "slot": 2}, {"pokemon": {"name": "dracovish", "url": "https://pokeapi.co/api/v2/pokemon/882/"}, "slot": 2}, {"pokemon": {"name": "duraludon", "url": "https://pokeapi.co/api/v2/pokemon/884/"}, "slot": 2}, {"pokemon": {"name": "dreepy", "url": "https://pokeapi.co/api/v2/pokemon/885/"}, "slot": 1}, {"pokemon": {"name": "drakloak", "url": "https://pokeapi.co/api/v2/pokemon/886/"}, "slot": 1}, {"pokemon": {"name": "dragapult", "url": "https://pokeapi.co/api/v2/pokemon/887/"}, "slot": 1}, {"pokemon": {"name": "eternatus", "url": "https://pokeapi.co/api/v2/pokemon/890/"}, "slot": 2}, {"pokemon": {"name": "regidrago", "url": "https://pokeapi.co/api/v2/pokemon/895/"}, "slot": 1}, {"pokemon": {"name": "cyclizar", "url": "https://pokeapi.co/api/v2/pokemon/967/"}, "slot": 1}, {"pokemon": {"name": "tatsugiri", "url": "https://pokeapi.co/api/v2/pokemon/978/"}, "slot": 1}, {"pokemon": {"name": "frigibax", "url": "https://pokeapi.co/api/v2/pokemon/996/"}, "slot": 1}, {"pokemon": {"name": "arctibax", "url": "https://pokeapi.co/api/v2/pokemon/997/"}, "slot": 1}, {"pokemon": {"name": "baxcalibur", "url": "https://pokeapi.co/api/v2/pokemon/998/"}, "slot": 1}, {"pokemon": {"name": "roaring-moon", "url": "https://pokeapi.co/api/v2/pokemon/1005/"}, "slot": 1}, {"pokemon": {"name": "koraidon", "url": "https://pokeapi.co/api/v2/pokemon/1007/"}, "slot": 2}, {"pokemon": {"name": "miraidon", "url": "https://pokeapi.co/api/v2/pokemon/1008/"}, "slot": 2}, {"pokemon": {"name": "walking-wake", "url": "https://pokeapi.co/api/v2/pokemon/1009/"}, "slot": 2}, {"pokemon": {"name": "dipplin", "url": "https://pokeapi.co/api/v2/pokemon/1011/"}, "slot": 2}, {"pokemon": {"name": "archaludon", "url": "https://pokeapi.co/api/v2/pokemon/1018/"}, "slot": 2}, {"pokemon": {"name": "hydrapple", "url": "https://pokeapi.co/api/v2/pokemon/1019/"}, "slot": 2}, {"pokemon": {"name": "gouging-fire", "url": "https://pokeapi.co/api/v2/pokemon/1020/"}, "slot": 2}, {"pokemon": {"name": "raging-bolt", "url": "https://pokeapi.co/api/v2/pokemon/1021/"}, "slot": 2}, {"pokemon": {"name": "giratina-origin", "url": "https://pokeapi.co/api/v2/pokemon/10007/"}, "slot": 2}, {"pokemon": {"name": "kyurem-black", "url": "https://pokeapi.co/api/v2/pokemon/10022/"}, "slot": 1}, {"pokemon": {"name": "kyurem-white", "url": "https://pokeapi.co/api/v2/pokemon/10023/"}, "slot": 1}, {"pokemon": {"name": "charizard-mega-x", "url": "https://pokeapi.co/api/v2/pokemon/10034/"}, "slot": 2}, {"pokemon": {"name": "ampharos-mega", "url": "https://pokeapi.co/api/v2/pokemon/10045/"}, "slot": 2}, {"pokemon": {"name": "garchomp-mega", "url": "https://pokeapi.co/api/v2/pokemon/10058/"}, "slot": 1}, {"pokemon": {"name": "latias-mega", "url": "https://pokeapi.co/api/v2/pokemon/10062/"}, "slot": 1}, {"pokemon": {"name": "latios-mega", "url": "https://pokeapi.co/api/v2/pokemon/10063/"}, "slot": 1}, {"pokemon": {"name": "sceptile-mega", "url": "https://pokeapi.co/api/v2/pokemon/10065/"}, "slot": 2}, {"pokemon": {"name": "altaria-mega", "url": "https://pokeapi.co/api/v2/pokemon/10067/"}, "slot": 1}, {"pokemon": {"name": "rayquaza-mega", "url": "https://pokeapi.co/api/v2/pokemon/10079/"}, "slot": 1}, {"pokemon": {"name": "salamence-mega", "url": "https://pokeapi.co/api/v2/pokemon/10089/"}, "slot": 1}, {"pokemon": {"name": "exeggutor-alola", "url": "https://pokeapi.co/api/v2/pokemon/10114/"}, "slot": 2}, {"pokemon": {"name": "zygarde-10-power-construct", "url": "https://pokeapi.co/api/v2/pokemon/10118/"}, "slot": 1}, {"pokemon": {"name": "zygarde-50-power-construct", "url": "https://pokeapi.co/api/v2/pokemon/10119/"}, "slot": 1}, {"pokemon": {"name": "zygarde-complete", "url": "https://pokeapi.co/api/v2/pokemon/10120/"}, "slot": 1}, {"pokemon": {"name": "kommo-o-totem", "url": "https://pokeapi.co/api/v2/pokemon/10146/"}, "slot": 1}, {"pokemon": {"name": "necrozma-ultra", "url": "https://pokeapi.co/api/v2/pokemon/10157/"}, "slot": 2}, {"pokemon": {"name": "zygarde-10", "url": "https://pokeapi.co/api/v2/pokemon/10181/"}, "slot": 1}, {"pokemon": {"name": "eternatus-eternamax", "url": "https://pokeapi.co/api/v2/pokemon/10190/"}, "slot": 2}, {"pokemon": {"name": "flapple-gmax", "url": "https://pokeapi.co/api/v2/pokemon/10216/"}, "slot": 2}, {"pokemon": {"name": "appletun-gmax", "url": "https://pokeapi.co/api/v2/pokemon/10217/"}, "slot": 2}, {"pokemon": {"name": "duraludon-gmax", "url": "https://pokeapi.co/api/v2/pokemon/10225/"}, "slot": 2}, {"pokemon": {"name": "sliggoo-hisui", "url": "https://pokeapi.co/api/v2/pokemon/10241/"}, "slot": 2}, {"pokemon": {"name": "goodra-hisui", "url": "https://pokeapi.co/api/v2/pokemon/10242/"}, "slot": 2}, {"pokemon": {"name": "dialga-origin", "url": "https://pokeapi.co/api/v2/pokemon/10245/"}, "slot": 2}, {"pokemon": {"name": "palkia-origin", "url": "https://pokeapi.co/api/v2/pokemon/10246/"}, "slot": 2}, {"pokemon": {"name": "tatsugiri-droopy", "url": "https://pokeapi.co/api/v2/pokemon/10258/"}, "slot": 1}, {"pokemon": {"name": "tatsugiri-stretchy", "url": "https://pokeapi.co/api/v2/pokemon/10259/"}, "slot": 1}, {"pokemon": {"name": "koraidon-limited-build", "url": "https://pokeapi.co/api/v2/pokemon/10264/"}, "slot": 2}, {"pokemon": {"name": "koraidon-sprinting-build", "url": "https://pokeapi.co/api/v2/pokemon/10265/"}, "slot": 2}, {"pokemon": {"name": "koraidon-swimming-build", "url": "https://pokeapi.co/api/v2/pokemon/10266/"}, "slot": 2}, {"pokemon": {"name": "koraidon-gliding-build", "url": "https://pokeapi.co/api/v2/pokemon/10267/"}, "slot": 2}, {"pokemon": {"name": "miraidon-low-power-mode", "url": "https://pokeapi.co/api/v2/pokemon/10268/"}, "slot": 2}, {"pokemon": {"name": "miraidon-drive-mode", "url": "https://pokeapi.co/api/v2/pokemon/10269/"}, "slot": 2}, {"pokemon": {"name": "miraidon-aquatic-mode", "url": "https://pokeapi.co/api/v2/pokemon/10270/"}, "slot": 2}, {"pokemon": {"name": "miraidon-glide-mode", "url": "https://pokeapi.co/api/v2/pokemon/10271/"}, "slot": 2}]}