{"damage_relations": {"double_damage_from": [{"name": "ground", "url": "https://pokeapi.co/api/v2/type/5/"}], "double_damage_to": [{"name": "flying", "url": "https://pokeapi.co/api/v2/type/3/"}, {"name": "water", "url": "https://pokeapi.co/api/v2/type/11/"}], "half_damage_from": [{"name": "flying", "url": "https://pokeapi.co/api/v2/type/3/"}, {"name": "steel", "url": "https://pokeapi.co/api/v2/type/9/"}, {"name": "electric", "url": "https://pokeapi.co/api/v2/type/13/"}], "half_damage_to": [{"name": "grass", "url": "https://pokeapi.co/api/v2/type/12/"}, {"name": "electric", "url": "https://pokeapi.co/api/v2/type/13/"}, {"name": "dragon", "url": "https://pokeapi.co/api/v2/type/16/"}], "no_damage_from": [], "no_damage_to": [{"name": "ground", "url": "https://pokeapi.co/api/v2/type/5/"}]}, "game_indices": [{"game_index": 23, "generation": {"name": "generation-i", "url": "https://pokeapi.co/api/v2/generation/1/"}}, {"game_index": 23, "generation": {"name": "generation-ii", "url": "https://pokeapi.co/api/v2/generation/2/"}}, {"game_index": 13, "generation": {"name": "generation-iii", "url": "https://pokeapi.co/api/v2/generation/3/"}}, {"game_index": 13, "generation": {"name": "generation-iv", "url": "https://pokeapi.co/api/v2/generation/4/"}}, {"game_index": 12, "generation": {"name": "generation-v", "url": "https://pokeapi.co/api/v2/generation/5/"}}, {"game_index": 12, "generation": {"name": "generation-vi", "url": "https://pokeapi.co/api/v2/generation/6/"}}], "generation": {"name": "generation-i", "url": "https://pokeapi.co/api/v2/generation/1/"}, "id": 13, "move_damage_class": {"name": "special", "url": "https://pokeapi.co/api/v2/move-damage-class/3/"}, "moves": [{"name": "thunder-punch", "url": "https://pokeapi.co/api/v2/move/9/"}, {"name": "thunder-shock", "url": "https://pokeapi.co/api/v2/move/84/"}, {"name": "thunderbolt", "url": "https://pokeapi.co/api/v2/move/85/"}, {"name": "thunder-wave", "url": "https://pokeapi.co/api/v2/move/86/"}, {"name": "thunder", "url": "https://pokeapi.co/api/v2/move/87/"}, {"name": "zap-cannon", "url": "https://pokeapi.co/api/v2/move/192/"}, {"name": "spark", "url": "https://pokeapi.co/api/v2/move/209/"}, {"name": "charge", "url": "https://pokeapi.co/api/v2/move/268/"}, {"name": "volt-tackle", "url": "https://pokeapi.co/api/v2/move/344/"}, {"name": "shock-wave", "url": "https://pokeapi.co/api/v2/move/351/"}, {"name": "magnet-rise", "url": "https://pokeapi.co/api/v2/move/393/"}, {"name": "thunder-fang", "url": "https://pokeapi.co/api/v2/move/422/"}, {"name": "discharge", "url": "https://pokeapi.co/api/v2/move/435/"}, {"name": "charge-beam", "url": "https://pokeapi.co/api/v2/move/451/"}, {"name": "electro-ball", "url": "https://pokeapi.co/api/v2/move/486/"}, {"name": "volt-switch", "url": "https://pokeapi.co/api/v2/move/521/"}, {"name": "electroweb", "url": "https://pokeapi.co/api/v2/move/527/"}, {"name": "wild-charge", "url": "https://pokeapi.co/api/v2/move/528/"}, {"name": "bolt-strike", "url": "https://pokeapi.co/api/v2/move/550/"}, {"name": "fusion-bolt", "url": "https://pokeapi.co/api/v2/move/559/"}, {"name": "ion-deluge", "url": "https://pokeapi.co/api/v2/move/569/"}, {"name": "parabolic-charge", "url": "https://pokeapi.co/api/v2/move/570/"}, {"name": "electrify", "url": "https://pokeapi.co/api/v2/move/582/"}, {"name": "eerie-impulse", "url": "https://pokeapi.co/api/v2/move/598/"}, {"name": "magnetic-flux", "url": "https://pokeapi.co/api/v2/move/602/"}, {"name": "electric-terrain", "url": "https://pokeapi.co/api/v2/move/604/"}, {"name": "nuzzle", "url": "https://pokeapi.co/api/v2/move/609/"}, {"name": "gigavolt-havoc--physical", "url": "https://pokeapi.co/api/v2/move/646/"}, {"name": "gigavolt-havoc--special", "url": "https://pokeapi.co/api/v2/move/647/"}, {"name": "catastropika", "url": "https://pokeapi.co/api/v2/move/658/"}, {"name": "stoked-sparksurfer", "url": "https://pokeapi.co/api/v2/move/700/"}, {"name": "zing-zap", "url": "https://pokeapi.co/api/v2/move/716/"}, {"name": "10-000-000-volt-thunderbolt", "url": "https://pokeapi.co/api/v2/move/719/"}, {"name": "plasma-fists", "url": "https://pokeapi.co/api/v2/move/721/"}, {"name": "zippy-zap", "url": "https://pokeapi.co/api/v2/move/729/"}, {"name": "pika-papow", "url": "https://pokeapi.co/api/v2/move/732/"}, {"name": "buzzy-buzz", "url": "https://pokeapi.co/api/v2/move/734/"}, {"name": "bolt-beak", "url": "https://pokeapi.co/api/v2/move/754/"}, {"name": "max-lightning", "url": "https://pokeapi.co/api/v2/move/759/"}, {"name": "aura-wheel", "url": "https://pokeapi.co/api/v2/move/783/"}, {"name": "overdrive", "url": "https://pokeapi.co/api/v2/move/786/"}, {"name": "rising-voltage", "url": "https://pokeapi.co/api/v2/move/804/"}, {"name": "thunder-cage", "url": "https://pokeapi.co/api/v2/move/819/"}, {"name": "wildbolt-storm", "url": "https://pokeapi.co/api/v2/move/847/"}, {"name": "electro-drift", "url": "https://pokeapi.co/api/v2/move/879/"}, {"name": "double-shock", "url": "https://pokeapi.co/api/v2/move/892/"}, {"name": "electro-shot", "url": "https://pokeapi.co/api/v2/move/905/"}, {"name": "thunderclap", "url": "https://pokeapi.co/api/v2/move/909/"}, {"name": "supercell-slam", "url": "https://pokeapi.co/api/v2/move/916/"}], "name": "electric", "names": [{"language": {"name": "ja-Hrkt", "url": "https://pokeapi.co/api/v2/language/1/"}, "name": "\u3067\u3093\u304d"}, {"language": {"name": "ko", "url": "https://pokeapi.co/api/v2/language/3/"}, "name": "\uc804\uae30"}, {"language": {"name": "zh-Hant", "url": "https://pokeapi.co/api/v2/language/4/"}, "name": "\u96fb"}, {"language": {"name": "fr", "url": "https://pokeapi.co/api/v2/language/5/"}, "name": "\u00c9lectrik"}, {"language": {"name": "de", "url": "https://pokeapi.co/api/v2/language/6/"}, "name": "Elektro"}, {"language": {"name": "es", "url": "https://pokeapi.co/api/v2/language/7/"}, "name": "El\u00e9ctrico"}, {"language": {"name": "it", "url": "https://pokeapi.co/api/v2/language/8/"}, "name": "Elettro"}, {"language": {"name": "en", "url": "https://pokeapi.co/api/v2/language/9/"}, "name": "Electric"}, {"language": {"name": "ja", "url": "https://pokeapi.co/api/v2/language/11/"}, "name": "\u3067\u3093\u304d"}, {"language": {"name": "zh-Hans", "url": "https://pokeapi.co/api/v2/language/12/"}, "name": "\u7535"}], "past_damage_relations": [], "pokemon": [{"pokemon": {"name": "pikachu", "url": "https://pokeapi.co/api/v2/pokemon/25/"}, "slot": 1}, {"pokemon": {"name": "raichu", "url": "https://pokeapi.co/api/v2/pokemon/26/"}, "slot": 1}, {"pokemon": {"name": "magnemite", "url": "https://pokeapi.co/api/v2/pokemon/81/"}, "slot": 1}, {"pokemon": {"name": "magneton", "url": "https://pokeapi.co/api/v2/pokemon/82/"}, "slot": 1}, {"pokemon": {"name": "voltorb", "url": "https://pokeapi.co/api/v2/pokemon/100/"}, "slot": 1}, {"pokemon": {"name": "electrode", "url": "https://pokeapi.co/api/v2/pokemon/101/"}, "slot": 1}, {"pokemon": {"name": "electabuzz", "url": "https://pokeapi.co/api/v2/pokemon/125/"}, "slot": 1}, {"pokemon": {"name": "jolteon", "url": "https://pokeapi.co/api/v2/pokemon/135/"}, "slot": 1}, {"pokemon": {"name": "zapdos", "url": "https://pokeapi.co/api/v2/pokemon/145/"}, "slot": 1}, {"pokemon": {"name": "chinchou", "url": "https://pokeapi.co/api/v2/pokemon/170/"}, "slot": 2}, {"pokemon": {"name": "lanturn", "url": "https://pokeapi.co/api/v2/pokemon/171/"}, "slot": 2}, {"pokemon": {"name": "pichu", "url": "https://pokeapi.co/api/v2/pokemon/172/"}, "slot": 1}, {"pokemon": {"name": "mareep", "url": "https://pokeapi.co/api/v2/pokemon/179/"}, "slot": 1}, {"pokemon": {"name": "flaaffy", "url": "https://pokeapi.co/api/v2/pokemon/180/"}, "slot": 1}, {"pokemon": {"name": "ampharos", "url": "https://pokeapi.co/api/v2/pokemon/181/"}, "slot": 1}, {"pokemon": {"name": "elekid", "url": "https://pokeapi.co/api/v2/pokemon/239/"}, "slot": 1}, {"pokemon": {"name": "raikou", "url": "https://pokeapi.co/api/v2/pokemon/243/"}, "slot": 1}, {"pokemon": {"name": "electrike", "url": "https://pokeapi.co/api/v2/pokemon/309/"}, "slot": 1}, {"pokemon": {"name": "manectric", "url": "https://pokeapi.co/api/v2/pokemon/310/"}, "slot": 1}, {"pokemon": {"name": "plusle", "url": "https://pokeapi.co/api/v2/pokemon/311/"}, "slot": 1}, {"pokemon": {"name": "minun", "url": "https://pokeapi.co/api/v2/pokemon/312/"}, "slot": 1}, {"pokemon": {"name": "shinx", "url": "https://pokeapi.co/api/v2/pokemon/403/"}, "slot": 1}, {"pokemon": {"name": "luxio", "url": "https://pokeapi.co/api/v2/pokemon/404/"}, "slot": 1}, {"pokemon": {"name": "luxray", "url": "https://pokeapi.co/api/v2/pokemon/405/"}, "slot": 1}, {"pokemon": {"name": "pachirisu", "url": "https://pokeapi.co/api/v2/pokemon/417/"}, "slot": 1}, {"pokemon": {"name": "magnezone", "url": "https://pokeapi.co/api/v2/pokemon/462/"}, "slot": 1}, {"pokemon": {"name": "electivire", "url": "https://pokeapi.co/api/v2/pokemon/466/"}, "slot": 1}, {"pokemon": {"name": "rotom", "url": "https://pokeapi.co/api/v2/pokemon/479/"}, "slot": 1}, {"pokemon": {"name": "blitzle", "url": "https://pokeapi.co/api/v2/pokemon/522/"}, "slot": 1}, {"pokemon": {"name": "zebstrika", "url": "https://pokeapi.co/api/v2/pokemon/523/"}, "slot": 1}, {"pokemon": {"name": "emolga", "url": "https://pokeapi.co/api/v2/pokemon/587/"}, "slot": 1}, {"pokemon": {"name": "joltik", "url": "https://pokeapi.co/api/v2/pokemon/595/"}, "slot": 2}, {"pokemon": {"name": "galvantula", "url": "https://pokeapi.co/api/v2/pokemon/596/"}, "slot": 2}, {"pokemon": {"name": "tynamo", "url": "https://pokeapi.co/api/v2/pokemon/602/"}, "slot": 1}, {"pokemon": {"name": "eelektrik", "url": "https://pokeapi.co/api/v2/pokemon/603/"}, "slot": 1}, {"pokemon": {"name": "eelektross", "url": "https://pokeapi.co/api/v2/pokemon/604/"}, "slot": 1}, {"pokemon": {"name": "stunfisk", "url": "https://pokeapi.co/api/v2/pokemon/618/"}, "slot": 2}, {"pokemon": {"name": "thundurus-incarnate", "url": "https://pokeapi.co/api/v2/pokemon/642/"}, "slot": 1}, {"pokemon": {"name": "zekrom", "url": "https://pokeapi.co/api/v2/pokemon/644/"}, "slot": 2}, {"pokemon": {"name": "helioptile", "url": "https://pokeapi.co/api/v2/pokemon/694/"}, "slot": 1}, {"pokemon": {"name": "heliolisk", "url": "https://pokeapi.co/api/v2/pokemon/695/"}, "slot": 1}, {"pokemon": {"name": "dedenne", "url": "https://pokeapi.co/api/v2/pokemon/702/"}, "slot": 1}, {"pokemon": {"name": "charjabug", "url": "https://pokeapi.co/api/v2/pokemon/737/"}, "slot": 2}, {"pokemon": {"name": "vikavolt", "url": "https://pokeapi.co/api/v2/pokemon/738/"}, "slot": 2}, {"pokemon": {"name": "togedemaru", "url": "https://pokeapi.co/api/v2/pokemon/777/"}, "slot": 1}, {"pokemon": {"name": "tapu-koko", "url": "https://pokeapi.co/api/v2/pokemon/785/"}, "slot": 1}, {"pokemon": {"name": "xurkitree", "url": "https://pokeapi.co/api/v2/pokemon/796/"}, "slot": 1}, {"pokemon": {"name": "zeraora", "url": "https://pokeapi.co/api/v2/pokemon/807/"}, "slot": 1}, {"pokemon": {"name": "yamper", "url": "https://pokeapi.co/api/v2/pokemon/835/"}, "slot": 1}, {"pokemon": {"name": "boltund", "url": "https://pokeapi.co/api/v2/pokemon/836/"}, "slot": 1}, {"pokemon": {"name": "toxel", "url": "https://pokeapi.co/api/v2/pokemon/848/"}, "slot": 1}, {"pokemon": {"name": "toxtricity-amped", "url": "https://pokeapi.co/api/v2/pokemon/849/"}, "slot": 1}, {"pokemon": {"name": "pincurchin", "url": "https://pokeapi.co/api/v2/pokemon/871/"}, "slot": 1}, {"pokemon": {"name": "morpeko-full-belly", "url": "https://pokeapi.co/api/v2/pokemon/877/"}, "slot": 1}, {"pokemon": {"name": "dracozolt", "url": "https://pokeapi.co/api/v2/pokemon/880/"}, "slot": 1}, {"pokemon": {"name": "arctozolt", "url": "https://pokeapi.co/api/v2/pokemon/881/"}, "slot": 1}, {"pokemon": {"name": "regieleki", "url": "https://pokeapi.co/api/v2/pokemon/894/"}, "slot": 1}, {"pokemon": {"name": "pawmi", "url": "https://pokeapi.co/api/v2/pokemon/921/"}, "slot": 1}, {"pokemon": {"name": "pawmo", "url": "https://pokeapi.co/api/v2/pokemon/922/"}, "slot": 1}, {"pokemon": {"name": "pawmot", "url": "https://pokeapi.co/api/v2/pokemon/923/"}, "slot": 1}, {"pokemon": {"name": "tadbulb", "url": "https://pokeapi.co/api/v2/pokemon/938/"}, "slot": 1}, {"pokemon": {"name": "bellibolt", "url": "https://pokeapi.co/api/v2/pokemon/939/"}, "slot": 1}, {"pokemon": {"name": "wattrel", "url": "https://pokeapi.co/api/v2/pokemon/940/"}, "slot": 1}, {"pokemon": {"name": "kilowattrel", "url": "https://pokeapi.co/api/v2/pokemon/941/"}, "slot": 1}, {"pokemon": {"name": "sandy-shocks", "url": "https://pokeapi.co/api/v2/pokemon/989/"}, "slot": 1}, {"pokemon": {"name": "iron-hands", "url": "https://pokeapi.co/api/v2/pokemon/992/"}, "slot": 2}, {"pokemon": {"name": "iron-thorns", "url": "https://pokeapi.co/api/v2/pokemon/995/"}, "slot": 2}, {"pokemon": {"name": "miraidon", "url": "https://pokeapi.co/api/v2/pokemon/1008/"}, "slot": 1}, {"pokemon": {"name": "raging-bolt", "url": "https://pokeapi.co/api/v2/pokemon/1021/"}, "slot": 1}, {"pokemon": {"name": "rotom-heat", "url": "https://pokeapi.co/api/v2/pokemon/10008/"}, "slot": 1}, {"pokemon": {"name": "rotom-wash", "url": "https://pokeapi.co/api/v2/pokemon/10009/"}, "slot": 1}, {"pokemon": {"name": "rotom-frost", "url": "https://pokeapi.co/api/v2/pokemon/10010/"}, "slot": 1}, {"pokemon": {"name": "rotom-fan", "url": "https://pokeapi.co/api/v2/pokemon/10011/"}, "slot": 1}, {"pokemon": {"name": "rotom-mow", "url": "https://pokeapi.co/api/v2/pokemon/10012/"}, "slot": 1}, {"pokemon": {"name": "thundurus-therian", "url": "https://pokeapi.co/api/v2/pokemon/10020/"}, "slot": 1}, {"pokemon": {"name": "ampharos-mega", "url": "https://pokeapi.co/api/v2/pokemon/10045/"}, "slot": 1}, {"pokemon": {"name": "manectric-mega", "url": "https://pokeapi.co/api/v2/pokemon/10055/"}, "slot": 1}, {"pokemon": {"name": "pikachu-rock-star", "url": "https://pokeapi.co/api/v2/pokemon/10080/"}, "slot": 1}, {"pokemon": {"name": "pikachu-belle", "url": "https://pokeapi.co/api/v2/pokemon/10081/"}, "slot": 1}, {"pokemon": {"name": "pikachu-pop-star", "url": "https://pokeapi.co/api/v2/pokemon/10082/"}, "slot": 1}, {"pokemon": {"name": "pikachu-phd", "url": "https://pokeapi.co/api/v2/pokemon/10083/"}, "slot": 1}, {"pokemon": {"name": "pikachu-libre", "url": "https://pokeapi.co/api/v2/pokemon/10084/"}, "slot": 1}, {"pokemon": {"name": "pikachu-cosplay", "url": "https://pokeapi.co/api/v2/pokemon/10085/"}, "slot": 1}, {"pokemon": {"name": "pikachu-original-cap", "url": "https://pokeapi.co/api/v2/pokemon/10094/"}, "slot": 1}, {"pokemon": {"name": "pikachu-hoenn-cap", "url": "https://pokeapi.co/api/v2/pokemon/10095/"}, "slot": 1}, {"pokemon": {"name": "pikachu-sinnoh-cap", "url": "https://pokeapi.co/api/v2/pokemon/10096/"}, "slot": 1}, {"pokemon": {"name": "pikachu-unova-cap", "url": "https://pokeapi.co/api/v2/pokemon/10097/"}, "slot": 1}, {"pokemon": {"name": "pikachu-kalos-cap", "url": "https://pokeapi.co/api/v2/pokemon/10098/"}, "slot": 1}, {"pokemon": {"name": "pikachu-alola-cap", "url": "https://pokeapi.co/api/v2/pokemon/10099/"}, "slot": 1}, {"pokemon": {"name": "raichu-alola", "url": "https://pokeapi.co/api/v2/pokemon/10100/"}, "slot": 1}, {"pokemon": {"name": "geodude-alola", "url": "https://pokeapi.co/api/v2/pokemon/10109/"}, "slot": 2}, {"pokemon": {"name": "graveler-alola", "url": "https://pokeapi.co/api/v2/pokemon/10110/"}, "slot": 2}, {"pokemon": {"name": "golem-alola", "url": "https://pokeapi.co/api/v2/pokemon/10111/"}, "slot": 2}, {"pokemon": {"name": "vikavolt-totem", "url": "https://pokeapi.co/api/v2/pokemon/10122/"}, "slot": 2}, {"pokemon": {"name": "oricorio-pom-pom", "url": "https://pokeapi.co/api/v2/pokemon/10123/"}, "slot": 1}, {"pokemon": {"name": "pikachu-partner-cap", "url": "https://pokeapi.co/api/v2/pokemon/10148/"}, "slot": 1}, {"pokemon": {"name": "togedemaru-totem", "url": "https://pokeapi.co/api/v2/pokemon/10154/"}, "slot": 1}, {"pokemon": {"name": "pikachu-starter", "url": "https://pokeapi.co/api/v2/pokemon/10158/"}, "slot": 1}, {"pokemon": {"name": "pikachu-world-cap", "url": "https://pokeapi.co/api/v2/pokemon/10160/"}, "slot": 1}, {"pokemon": {"name": "toxtricity-low-key", "url": "https://pokeapi.co/api/v2/pokemon/10184/"}, "slot": 1}, {"pokemon": {"name": "morpeko-hangry", "url": "https://pokeapi.co/api/v2/pokemon/10187/"}, "slot": 1}, {"pokemon": {"name": "pikachu-gmax", "url": "https://pokeapi.co/api/v2/pokemon/10199/"}, "slot": 1}, {"pokemon": {"name": "toxtricity-amped-gmax", "url": "https://pokeapi.co/api/v2/pokemon/10219/"}, "slot": 1}, {"pokemon": {"name": "toxtricity-low-key-gmax", "url": "https://pokeapi.co/api/v2/pokemon/10228/"}, "slot": 1}, {"pokemon": {"name": "voltorb-hisui", "url": "https://pokeapi.co/api/v2/pokemon/10231/"}, "slot": 1}, {"pokemon": {"name": "electrode-hisui", "url": "https://pokeapi.co/api/v2/pokemon/10232/"}, "slot": 1}, {"pokemon": {"name": "miraidon-low-power-mode", "url": "https://pokeapi.co/api/v2/pokemon/10268/"}, "slot": 1}, {"pokemon": {"name": "miraidon-drive-mode", "url": "https://pokeapi.co/api/v2/pokemon/10269/"}, "slot": 1}, {"pokemon": {"name": "miraidon-aquatic-mode", "url": "https://pokeapi.co/api/v2/pokemon/10270/"}, "slot": 1}, {"pokemon": {"name": "miraidon-glide-mode", "url": "https://pokeapi.co/api/v2/pokemon/10271/"}, "slot": 1}]}