{"damage_relations": {"double_damage_from": [{"name": "poison", "url": "https://pokeapi.co/api/v2/type/4/"}, {"name": "steel", "url": "https://pokeapi.co/api/v2/type/9/"}], "double_damage_to": [{"name": "fighting", "url": "https://pokeapi.co/api/v2/type/2/"}, {"name": "dragon", "url": "https://pokeapi.co/api/v2/type/16/"}, {"name": "dark", "url": "https://pokeapi.co/api/v2/type/17/"}], "half_damage_from": [{"name": "fighting", "url": "https://pokeapi.co/api/v2/type/2/"}, {"name": "bug", "url": "https://pokeapi.co/api/v2/type/7/"}, {"name": "dark", "url": "https://pokeapi.co/api/v2/type/17/"}], "half_damage_to": [{"name": "poison", "url": "https://pokeapi.co/api/v2/type/4/"}, {"name": "steel", "url": "https://pokeapi.co/api/v2/type/9/"}, {"name": "fire", "url": "https://pokeapi.co/api/v2/type/10/"}], "no_damage_from": [{"name": "dragon", "url": "https://pokeapi.co/api/v2/type/16/"}], "no_damage_to": []}, "game_indices": [{"game_index": 17, "generation": {"name": "generation-vi", "url": "https://pokeapi.co/api/v2/generation/6/"}}], "generation": {"name": "generation-vi", "url": "https://pokeapi.co/api/v2/generation/6/"}, "id": 18, "move_damage_class": null, "moves": [{"name": "sweet-kiss", "url": "https://pokeapi.co/api/v2/move/186/"}, {"name": "charm", "url": "https://pokeapi.co/api/v2/move/204/"}, {"name": "moonlight", "url": "https://pokeapi.co/api/v2/move/236/"}, {"name": "disarming-voice", "url": "https://pokeapi.co/api/v2/move/574/"}, {"name": "draining-kiss", "url": "https://pokeapi.co/api/v2/move/577/"}, {"name": "crafty-shield", "url": "https://pokeapi.co/api/v2/move/578/"}, {"name": "flower-shield", "url": "https://pokeapi.co/api/v2/move/579/"}, {"name": "misty-terrain", "url": "https://pokeapi.co/api/v2/move/581/"}, {"name": "play-rough", "url": "https://pokeapi.co/api/v2/move/583/"}, {"name": "fairy-wind", "url": "https://pokeapi.co/api/v2/move/584/"}, {"name": "moonblast", "url": "https://pokeapi.co/api/v2/move/585/"}, {"name": "fairy-lock", "url": "https://pokeapi.co/api/v2/move/587/"}, {"name": "aromatic-mist", "url": "https://pokeapi.co/api/v2/move/597/"}, {"name": "geomancy", "url": "https://pokeapi.co/api/v2/move/601/"}, {"name": "dazzling-gleam", "url": "https://pokeapi.co/api/v2/move/605/"}, {"name": "baby-doll-eyes", "url": "https://pokeapi.co/api/v2/move/608/"}, {"name": "light-of-ruin", "url": "https://pokeapi.co/api/v2/move/617/"}, {"name": "twinkle-tackle--physical", "url": "https://pokeapi.co/api/v2/move/656/"}, {"name": "twinkle-tackle--special", "url": "https://pokeapi.co/api/v2/move/657/"}, {"name": "floral-healing", "url": "https://pokeapi.co/api/v2/move/666/"}, {"name": "guardian-of-alola", "url": "https://pokeapi.co/api/v2/move/698/"}, {"name": "fleur-cannon", "url": "https://pokeapi.co/api/v2/move/705/"}, {"name": "natures-madness", "url": "https://pokeapi.co/api/v2/move/717/"}, {"name": "lets-snuggle-forever", "url": "https://pokeapi.co/api/v2/move/726/"}, {"name": "sparkly-swirl", "url": "https://pokeapi.co/api/v2/move/740/"}, {"name": "max-starfall", "url": "https://pokeapi.co/api/v2/move/767/"}, {"name": "decorate", "url": "https://pokeapi.co/api/v2/move/777/"}, {"name": "spirit-break", "url": "https://pokeapi.co/api/v2/move/789/"}, {"name": "strange-steam", "url": "https://pokeapi.co/api/v2/move/790/"}, {"name": "misty-explosion", "url": "https://pokeapi.co/api/v2/move/802/"}, {"name": "springtide-storm", "url": "https://pokeapi.co/api/v2/move/831/"}, {"name": "magical-torque", "url": "https://pokeapi.co/api/v2/move/900/"}, {"name": "alluring-voice", "url": "https://pokeapi.co/api/v2/move/914/"}], "name": "fairy", "names": [{"language": {"name": "ja-Hrkt", "url": "https://pokeapi.co/api/v2/language/1/"}, "name": "\u30d5\u30a7\u30a2\u30ea\u30fc"}, {"language": {"name": "ko", "url": "https://pokeapi.co/api/v2/language/3/"}, "name": "\ud398\uc5b4\ub9ac"}, {"language": {"name": "zh-Hant", "url": "https://pokeapi.co/api/v2/language/4/"}, "name": "\u5996\u7cbe"}, {"language": {"name": "fr", "url": "https://pokeapi.co/api/v2/language/5/"}, "name": "F\u00e9e"}, {"language": {"name": "de", "url": "https://pokeapi.co/api/v2/language/6/"}, "name": "Fee"}, {"language": {"name": "es", "url": "https://pokeapi.co/api/v2/language/7/"}, "name": "Hada"}, {"language": {"name": "it", "url": "https://pokeapi.co/api/v2/language/8/"}, "name": "Folletto"}, {"language": {"name": "en", "url": "https://pokeapi.co/api/v2/language/9/"}, "name": "Fairy"}, {"language": {"name": "ja", "url": "https://pokeapi.co/api/v2/language/11/"}, "name": "\u30d5\u30a7\u30a2\u30ea\u30fc"}, {"language": {"name": "zh-Hans", "url": "https://pokeapi.co/api/v2/language/12/"}, "name": "\u5996\u7cbe"}], "past_damage_relations": [], "pokemon": [{"pokemon": {"name": "clefairy", "url": "https://pokeapi.co/api/v2/pokemon/35/"}, "slot": 1}, {"pokemon": {"name": "clefable", "url": "https://pokeapi.co/api/v2/pokemon/36/"}, "slot": 1}, {"pokemon": {"name": "jigglypuff", "url": "https://pokeapi.co/api/v2/pokemon/39/"}, "slot": 2}, {"pokemon": {"name": "wigglytuff", "url": "https://pokeapi.co/api/v2/pokemon/40/"}, "slot": 2}, {"pokemon": {"name": "mr-mime", "url": "https://pokeapi.co/api/v2/pokemon/122/"}, "slot": 2}, {"pokemon": {"name": "cleffa", "url": "https://pokeapi.co/api/v2/pokemon/173/"}, "slot": 1}, {"pokemon": {"name": "igglybuff", "url": "https://pokeapi.co/api/v2/pokemon/174/"}, "slot": 2}, {"pokemon": {"name": "togepi", "url": "https://pokeapi.co/api/v2/pokemon/175/"}, "slot": 1}, {"pokemon": {"name": "togetic", "url": "https://pokeapi.co/api/v2/pokemon/176/"}, "slot": 1}, {"pokemon": {"name": "marill", "url": "https://pokeapi.co/api/v2/pokemon/183/"}, "slot": 2}, {"pokemon": {"name": "azumarill", "url": "https://pokeapi.co/api/v2/pokemon/184/"}, "slot": 2}, {"pokemon": {"name": "snubbull", "url": "https://pokeapi.co/api/v2/pokemon/209/"}, "slot": 1}, {"pokemon": {"name": "granbull", "url": "https://pokeapi.co/api/v2/pokemon/210/"}, "slot": 1}, {"pokemon": {"name": "ralts", "url": "https://pokeapi.co/api/v2/pokemon/280/"}, "slot": 2}, {"pokemon": {"name": "kirlia", "url": "https://pokeapi.co/api/v2/pokemon/281/"}, "slot": 2}, {"pokemon": {"name": "gardevoir", "url": "https://pokeapi.co/api/v2/pokemon/282/"}, "slot": 2}, {"pokemon": {"name": "azurill", "url": "https://pokeapi.co/api/v2/pokemon/298/"}, "slot": 2}, {"pokemon": {"name": "mawile", "url": "https://pokeapi.co/api/v2/pokemon/303/"}, "slot": 2}, {"pokemon": {"name": "mime-jr", "url": "https://pokeapi.co/api/v2/pokemon/439/"}, "slot": 2}, {"pokemon": {"name": "togekiss", "url": "https://pokeapi.co/api/v2/pokemon/468/"}, "slot": 1}, {"pokemon": {"name": "cottonee", "url": "https://pokeapi.co/api/v2/pokemon/546/"}, "slot": 2}, {"pokemon": {"name": "whimsicott", "url": "https://pokeapi.co/api/v2/pokemon/547/"}, "slot": 2}, {"pokemon": {"name": "flabebe", "url": "https://pokeapi.co/api/v2/pokemon/669/"}, "slot": 1}, {"pokemon": {"name": "floette", "url": "https://pokeapi.co/api/v2/pokemon/670/"}, "slot": 1}, {"pokemon": {"name": "florges", "url": "https://pokeapi.co/api/v2/pokemon/671/"}, "slot": 1}, {"pokemon": {"name": "spritzee", "url": "https://pokeapi.co/api/v2/pokemon/682/"}, "slot": 1}, {"pokemon": {"name": "aromatisse", "url": "https://pokeapi.co/api/v2/pokemon/683/"}, "slot": 1}, {"pokemon": {"name": "swirlix", "url": "https://pokeapi.co/api/v2/pokemon/684/"}, "slot": 1}, {"pokemon": {"name": "slurpuff", "url": "https://pokeapi.co/api/v2/pokemon/685/"}, "slot": 1}, {"pokemon": {"name": "sylveon", "url": "https://pokeapi.co/api/v2/pokemon/700/"}, "slot": 1}, {"pokemon": {"name": "dedenne", "url": "https://pokeapi.co/api/v2/pokemon/702/"}, "slot": 2}, {"pokemon": {"name": "carbink", "url": "https://pokeapi.co/api/v2/pokemon/703/"}, "slot": 2}, {"pokemon": {"name": "klefki", "url": "https://pokeapi.co/api/v2/pokemon/707/"}, "slot": 2}, {"pokemon": {"name": "xerneas", "url": "https://pokeapi.co/api/v2/pokemon/716/"}, "slot": 1}, {"pokemon": {"name": "diancie", "url": "https://pokeapi.co/api/v2/pokemon/719/"}, "slot": 2}, {"pokemon": {"name": "primarina", "url": "https://pokeapi.co/api/v2/pokemon/730/"}, "slot": 2}, {"pokemon": {"name": "cutiefly", "url": "https://pokeapi.co/api/v2/pokemon/742/"}, "slot": 2}, {"pokemon": {"name": "ribombee", "url": "https://pokeapi.co/api/v2/pokemon/743/"}, "slot": 2}, {"pokemon": {"name": "morelull", "url": "https://pokeapi.co/api/v2/pokemon/755/"}, "slot": 2}, {"pokemon": {"name": "shiinotic", "url": "https://pokeapi.co/api/v2/pokemon/756/"}, "slot": 2}, {"pokemon": {"name": "comfey", "url": "https://pokeapi.co/api/v2/pokemon/764/"}, "slot": 1}, {"pokemon": {"name": "mimikyu-disguised", "url": "https://pokeapi.co/api/v2/pokemon/778/"}, "slot": 2}, {"pokemon": {"name": "tapu-koko", "url": "https://pokeapi.co/api/v2/pokemon/785/"}, "slot": 2}, {"pokemon": {"name": "tapu-lele", "url": "https://pokeapi.co/api/v2/pokemon/786/"}, "slot": 2}, {"pokemon": {"name": "tapu-bulu", "url": "https://pokeapi.co/api/v2/pokemon/787/"}, "slot": 2}, {"pokemon": {"name": "tapu-fini", "url": "https://pokeapi.co/api/v2/pokemon/788/"}, "slot": 2}, {"pokemon": {"name": "magearna", "url": "https://pokeapi.co/api/v2/pokemon/801/"}, "slot": 2}, {"pokemon": {"name": "hatterene", "url": "https://pokeapi.co/api/v2/pokemon/858/"}, "slot": 2}, {"pokemon": {"name": "impidimp", "url": "https://pokeapi.co/api/v2/pokemon/859/"}, "slot": 2}, {"pokemon": {"name": "morgrem", "url": "https://pokeapi.co/api/v2/pokemon/860/"}, "slot": 2}, {"pokemon": {"name": "grimmsnarl", "url": "https://pokeapi.co/api/v2/pokemon/861/"}, "slot": 2}, {"pokemon": {"name": "milcery", "url": "https://pokeapi.co/api/v2/pokemon/868/"}, "slot": 1}, {"pokemon": {"name": "alcremie", "url": "https://pokeapi.co/api/v2/pokemon/869/"}, "slot": 1}, {"pokemon": {"name": "zacian", "url": "https://pokeapi.co/api/v2/pokemon/888/"}, "slot": 1}, {"pokemon": {"name": "enamorus-incarnate", "url": "https://pokeapi.co/api/v2/pokemon/905/"}, "slot": 1}, {"pokemon": {"name": "fidough", "url": "https://pokeapi.co/api/v2/pokemon/926/"}, "slot": 1}, {"pokemon": {"name": "dachsbun", "url": "https://pokeapi.co/api/v2/pokemon/927/"}, "slot": 1}, {"pokemon": {"name": "tinkatink", "url": "https://pokeapi.co/api/v2/pokemon/957/"}, "slot": 1}, {"pokemon": {"name": "tinkatuff", "url": "https://pokeapi.co/api/v2/pokemon/958/"}, "slot": 1}, {"pokemon": {"name": "tinkaton", "url": "https://pokeapi.co/api/v2/pokemon/959/"}, "slot": 1}, {"pokemon": {"name": "scream-tail", "url": "https://pokeapi.co/api/v2/pokemon/985/"}, "slot": 1}, {"pokemon": {"name": "flutter-mane", "url": "https://pokeapi.co/api/v2/pokemon/987/"}, "slot": 2}, {"pokemon": {"name": "iron-valiant", "url": "https://pokeapi.co/api/v2/pokemon/1006/"}, "slot": 1}, {"pokemon": {"name": "fezandipiti", "url": "https://pokeapi.co/api/v2/pokemon/1016/"}, "slot": 2}, {"pokemon": {"name": "gardevoir-mega", "url": "https://pokeapi.co/api/v2/pokemon/10051/"}, "slot": 2}, {"pokemon": {"name": "mawile-mega", "url": "https://pokeapi.co/api/v2/pokemon/10052/"}, "slot": 2}, {"pokemon": {"name": "floette-eternal", "url": "https://pokeapi.co/api/v2/pokemon/10061/"}, "slot": 1}, {"pokemon": {"name": "altaria-mega", "url": "https://pokeapi.co/api/v2/pokemon/10067/"}, "slot": 2}, {"pokemon": {"name": "audino-mega", "url": "https://pokeapi.co/api/v2/pokemon/10069/"}, "slot": 2}, {"pokemon": {"name": "diancie-mega", "url": "https://pokeapi.co/api/v2/pokemon/10075/"}, "slot": 2}, {"pokemon": {"name": "ninetales-alola", "url": "https://pokeapi.co/api/v2/pokemon/10104/"}, "slot": 2}, {"pokemon": {"name": "mimikyu-busted", "url": "https://pokeapi.co/api/v2/pokemon/10143/"}, "slot": 2}, {"pokemon": {"name": "mimikyu-totem-disguised", "url": "https://pokeapi.co/api/v2/pokemon/10144/"}, "slot": 2}, {"pokemon": {"name": "mimikyu-totem-busted", "url": "https://pokeapi.co/api/v2/pokemon/10145/"}, "slot": 2}, {"pokemon": {"name": "magearna-original", "url": "https://pokeapi.co/api/v2/pokemon/10147/"}, "slot": 2}, {"pokemon": {"name": "ribombee-totem", "url": "https://pokeapi.co/api/v2/pokemon/10150/"}, "slot": 2}, {"pokemon": {"name": "rapidash-galar", "url": "https://pokeapi.co/api/v2/pokemon/10163/"}, "slot": 2}, {"pokemon": {"name": "weezing-galar", "url": "https://pokeapi.co/api/v2/pokemon/10167/"}, "slot": 2}, {"pokemon": {"name": "zacian-crowned", "url": "https://pokeapi.co/api/v2/pokemon/10188/"}, "slot": 1}, {"pokemon": {"name": "hatterene-gmax", "url": "https://pokeapi.co/api/v2/pokemon/10221/"}, "slot": 2}, {"pokemon": {"name": "grimmsnarl-gmax", "url": "https://pokeapi.co/api/v2/pokemon/10222/"}, "slot": 2}, {"pokemon": {"name": "alcremie-gmax", "url": "https://pokeapi.co/api/v2/pokemon/10223/"}, "slot": 1}, {"pokemon": {"name": "enamorus-therian", "url": "https://pokeapi.co/api/v2/pokemon/10249/"}, "slot": 1}]}