{"damage_relations": {"double_damage_from": [{"name": "flying", "url": "https://pokeapi.co/api/v2/type/3/"}, {"name": "psychic", "url": "https://pokeapi.co/api/v2/type/14/"}, {"name": "fairy", "url": "https://pokeapi.co/api/v2/type/18/"}], "double_damage_to": [{"name": "normal", "url": "https://pokeapi.co/api/v2/type/1/"}, {"name": "rock", "url": "https://pokeapi.co/api/v2/type/6/"}, {"name": "steel", "url": "https://pokeapi.co/api/v2/type/9/"}, {"name": "ice", "url": "https://pokeapi.co/api/v2/type/15/"}, {"name": "dark", "url": "https://pokeapi.co/api/v2/type/17/"}], "half_damage_from": [{"name": "rock", "url": "https://pokeapi.co/api/v2/type/6/"}, {"name": "bug", "url": "https://pokeapi.co/api/v2/type/7/"}, {"name": "dark", "url": "https://pokeapi.co/api/v2/type/17/"}], "half_damage_to": [{"name": "flying", "url": "https://pokeapi.co/api/v2/type/3/"}, {"name": "poison", "url": "https://pokeapi.co/api/v2/type/4/"}, {"name": "bug", "url": "https://pokeapi.co/api/v2/type/7/"}, {"name": "psychic", "url": "https://pokeapi.co/api/v2/type/14/"}, {"name": "fairy", "url": "https://pokeapi.co/api/v2/type/18/"}], "no_damage_from": [], "no_damage_to": [{"name": "ghost", "url": "https://pokeapi.co/api/v2/type/8/"}]}, "game_indices": [{"game_index": 1, "generation": {"name": "generation-i", "url": "https://pokeapi.co/api/v2/generation/1/"}}, {"game_index": 1, "generation": {"name": "generation-ii", "url": "https://pokeapi.co/api/v2/generation/2/"}}, {"game_index": 1, "generation": {"name": "generation-iii", "url": "https://pokeapi.co/api/v2/generation/3/"}}, {"game_index": 1, "generation": {"name": "generation-iv", "url": "https://pokeapi.co/api/v2/generation/4/"}}, {"game_index": 1, "generation": {"name": "generation-v", "url": "https://pokeapi.co/api/v2/generation/5/"}}, {"game_index": 1, "generation": {"name": "generation-vi", "url": "https://pokeapi.co/api/v2/generation/6/"}}], "generation": {"name": "generation-i", "url": "https://pokeapi.co/api/v2/generation/1/"}, "id": 2, "move_damage_class": {"name": "physical", "url": "https://pokeapi.co/api/v2/move-damage-class/2/"}, "moves": [{"name": "karate-chop", "url": "https://pokeapi.co/api/v2/move/2/"}, {"name": "double-kick", "url": "https://pokeapi.co/api/v2/move/24/"}, {"name": "jump-kick", "url": "https://pokeapi.co/api/v2/move/26/"}, {"name": "rolling-kick", "url": "https://pokeapi.co/api/v2/move/27/"}, {"name": "submission", "url": "https://pokeapi.co/api/v2/move/66/"}, {"name": "low-kick", "url": "https://pokeapi.co/api/v2/move/67/"}, {"name": "counter", "url": "https://pokeapi.co/api/v2/move/68/"}, {"name": "seismic-toss", "url": "https://pokeapi.co/api/v2/move/69/"}, {"name": "high-jump-kick", "url": "https://pokeapi.co/api/v2/move/136/"}, {"name": "triple-kick", "url": "https://pokeapi.co/api/v2/move/167/"}, {"name": "reversal", "url": "https://pokeapi.co/api/v2/move/179/"}, {"name": "mach-punch", "url": "https://pokeapi.co/api/v2/move/183/"}, {"name": "detect", "url": "https://pokeapi.co/api/v2/move/197/"}, {"name": "dynamic-punch", "url": "https://pokeapi.co/api/v2/move/223/"}, {"name": "vital-throw", "url": "https://pokeapi.co/api/v2/move/233/"}, {"name": "cross-chop", "url": "https://pokeapi.co/api/v2/move/238/"}, {"name": "rock-smash", "url": "https://pokeapi.co/api/v2/move/249/"}, {"name": "focus-punch", "url": "https://pokeapi.co/api/v2/move/264/"}, {"name": "superpower", "url": "https://pokeapi.co/api/v2/move/276/"}, {"name": "revenge", "url": "https://pokeapi.co/api/v2/move/279/"}, {"name": "brick-break", "url": "https://pokeapi.co/api/v2/move/280/"}, {"name": "arm-thrust", "url": "https://pokeapi.co/api/v2/move/292/"}, {"name": "sky-uppercut", "url": "https://pokeapi.co/api/v2/move/327/"}, {"name": "bulk-up", "url": "https://pokeapi.co/api/v2/move/339/"}, {"name": "wake-up-slap", "url": "https://pokeapi.co/api/v2/move/358/"}, {"name": "hammer-arm", "url": "https://pokeapi.co/api/v2/move/359/"}, {"name": "close-combat", "url": "https://pokeapi.co/api/v2/move/370/"}, {"name": "force-palm", "url": "https://pokeapi.co/api/v2/move/395/"}, {"name": "aura-sphere", "url": "https://pokeapi.co/api/v2/move/396/"}, {"name": "drain-punch", "url": "https://pokeapi.co/api/v2/move/409/"}, {"name": "vacuum-wave", "url": "https://pokeapi.co/api/v2/move/410/"}, {"name": "focus-blast", "url": "https://pokeapi.co/api/v2/move/411/"}, {"name": "storm-throw", "url": "https://pokeapi.co/api/v2/move/480/"}, {"name": "low-sweep", "url": "https://pokeapi.co/api/v2/move/490/"}, {"name": "quick-guard", "url": "https://pokeapi.co/api/v2/move/501/"}, {"name": "circle-throw", "url": "https://pokeapi.co/api/v2/move/509/"}, {"name": "final-gambit", "url": "https://pokeapi.co/api/v2/move/515/"}, {"name": "sacred-sword", "url": "https://pokeapi.co/api/v2/move/533/"}, {"name": "secret-sword", "url": "https://pokeapi.co/api/v2/move/548/"}, {"name": "flying-press", "url": "https://pokeapi.co/api/v2/move/560/"}, {"name": "mat-block", "url": "https://pokeapi.co/api/v2/move/561/"}, {"name": "power-up-punch", "url": "https://pokeapi.co/api/v2/move/612/"}, {"name": "all-out-pummeling--physical", "url": "https://pokeapi.co/api/v2/move/624/"}, {"name": "all-out-pummeling--special", "url": "https://pokeapi.co/api/v2/move/625/"}, {"name": "no-retreat", "url": "https://pokeapi.co/api/v2/move/748/"}, {"name": "octolock", "url": "https://pokeapi.co/api/v2/move/753/"}, {"name": "max-knuckle", "url": "https://pokeapi.co/api/v2/move/761/"}, {"name": "body-press", "url": "https://pokeapi.co/api/v2/move/776/"}, {"name": "meteor-assault", "url": "https://pokeapi.co/api/v2/move/794/"}, {"name": "coaching", "url": "https://pokeapi.co/api/v2/move/811/"}, {"name": "thunderous-kick", "url": "https://pokeapi.co/api/v2/move/823/"}, {"name": "victory-dance", "url": "https://pokeapi.co/api/v2/move/837/"}, {"name": "triple-arrows", "url": "https://pokeapi.co/api/v2/move/843/"}, {"name": "axe-kick", "url": "https://pokeapi.co/api/v2/move/853/"}, {"name": "collision-course", "url": "https://pokeapi.co/api/v2/move/878/"}, {"name": "combat-torque", "url": "https://pokeapi.co/api/v2/move/899/"}, {"name": "upper-hand", "url": "https://pokeapi.co/api/v2/move/918/"}], "name": "fighting", "names": [{"language": {"name": "ja-Hrkt", "url": "https://pokeapi.co/api/v2/language/1/"}, "name": "\u304b\u304f\u3068\u3046"}, {"language": {"name": "ko", "url": "https://pokeapi.co/api/v2/language/3/"}, "name": "\uaca9\ud22c"}, {"language": {"name": "zh-Hant", "url": "https://pokeapi.co/api/v2/language/4/"}, "name": "\u683c\u9b25"}, {"language": {"name": "fr", "url": "https://pokeapi.co/api/v2/language/5/"}, "name": "Combat"}, {"language": {"name": "de", "url": "https://pokeapi.co/api/v2/language/6/"}, "name": "Kampf"}, {"language": {"name": "es", "url": "https://pokeapi.co/api/v2/language/7/"}, "name": "Lucha"}, {"language": {"name": "it", "url": "https://pokeapi.co/api/v2/language/8/"}, "name": "Lotta"}, {"language": {"name": "en", "url": "https://pokeapi.co/api/v2/language/9/"}, "name": "Fighting"}, {"language": {"name": "ja", "url": "https://pokeapi.co/api/v2/language/11/"}, "name": "\u304b\u304f\u3068\u3046"}, {"language": {"name": "zh-Hans", "url": "https://pokeapi.co/api/v2/language/12/"}, "name": "\u683c\u6597"}], "past_damage_relations": [], "pokemon": [{"pokemon": {"name": "mankey", "url": "https://pokeapi.co/api/v2/pokemon/56/"}, "slot": 1}, {"pokemon": {"name": "primeape", "url": "https://pokeapi.co/api/v2/pokemon/57/"}, "slot": 1}, {"pokemon": {"name": "poliwrath", "url": "https://pokeapi.co/api/v2/pokemon/62/"}, "slot": 2}, {"pokemon": {"name": "machop", "url": "https://pokeapi.co/api/v2/pokemon/66/"}, "slot": 1}, {"pokemon": {"name": "machoke", "url": "https://pokeapi.co/api/v2/pokemon/67/"}, "slot": 1}, {"pokemon": {"name": "machamp", "url": "https://pokeapi.co/api/v2/pokemon/68/"}, "slot": 1}, {"pokemon": {"name": "hitmonlee", "url": "https://pokeapi.co/api/v2/pokemon/106/"}, "slot": 1}, {"pokemon": {"name": "hitmonchan", "url": "https://pokeapi.co/api/v2/pokemon/107/"}, "slot": 1}, {"pokemon": {"name": "heracross", "url": "https://pokeapi.co/api/v2/pokemon/214/"}, "slot": 2}, {"pokemon": {"name": "tyrogue", "url": "https://pokeapi.co/api/v2/pokemon/236/"}, "slot": 1}, {"pokemon": {"name": "hitmontop", "url": "https://pokeapi.co/api/v2/pokemon/237/"}, "slot": 1}, {"pokemon": {"name": "combusken", "url": "https://pokeapi.co/api/v2/pokemon/256/"}, "slot": 2}, {"pokemon": {"name": "blaziken", "url": "https://pokeapi.co/api/v2/pokemon/257/"}, "slot": 2}, {"pokemon": {"name": "breloom", "url": "https://pokeapi.co/api/v2/pokemon/286/"}, "slot": 2}, {"pokemon": {"name": "makuhita", "url": "https://pokeapi.co/api/v2/pokemon/296/"}, "slot": 1}, {"pokemon": {"name": "hariyama", "url": "https://pokeapi.co/api/v2/pokemon/297/"}, "slot": 1}, {"pokemon": {"name": "meditite", "url": "https://pokeapi.co/api/v2/pokemon/307/"}, "slot": 1}, {"pokemon": {"name": "medicham", "url": "https://pokeapi.co/api/v2/pokemon/308/"}, "slot": 1}, {"pokemon": {"name": "monferno", "url": "https://pokeapi.co/api/v2/pokemon/391/"}, "slot": 2}, {"pokemon": {"name": "infernape", "url": "https://pokeapi.co/api/v2/pokemon/392/"}, "slot": 2}, {"pokemon": {"name": "riolu", "url": "https://pokeapi.co/api/v2/pokemon/447/"}, "slot": 1}, {"pokemon": {"name": "lucario", "url": "https://pokeapi.co/api/v2/pokemon/448/"}, "slot": 1}, {"pokemon": {"name": "croagunk", "url": "https://pokeapi.co/api/v2/pokemon/453/"}, "slot": 2}, {"pokemon": {"name": "toxicroak", "url": "https://pokeapi.co/api/v2/pokemon/454/"}, "slot": 2}, {"pokemon": {"name": "gallade", "url": "https://pokeapi.co/api/v2/pokemon/475/"}, "slot": 2}, {"pokemon": {"name": "pignite", "url": "https://pokeapi.co/api/v2/pokemon/499/"}, "slot": 2}, {"pokemon": {"name": "emboar", "url": "https://pokeapi.co/api/v2/pokemon/500/"}, "slot": 2}, {"pokemon": {"name": "timburr", "url": "https://pokeapi.co/api/v2/pokemon/532/"}, "slot": 1}, {"pokemon": {"name": "gurdurr", "url": "https://pokeapi.co/api/v2/pokemon/533/"}, "slot": 1}, {"pokemon": {"name": "conkeldurr", "url": "https://pokeapi.co/api/v2/pokemon/534/"}, "slot": 1}, {"pokemon": {"name": "throh", "url": "https://pokeapi.co/api/v2/pokemon/538/"}, "slot": 1}, {"pokemon": {"name": "sawk", "url": "https://pokeapi.co/api/v2/pokemon/539/"}, "slot": 1}, {"pokemon": {"name": "scraggy", "url": "https://pokeapi.co/api/v2/pokemon/559/"}, "slot": 2}, {"pokemon": {"name": "scrafty", "url": "https://pokeapi.co/api/v2/pokemon/560/"}, "slot": 2}, {"pokemon": {"name": "mienfoo", "url": "https://pokeapi.co/api/v2/pokemon/619/"}, "slot": 1}, {"pokemon": {"name": "mienshao", "url": "https://pokeapi.co/api/v2/pokemon/620/"}, "slot": 1}, {"pokemon": {"name": "cobalion", "url": "https://pokeapi.co/api/v2/pokemon/638/"}, "slot": 2}, {"pokemon": {"name": "terrakion", "url": "https://pokeapi.co/api/v2/pokemon/639/"}, "slot": 2}, {"pokemon": {"name": "virizion", "url": "https://pokeapi.co/api/v2/pokemon/640/"}, "slot": 2}, {"pokemon": {"name": "keldeo-ordinary", "url": "https://pokeapi.co/api/v2/pokemon/647/"}, "slot": 2}, {"pokemon": {"name": "chesnaught", "url": "https://pokeapi.co/api/v2/pokemon/652/"}, "slot": 2}, {"pokemon": {"name": "pancham", "url": "https://pokeapi.co/api/v2/pokemon/674/"}, "slot": 1}, {"pokemon": {"name": "pangoro", "url": "https://pokeapi.co/api/v2/pokemon/675/"}, "slot": 1}, {"pokemon": {"name": "hawlucha", "url": "https://pokeapi.co/api/v2/pokemon/701/"}, "slot": 1}, {"pokemon": {"name": "crabrawler", "url": "https://pokeapi.co/api/v2/pokemon/739/"}, "slot": 1}, {"pokemon": {"name": "crabominable", "url": "https://pokeapi.co/api/v2/pokemon/740/"}, "slot": 1}, {"pokemon": {"name": "stufful", "url": "https://pokeapi.co/api/v2/pokemon/759/"}, "slot": 2}, {"pokemon": {"name": "bewear", "url": "https://pokeapi.co/api/v2/pokemon/760/"}, "slot": 2}, {"pokemon": {"name": "passimian", "url": "https://pokeapi.co/api/v2/pokemon/766/"}, "slot": 1}, {"pokemon": {"name": "hakamo-o", "url": "https://pokeapi.co/api/v2/pokemon/783/"}, "slot": 2}, {"pokemon": {"name": "kommo-o", "url": "https://pokeapi.co/api/v2/pokemon/784/"}, "slot": 2}, {"pokemon": {"name": "buzzwole", "url": "https://pokeapi.co/api/v2/pokemon/794/"}, "slot": 2}, {"pokemon": {"name": "pheromosa", "url": "https://pokeapi.co/api/v2/pokemon/795/"}, "slot": 2}, {"pokemon": {"name": "marshadow", "url": "https://pokeapi.co/api/v2/pokemon/802/"}, "slot": 1}, {"pokemon": {"name": "clobbopus", "url": "https://pokeapi.co/api/v2/pokemon/852/"}, "slot": 1}, {"pokemon": {"name": "grapploct", "url": "https://pokeapi.co/api/v2/pokemon/853/"}, "slot": 1}, {"pokemon": {"name": "sirfetchd", "url": "https://pokeapi.co/api/v2/pokemon/865/"}, "slot": 1}, {"pokemon": {"name": "falinks", "url": "https://pokeapi.co/api/v2/pokemon/870/"}, "slot": 1}, {"pokemon": {"name": "zamazenta", "url": "https://pokeapi.co/api/v2/pokemon/889/"}, "slot": 1}, {"pokemon": {"name": "kubfu", "url": "https://pokeapi.co/api/v2/pokemon/891/"}, "slot": 1}, {"pokemon": {"name": "urshifu-single-strike", "url": "https://pokeapi.co/api/v2/pokemon/892/"}, "slot": 1}, {"pokemon": {"name": "sneasler", "url": "https://pokeapi.co/api/v2/pokemon/903/"}, "slot": 1}, {"pokemon": {"name": "quaquaval", "url": "https://pokeapi.co/api/v2/pokemon/914/"}, "slot": 2}, {"pokemon": {"name": "pawmo", "url": "https://pokeapi.co/api/v2/pokemon/922/"}, "slot": 2}, {"pokemon": {"name": "pawmot", "url": "https://pokeapi.co/api/v2/pokemon/923/"}, "slot": 2}, {"pokemon": {"name": "flamigo", "url": "https://pokeapi.co/api/v2/pokemon/973/"}, "slot": 2}, {"pokemon": {"name": "annihilape", "url": "https://pokeapi.co/api/v2/pokemon/979/"}, "slot": 1}, {"pokemon": {"name": "great-tusk", "url": "https://pokeapi.co/api/v2/pokemon/984/"}, "slot": 2}, {"pokemon": {"name": "slither-wing", "url": "https://pokeapi.co/api/v2/pokemon/988/"}, "slot": 2}, {"pokemon": {"name": "iron-hands", "url": "https://pokeapi.co/api/v2/pokemon/992/"}, "slot": 1}, {"pokemon": {"name": "iron-valiant", "url": "https://pokeapi.co/api/v2/pokemon/1006/"}, "slot": 2}, {"pokemon": {"name": "koraidon", "url": "https://pokeapi.co/api/v2/pokemon/1007/"}, "slot": 1}, {"pokemon": {"name": "okidogi", "url": "https://pokeapi.co/api/v2/pokemon/1014/"}, "slot": 2}, {"pokemon": {"name": "meloetta-pirouette", "url": "https://pokeapi.co/api/v2/pokemon/10018/"}, "slot": 2}, {"pokemon": {"name": "keldeo-resolute", "url": "https://pokeapi.co/api/v2/pokemon/10024/"}, "slot": 2}, {"pokemon": {"name": "mewtwo-mega-x", "url": "https://pokeapi.co/api/v2/pokemon/10043/"}, "slot": 2}, {"pokemon": {"name": "heracross-mega", "url": "https://pokeapi.co/api/v2/pokemon/10047/"}, "slot": 2}, {"pokemon": {"name": "blaziken-mega", "url": "https://pokeapi.co/api/v2/pokemon/10050/"}, "slot": 2}, {"pokemon": {"name": "medicham-mega", "url": "https://pokeapi.co/api/v2/pokemon/10054/"}, "slot": 1}, {"pokemon": {"name": "lucario-mega", "url": "https://pokeapi.co/api/v2/pokemon/10059/"}, "slot": 1}, {"pokemon": {"name": "gallade-mega", "url": "https://pokeapi.co/api/v2/pokemon/10068/"}, "slot": 2}, {"pokemon": {"name": "lopunny-mega", "url": "https://pokeapi.co/api/v2/pokemon/10088/"}, "slot": 2}, {"pokemon": {"name": "kommo-o-totem", "url": "https://pokeapi.co/api/v2/pokemon/10146/"}, "slot": 2}, {"pokemon": {"name": "farfetchd-galar", "url": "https://pokeapi.co/api/v2/pokemon/10166/"}, "slot": 1}, {"pokemon": {"name": "zapdos-galar", "url": "https://pokeapi.co/api/v2/pokemon/10170/"}, "slot": 1}, {"pokemon": {"name": "zamazenta-crowned", "url": "https://pokeapi.co/api/v2/pokemon/10189/"}, "slot": 1}, {"pokemon": {"name": "urshifu-rapid-strike", "url": "https://pokeapi.co/api/v2/pokemon/10191/"}, "slot": 1}, {"pokemon": {"name": "machamp-gmax", "url": "https://pokeapi.co/api/v2/pokemon/10201/"}, "slot": 1}, {"pokemon": {"name": "urshifu-single-strike-gmax", "url": "https://pokeapi.co/api/v2/pokemon/10226/"}, "slot": 1}, {"pokemon": {"name": "urshifu-rapid-strike-gmax", "url": "https://pokeapi.co/api/v2/pokemon/10227/"}, "slot": 1}, {"pokemon": {"name": "sneasel-hisui", "url": "https://pokeapi.co/api/v2/pokemon/10235/"}, "slot": 1}, {"pokemon": {"name": "lilligant-hisui", "url": "https://pokeapi.co/api/v2/pokemon/10237/"}, "slot": 2}, {"pokemon": {"name": "decidueye-hisui", "url": "https://pokeapi.co/api/v2/pokemon/10244/"}, "slot": 2}, {"pokemon": {"name": "tauros-paldea-combat-breed", "url": "https://pokeapi.co/api/v2/pokemon/10250/"}, "slot": 1}, {"pokemon": {"name": "tauros-paldea-blaze-breed", "url": "https://pokeapi.co/api/v2/pokemon/10251/"}, "slot": 1}, {"pokemon": {"name": "tauros-paldea-aqua-breed", "url": "https://pokeapi.co/api/v2/pokemon/10252/"}, "slot": 1}, {"pokemon": {"name": "koraidon-limited-build", "url": "https://pokeapi.co/api/v2/pokemon/10264/"}, "slot": 1}, {"pokemon": {"name": "koraidon-sprinting-build", "url": "https://pokeapi.co/api/v2/pokemon/10265/"}, "slot": 1}, {"pokemon": {"name": "koraidon-swimming-build", "url": "https://pokeapi.co/api/v2/pokemon/10266/"}, "slot": 1}, {"pokemon": {"name": "koraidon-gliding-build", "url": "https://pokeapi.co/api/v2/pokemon/10267/"}, "slot": 1}]}