{"damage_relations": {"double_damage_from": [{"name": "ground", "url": "https://pokeapi.co/api/v2/type/5/"}, {"name": "rock", "url": "https://pokeapi.co/api/v2/type/6/"}, {"name": "water", "url": "https://pokeapi.co/api/v2/type/11/"}], "double_damage_to": [{"name": "bug", "url": "https://pokeapi.co/api/v2/type/7/"}, {"name": "steel", "url": "https://pokeapi.co/api/v2/type/9/"}, {"name": "grass", "url": "https://pokeapi.co/api/v2/type/12/"}, {"name": "ice", "url": "https://pokeapi.co/api/v2/type/15/"}], "half_damage_from": [{"name": "bug", "url": "https://pokeapi.co/api/v2/type/7/"}, {"name": "steel", "url": "https://pokeapi.co/api/v2/type/9/"}, {"name": "fire", "url": "https://pokeapi.co/api/v2/type/10/"}, {"name": "grass", "url": "https://pokeapi.co/api/v2/type/12/"}, {"name": "ice", "url": "https://pokeapi.co/api/v2/type/15/"}, {"name": "fairy", "url": "https://pokeapi.co/api/v2/type/18/"}], "half_damage_to": [{"name": "rock", "url": "https://pokeapi.co/api/v2/type/6/"}, {"name": "fire", "url": "https://pokeapi.co/api/v2/type/10/"}, {"name": "water", "url": "https://pokeapi.co/api/v2/type/11/"}, {"name": "dragon", "url": "https://pokeapi.co/api/v2/type/16/"}], "no_damage_from": [], "no_damage_to": []}, "game_indices": [{"game_index": 20, "generation": {"name": "generation-i", "url": "https://pokeapi.co/api/v2/generation/1/"}}, {"game_index": 20, "generation": {"name": "generation-ii", "url": "https://pokeapi.co/api/v2/generation/2/"}}, {"game_index": 10, "generation": {"name": "generation-iii", "url": "https://pokeapi.co/api/v2/generation/3/"}}, {"game_index": 10, "generation": {"name": "generation-iv", "url": "https://pokeapi.co/api/v2/generation/4/"}}, {"game_index": 9, "generation": {"name": "generation-v", "url": "https://pokeapi.co/api/v2/generation/5/"}}, {"game_index": 9, "generation": {"name": "generation-vi", "url": "https://pokeapi.co/api/v2/generation/6/"}}], "generation": {"name": "generation-i", "url": "https://pokeapi.co/api/v2/generation/1/"}, "id": 10, "move_damage_class": {"name": "special", "url": "https://pokeapi.co/api/v2/move-damage-class/3/"}, "moves": [{"name": "fire-punch", "url": "https://pokeapi.co/api/v2/move/7/"}, {"name": "ember", "url": "https://pokeapi.co/api/v2/move/52/"}, {"name": "flamethrower", "url": "https://pokeapi.co/api/v2/move/53/"}, {"name": "fire-spin", "url": "https://pokeapi.co/api/v2/move/83/"}, {"name": "fire-blast", "url": "https://pokeapi.co/api/v2/move/126/"}, {"name": "flame-wheel", "url": "https://pokeapi.co/api/v2/move/172/"}, {"name": "sacred-fire", "url": "https://pokeapi.co/api/v2/move/221/"}, {"name": "sunny-day", "url": "https://pokeapi.co/api/v2/move/241/"}, {"name": "heat-wave", "url": "https://pokeapi.co/api/v2/move/257/"}, {"name": "will-o-wisp", "url": "https://pokeapi.co/api/v2/move/261/"}, {"name": "eruption", "url": "https://pokeapi.co/api/v2/move/284/"}, {"name": "blaze-kick", "url": "https://pokeapi.co/api/v2/move/299/"}, {"name": "blast-burn", "url": "https://pokeapi.co/api/v2/move/307/"}, {"name": "overheat", "url": "https://pokeapi.co/api/v2/move/315/"}, {"name": "flare-blitz", "url": "https://pokeapi.co/api/v2/move/394/"}, {"name": "fire-fang", "url": "https://pokeapi.co/api/v2/move/424/"}, {"name": "lava-plume", "url": "https://pokeapi.co/api/v2/move/436/"}, {"name": "magma-storm", "url": "https://pokeapi.co/api/v2/move/463/"}, {"name": "flame-burst", "url": "https://pokeapi.co/api/v2/move/481/"}, {"name": "flame-charge", "url": "https://pokeapi.co/api/v2/move/488/"}, {"name": "incinerate", "url": "https://pokeapi.co/api/v2/move/510/"}, {"name": "inferno", "url": "https://pokeapi.co/api/v2/move/517/"}, {"name": "fire-pledge", "url": "https://pokeapi.co/api/v2/move/519/"}, {"name": "heat-crash", "url": "https://pokeapi.co/api/v2/move/535/"}, {"name": "searing-shot", "url": "https://pokeapi.co/api/v2/move/545/"}, {"name": "blue-flare", "url": "https://pokeapi.co/api/v2/move/551/"}, {"name": "fiery-dance", "url": "https://pokeapi.co/api/v2/move/552/"}, {"name": "v-create", "url": "https://pokeapi.co/api/v2/move/557/"}, {"name": "fusion-flare", "url": "https://pokeapi.co/api/v2/move/558/"}, {"name": "mystical-fire", "url": "https://pokeapi.co/api/v2/move/595/"}, {"name": "inferno-overdrive--physical", "url": "https://pokeapi.co/api/v2/move/640/"}, {"name": "inferno-overdrive--special", "url": "https://pokeapi.co/api/v2/move/641/"}, {"name": "fire-lash", "url": "https://pokeapi.co/api/v2/move/680/"}, {"name": "burn-up", "url": "https://pokeapi.co/api/v2/move/682/"}, {"name": "shell-trap", "url": "https://pokeapi.co/api/v2/move/704/"}, {"name": "mind-blown", "url": "https://pokeapi.co/api/v2/move/720/"}, {"name": "sizzly-slide", "url": "https://pokeapi.co/api/v2/move/735/"}, {"name": "max-flare", "url": "https://pokeapi.co/api/v2/move/757/"}, {"name": "pyro-ball", "url": "https://pokeapi.co/api/v2/move/780/"}, {"name": "burning-jealousy", "url": "https://pokeapi.co/api/v2/move/807/"}, {"name": "raging-fury", "url": "https://pokeapi.co/api/v2/move/833/"}, {"name": "torch-song", "url": "https://pokeapi.co/api/v2/move/871/"}, {"name": "armor-cannon", "url": "https://pokeapi.co/api/v2/move/890/"}, {"name": "bitter-blade", "url": "https://pokeapi.co/api/v2/move/891/"}, {"name": "blazing-torque", "url": "https://pokeapi.co/api/v2/move/896/"}, {"name": "burning-bulwark", "url": "https://pokeapi.co/api/v2/move/908/"}, {"name": "temper-flare", "url": "https://pokeapi.co/api/v2/move/915/"}], "name": "fire", "names": [{"language": {"name": "ja-Hrkt", "url": "https://pokeapi.co/api/v2/language/1/"}, "name": "\u307b\u306e\u304a"}, {"language": {"name": "ko", "url": "https://pokeapi.co/api/v2/language/3/"}, "name": "\ubd88\uaf43"}, {"language": {"name": "zh-Hant", "url": "https://pokeapi.co/api/v2/language/4/"}, "name": "\u706b"}, {"language": {"name": "fr", "url": "https://pokeapi.co/api/v2/language/5/"}, "name": "Feu"}, {"language": {"name": "de", "url": "https://pokeapi.co/api/v2/language/6/"}, "name": "Feuer"}, {"language": {"name": "es", "url": "https://pokeapi.co/api/v2/language/7/"}, "name": "Fuego"}, {"language": {"name": "it", "url": "https://pokeapi.co/api/v2/language/8/"}, "name": "Fuoco"}, {"language": {"name": "en", "url": "https://pokeapi.co/api/v2/language/9/"}, "name": "Fire"}, {"language": {"name": "ja", "url": "https://pokeapi.co/api/v2/language/11/"}, "name": "\u307b\u306e\u304a"}, {"language": {"name": "zh-Hans", "url": "https://pokeapi.co/api/v2/language/12/"}, "name": "\u706b"}], "past_damage_relations": [{"damage_relations": {"double_damage_from": [{"name": "ground", "url": "https://pokeapi.co/api/v2/type/5/"}, {"name": "rock", "url": "https://pokeapi.co/api/v2/type/6/"}, {"name": "water", "url": "https://pokeapi.co/api/v2/type/11/"}], "double_damage_to": [{"name": "bug", "url": "https://pokeapi.co/api/v2/type/7/"}, {"name": "grass", "url": "https://pokeapi.co/api/v2/type/12/"}, {"name": "ice", "url": "https://pokeapi.co/api/v2/type/15/"}], "half_damage_from": [{"name": "bug", "url": "https://pokeapi.co/api/v2/type/7/"}, {"name": "fire", "url": "https://pokeapi.co/api/v2/type/10/"}, {"name": "grass", "url": "https://pokeapi.co/api/v2/type/12/"}], "half_damage_to": [{"name": "rock", "url": "https://pokeapi.co/api/v2/type/6/"}, {"name": "fire", "url": "https://pokeapi.co/api/v2/type/10/"}, {"name": "water", "url": "https://pokeapi.co/api/v2/type/11/"}, {"name": "dragon", "url": "https://pokeapi.co/api/v2/type/16/"}], "no_damage_from": [], "no_damage_to": []}, "generation": {"name": "generation-i", "url": "https://pokeapi.co/api/v2/generation/1/"}}], "pokemon": [{"pokemon": {"name": "charmander", "url": "https://pokeapi.co/api/v2/pokemon/4/"}, "slot": 1}, {"pokemon": {"name": "charmeleon", "url": "https://pokeapi.co/api/v2/pokemon/5/"}, "slot": 1}, {"pokemon": {"name": "charizard", "url": "https://pokeapi.co/api/v2/pokemon/6/"}, "slot": 1}, {"pokemon": {"name": "vulpix", "url": "https://pokeapi.co/api/v2/pokemon/37/"}, "slot": 1}, {"pokemon": {"name": "ninetales", "url": "https://pokeapi.co/api/v2/pokemon/38/"}, "slot": 1}, {"pokemon": {"name": "growlithe", "url": "https://pokeapi.co/api/v2/pokemon/58/"}, "slot": 1}, {"pokemon": {"name": "arcanine", "url": "https://pokeapi.co/api/v2/pokemon/59/"}, "slot": 1}, {"pokemon": {"name": "ponyta", "url": "https://pokeapi.co/api/v2/pokemon/77/"}, "slot": 1}, {"pokemon": {"name": "rapidash", "url": "https://pokeapi.co/api/v2/pokemon/78/"}, "slot": 1}, {"pokemon": {"name": "magmar", "url": "https://pokeapi.co/api/v2/pokemon/126/"}, "slot": 1}, {"pokemon": {"name": "flareon", "url": "https://pokeapi.co/api/v2/pokemon/136/"}, "slot": 1}, {"pokemon": {"name": "moltres", "url": "https://pokeapi.co/api/v2/pokemon/146/"}, "slot": 1}, {"pokemon": {"name": "cyndaquil", "url": "https://pokeapi.co/api/v2/pokemon/155/"}, "slot": 1}, {"pokemon": {"name": "quilava", "url": "https://pokeapi.co/api/v2/pokemon/156/"}, "slot": 1}, {"pokemon": {"name": "typhlosion", "url": "https://pokeapi.co/api/v2/pokemon/157/"}, "slot": 1}, {"pokemon": {"name": "slugma", "url": "https://pokeapi.co/api/v2/pokemon/218/"}, "slot": 1}, {"pokemon": {"name": "magcargo", "url": "https://pokeapi.co/api/v2/pokemon/219/"}, "slot": 1}, {"pokemon": {"name": "houndour", "url": "https://pokeapi.co/api/v2/pokemon/228/"}, "slot": 2}, {"pokemon": {"name": "houndoom", "url": "https://pokeapi.co/api/v2/pokemon/229/"}, "slot": 2}, {"pokemon": {"name": "magby", "url": "https://pokeapi.co/api/v2/pokemon/240/"}, "slot": 1}, {"pokemon": {"name": "entei", "url": "https://pokeapi.co/api/v2/pokemon/244/"}, "slot": 1}, {"pokemon": {"name": "ho-oh", "url": "https://pokeapi.co/api/v2/pokemon/250/"}, "slot": 1}, {"pokemon": {"name": "torchic", "url": "https://pokeapi.co/api/v2/pokemon/255/"}, "slot": 1}, {"pokemon": {"name": "combusken", "url": "https://pokeapi.co/api/v2/pokemon/256/"}, "slot": 1}, {"pokemon": {"name": "blaziken", "url": "https://pokeapi.co/api/v2/pokemon/257/"}, "slot": 1}, {"pokemon": {"name": "numel", "url": "https://pokeapi.co/api/v2/pokemon/322/"}, "slot": 1}, {"pokemon": {"name": "camerupt", "url": "https://pokeapi.co/api/v2/pokemon/323/"}, "slot": 1}, {"pokemon": {"name": "torkoal", "url": "https://pokeapi.co/api/v2/pokemon/324/"}, "slot": 1}, {"pokemon": {"name": "chimchar", "url": "https://pokeapi.co/api/v2/pokemon/390/"}, "slot": 1}, {"pokemon": {"name": "monferno", "url": "https://pokeapi.co/api/v2/pokemon/391/"}, "slot": 1}, {"pokemon": {"name": "infernape", "url": "https://pokeapi.co/api/v2/pokemon/392/"}, "slot": 1}, {"pokemon": {"name": "magmortar", "url": "https://pokeapi.co/api/v2/pokemon/467/"}, "slot": 1}, {"pokemon": {"name": "heatran", "url": "https://pokeapi.co/api/v2/pokemon/485/"}, "slot": 1}, {"pokemon": {"name": "victini", "url": "https://pokeapi.co/api/v2/pokemon/494/"}, "slot": 2}, {"pokemon": {"name": "tepig", "url": "https://pokeapi.co/api/v2/pokemon/498/"}, "slot": 1}, {"pokemon": {"name": "pignite", "url": "https://pokeapi.co/api/v2/pokemon/499/"}, "slot": 1}, {"pokemon": {"name": "emboar", "url": "https://pokeapi.co/api/v2/pokemon/500/"}, "slot": 1}, {"pokemon": {"name": "pansear", "url": "https://pokeapi.co/api/v2/pokemon/513/"}, "slot": 1}, {"pokemon": {"name": "simisear", "url": "https://pokeapi.co/api/v2/pokemon/514/"}, "slot": 1}, {"pokemon": {"name": "darumaka", "url": "https://pokeapi.co/api/v2/pokemon/554/"}, "slot": 1}, {"pokemon": {"name": "darmanitan-standard", "url": "https://pokeapi.co/api/v2/pokemon/555/"}, "slot": 1}, {"pokemon": {"name": "litwick", "url": "https://pokeapi.co/api/v2/pokemon/607/"}, "slot": 2}, {"pokemon": {"name": "lampent", "url": "https://pokeapi.co/api/v2/pokemon/608/"}, "slot": 2}, {"pokemon": {"name": "chandelure", "url": "https://pokeapi.co/api/v2/pokemon/609/"}, "slot": 2}, {"pokemon": {"name": "heatmor", "url": "https://pokeapi.co/api/v2/pokemon/631/"}, "slot": 1}, {"pokemon": {"name": "larvesta", "url": "https://pokeapi.co/api/v2/pokemon/636/"}, "slot": 2}, {"pokemon": {"name": "volcarona", "url": "https://pokeapi.co/api/v2/pokemon/637/"}, "slot": 2}, {"pokemon": {"name": "reshiram", "url": "https://pokeapi.co/api/v2/pokemon/643/"}, "slot": 2}, {"pokemon": {"name": "fennekin", "url": "https://pokeapi.co/api/v2/pokemon/653/"}, "slot": 1}, {"pokemon": {"name": "braixen", "url": "https://pokeapi.co/api/v2/pokemon/654/"}, "slot": 1}, {"pokemon": {"name": "delphox", "url": "https://pokeapi.co/api/v2/pokemon/655/"}, "slot": 1}, {"pokemon": {"name": "fletchinder", "url": "https://pokeapi.co/api/v2/pokemon/662/"}, "slot": 1}, {"pokemon": {"name": "talonflame", "url": "https://pokeapi.co/api/v2/pokemon/663/"}, "slot": 1}, {"pokemon": {"name": "litleo", "url": "https://pokeapi.co/api/v2/pokemon/667/"}, "slot": 1}, {"pokemon": {"name": "pyroar", "url": "https://pokeapi.co/api/v2/pokemon/668/"}, "slot": 1}, {"pokemon": {"name": "volcanion", "url": "https://pokeapi.co/api/v2/pokemon/721/"}, "slot": 1}, {"pokemon": {"name": "litten", "url": "https://pokeapi.co/api/v2/pokemon/725/"}, "slot": 1}, {"pokemon": {"name": "torracat", "url": "https://pokeapi.co/api/v2/pokemon/726/"}, "slot": 1}, {"pokemon": {"name": "incineroar", "url": "https://pokeapi.co/api/v2/pokemon/727/"}, "slot": 1}, {"pokemon": {"name": "oricorio-baile", "url": "https://pokeapi.co/api/v2/pokemon/741/"}, "slot": 1}, {"pokemon": {"name": "salandit", "url": "https://pokeapi.co/api/v2/pokemon/757/"}, "slot": 2}, {"pokemon": {"name": "salazzle", "url": "https://pokeapi.co/api/v2/pokemon/758/"}, "slot": 2}, {"pokemon": {"name": "turtonator", "url": "https://pokeapi.co/api/v2/pokemon/776/"}, "slot": 1}, {"pokemon": {"name": "blacephalon", "url": "https://pokeapi.co/api/v2/pokemon/806/"}, "slot": 1}, {"pokemon": {"name": "scorbunny", "url": "https://pokeapi.co/api/v2/pokemon/813/"}, "slot": 1}, {"pokemon": {"name": "raboot", "url": "https://pokeapi.co/api/v2/pokemon/814/"}, "slot": 1}, {"pokemon": {"name": "cinderace", "url": "https://pokeapi.co/api/v2/pokemon/815/"}, "slot": 1}, {"pokemon": {"name": "carkol", "url": "https://pokeapi.co/api/v2/pokemon/838/"}, "slot": 2}, {"pokemon": {"name": "coalossal", "url": "https://pokeapi.co/api/v2/pokemon/839/"}, "slot": 2}, {"pokemon": {"name": "sizzlipede", "url": "https://pokeapi.co/api/v2/pokemon/850/"}, "slot": 1}, {"pokemon": {"name": "centiskorch", "url": "https://pokeapi.co/api/v2/pokemon/851/"}, "slot": 1}, {"pokemon": {"name": "fuecoco", "url": "https://pokeapi.co/api/v2/pokemon/909/"}, "slot": 1}, {"pokemon": {"name": "crocalor", "url": "https://pokeapi.co/api/v2/pokemon/910/"}, "slot": 1}, {"pokemon": {"name": "skeledirge", "url": "https://pokeapi.co/api/v2/pokemon/911/"}, "slot": 1}, {"pokemon": {"name": "charcadet", "url": "https://pokeapi.co/api/v2/pokemon/935/"}, "slot": 1}, {"pokemon": {"name": "armarouge", "url": "https://pokeapi.co/api/v2/pokemon/936/"}, "slot": 1}, {"pokemon": {"name": "ceruledge", "url": "https://pokeapi.co/api/v2/pokemon/937/"}, "slot": 1}, {"pokemon": {"name": "scovillain", "url": "https://pokeapi.co/api/v2/pokemon/952/"}, "slot": 2}, {"pokemon": {"name": "iron-moth", "url": "https://pokeapi.co/api/v2/pokemon/994/"}, "slot": 1}, {"pokemon": {"name": "chi-yu", "url": "https://pokeapi.co/api/v2/pokemon/1004/"}, "slot": 2}, {"pokemon": {"name": "gouging-fire", "url": "https://pokeapi.co/api/v2/pokemon/1020/"}, "slot": 1}, {"pokemon": {"name": "rotom-heat", "url": "https://pokeapi.co/api/v2/pokemon/10008/"}, "slot": 2}, {"pokemon": {"name": "castform-sunny", "url": "https://pokeapi.co/api/v2/pokemon/10013/"}, "slot": 1}, {"pokemon": {"name": "darmanitan-zen", "url": "https://pokeapi.co/api/v2/pokemon/10017/"}, "slot": 1}, {"pokemon": {"name": "charizard-mega-x", "url": "https://pokeapi.co/api/v2/pokemon/10034/"}, "slot": 1}, {"pokemon": {"name": "charizard-mega-y", "url": "https://pokeapi.co/api/v2/pokemon/10035/"}, "slot": 1}, {"pokemon": {"name": "houndoom-mega", "url": "https://pokeapi.co/api/v2/pokemon/10048/"}, "slot": 2}, {"pokemon": {"name": "blaziken-mega", "url": "https://pokeapi.co/api/v2/pokemon/10050/"}, "slot": 1}, {"pokemon": {"name": "groudon-primal", "url": "https://pokeapi.co/api/v2/pokemon/10078/"}, "slot": 2}, {"pokemon": {"name": "camerupt-mega", "url": "https://pokeapi.co/api/v2/pokemon/10087/"}, "slot": 1}, {"pokemon": {"name": "marowak-alola", "url": "https://pokeapi.co/api/v2/pokemon/10115/"}, "slot": 1}, {"pokemon": {"name": "salazzle-totem", "url": "https://pokeapi.co/api/v2/pokemon/10129/"}, "slot": 2}, {"pokemon": {"name": "marowak-totem", "url": "https://pokeapi.co/api/v2/pokemon/10149/"}, "slot": 1}, {"pokemon": {"name": "darmanitan-galar-zen", "url": "https://pokeapi.co/api/v2/pokemon/10178/"}, "slot": 2}, {"pokemon": {"name": "charizard-gmax", "url": "https://pokeapi.co/api/v2/pokemon/10196/"}, "slot": 1}, {"pokemon": {"name": "cinderace-gmax", "url": "https://pokeapi.co/api/v2/pokemon/10210/"}, "slot": 1}, {"pokemon": {"name": "coalossal-gmax", "url": "https://pokeapi.co/api/v2/pokemon/10215/"}, "slot": 2}, {"pokemon": {"name": "centiskorch-gmax", "url": "https://pokeapi.co/api/v2/pokemon/10220/"}, "slot": 1}, {"pokemon": {"name": "growlithe-hisui", "url": "https://pokeapi.co/api/v2/pokemon/10229/"}, "slot": 1}, {"pokemon": {"name": "arcanine-hisui", "url": "https://pokeapi.co/api/v2/pokemon/10230/"}, "slot": 1}, {"pokemon": {"name": "typhlosion-hisui", "url": "https://pokeapi.co/api/v2/pokemon/10233/"}, "slot": 1}, {"pokemon": {"name": "tauros-paldea-blaze-breed", "url": "https://pokeapi.co/api/v2/pokemon/10251/"}, "slot": 2}, {"pokemon": {"name": "ogerpon-hearthflame-mask", "url": "https://pokeapi.co/api/v2/pokemon/10274/"}, "slot": 2}]}