{"damage_relations": {"double_damage_from": [{"name": "rock", "url": "https://pokeapi.co/api/v2/type/6/"}, {"name": "electric", "url": "https://pokeapi.co/api/v2/type/13/"}, {"name": "ice", "url": "https://pokeapi.co/api/v2/type/15/"}], "double_damage_to": [{"name": "fighting", "url": "https://pokeapi.co/api/v2/type/2/"}, {"name": "bug", "url": "https://pokeapi.co/api/v2/type/7/"}, {"name": "grass", "url": "https://pokeapi.co/api/v2/type/12/"}], "half_damage_from": [{"name": "fighting", "url": "https://pokeapi.co/api/v2/type/2/"}, {"name": "bug", "url": "https://pokeapi.co/api/v2/type/7/"}, {"name": "grass", "url": "https://pokeapi.co/api/v2/type/12/"}], "half_damage_to": [{"name": "rock", "url": "https://pokeapi.co/api/v2/type/6/"}, {"name": "steel", "url": "https://pokeapi.co/api/v2/type/9/"}, {"name": "electric", "url": "https://pokeapi.co/api/v2/type/13/"}], "no_damage_from": [{"name": "ground", "url": "https://pokeapi.co/api/v2/type/5/"}], "no_damage_to": []}, "game_indices": [{"game_index": 2, "generation": {"name": "generation-i", "url": "https://pokeapi.co/api/v2/generation/1/"}}, {"game_index": 2, "generation": {"name": "generation-ii", "url": "https://pokeapi.co/api/v2/generation/2/"}}, {"game_index": 2, "generation": {"name": "generation-iii", "url": "https://pokeapi.co/api/v2/generation/3/"}}, {"game_index": 2, "generation": {"name": "generation-iv", "url": "https://pokeapi.co/api/v2/generation/4/"}}, {"game_index": 2, "generation": {"name": "generation-v", "url": "https://pokeapi.co/api/v2/generation/5/"}}, {"game_index": 2, "generation": {"name": "generation-vi", "url": "https://pokeapi.co/api/v2/generation/6/"}}], "generation": {"name": "generation-i", "url": "https://pokeapi.co/api/v2/generation/1/"}, "id": 3, "move_damage_class": {"name": "physical", "url": "https://pokeapi.co/api/v2/move-damage-class/2/"}, "moves": [{"name": "gust", "url": "https://pokeapi.co/api/v2/move/16/"}, {"name": "wing-attack", "url": "https://pokeapi.co/api/v2/move/17/"}, {"name": "fly", "url": "https://pokeapi.co/api/v2/move/19/"}, {"name": "peck", "url": "https://pokeapi.co/api/v2/move/64/"}, {"name": "drill-peck", "url": "https://pokeapi.co/api/v2/move/65/"}, {"name": "mirror-move", "url": "https://pokeapi.co/api/v2/move/119/"}, {"name": "sky-attack", "url": "https://pokeapi.co/api/v2/move/143/"}, {"name": "aeroblast", "url": "https://pokeapi.co/api/v2/move/177/"}, {"name": "feather-dance", "url": "https://pokeapi.co/api/v2/move/297/"}, {"name": "air-cutter", "url": "https://pokeapi.co/api/v2/move/314/"}, {"name": "aerial-ace", "url": "https://pokeapi.co/api/v2/move/332/"}, {"name": "bounce", "url": "https://pokeapi.co/api/v2/move/340/"}, {"name": "roost", "url": "https://pokeapi.co/api/v2/move/355/"}, {"name": "pluck", "url": "https://pokeapi.co/api/v2/move/365/"}, {"name": "tailwind", "url": "https://pokeapi.co/api/v2/move/366/"}, {"name": "air-slash", "url": "https://pokeapi.co/api/v2/move/403/"}, {"name": "brave-bird", "url": "https://pokeapi.co/api/v2/move/413/"}, {"name": "defog", "url": "https://pokeapi.co/api/v2/move/432/"}, {"name": "chatter", "url": "https://pokeapi.co/api/v2/move/448/"}, {"name": "sky-drop", "url": "https://pokeapi.co/api/v2/move/507/"}, {"name": "acrobatics", "url": "https://pokeapi.co/api/v2/move/512/"}, {"name": "hurricane", "url": "https://pokeapi.co/api/v2/move/542/"}, {"name": "oblivion-wing", "url": "https://pokeapi.co/api/v2/move/613/"}, {"name": "dragon-ascent", "url": "https://pokeapi.co/api/v2/move/620/"}, {"name": "supersonic-skystrike--physical", "url": "https://pokeapi.co/api/v2/move/626/"}, {"name": "supersonic-skystrike--special", "url": "https://pokeapi.co/api/v2/move/627/"}, {"name": "beak-blast", "url": "https://pokeapi.co/api/v2/move/690/"}, {"name": "floaty-fall", "url": "https://pokeapi.co/api/v2/move/731/"}, {"name": "max-airstream", "url": "https://pokeapi.co/api/v2/move/766/"}, {"name": "dual-wingbeat", "url": "https://pokeapi.co/api/v2/move/814/"}, {"name": "bleakwind-storm", "url": "https://pokeapi.co/api/v2/move/846/"}], "name": "flying", "names": [{"language": {"name": "ja-Hrkt", "url": "https://pokeapi.co/api/v2/language/1/"}, "name": "\u3072\u3053\u3046"}, {"language": {"name": "ko", "url": "https://pokeapi.co/api/v2/language/3/"}, "name": "\ube44\ud589"}, {"language": {"name": "zh-Hant", "url": "https://pokeapi.co/api/v2/language/4/"}, "name": "\u98db\u884c"}, {"language": {"name": "fr", "url": "https://pokeapi.co/api/v2/language/5/"}, "name": "Vol"}, {"language": {"name": "de", "url": "https://pokeapi.co/api/v2/language/6/"}, "name": "Flug"}, {"language": {"name": "es", "url": "https://pokeapi.co/api/v2/language/7/"}, "name": "Volador"}, {"language": {"name": "it", "url": "https://pokeapi.co/api/v2/language/8/"}, "name": "Volante"}, {"language": {"name": "en", "url": "https://pokeapi.co/api/v2/language/9/"}, "name": "Flying"}, {"language": {"name": "ja", "url": "https://pokeapi.co/api/v2/language/11/"}, "name": "\u3072\u3053\u3046"}, {"language": {"name": "zh-Hans", "url": "https://pokeapi.co/api/v2/language/12/"}, "name": "\u98de\u884c"}], "past_damage_relations": [], "pokemon": [{"pokemon": {"name": "charizard", "url": "https://pokeapi.co/api/v2/pokemon/6/"}, "slot": 2}, {"pokemon": {"name": "butterfree", "url": "https://pokeapi.co/api/v2/pokemon/12/"}, "slot": 2}, {"pokemon": {"name": "pidgey", "url": "https://pokeapi.co/api/v2/pokemon/16/"}, "slot": 2}, {"pokemon": {"name": "pidgeotto", "url": "https://pokeapi.co/api/v2/pokemon/17/"}, "slot": 2}, {"pokemon": {"name": "pidgeot", "url": "https://pokeapi.co/api/v2/pokemon/18/"}, "slot": 2}, {"pokemon": {"name": "spearow", "url": "https://pokeapi.co/api/v2/pokemon/21/"}, "slot": 2}, {"pokemon": {"name": "fearow", "url": "https://pokeapi.co/api/v2/pokemon/22/"}, "slot": 2}, {"pokemon": {"name": "zubat", "url": "https://pokeapi.co/api/v2/pokemon/41/"}, "slot": 2}, {"pokemon": {"name": "golbat", "url": "https://pokeapi.co/api/v2/pokemon/42/"}, "slot": 2}, {"pokemon": {"name": "farfetchd", "url": "https://pokeapi.co/api/v2/pokemon/83/"}, "slot": 2}, {"pokemon": {"name": "doduo", "url": "https://pokeapi.co/api/v2/pokemon/84/"}, "slot": 2}, {"pokemon": {"name": "dodrio", "url": "https://pokeapi.co/api/v2/pokemon/85/"}, "slot": 2}, {"pokemon": {"name": "scyther", "url": "https://pokeapi.co/api/v2/pokemon/123/"}, "slot": 2}, {"pokemon": {"name": "gyarados", "url": "https://pokeapi.co/api/v2/pokemon/130/"}, "slot": 2}, {"pokemon": {"name": "aerodactyl", "url": "https://pokeapi.co/api/v2/pokemon/142/"}, "slot": 2}, {"pokemon": {"name": "articuno", "url": "https://pokeapi.co/api/v2/pokemon/144/"}, "slot": 2}, {"pokemon": {"name": "zapdos", "url": "https://pokeapi.co/api/v2/pokemon/145/"}, "slot": 2}, {"pokemon": {"name": "moltres", "url": "https://pokeapi.co/api/v2/pokemon/146/"}, "slot": 2}, {"pokemon": {"name": "dragonite", "url": "https://pokeapi.co/api/v2/pokemon/149/"}, "slot": 2}, {"pokemon": {"name": "hoothoot", "url": "https://pokeapi.co/api/v2/pokemon/163/"}, "slot": 2}, {"pokemon": {"name": "noctowl", "url": "https://pokeapi.co/api/v2/pokemon/164/"}, "slot": 2}, {"pokemon": {"name": "ledyba", "url": "https://pokeapi.co/api/v2/pokemon/165/"}, "slot": 2}, {"pokemon": {"name": "ledian", "url": "https://pokeapi.co/api/v2/pokemon/166/"}, "slot": 2}, {"pokemon": {"name": "crobat", "url": "https://pokeapi.co/api/v2/pokemon/169/"}, "slot": 2}, {"pokemon": {"name": "togetic", "url": "https://pokeapi.co/api/v2/pokemon/176/"}, "slot": 2}, {"pokemon": {"name": "natu", "url": "https://pokeapi.co/api/v2/pokemon/177/"}, "slot": 2}, {"pokemon": {"name": "xatu", "url": "https://pokeapi.co/api/v2/pokemon/178/"}, "slot": 2}, {"pokemon": {"name": "hoppip", "url": "https://pokeapi.co/api/v2/pokemon/187/"}, "slot": 2}, {"pokemon": {"name": "skiploom", "url": "https://pokeapi.co/api/v2/pokemon/188/"}, "slot": 2}, {"pokemon": {"name": "jumpluff", "url": "https://pokeapi.co/api/v2/pokemon/189/"}, "slot": 2}, {"pokemon": {"name": "yanma", "url": "https://pokeapi.co/api/v2/pokemon/193/"}, "slot": 2}, {"pokemon": {"name": "murkrow", "url": "https://pokeapi.co/api/v2/pokemon/198/"}, "slot": 2}, {"pokemon": {"name": "gligar", "url": "https://pokeapi.co/api/v2/pokemon/207/"}, "slot": 2}, {"pokemon": {"name": "delibird", "url": "https://pokeapi.co/api/v2/pokemon/225/"}, "slot": 2}, {"pokemon": {"name": "mantine", "url": "https://pokeapi.co/api/v2/pokemon/226/"}, "slot": 2}, {"pokemon": {"name": "skarmory", "url": "https://pokeapi.co/api/v2/pokemon/227/"}, "slot": 2}, {"pokemon": {"name": "lugia", "url": "https://pokeapi.co/api/v2/pokemon/249/"}, "slot": 2}, {"pokemon": {"name": "ho-oh", "url": "https://pokeapi.co/api/v2/pokemon/250/"}, "slot": 2}, {"pokemon": {"name": "beautifly", "url": "https://pokeapi.co/api/v2/pokemon/267/"}, "slot": 2}, {"pokemon": {"name": "taillow", "url": "https://pokeapi.co/api/v2/pokemon/276/"}, "slot": 2}, {"pokemon": {"name": "swellow", "url": "https://pokeapi.co/api/v2/pokemon/277/"}, "slot": 2}, {"pokemon": {"name": "wingull", "url": "https://pokeapi.co/api/v2/pokemon/278/"}, "slot": 2}, {"pokemon": {"name": "pelipper", "url": "https://pokeapi.co/api/v2/pokemon/279/"}, "slot": 2}, {"pokemon": {"name": "masquerain", "url": "https://pokeapi.co/api/v2/pokemon/284/"}, "slot": 2}, {"pokemon": {"name": "ninjask", "url": "https://pokeapi.co/api/v2/pokemon/291/"}, "slot": 2}, {"pokemon": {"name": "swablu", "url": "https://pokeapi.co/api/v2/pokemon/333/"}, "slot": 2}, {"pokemon": {"name": "altaria", "url": "https://pokeapi.co/api/v2/pokemon/334/"}, "slot": 2}, {"pokemon": {"name": "tropius", "url": "https://pokeapi.co/api/v2/pokemon/357/"}, "slot": 2}, {"pokemon": {"name": "salamence", "url": "https://pokeapi.co/api/v2/pokemon/373/"}, "slot": 2}, {"pokemon": {"name": "rayquaza", "url": "https://pokeapi.co/api/v2/pokemon/384/"}, "slot": 2}, {"pokemon": {"name": "starly", "url": "https://pokeapi.co/api/v2/pokemon/396/"}, "slot": 2}, {"pokemon": {"name": "staravia", "url": "https://pokeapi.co/api/v2/pokemon/397/"}, "slot": 2}, {"pokemon": {"name": "staraptor", "url": "https://pokeapi.co/api/v2/pokemon/398/"}, "slot": 2}, {"pokemon": {"name": "mothim", "url": "https://pokeapi.co/api/v2/pokemon/414/"}, "slot": 2}, {"pokemon": {"name": "combee", "url": "https://pokeapi.co/api/v2/pokemon/415/"}, "slot": 2}, {"pokemon": {"name": "vespiquen", "url": "https://pokeapi.co/api/v2/pokemon/416/"}, "slot": 2}, {"pokemon": {"name": "drifloon", "url": "https://pokeapi.co/api/v2/pokemon/425/"}, "slot": 2}, {"pokemon": {"name": "drifblim", "url": "https://pokeapi.co/api/v2/pokemon/426/"}, "slot": 2}, {"pokemon": {"name": "honchkrow", "url": "https://pokeapi.co/api/v2/pokemon/430/"}, "slot": 2}, {"pokemon": {"name": "chatot", "url": "https://pokeapi.co/api/v2/pokemon/441/"}, "slot": 2}, {"pokemon": {"name": "mantyke", "url": "https://pokeapi.co/api/v2/pokemon/458/"}, "slot": 2}, {"pokemon": {"name": "togekiss", "url": "https://pokeapi.co/api/v2/pokemon/468/"}, "slot": 2}, {"pokemon": {"name": "yanmega", "url": "https://pokeapi.co/api/v2/pokemon/469/"}, "slot": 2}, {"pokemon": {"name": "gliscor", "url": "https://pokeapi.co/api/v2/pokemon/472/"}, "slot": 2}, {"pokemon": {"name": "pidove", "url": "https://pokeapi.co/api/v2/pokemon/519/"}, "slot": 2}, {"pokemon": {"name": "tranquill", "url": "https://pokeapi.co/api/v2/pokemon/520/"}, "slot": 2}, {"pokemon": {"name": "unfezant", "url": "https://pokeapi.co/api/v2/pokemon/521/"}, "slot": 2}, {"pokemon": {"name": "woobat", "url": "https://pokeapi.co/api/v2/pokemon/527/"}, "slot": 2}, {"pokemon": {"name": "swoobat", "url": "https://pokeapi.co/api/v2/pokemon/528/"}, "slot": 2}, {"pokemon": {"name": "sigilyph", "url": "https://pokeapi.co/api/v2/pokemon/561/"}, "slot": 2}, {"pokemon": {"name": "archen", "url": "https://pokeapi.co/api/v2/pokemon/566/"}, "slot": 2}, {"pokemon": {"name": "archeops", "url": "https://pokeapi.co/api/v2/pokemon/567/"}, "slot": 2}, {"pokemon": {"name": "ducklett", "url": "https://pokeapi.co/api/v2/pokemon/580/"}, "slot": 2}, {"pokemon": {"name": "swanna", "url": "https://pokeapi.co/api/v2/pokemon/581/"}, "slot": 2}, {"pokemon": {"name": "emolga", "url": "https://pokeapi.co/api/v2/pokemon/587/"}, "slot": 2}, {"pokemon": {"name": "rufflet", "url": "https://pokeapi.co/api/v2/pokemon/627/"}, "slot": 2}, {"pokemon": {"name": "braviary", "url": "https://pokeapi.co/api/v2/pokemon/628/"}, "slot": 2}, {"pokemon": {"name": "vullaby", "url": "https://pokeapi.co/api/v2/pokemon/629/"}, "slot": 2}, {"pokemon": {"name": "mandibuzz", "url": "https://pokeapi.co/api/v2/pokemon/630/"}, "slot": 2}, {"pokemon": {"name": "tornadus-incarnate", "url": "https://pokeapi.co/api/v2/pokemon/641/"}, "slot": 1}, {"pokemon": {"name": "thundurus-incarnate", "url": "https://pokeapi.co/api/v2/pokemon/642/"}, "slot": 2}, {"pokemon": {"name": "landorus-incarnate", "url": "https://pokeapi.co/api/v2/pokemon/645/"}, "slot": 2}, {"pokemon": {"name": "fletchling", "url": "https://pokeapi.co/api/v2/pokemon/661/"}, "slot": 2}, {"pokemon": {"name": "fletchinder", "url": "https://pokeapi.co/api/v2/pokemon/662/"}, "slot": 2}, {"pokemon": {"name": "talonflame", "url": "https://pokeapi.co/api/v2/pokemon/663/"}, "slot": 2}, {"pokemon": {"name": "vivillon", "url": "https://pokeapi.co/api/v2/pokemon/666/"}, "slot": 2}, {"pokemon": {"name": "hawlucha", "url": "https://pokeapi.co/api/v2/pokemon/701/"}, "slot": 2}, {"pokemon": {"name": "noibat", "url": "https://pokeapi.co/api/v2/pokemon/714/"}, "slot": 1}, {"pokemon": {"name": "noivern", "url": "https://pokeapi.co/api/v2/pokemon/715/"}, "slot": 1}, {"pokemon": {"name": "yveltal", "url": "https://pokeapi.co/api/v2/pokemon/717/"}, "slot": 2}, {"pokemon": {"name": "rowlet", "url": "https://pokeapi.co/api/v2/pokemon/722/"}, "slot": 2}, {"pokemon": {"name": "dartrix", "url": "https://pokeapi.co/api/v2/pokemon/723/"}, "slot": 2}, {"pokemon": {"name": "pikipek", "url": "https://pokeapi.co/api/v2/pokemon/731/"}, "slot": 2}, {"pokemon": {"name": "trumbeak", "url": "https://pokeapi.co/api/v2/pokemon/732/"}, "slot": 2}, {"pokemon": {"name": "toucannon", "url": "https://pokeapi.co/api/v2/pokemon/733/"}, "slot": 2}, {"pokemon": {"name": "oricorio-baile", "url": "https://pokeapi.co/api/v2/pokemon/741/"}, "slot": 2}, {"pokemon": {"name": "minior-red-meteor", "url": "https://pokeapi.co/api/v2/pokemon/774/"}, "slot": 2}, {"pokemon": {"name": "celesteela", "url": "https://pokeapi.co/api/v2/pokemon/797/"}, "slot": 2}, {"pokemon": {"name": "rookidee", "url": "https://pokeapi.co/api/v2/pokemon/821/"}, "slot": 1}, {"pokemon": {"name": "corvisquire", "url": "https://pokeapi.co/api/v2/pokemon/822/"}, "slot": 1}, {"pokemon": {"name": "corviknight", "url": "https://pokeapi.co/api/v2/pokemon/823/"}, "slot": 1}, {"pokemon": {"name": "cramorant", "url": "https://pokeapi.co/api/v2/pokemon/845/"}, "slot": 1}, {"pokemon": {"name": "enamorus-incarnate", "url": "https://pokeapi.co/api/v2/pokemon/905/"}, "slot": 2}, {"pokemon": {"name": "squawkabilly", "url": "https://pokeapi.co/api/v2/pokemon/931/"}, "slot": 2}, {"pokemon": {"name": "wattrel", "url": "https://pokeapi.co/api/v2/pokemon/940/"}, "slot": 2}, {"pokemon": {"name": "kilowattrel", "url": "https://pokeapi.co/api/v2/pokemon/941/"}, "slot": 2}, {"pokemon": {"name": "bombirdier", "url": "https://pokeapi.co/api/v2/pokemon/962/"}, "slot": 1}, {"pokemon": {"name": "flamigo", "url": "https://pokeapi.co/api/v2/pokemon/973/"}, "slot": 1}, {"pokemon": {"name": "iron-jugulis", "url": "https://pokeapi.co/api/v2/pokemon/993/"}, "slot": 2}, {"pokemon": {"name": "shaymin-sky", "url": "https://pokeapi.co/api/v2/pokemon/10006/"}, "slot": 2}, {"pokemon": {"name": "rotom-fan", "url": "https://pokeapi.co/api/v2/pokemon/10011/"}, "slot": 2}, {"pokemon": {"name": "tornadus-therian", "url": "https://pokeapi.co/api/v2/pokemon/10019/"}, "slot": 1}, {"pokemon": {"name": "thundurus-therian", "url": "https://pokeapi.co/api/v2/pokemon/10020/"}, "slot": 2}, {"pokemon": {"name": "landorus-therian", "url": "https://pokeapi.co/api/v2/pokemon/10021/"}, "slot": 2}, {"pokemon": {"name": "charizard-mega-y", "url": "https://pokeapi.co/api/v2/pokemon/10035/"}, "slot": 2}, {"pokemon": {"name": "pinsir-mega", "url": "https://pokeapi.co/api/v2/pokemon/10040/"}, "slot": 2}, {"pokemon": {"name": "aerodactyl-mega", "url": "https://pokeapi.co/api/v2/pokemon/10042/"}, "slot": 2}, {"pokemon": {"name": "pidgeot-mega", "url": "https://pokeapi.co/api/v2/pokemon/10073/"}, "slot": 2}, {"pokemon": {"name": "rayquaza-mega", "url": "https://pokeapi.co/api/v2/pokemon/10079/"}, "slot": 2}, {"pokemon": {"name": "salamence-mega", "url": "https://pokeapi.co/api/v2/pokemon/10089/"}, "slot": 2}, {"pokemon": {"name": "oricorio-pom-pom", "url": "https://pokeapi.co/api/v2/pokemon/10123/"}, "slot": 2}, {"pokemon": {"name": "oricorio-pau", "url": "https://pokeapi.co/api/v2/pokemon/10124/"}, "slot": 2}, {"pokemon": {"name": "oricorio-sensu", "url": "https://pokeapi.co/api/v2/pokemon/10125/"}, "slot": 2}, {"pokemon": {"name": "minior-orange-meteor", "url": "https://pokeapi.co/api/v2/pokemon/10130/"}, "slot": 2}, {"pokemon": {"name": "minior-yellow-meteor", "url": "https://pokeapi.co/api/v2/pokemon/10131/"}, "slot": 2}, {"pokemon": {"name": "minior-green-meteor", "url": "https://pokeapi.co/api/v2/pokemon/10132/"}, "slot": 2}, {"pokemon": {"name": "minior-blue-meteor", "url": "https://pokeapi.co/api/v2/pokemon/10133/"}, "slot": 2}, {"pokemon": {"name": "minior-indigo-meteor", "url": "https://pokeapi.co/api/v2/pokemon/10134/"}, "slot": 2}, {"pokemon": {"name": "minior-violet-meteor", "url": "https://pokeapi.co/api/v2/pokemon/10135/"}, "slot": 2}, {"pokemon": {"name": "minior-red", "url": "https://pokeapi.co/api/v2/pokemon/10136/"}, "slot": 2}, {"pokemon": {"name": "minior-orange", "url": "https://pokeapi.co/api/v2/pokemon/10137/"}, "slot": 2}, {"pokemon": {"name": "minior-yellow", "url": "https://pokeapi.co/api/v2/pokemon/10138/"}, "slot": 2}, {"pokemon": {"name": "minior-green", "url": "https://pokeapi.co/api/v2/pokemon/10139/"}, "slot": 2}, {"pokemon": {"name": "minior-blue", "url": "https://pokeapi.co/api/v2/pokemon/10140/"}, "slot": 2}, {"pokemon": {"name": "minior-indigo", "url": "https://pokeapi.co/api/v2/pokemon/10141/"}, "slot": 2}, {"pokemon": {"name": "minior-violet", "url": "https://pokeapi.co/api/v2/pokemon/10142/"}, "slot": 2}, {"pokemon": {"name": "articuno-galar", "url": "https://pokeapi.co/api/v2/pokemon/10169/"}, "slot": 2}, {"pokemon": {"name": "zapdos-galar", "url": "https://pokeapi.co/api/v2/pokemon/10170/"}, "slot": 2}, {"pokemon": {"name": "moltres-galar", "url": "https://pokeapi.co/api/v2/pokemon/10171/"}, "slot": 2}, {"pokemon": {"name": "cramorant-gulping", "url": "https://pokeapi.co/api/v2/pokemon/10182/"}, "slot": 1}, {"pokemon": {"name": "cramorant-gorging", "url": "https://pokeapi.co/api/v2/pokemon/10183/"}, "slot": 1}, {"pokemon": {"name": "charizard-gmax", "url": "https://pokeapi.co/api/v2/pokemon/10196/"}, "slot": 2}, {"pokemon": {"name": "butterfree-gmax", "url": "https://pokeapi.co/api/v2/pokemon/10198/"}, "slot": 2}, {"pokemon": {"name": "corviknight-gmax", "url": "https://pokeapi.co/api/v2/pokemon/10212/"}, "slot": 1}, {"pokemon": {"name": "braviary-hisui", "url": "https://pokeapi.co/api/v2/pokemon/10240/"}, "slot": 2}, {"pokemon": {"name": "enamorus-therian", "url": "https://pokeapi.co/api/v2/pokemon/10249/"}, "slot": 2}, {"pokemon": {"name": "squawkabilly-blue-plumage", "url": "https://pokeapi.co/api/v2/pokemon/10260/"}, "slot": 2}, {"pokemon": {"name": "squawkabilly-yellow-plumage", "url": "https://pokeapi.co/api/v2/pokemon/10261/"}, "slot": 2}, {"pokemon": {"name": "squawkabilly-white-plumage", "url": "https://pokeapi.co/api/v2/pokemon/10262/"}, "slot": 2}]}