{"damage_relations": {"double_damage_from": [{"name": "ghost", "url": "https://pokeapi.co/api/v2/type/8/"}, {"name": "dark", "url": "https://pokeapi.co/api/v2/type/17/"}], "double_damage_to": [{"name": "ghost", "url": "https://pokeapi.co/api/v2/type/8/"}, {"name": "psychic", "url": "https://pokeapi.co/api/v2/type/14/"}], "half_damage_from": [{"name": "poison", "url": "https://pokeapi.co/api/v2/type/4/"}, {"name": "bug", "url": "https://pokeapi.co/api/v2/type/7/"}], "half_damage_to": [{"name": "dark", "url": "https://pokeapi.co/api/v2/type/17/"}], "no_damage_from": [{"name": "normal", "url": "https://pokeapi.co/api/v2/type/1/"}, {"name": "fighting", "url": "https://pokeapi.co/api/v2/type/2/"}], "no_damage_to": [{"name": "normal", "url": "https://pokeapi.co/api/v2/type/1/"}]}, "game_indices": [{"game_index": 8, "generation": {"name": "generation-i", "url": "https://pokeapi.co/api/v2/generation/1/"}}, {"game_index": 8, "generation": {"name": "generation-ii", "url": "https://pokeapi.co/api/v2/generation/2/"}}, {"game_index": 7, "generation": {"name": "generation-iii", "url": "https://pokeapi.co/api/v2/generation/3/"}}, {"game_index": 7, "generation": {"name": "generation-iv", "url": "https://pokeapi.co/api/v2/generation/4/"}}, {"game_index": 7, "generation": {"name": "generation-v", "url": "https://pokeapi.co/api/v2/generation/5/"}}, {"game_index": 7, "generation": {"name": "generation-vi", "url": "https://pokeapi.co/api/v2/generation/6/"}}], "generation": {"name": "generation-i", "url": "https://pokeapi.co/api/v2/generation/1/"}, "id": 8, "move_damage_class": {"name": "physical", "url": "https://pokeapi.co/api/v2/move-damage-class/2/"}, "moves": [{"name": "night-shade", "url": "https://pokeapi.co/api/v2/move/101/"}, {"name": "confuse-ray", "url": "https://pokeapi.co/api/v2/move/109/"}, {"name": "lick", "url": "https://pokeapi.co/api/v2/move/122/"}, {"name": "nightmare", "url": "https://pokeapi.co/api/v2/move/171/"}, {"name": "curse", "url": "https://pokeapi.co/api/v2/move/174/"}, {"name": "spite", "url": "https://pokeapi.co/api/v2/move/180/"}, {"name": "destiny-bond", "url": "https://pokeapi.co/api/v2/move/194/"}, {"name": "shadow-ball", "url": "https://pokeapi.co/api/v2/move/247/"}, {"name": "grudge", "url": "https://pokeapi.co/api/v2/move/288/"}, {"name": "astonish", "url": "https://pokeapi.co/api/v2/move/310/"}, {"name": "shadow-punch", "url": "https://pokeapi.co/api/v2/move/325/"}, {"name": "shadow-claw", "url": "https://pokeapi.co/api/v2/move/421/"}, {"name": "shadow-sneak", "url": "https://pokeapi.co/api/v2/move/425/"}, {"name": "ominous-wind", "url": "https://pokeapi.co/api/v2/move/466/"}, {"name": "shadow-force", "url": "https://pokeapi.co/api/v2/move/467/"}, {"name": "hex", "url": "https://pokeapi.co/api/v2/move/506/"}, {"name": "phantom-force", "url": "https://pokeapi.co/api/v2/move/566/"}, {"name": "trick-or-treat", "url": "https://pokeapi.co/api/v2/move/567/"}, {"name": "never-ending-nightmare--physical", "url": "https://pokeapi.co/api/v2/move/636/"}, {"name": "never-ending-nightmare--special", "url": "https://pokeapi.co/api/v2/move/637/"}, {"name": "spirit-shackle", "url": "https://pokeapi.co/api/v2/move/662/"}, {"name": "sinister-arrow-raid", "url": "https://pokeapi.co/api/v2/move/695/"}, {"name": "soul-stealing-7-star-strike", "url": "https://pokeapi.co/api/v2/move/699/"}, {"name": "shadow-bone", "url": "https://pokeapi.co/api/v2/move/708/"}, {"name": "spectral-thief", "url": "https://pokeapi.co/api/v2/move/712/"}, {"name": "moongeist-beam", "url": "https://pokeapi.co/api/v2/move/714/"}, {"name": "menacing-moonraze-maelstrom", "url": "https://pokeapi.co/api/v2/move/725/"}, {"name": "max-phantasm", "url": "https://pokeapi.co/api/v2/move/762/"}, {"name": "poltergeist", "url": "https://pokeapi.co/api/v2/move/809/"}, {"name": "astral-barrage", "url": "https://pokeapi.co/api/v2/move/825/"}, {"name": "bitter-malice", "url": "https://pokeapi.co/api/v2/move/841/"}, {"name": "infernal-parade", "url": "https://pokeapi.co/api/v2/move/844/"}, {"name": "last-respects", "url": "https://pokeapi.co/api/v2/move/854/"}, {"name": "rage-fist", "url": "https://pokeapi.co/api/v2/move/889/"}], "name": "ghost", "names": [{"language": {"name": "ja-Hrkt", "url": "https://pokeapi.co/api/v2/language/1/"}, "name": "\u30b4\u30fc\u30b9\u30c8"}, {"language": {"name": "ko", "url": "https://pokeapi.co/api/v2/language/3/"}, "name": "\uace0\uc2a4\ud2b8"}, {"language": {"name": "zh-Hant", "url": "https://pokeapi.co/api/v2/language/4/"}, "name": "\u5e7d\u9748"}, {"language": {"name": "fr", "url": "https://pokeapi.co/api/v2/language/5/"}, "name": "Spectre"}, {"language": {"name": "de", "url": "https://pokeapi.co/api/v2/language/6/"}, "name": "Geist"}, {"language": {"name": "es", "url": "https://pokeapi.co/api/v2/language/7/"}, "name": "Fantasma"}, {"language": {"name": "it", "url": "https://pokeapi.co/api/v2/language/8/"}, "name": "Spettro"}, {"language": {"name": "en", "url": "https://pokeapi.co/api/v2/language/9/"}, "name": "Ghost"}, {"language": {"name": "ja", "url": "https://pokeapi.co/api/v2/language/11/"}, "name": "\u30b4\u30fc\u30b9\u30c8"}, {"language": {"name": "zh-Hans", "url": "https://pokeapi.co/api/v2/language/12/"}, "name": "\u5e7d\u7075"}], "past_damage_relations": [{"damage_relations": {"double_damage_from": [{"name": "ghost", "url": "https://pokeapi.co/api/v2/type/8/"}], "double_damage_to": [{"name": "ghost", "url": "https://pokeapi.co/api/v2/type/8/"}], "half_damage_from": [{"name": "poison", "url": "https://pokeapi.co/api/v2/type/4/"}, {"name": "bug", "url": "https://pokeapi.co/api/v2/type/7/"}], "half_damage_to": [], "no_damage_from": [{"name": "normal", "url": "https://pokeapi.co/api/v2/type/1/"}, {"name": "fighting", "url": "https://pokeapi.co/api/v2/type/2/"}], "no_damage_to": [{"name": "normal", "url": "https://pokeapi.co/api/v2/type/1/"}, {"name": "psychic", "url": "https://pokeapi.co/api/v2/type/14/"}]}, "generation": {"name": "generation-i", "url": "https://pokeapi.co/api/v2/generation/1/"}}, {"damage_relations": {"double_damage_from": [{"name": "ghost", "url": "https://pokeapi.co/api/v2/type/8/"}, {"name": "dark", "url": "https://pokeapi.co/api/v2/type/17/"}], "double_damage_to": [{"name": "ghost", "url": "https://pokeapi.co/api/v2/type/8/"}, {"name": "psychic", "url": "https://pokeapi.co/api/v2/type/14/"}], "half_damage_from": [{"name": "poison", "url": "https://pokeapi.co/api/v2/type/4/"}, {"name": "bug", "url": "https://pokeapi.co/api/v2/type/7/"}], "half_damage_to": [{"name": "dark", "url": "https://pokeapi.co/api/v2/type/17/"}, {"name": "steel", "url": "https://pokeapi.co/api/v2/type/9/"}], "no_damage_from": [{"name": "normal", "url": "https://pokeapi.co/api/v2/type/1/"}, {"name": "fighting", "url": "https://pokeapi.co/api/v2/type/2/"}], "no_damage_to": [{"name": "normal", "url": "https://pokeapi.co/api/v2/type/1/"}]}, "generation": {"name": "generation-v", "url": "https://pokeapi.co/api/v2/generation/5/"}}], "pokemon": [{"pokemon": {"name": "gastly", "url": "https://pokeapi.co/api/v2/pokemon/92/"}, "slot": 1}, {"pokemon": {"name": "haunter", "url": "https://pokeapi.co/api/v2/pokemon/93/"}, "slot": 1}, {"pokemon": {"name": "gengar", "url": "https://pokeapi.co/api/v2/pokemon/94/"}, "slot": 1}, {"pokemon": {"name": "misdreavus", "url": "https://pokeapi.co/api/v2/pokemon/200/"}, "slot": 1}, {"pokemon": {"name": "shedinja", "url": "https://pokeapi.co/api/v2/pokemon/292/"}, "slot": 2}, {"pokemon": {"name": "sableye", "url": "https://pokeapi.co/api/v2/pokemon/302/"}, "slot": 2}, {"pokemon": {"name": "shuppet", "url": "https://pokeapi.co/api/v2/pokemon/353/"}, "slot": 1}, {"pokemon": {"name": "banette", "url": "https://pokeapi.co/api/v2/pokemon/354/"}, "slot": 1}, {"pokemon": {"name": "duskull", "url": "https://pokeapi.co/api/v2/pokemon/355/"}, "slot": 1}, {"pokemon": {"name": "dusclops", "url": "https://pokeapi.co/api/v2/pokemon/356/"}, "slot": 1}, {"pokemon": {"name": "drifloon", "url": "https://pokeapi.co/api/v2/pokemon/425/"}, "slot": 1}, {"pokemon": {"name": "drifblim", "url": "https://pokeapi.co/api/v2/pokemon/426/"}, "slot": 1}, {"pokemon": {"name": "mismagius", "url": "https://pokeapi.co/api/v2/pokemon/429/"}, "slot": 1}, {"pokemon": {"name": "spiritomb", "url": "https://pokeapi.co/api/v2/pokemon/442/"}, "slot": 1}, {"pokemon": {"name": "dusknoir", "url": "https://pokeapi.co/api/v2/pokemon/477/"}, "slot": 1}, {"pokemon": {"name": "froslass", "url": "https://pokeapi.co/api/v2/pokemon/478/"}, "slot": 2}, {"pokemon": {"name": "rotom", "url": "https://pokeapi.co/api/v2/pokemon/479/"}, "slot": 2}, {"pokemon": {"name": "giratina-altered", "url": "https://pokeapi.co/api/v2/pokemon/487/"}, "slot": 1}, {"pokemon": {"name": "yamask", "url": "https://pokeapi.co/api/v2/pokemon/562/"}, "slot": 1}, {"pokemon": {"name": "cofagrigus", "url": "https://pokeapi.co/api/v2/pokemon/563/"}, "slot": 1}, {"pokemon": {"name": "frillish", "url": "https://pokeapi.co/api/v2/pokemon/592/"}, "slot": 2}, {"pokemon": {"name": "jellicent", "url": "https://pokeapi.co/api/v2/pokemon/593/"}, "slot": 2}, {"pokemon": {"name": "litwick", "url": "https://pokeapi.co/api/v2/pokemon/607/"}, "slot": 1}, {"pokemon": {"name": "lampent", "url": "https://pokeapi.co/api/v2/pokemon/608/"}, "slot": 1}, {"pokemon": {"name": "chandelure", "url": "https://pokeapi.co/api/v2/pokemon/609/"}, "slot": 1}, {"pokemon": {"name": "golett", "url": "https://pokeapi.co/api/v2/pokemon/622/"}, "slot": 2}, {"pokemon": {"name": "golurk", "url": "https://pokeapi.co/api/v2/pokemon/623/"}, "slot": 2}, {"pokemon": {"name": "honedge", "url": "https://pokeapi.co/api/v2/pokemon/679/"}, "slot": 2}, {"pokemon": {"name": "doublade", "url": "https://pokeapi.co/api/v2/pokemon/680/"}, "slot": 2}, {"pokemon": {"name": "aegislash-shield", "url": "https://pokeapi.co/api/v2/pokemon/681/"}, "slot": 2}, {"pokemon": {"name": "phantump", "url": "https://pokeapi.co/api/v2/pokemon/708/"}, "slot": 1}, {"pokemon": {"name": "trevenant", "url": "https://pokeapi.co/api/v2/pokemon/709/"}, "slot": 1}, {"pokemon": {"name": "pumpkaboo-average", "url": "https://pokeapi.co/api/v2/pokemon/710/"}, "slot": 1}, {"pokemon": {"name": "gourgeist-average", "url": "https://pokeapi.co/api/v2/pokemon/711/"}, "slot": 1}, {"pokemon": {"name": "hoopa", "url": "https://pokeapi.co/api/v2/pokemon/720/"}, "slot": 2}, {"pokemon": {"name": "decidueye", "url": "https://pokeapi.co/api/v2/pokemon/724/"}, "slot": 2}, {"pokemon": {"name": "sandygast", "url": "https://pokeapi.co/api/v2/pokemon/769/"}, "slot": 1}, {"pokemon": {"name": "palossand", "url": "https://pokeapi.co/api/v2/pokemon/770/"}, "slot": 1}, {"pokemon": {"name": "mimikyu-disguised", "url": "https://pokeapi.co/api/v2/pokemon/778/"}, "slot": 1}, {"pokemon": {"name": "dhelmise", "url": "https://pokeapi.co/api/v2/pokemon/781/"}, "slot": 1}, {"pokemon": {"name": "lunala", "url": "https://pokeapi.co/api/v2/pokemon/792/"}, "slot": 2}, {"pokemon": {"name": "marshadow", "url": "https://pokeapi.co/api/v2/pokemon/802/"}, "slot": 2}, {"pokemon": {"name": "blacephalon", "url": "https://pokeapi.co/api/v2/pokemon/806/"}, "slot": 2}, {"pokemon": {"name": "sinistea", "url": "https://pokeapi.co/api/v2/pokemon/854/"}, "slot": 1}, {"pokemon": {"name": "polteageist", "url": "https://pokeapi.co/api/v2/pokemon/855/"}, "slot": 1}, {"pokemon": {"name": "cursola", "url": "https://pokeapi.co/api/v2/pokemon/864/"}, "slot": 1}, {"pokemon": {"name": "runerigus", "url": "https://pokeapi.co/api/v2/pokemon/867/"}, "slot": 2}, {"pokemon": {"name": "dreepy", "url": "https://pokeapi.co/api/v2/pokemon/885/"}, "slot": 2}, {"pokemon": {"name": "drakloak", "url": "https://pokeapi.co/api/v2/pokemon/886/"}, "slot": 2}, {"pokemon": {"name": "dragapult", "url": "https://pokeapi.co/api/v2/pokemon/887/"}, "slot": 2}, {"pokemon": {"name": "spectrier", "url": "https://pokeapi.co/api/v2/pokemon/897/"}, "slot": 1}, {"pokemon": {"name": "basculegion-male", "url": "https://pokeapi.co/api/v2/pokemon/902/"}, "slot": 2}, {"pokemon": {"name": "skeledirge", "url": "https://pokeapi.co/api/v2/pokemon/911/"}, "slot": 2}, {"pokemon": {"name": "ceruledge", "url": "https://pokeapi.co/api/v2/pokemon/937/"}, "slot": 2}, {"pokemon": {"name": "bramblin", "url": "https://pokeapi.co/api/v2/pokemon/946/"}, "slot": 2}, {"pokemon": {"name": "brambleghast", "url": "https://pokeapi.co/api/v2/pokemon/947/"}, "slot": 2}, {"pokemon": {"name": "greavard", "url": "https://pokeapi.co/api/v2/pokemon/971/"}, "slot": 1}, {"pokemon": {"name": "houndstone", "url": "https://pokeapi.co/api/v2/pokemon/972/"}, "slot": 1}, {"pokemon": {"name": "annihilape", "url": "https://pokeapi.co/api/v2/pokemon/979/"}, "slot": 2}, {"pokemon": {"name": "flutter-mane", "url": "https://pokeapi.co/api/v2/pokemon/987/"}, "slot": 1}, {"pokemon": {"name": "gimmighoul", "url": "https://pokeapi.co/api/v2/pokemon/999/"}, "slot": 1}, {"pokemon": {"name": "gholdengo", "url": "https://pokeapi.co/api/v2/pokemon/1000/"}, "slot": 2}, {"pokemon": {"name": "poltchageist", "url": "https://pokeapi.co/api/v2/pokemon/1012/"}, "slot": 2}, {"pokemon": {"name": "sinistcha", "url": "https://pokeapi.co/api/v2/pokemon/1013/"}, "slot": 2}, {"pokemon": {"name": "pecharunt", "url": "https://pokeapi.co/api/v2/pokemon/1025/"}, "slot": 2}, {"pokemon": {"name": "giratina-origin", "url": "https://pokeapi.co/api/v2/pokemon/10007/"}, "slot": 1}, {"pokemon": {"name": "aegislash-blade", "url": "https://pokeapi.co/api/v2/pokemon/10026/"}, "slot": 2}, {"pokemon": {"name": "pumpkaboo-small", "url": "https://pokeapi.co/api/v2/pokemon/10027/"}, "slot": 1}, {"pokemon": {"name": "pumpkaboo-large", "url": "https://pokeapi.co/api/v2/pokemon/10028/"}, "slot": 1}, {"pokemon": {"name": "pumpkaboo-super", "url": "https://pokeapi.co/api/v2/pokemon/10029/"}, "slot": 1}, {"pokemon": {"name": "gourgeist-small", "url": "https://pokeapi.co/api/v2/pokemon/10030/"}, "slot": 1}, {"pokemon": {"name": "gourgeist-large", "url": "https://pokeapi.co/api/v2/pokemon/10031/"}, "slot": 1}, {"pokemon": {"name": "gourgeist-super", "url": "https://pokeapi.co/api/v2/pokemon/10032/"}, "slot": 1}, {"pokemon": {"name": "gengar-mega", "url": "https://pokeapi.co/api/v2/pokemon/10038/"}, "slot": 1}, {"pokemon": {"name": "banette-mega", "url": "https://pokeapi.co/api/v2/pokemon/10056/"}, "slot": 1}, {"pokemon": {"name": "sableye-mega", "url": "https://pokeapi.co/api/v2/pokemon/10066/"}, "slot": 2}, {"pokemon": {"name": "marowak-alola", "url": "https://pokeapi.co/api/v2/pokemon/10115/"}, "slot": 2}, {"pokemon": {"name": "oricorio-sensu", "url": "https://pokeapi.co/api/v2/pokemon/10125/"}, "slot": 1}, {"pokemon": {"name": "mimikyu-busted", "url": "https://pokeapi.co/api/v2/pokemon/10143/"}, "slot": 1}, {"pokemon": {"name": "mimikyu-totem-disguised", "url": "https://pokeapi.co/api/v2/pokemon/10144/"}, "slot": 1}, {"pokemon": {"name": "mimikyu-totem-busted", "url": "https://pokeapi.co/api/v2/pokemon/10145/"}, "slot": 1}, {"pokemon": {"name": "marowak-totem", "url": "https://pokeapi.co/api/v2/pokemon/10149/"}, "slot": 2}, {"pokemon": {"name": "necrozma-dawn", "url": "https://pokeapi.co/api/v2/pokemon/10156/"}, "slot": 2}, {"pokemon": {"name": "corsola-galar", "url": "https://pokeapi.co/api/v2/pokemon/10173/"}, "slot": 1}, {"pokemon": {"name": "yamask-galar", "url": "https://pokeapi.co/api/v2/pokemon/10179/"}, "slot": 2}, {"pokemon": {"name": "calyrex-shadow", "url": "https://pokeapi.co/api/v2/pokemon/10194/"}, "slot": 2}, {"pokemon": {"name": "gengar-gmax", "url": "https://pokeapi.co/api/v2/pokemon/10202/"}, "slot": 1}, {"pokemon": {"name": "typhlosion-hisui", "url": "https://pokeapi.co/api/v2/pokemon/10233/"}, "slot": 2}, {"pokemon": {"name": "zorua-hisui", "url": "https://pokeapi.co/api/v2/pokemon/10238/"}, "slot": 2}, {"pokemon": {"name": "zoroark-hisui", "url": "https://pokeapi.co/api/v2/pokemon/10239/"}, "slot": 2}, {"pokemon": {"name": "basculegion-female", "url": "https://pokeapi.co/api/v2/pokemon/10248/"}, "slot": 2}, {"pokemon": {"name": "gimmighoul-roaming", "url": "https://pokeapi.co/api/v2/pokemon/10263/"}, "slot": 1}]}