{"damage_relations": {"double_damage_from": [{"name": "flying", "url": "https://pokeapi.co/api/v2/type/3/"}, {"name": "poison", "url": "https://pokeapi.co/api/v2/type/4/"}, {"name": "bug", "url": "https://pokeapi.co/api/v2/type/7/"}, {"name": "fire", "url": "https://pokeapi.co/api/v2/type/10/"}, {"name": "ice", "url": "https://pokeapi.co/api/v2/type/15/"}], "double_damage_to": [{"name": "ground", "url": "https://pokeapi.co/api/v2/type/5/"}, {"name": "rock", "url": "https://pokeapi.co/api/v2/type/6/"}, {"name": "water", "url": "https://pokeapi.co/api/v2/type/11/"}], "half_damage_from": [{"name": "ground", "url": "https://pokeapi.co/api/v2/type/5/"}, {"name": "water", "url": "https://pokeapi.co/api/v2/type/11/"}, {"name": "grass", "url": "https://pokeapi.co/api/v2/type/12/"}, {"name": "electric", "url": "https://pokeapi.co/api/v2/type/13/"}], "half_damage_to": [{"name": "flying", "url": "https://pokeapi.co/api/v2/type/3/"}, {"name": "poison", "url": "https://pokeapi.co/api/v2/type/4/"}, {"name": "bug", "url": "https://pokeapi.co/api/v2/type/7/"}, {"name": "steel", "url": "https://pokeapi.co/api/v2/type/9/"}, {"name": "fire", "url": "https://pokeapi.co/api/v2/type/10/"}, {"name": "grass", "url": "https://pokeapi.co/api/v2/type/12/"}, {"name": "dragon", "url": "https://pokeapi.co/api/v2/type/16/"}], "no_damage_from": [], "no_damage_to": []}, "game_indices": [{"game_index": 22, "generation": {"name": "generation-i", "url": "https://pokeapi.co/api/v2/generation/1/"}}, {"game_index": 22, "generation": {"name": "generation-ii", "url": "https://pokeapi.co/api/v2/generation/2/"}}, {"game_index": 12, "generation": {"name": "generation-iii", "url": "https://pokeapi.co/api/v2/generation/3/"}}, {"game_index": 12, "generation": {"name": "generation-iv", "url": "https://pokeapi.co/api/v2/generation/4/"}}, {"game_index": 11, "generation": {"name": "generation-v", "url": "https://pokeapi.co/api/v2/generation/5/"}}, {"game_index": 11, "generation": {"name": "generation-vi", "url": "https://pokeapi.co/api/v2/generation/6/"}}], "generation": {"name": "generation-i", "url": "https://pokeapi.co/api/v2/generation/1/"}, "id": 12, "move_damage_class": {"name": "special", "url": "https://pokeapi.co/api/v2/move-damage-class/3/"}, "moves": [{"name": "vine-whip", "url": "https://pokeapi.co/api/v2/move/22/"}, {"name": "absorb", "url": "https://pokeapi.co/api/v2/move/71/"}, {"name": "mega-drain", "url": "https://pokeapi.co/api/v2/move/72/"}, {"name": "leech-seed", "url": "https://pokeapi.co/api/v2/move/73/"}, {"name": "razor-leaf", "url": "https://pokeapi.co/api/v2/move/75/"}, {"name": "solar-beam", "url": "https://pokeapi.co/api/v2/move/76/"}, {"name": "stun-spore", "url": "https://pokeapi.co/api/v2/move/78/"}, {"name": "sleep-powder", "url": "https://pokeapi.co/api/v2/move/79/"}, {"name": "petal-dance", "url": "https://pokeapi.co/api/v2/move/80/"}, {"name": "spore", "url": "https://pokeapi.co/api/v2/move/147/"}, {"name": "cotton-spore", "url": "https://pokeapi.co/api/v2/move/178/"}, {"name": "giga-drain", "url": "https://pokeapi.co/api/v2/move/202/"}, {"name": "synthesis", "url": "https://pokeapi.co/api/v2/move/235/"}, {"name": "ingrain", "url": "https://pokeapi.co/api/v2/move/275/"}, {"name": "needle-arm", "url": "https://pokeapi.co/api/v2/move/302/"}, {"name": "aromatherapy", "url": "https://pokeapi.co/api/v2/move/312/"}, {"name": "grass-whistle", "url": "https://pokeapi.co/api/v2/move/320/"}, {"name": "bullet-seed", "url": "https://pokeapi.co/api/v2/move/331/"}, {"name": "frenzy-plant", "url": "https://pokeapi.co/api/v2/move/338/"}, {"name": "magical-leaf", "url": "https://pokeapi.co/api/v2/move/345/"}, {"name": "leaf-blade", "url": "https://pokeapi.co/api/v2/move/348/"}, {"name": "worry-seed", "url": "https://pokeapi.co/api/v2/move/388/"}, {"name": "seed-bomb", "url": "https://pokeapi.co/api/v2/move/402/"}, {"name": "energy-ball", "url": "https://pokeapi.co/api/v2/move/412/"}, {"name": "leaf-storm", "url": "https://pokeapi.co/api/v2/move/437/"}, {"name": "power-whip", "url": "https://pokeapi.co/api/v2/move/438/"}, {"name": "grass-knot", "url": "https://pokeapi.co/api/v2/move/447/"}, {"name": "wood-hammer", "url": "https://pokeapi.co/api/v2/move/452/"}, {"name": "seed-flare", "url": "https://pokeapi.co/api/v2/move/465/"}, {"name": "grass-pledge", "url": "https://pokeapi.co/api/v2/move/520/"}, {"name": "horn-leech", "url": "https://pokeapi.co/api/v2/move/532/"}, {"name": "leaf-tornado", "url": "https://pokeapi.co/api/v2/move/536/"}, {"name": "cotton-guard", "url": "https://pokeapi.co/api/v2/move/538/"}, {"name": "forests-curse", "url": "https://pokeapi.co/api/v2/move/571/"}, {"name": "petal-blizzard", "url": "https://pokeapi.co/api/v2/move/572/"}, {"name": "grassy-terrain", "url": "https://pokeapi.co/api/v2/move/580/"}, {"name": "spiky-shield", "url": "https://pokeapi.co/api/v2/move/596/"}, {"name": "bloom-doom--physical", "url": "https://pokeapi.co/api/v2/move/644/"}, {"name": "bloom-doom--special", "url": "https://pokeapi.co/api/v2/move/645/"}, {"name": "strength-sap", "url": "https://pokeapi.co/api/v2/move/668/"}, {"name": "solar-blade", "url": "https://pokeapi.co/api/v2/move/669/"}, {"name": "leafage", "url": "https://pokeapi.co/api/v2/move/670/"}, {"name": "trop-kick", "url": "https://pokeapi.co/api/v2/move/688/"}, {"name": "sappy-seed", "url": "https://pokeapi.co/api/v2/move/738/"}, {"name": "max-overgrowth", "url": "https://pokeapi.co/api/v2/move/773/"}, {"name": "drum-beating", "url": "https://pokeapi.co/api/v2/move/778/"}, {"name": "snap-trap", "url": "https://pokeapi.co/api/v2/move/779/"}, {"name": "branch-poke", "url": "https://pokeapi.co/api/v2/move/785/"}, {"name": "apple-acid", "url": "https://pokeapi.co/api/v2/move/787/"}, {"name": "grav-apple", "url": "https://pokeapi.co/api/v2/move/788/"}, {"name": "grassy-glide", "url": "https://pokeapi.co/api/v2/move/803/"}, {"name": "jungle-healing", "url": "https://pokeapi.co/api/v2/move/816/"}, {"name": "chloroblast", "url": "https://pokeapi.co/api/v2/move/835/"}, {"name": "spicy-extract", "url": "https://pokeapi.co/api/v2/move/858/"}, {"name": "flower-trick", "url": "https://pokeapi.co/api/v2/move/870/"}, {"name": "trailblaze", "url": "https://pokeapi.co/api/v2/move/885/"}, {"name": "matcha-gotcha", "url": "https://pokeapi.co/api/v2/move/902/"}, {"name": "syrup-bomb", "url": "https://pokeapi.co/api/v2/move/903/"}, {"name": "ivy-cudgel", "url": "https://pokeapi.co/api/v2/move/904/"}], "name": "grass", "names": [{"language": {"name": "ja-Hrkt", "url": "https://pokeapi.co/api/v2/language/1/"}, "name": "\u304f\u3055"}, {"language": {"name": "ko", "url": "https://pokeapi.co/api/v2/language/3/"}, "name": "\ud480"}, {"language": {"name": "zh-Hant", "url": "https://pokeapi.co/api/v2/language/4/"}, "name": "\u8349"}, {"language": {"name": "fr", "url": "https://pokeapi.co/api/v2/language/5/"}, "name": "Plante"}, {"language": {"name": "de", "url": "https://pokeapi.co/api/v2/language/6/"}, "name": "Pflanze"}, {"language": {"name": "es", "url": "https://pokeapi.co/api/v2/language/7/"}, "name": "Planta"}, {"language": {"name": "it", "url": "https://pokeapi.co/api/v2/language/8/"}, "name": "Erba"}, {"language": {"name": "en", "url": "https://pokeapi.co/api/v2/language/9/"}, "name": "Grass"}, {"language": {"name": "ja", "url": "https://pokeapi.co/api/v2/language/11/"}, "name": "\u304f\u3055"}, {"language": {"name": "zh-Hans", "url": "https://pokeapi.co/api/v2/language/12/"}, "name": "\u8349"}], "past_damage_relations": [], "pokemon": [{"pokemon": {"name": "bulbasaur", "url": "https://pokeapi.co/api/v2/pokemon/1/"}, "slot": 1}, {"pokemon": {"name": "ivysaur", "url": "https://pokeapi.co/api/v2/pokemon/2/"}, "slot": 1}, {"pokemon": {"name": "venusaur", "url": "https://pokeapi.co/api/v2/pokemon/3/"}, "slot": 1}, {"pokemon": {"name": "oddish", "url": "https://pokeapi.co/api/v2/pokemon/43/"}, "slot": 1}, {"pokemon": {"name": "gloom", "url": "https://pokeapi.co/api/v2/pokemon/44/"}, "slot": 1}, {"pokemon": {"name": "vileplume", "url": "https://pokeapi.co/api/v2/pokemon/45/"}, "slot": 1}, {"pokemon": {"name": "paras", "url": "https://pokeapi.co/api/v2/pokemon/46/"}, "slot": 2}, {"pokemon": {"name": "parasect", "url": "https://pokeapi.co/api/v2/pokemon/47/"}, "slot": 2}, {"pokemon": {"name": "bellsprout", "url": "https://pokeapi.co/api/v2/pokemon/69/"}, "slot": 1}, {"pokemon": {"name": "weepinbell", "url": "https://pokeapi.co/api/v2/pokemon/70/"}, "slot": 1}, {"pokemon": {"name": "victreebel", "url": "https://pokeapi.co/api/v2/pokemon/71/"}, "slot": 1}, {"pokemon": {"name": "exeggcute", "url": "https://pokeapi.co/api/v2/pokemon/102/"}, "slot": 1}, {"pokemon": {"name": "exeggutor", "url": "https://pokeapi.co/api/v2/pokemon/103/"}, "slot": 1}, {"pokemon": {"name": "tangela", "url": "https://pokeapi.co/api/v2/pokemon/114/"}, "slot": 1}, {"pokemon": {"name": "chikorita", "url": "https://pokeapi.co/api/v2/pokemon/152/"}, "slot": 1}, {"pokemon": {"name": "bayleef", "url": "https://pokeapi.co/api/v2/pokemon/153/"}, "slot": 1}, {"pokemon": {"name": "meganium", "url": "https://pokeapi.co/api/v2/pokemon/154/"}, "slot": 1}, {"pokemon": {"name": "bellossom", "url": "https://pokeapi.co/api/v2/pokemon/182/"}, "slot": 1}, {"pokemon": {"name": "hoppip", "url": "https://pokeapi.co/api/v2/pokemon/187/"}, "slot": 1}, {"pokemon": {"name": "skiploom", "url": "https://pokeapi.co/api/v2/pokemon/188/"}, "slot": 1}, {"pokemon": {"name": "jumpluff", "url": "https://pokeapi.co/api/v2/pokemon/189/"}, "slot": 1}, {"pokemon": {"name": "sunkern", "url": "https://pokeapi.co/api/v2/pokemon/191/"}, "slot": 1}, {"pokemon": {"name": "sunflora", "url": "https://pokeapi.co/api/v2/pokemon/192/"}, "slot": 1}, {"pokemon": {"name": "celebi", "url": "https://pokeapi.co/api/v2/pokemon/251/"}, "slot": 2}, {"pokemon": {"name": "treecko", "url": "https://pokeapi.co/api/v2/pokemon/252/"}, "slot": 1}, {"pokemon": {"name": "grovyle", "url": "https://pokeapi.co/api/v2/pokemon/253/"}, "slot": 1}, {"pokemon": {"name": "sceptile", "url": "https://pokeapi.co/api/v2/pokemon/254/"}, "slot": 1}, {"pokemon": {"name": "lotad", "url": "https://pokeapi.co/api/v2/pokemon/270/"}, "slot": 2}, {"pokemon": {"name": "lombre", "url": "https://pokeapi.co/api/v2/pokemon/271/"}, "slot": 2}, {"pokemon": {"name": "ludicolo", "url": "https://pokeapi.co/api/v2/pokemon/272/"}, "slot": 2}, {"pokemon": {"name": "seedot", "url": "https://pokeapi.co/api/v2/pokemon/273/"}, "slot": 1}, {"pokemon": {"name": "nuzleaf", "url": "https://pokeapi.co/api/v2/pokemon/274/"}, "slot": 1}, {"pokemon": {"name": "shiftry", "url": "https://pokeapi.co/api/v2/pokemon/275/"}, "slot": 1}, {"pokemon": {"name": "shroomish", "url": "https://pokeapi.co/api/v2/pokemon/285/"}, "slot": 1}, {"pokemon": {"name": "breloom", "url": "https://pokeapi.co/api/v2/pokemon/286/"}, "slot": 1}, {"pokemon": {"name": "roselia", "url": "https://pokeapi.co/api/v2/pokemon/315/"}, "slot": 1}, {"pokemon": {"name": "cacnea", "url": "https://pokeapi.co/api/v2/pokemon/331/"}, "slot": 1}, {"pokemon": {"name": "cacturne", "url": "https://pokeapi.co/api/v2/pokemon/332/"}, "slot": 1}, {"pokemon": {"name": "lileep", "url": "https://pokeapi.co/api/v2/pokemon/345/"}, "slot": 2}, {"pokemon": {"name": "cradily", "url": "https://pokeapi.co/api/v2/pokemon/346/"}, "slot": 2}, {"pokemon": {"name": "tropius", "url": "https://pokeapi.co/api/v2/pokemon/357/"}, "slot": 1}, {"pokemon": {"name": "turtwig", "url": "https://pokeapi.co/api/v2/pokemon/387/"}, "slot": 1}, {"pokemon": {"name": "grotle", "url": "https://pokeapi.co/api/v2/pokemon/388/"}, "slot": 1}, {"pokemon": {"name": "torterra", "url": "https://pokeapi.co/api/v2/pokemon/389/"}, "slot": 1}, {"pokemon": {"name": "budew", "url": "https://pokeapi.co/api/v2/pokemon/406/"}, "slot": 1}, {"pokemon": {"name": "roserade", "url": "https://pokeapi.co/api/v2/pokemon/407/"}, "slot": 1}, {"pokemon": {"name": "wormadam-plant", "url": "https://pokeapi.co/api/v2/pokemon/413/"}, "slot": 2}, {"pokemon": {"name": "cherubi", "url": "https://pokeapi.co/api/v2/pokemon/420/"}, "slot": 1}, {"pokemon": {"name": "cherrim", "url": "https://pokeapi.co/api/v2/pokemon/421/"}, "slot": 1}, {"pokemon": {"name": "carnivine", "url": "https://pokeapi.co/api/v2/pokemon/455/"}, "slot": 1}, {"pokemon": {"name": "snover", "url": "https://pokeapi.co/api/v2/pokemon/459/"}, "slot": 1}, {"pokemon": {"name": "abomasnow", "url": "https://pokeapi.co/api/v2/pokemon/460/"}, "slot": 1}, {"pokemon": {"name": "tangrowth", "url": "https://pokeapi.co/api/v2/pokemon/465/"}, "slot": 1}, {"pokemon": {"name": "leafeon", "url": "https://pokeapi.co/api/v2/pokemon/470/"}, "slot": 1}, {"pokemon": {"name": "shaymin-land", "url": "https://pokeapi.co/api/v2/pokemon/492/"}, "slot": 1}, {"pokemon": {"name": "snivy", "url": "https://pokeapi.co/api/v2/pokemon/495/"}, "slot": 1}, {"pokemon": {"name": "servine", "url": "https://pokeapi.co/api/v2/pokemon/496/"}, "slot": 1}, {"pokemon": {"name": "serperior", "url": "https://pokeapi.co/api/v2/pokemon/497/"}, "slot": 1}, {"pokemon": {"name": "pansage", "url": "https://pokeapi.co/api/v2/pokemon/511/"}, "slot": 1}, {"pokemon": {"name": "simisage", "url": "https://pokeapi.co/api/v2/pokemon/512/"}, "slot": 1}, {"pokemon": {"name": "sewaddle", "url": "https://pokeapi.co/api/v2/pokemon/540/"}, "slot": 2}, {"pokemon": {"name": "swadloon", "url": "https://pokeapi.co/api/v2/pokemon/541/"}, "slot": 2}, {"pokemon": {"name": "leavanny", "url": "https://pokeapi.co/api/v2/pokemon/542/"}, "slot": 2}, {"pokemon": {"name": "cottonee", "url": "https://pokeapi.co/api/v2/pokemon/546/"}, "slot": 1}, {"pokemon": {"name": "whimsicott", "url": "https://pokeapi.co/api/v2/pokemon/547/"}, "slot": 1}, {"pokemon": {"name": "petilil", "url": "https://pokeapi.co/api/v2/pokemon/548/"}, "slot": 1}, {"pokemon": {"name": "lilligant", "url": "https://pokeapi.co/api/v2/pokemon/549/"}, "slot": 1}, {"pokemon": {"name": "maractus", "url": "https://pokeapi.co/api/v2/pokemon/556/"}, "slot": 1}, {"pokemon": {"name": "deerling", "url": "https://pokeapi.co/api/v2/pokemon/585/"}, "slot": 2}, {"pokemon": {"name": "sawsbuck", "url": "https://pokeapi.co/api/v2/pokemon/586/"}, "slot": 2}, {"pokemon": {"name": "foongus", "url": "https://pokeapi.co/api/v2/pokemon/590/"}, "slot": 1}, {"pokemon": {"name": "amoonguss", "url": "https://pokeapi.co/api/v2/pokemon/591/"}, "slot": 1}, {"pokemon": {"name": "ferroseed", "url": "https://pokeapi.co/api/v2/pokemon/597/"}, "slot": 1}, {"pokemon": {"name": "ferrothorn", "url": "https://pokeapi.co/api/v2/pokemon/598/"}, "slot": 1}, {"pokemon": {"name": "virizion", "url": "https://pokeapi.co/api/v2/pokemon/640/"}, "slot": 1}, {"pokemon": {"name": "chespin", "url": "https://pokeapi.co/api/v2/pokemon/650/"}, "slot": 1}, {"pokemon": {"name": "quilladin", "url": "https://pokeapi.co/api/v2/pokemon/651/"}, "slot": 1}, {"pokemon": {"name": "chesnaught", "url": "https://pokeapi.co/api/v2/pokemon/652/"}, "slot": 1}, {"pokemon": {"name": "skiddo", "url": "https://pokeapi.co/api/v2/pokemon/672/"}, "slot": 1}, {"pokemon": {"name": "gogoat", "url": "https://pokeapi.co/api/v2/pokemon/673/"}, "slot": 1}, {"pokemon": {"name": "phantump", "url": "https://pokeapi.co/api/v2/pokemon/708/"}, "slot": 2}, {"pokemon": {"name": "trevenant", "url": "https://pokeapi.co/api/v2/pokemon/709/"}, "slot": 2}, {"pokemon": {"name": "pumpkaboo-average", "url": "https://pokeapi.co/api/v2/pokemon/710/"}, "slot": 2}, {"pokemon": {"name": "gourgeist-average", "url": "https://pokeapi.co/api/v2/pokemon/711/"}, "slot": 2}, {"pokemon": {"name": "rowlet", "url": "https://pokeapi.co/api/v2/pokemon/722/"}, "slot": 1}, {"pokemon": {"name": "dartrix", "url": "https://pokeapi.co/api/v2/pokemon/723/"}, "slot": 1}, {"pokemon": {"name": "decidueye", "url": "https://pokeapi.co/api/v2/pokemon/724/"}, "slot": 1}, {"pokemon": {"name": "fomantis", "url": "https://pokeapi.co/api/v2/pokemon/753/"}, "slot": 1}, {"pokemon": {"name": "lurantis", "url": "https://pokeapi.co/api/v2/pokemon/754/"}, "slot": 1}, {"pokemon": {"name": "morelull", "url": "https://pokeapi.co/api/v2/pokemon/755/"}, "slot": 1}, {"pokemon": {"name": "shiinotic", "url": "https://pokeapi.co/api/v2/pokemon/756/"}, "slot": 1}, {"pokemon": {"name": "bounsweet", "url": "https://pokeapi.co/api/v2/pokemon/761/"}, "slot": 1}, {"pokemon": {"name": "steenee", "url": "https://pokeapi.co/api/v2/pokemon/762/"}, "slot": 1}, {"pokemon": {"name": "tsareena", "url": "https://pokeapi.co/api/v2/pokemon/763/"}, "slot": 1}, {"pokemon": {"name": "dhelmise", "url": "https://pokeapi.co/api/v2/pokemon/781/"}, "slot": 2}, {"pokemon": {"name": "tapu-bulu", "url": "https://pokeapi.co/api/v2/pokemon/787/"}, "slot": 1}, {"pokemon": {"name": "kartana", "url": "https://pokeapi.co/api/v2/pokemon/798/"}, "slot": 1}, {"pokemon": {"name": "grookey", "url": "https://pokeapi.co/api/v2/pokemon/810/"}, "slot": 1}, {"pokemon": {"name": "thwackey", "url": "https://pokeapi.co/api/v2/pokemon/811/"}, "slot": 1}, {"pokemon": {"name": "rillaboom", "url": "https://pokeapi.co/api/v2/pokemon/812/"}, "slot": 1}, {"pokemon": {"name": "gossifleur", "url": "https://pokeapi.co/api/v2/pokemon/829/"}, "slot": 1}, {"pokemon": {"name": "eldegoss", "url": "https://pokeapi.co/api/v2/pokemon/830/"}, "slot": 1}, {"pokemon": {"name": "applin", "url": "https://pokeapi.co/api/v2/pokemon/840/"}, "slot": 1}, {"pokemon": {"name": "flapple", "url": "https://pokeapi.co/api/v2/pokemon/841/"}, "slot": 1}, {"pokemon": {"name": "appletun", "url": "https://pokeapi.co/api/v2/pokemon/842/"}, "slot": 1}, {"pokemon": {"name": "zarude", "url": "https://pokeapi.co/api/v2/pokemon/893/"}, "slot": 2}, {"pokemon": {"name": "calyrex", "url": "https://pokeapi.co/api/v2/pokemon/898/"}, "slot": 2}, {"pokemon": {"name": "sprigatito", "url": "https://pokeapi.co/api/v2/pokemon/906/"}, "slot": 1}, {"pokemon": {"name": "floragato", "url": "https://pokeapi.co/api/v2/pokemon/907/"}, "slot": 1}, {"pokemon": {"name": "meowscarada", "url": "https://pokeapi.co/api/v2/pokemon/908/"}, "slot": 1}, {"pokemon": {"name": "smoliv", "url": "https://pokeapi.co/api/v2/pokemon/928/"}, "slot": 1}, {"pokemon": {"name": "dolliv", "url": "https://pokeapi.co/api/v2/pokemon/929/"}, "slot": 1}, {"pokemon": {"name": "arboliva", "url": "https://pokeapi.co/api/v2/pokemon/930/"}, "slot": 1}, {"pokemon": {"name": "bramblin", "url": "https://pokeapi.co/api/v2/pokemon/946/"}, "slot": 1}, {"pokemon": {"name": "brambleghast", "url": "https://pokeapi.co/api/v2/pokemon/947/"}, "slot": 1}, {"pokemon": {"name": "toedscool", "url": "https://pokeapi.co/api/v2/pokemon/948/"}, "slot": 2}, {"pokemon": {"name": "toedscruel", "url": "https://pokeapi.co/api/v2/pokemon/949/"}, "slot": 2}, {"pokemon": {"name": "capsakid", "url": "https://pokeapi.co/api/v2/pokemon/951/"}, "slot": 1}, {"pokemon": {"name": "scovillain", "url": "https://pokeapi.co/api/v2/pokemon/952/"}, "slot": 1}, {"pokemon": {"name": "brute-bonnet", "url": "https://pokeapi.co/api/v2/pokemon/986/"}, "slot": 1}, {"pokemon": {"name": "wo-chien", "url": "https://pokeapi.co/api/v2/pokemon/1001/"}, "slot": 2}, {"pokemon": {"name": "iron-leaves", "url": "https://pokeapi.co/api/v2/pokemon/1010/"}, "slot": 1}, {"pokemon": {"name": "dipplin", "url": "https://pokeapi.co/api/v2/pokemon/1011/"}, "slot": 1}, {"pokemon": {"name": "poltchageist", "url": "https://pokeapi.co/api/v2/pokemon/1012/"}, "slot": 1}, {"pokemon": {"name": "sinistcha", "url": "https://pokeapi.co/api/v2/pokemon/1013/"}, "slot": 1}, {"pokemon": {"name": "ogerpon", "url": "https://pokeapi.co/api/v2/pokemon/1017/"}, "slot": 1}, {"pokemon": {"name": "hydrapple", "url": "https://pokeapi.co/api/v2/pokemon/1019/"}, "slot": 1}, {"pokemon": {"name": "shaymin-sky", "url": "https://pokeapi.co/api/v2/pokemon/10006/"}, "slot": 1}, {"pokemon": {"name": "rotom-mow", "url": "https://pokeapi.co/api/v2/pokemon/10012/"}, "slot": 2}, {"pokemon": {"name": "pumpkaboo-small", "url": "https://pokeapi.co/api/v2/pokemon/10027/"}, "slot": 2}, {"pokemon": {"name": "pumpkaboo-large", "url": "https://pokeapi.co/api/v2/pokemon/10028/"}, "slot": 2}, {"pokemon": {"name": "pumpkaboo-super", "url": "https://pokeapi.co/api/v2/pokemon/10029/"}, "slot": 2}, {"pokemon": {"name": "gourgeist-small", "url": "https://pokeapi.co/api/v2/pokemon/10030/"}, "slot": 2}, {"pokemon": {"name": "gourgeist-large", "url": "https://pokeapi.co/api/v2/pokemon/10031/"}, "slot": 2}, {"pokemon": {"name": "gourgeist-super", "url": "https://pokeapi.co/api/v2/pokemon/10032/"}, "slot": 2}, {"pokemon": {"name": "venusaur-mega", "url": "https://pokeapi.co/api/v2/pokemon/10033/"}, "slot": 1}, {"pokemon": {"name": "abomasnow-mega", "url": "https://pokeapi.co/api/v2/pokemon/10060/"}, "slot": 1}, {"pokemon": {"name": "sceptile-mega", "url": "https://pokeapi.co/api/v2/pokemon/10065/"}, "slot": 1}, {"pokemon": {"name": "exeggutor-alola", "url": "https://pokeapi.co/api/v2/pokemon/10114/"}, "slot": 1}, {"pokemon": {"name": "lurantis-totem", "url": "https://pokeapi.co/api/v2/pokemon/10128/"}, "slot": 1}, {"pokemon": {"name": "zarude-dada", "url": "https://pokeapi.co/api/v2/pokemon/10192/"}, "slot": 2}, {"pokemon": {"name": "venusaur-gmax", "url": "https://pokeapi.co/api/v2/pokemon/10195/"}, "slot": 1}, {"pokemon": {"name": "rillaboom-gmax", "url": "https://pokeapi.co/api/v2/pokemon/10209/"}, "slot": 1}, {"pokemon": {"name": "flapple-gmax", "url": "https://pokeapi.co/api/v2/pokemon/10216/"}, "slot": 1}, {"pokemon": {"name": "appletun-gmax", "url": "https://pokeapi.co/api/v2/pokemon/10217/"}, "slot": 1}, {"pokemon": {"name": "voltorb-hisui", "url": "https://pokeapi.co/api/v2/pokemon/10231/"}, "slot": 2}, {"pokemon": {"name": "electrode-hisui", "url": "https://pokeapi.co/api/v2/pokemon/10232/"}, "slot": 2}, {"pokemon": {"name": "lilligant-hisui", "url": "https://pokeapi.co/api/v2/pokemon/10237/"}, "slot": 1}, {"pokemon": {"name": "decidueye-hisui", "url": "https://pokeapi.co/api/v2/pokemon/10244/"}, "slot": 1}, {"pokemon": {"name": "ogerpon-wellspring-mask", "url": "https://pokeapi.co/api/v2/pokemon/10273/"}, "slot": 1}, {"pokemon": {"name": "ogerpon-hearthflame-mask", "url": "https://pokeapi.co/api/v2/pokemon/10274/"}, "slot": 1}, {"pokemon": {"name": "ogerpon-cornerstone-mask", "url": "https://pokeapi.co/api/v2/pokemon/10275/"}, "slot": 1}]}