{"damage_relations": {"double_damage_from": [{"name": "water", "url": "https://pokeapi.co/api/v2/type/11/"}, {"name": "grass", "url": "https://pokeapi.co/api/v2/type/12/"}, {"name": "ice", "url": "https://pokeapi.co/api/v2/type/15/"}], "double_damage_to": [{"name": "poison", "url": "https://pokeapi.co/api/v2/type/4/"}, {"name": "rock", "url": "https://pokeapi.co/api/v2/type/6/"}, {"name": "steel", "url": "https://pokeapi.co/api/v2/type/9/"}, {"name": "fire", "url": "https://pokeapi.co/api/v2/type/10/"}, {"name": "electric", "url": "https://pokeapi.co/api/v2/type/13/"}], "half_damage_from": [{"name": "poison", "url": "https://pokeapi.co/api/v2/type/4/"}, {"name": "rock", "url": "https://pokeapi.co/api/v2/type/6/"}], "half_damage_to": [{"name": "bug", "url": "https://pokeapi.co/api/v2/type/7/"}, {"name": "grass", "url": "https://pokeapi.co/api/v2/type/12/"}], "no_damage_from": [{"name": "electric", "url": "https://pokeapi.co/api/v2/type/13/"}], "no_damage_to": [{"name": "flying", "url": "https://pokeapi.co/api/v2/type/3/"}]}, "game_indices": [{"game_index": 4, "generation": {"name": "generation-i", "url": "https://pokeapi.co/api/v2/generation/1/"}}, {"game_index": 4, "generation": {"name": "generation-ii", "url": "https://pokeapi.co/api/v2/generation/2/"}}, {"game_index": 4, "generation": {"name": "generation-iii", "url": "https://pokeapi.co/api/v2/generation/3/"}}, {"game_index": 4, "generation": {"name": "generation-iv", "url": "https://pokeapi.co/api/v2/generation/4/"}}, {"game_index": 4, "generation": {"name": "generation-v", "url": "https://pokeapi.co/api/v2/generation/5/"}}, {"game_index": 4, "generation": {"name": "generation-vi", "url": "https://pokeapi.co/api/v2/generation/6/"}}], "generation": {"name": "generation-i", "url": "https://pokeapi.co/api/v2/generation/1/"}, "id": 5, "move_damage_class": {"name": "physical", "url": "https://pokeapi.co/api/v2/move-damage-class/2/"}, "moves": [{"name": "sand-attack", "url": "https://pokeapi.co/api/v2/move/28/"}, {"name": "earthquake", "url": "https://pokeapi.co/api/v2/move/89/"}, {"name": "fissure", "url": "https://pokeapi.co/api/v2/move/90/"}, {"name": "dig", "url": "https://pokeapi.co/api/v2/move/91/"}, {"name": "bone-club", "url": "https://pokeapi.co/api/v2/move/125/"}, {"name": "bonemerang", "url": "https://pokeapi.co/api/v2/move/155/"}, {"name": "mud-slap", "url": "https://pokeapi.co/api/v2/move/189/"}, {"name": "spikes", "url": "https://pokeapi.co/api/v2/move/191/"}, {"name": "bone-rush", "url": "https://pokeapi.co/api/v2/move/198/"}, {"name": "magnitude", "url": "https://pokeapi.co/api/v2/move/222/"}, {"name": "mud-sport", "url": "https://pokeapi.co/api/v2/move/300/"}, {"name": "sand-tomb", "url": "https://pokeapi.co/api/v2/move/328/"}, {"name": "mud-shot", "url": "https://pokeapi.co/api/v2/move/341/"}, {"name": "earth-power", "url": "https://pokeapi.co/api/v2/move/414/"}, {"name": "mud-bomb", "url": "https://pokeapi.co/api/v2/move/426/"}, {"name": "bulldoze", "url": "https://pokeapi.co/api/v2/move/523/"}, {"name": "drill-run", "url": "https://pokeapi.co/api/v2/move/529/"}, {"name": "rototiller", "url": "https://pokeapi.co/api/v2/move/563/"}, {"name": "thousand-arrows", "url": "https://pokeapi.co/api/v2/move/614/"}, {"name": "thousand-waves", "url": "https://pokeapi.co/api/v2/move/615/"}, {"name": "lands-wrath", "url": "https://pokeapi.co/api/v2/move/616/"}, {"name": "precipice-blades", "url": "https://pokeapi.co/api/v2/move/619/"}, {"name": "tectonic-rage--physical", "url": "https://pokeapi.co/api/v2/move/630/"}, {"name": "tectonic-rage--special", "url": "https://pokeapi.co/api/v2/move/631/"}, {"name": "shore-up", "url": "https://pokeapi.co/api/v2/move/659/"}, {"name": "high-horsepower", "url": "https://pokeapi.co/api/v2/move/667/"}, {"name": "stomping-tantrum", "url": "https://pokeapi.co/api/v2/move/707/"}, {"name": "max-quake", "url": "https://pokeapi.co/api/v2/move/771/"}, {"name": "scorching-sands", "url": "https://pokeapi.co/api/v2/move/815/"}, {"name": "headlong-rush", "url": "https://pokeapi.co/api/v2/move/838/"}, {"name": "sandsear-storm", "url": "https://pokeapi.co/api/v2/move/848/"}], "name": "ground", "names": [{"language": {"name": "ja-Hrkt", "url": "https://pokeapi.co/api/v2/language/1/"}, "name": "\u3058\u3081\u3093"}, {"language": {"name": "ko", "url": "https://pokeapi.co/api/v2/language/3/"}, "name": "\ub545"}, {"language": {"name": "zh-Hant", "url": "https://pokeapi.co/api/v2/language/4/"}, "name": "\u5730\u9762"}, {"language": {"name": "fr", "url": "https://pokeapi.co/api/v2/language/5/"}, "name": "Sol"}, {"language": {"name": "de", "url": "https://pokeapi.co/api/v2/language/6/"}, "name": "Boden"}, {"language": {"name": "es", "url": "https://pokeapi.co/api/v2/language/7/"}, "name": "Tierra"}, {"language": {"name": "it", "url": "https://pokeapi.co/api/v2/language/8/"}, "name": "Terra"}, {"language": {"name": "en", "url": "https://pokeapi.co/api/v2/language/9/"}, "name": "Ground"}, {"language": {"name": "ja", "url": "https://pokeapi.co/api/v2/language/11/"}, "name": "\u3058\u3081\u3093"}, {"language": {"name": "zh-Hans", "url": "https://pokeapi.co/api/v2/language/12/"}, "name": "\u5730\u9762"}], "past_damage_relations": [], "pokemon": [{"pokemon": {"name": "sandshrew", "url": "https://pokeapi.co/api/v2/pokemon/27/"}, "slot": 1}, {"pokemon": {"name": "sandslash", "url": "https://pokeapi.co/api/v2/pokemon/28/"}, "slot": 1}, {"pokemon": {"name": "nidoqueen", "url": "https://pokeapi.co/api/v2/pokemon/31/"}, "slot": 2}, {"pokemon": {"name": "nidoking", "url": "https://pokeapi.co/api/v2/pokemon/34/"}, "slot": 2}, {"pokemon": {"name": "diglett", "url": "https://pokeapi.co/api/v2/pokemon/50/"}, "slot": 1}, {"pokemon": {"name": "dugtrio", "url": "https://pokeapi.co/api/v2/pokemon/51/"}, "slot": 1}, {"pokemon": {"name": "geodude", "url": "https://pokeapi.co/api/v2/pokemon/74/"}, "slot": 2}, {"pokemon": {"name": "graveler", "url": "https://pokeapi.co/api/v2/pokemon/75/"}, "slot": 2}, {"pokemon": {"name": "golem", "url": "https://pokeapi.co/api/v2/pokemon/76/"}, "slot": 2}, {"pokemon": {"name": "onix", "url": "https://pokeapi.co/api/v2/pokemon/95/"}, "slot": 2}, {"pokemon": {"name": "cubone", "url": "https://pokeapi.co/api/v2/pokemon/104/"}, "slot": 1}, {"pokemon": {"name": "marowak", "url": "https://pokeapi.co/api/v2/pokemon/105/"}, "slot": 1}, {"pokemon": {"name": "rhyhorn", "url": "https://pokeapi.co/api/v2/pokemon/111/"}, "slot": 1}, {"pokemon": {"name": "rhydon", "url": "https://pokeapi.co/api/v2/pokemon/112/"}, "slot": 1}, {"pokemon": {"name": "wooper", "url": "https://pokeapi.co/api/v2/pokemon/194/"}, "slot": 2}, {"pokemon": {"name": "quagsire", "url": "https://pokeapi.co/api/v2/pokemon/195/"}, "slot": 2}, {"pokemon": {"name": "gligar", "url": "https://pokeapi.co/api/v2/pokemon/207/"}, "slot": 1}, {"pokemon": {"name": "steelix", "url": "https://pokeapi.co/api/v2/pokemon/208/"}, "slot": 2}, {"pokemon": {"name": "swinub", "url": "https://pokeapi.co/api/v2/pokemon/220/"}, "slot": 2}, {"pokemon": {"name": "piloswine", "url": "https://pokeapi.co/api/v2/pokemon/221/"}, "slot": 2}, {"pokemon": {"name": "phanpy", "url": "https://pokeapi.co/api/v2/pokemon/231/"}, "slot": 1}, {"pokemon": {"name": "donphan", "url": "https://pokeapi.co/api/v2/pokemon/232/"}, "slot": 1}, {"pokemon": {"name": "larvitar", "url": "https://pokeapi.co/api/v2/pokemon/246/"}, "slot": 2}, {"pokemon": {"name": "pupitar", "url": "https://pokeapi.co/api/v2/pokemon/247/"}, "slot": 2}, {"pokemon": {"name": "marshtomp", "url": "https://pokeapi.co/api/v2/pokemon/259/"}, "slot": 2}, {"pokemon": {"name": "swampert", "url": "https://pokeapi.co/api/v2/pokemon/260/"}, "slot": 2}, {"pokemon": {"name": "nincada", "url": "https://pokeapi.co/api/v2/pokemon/290/"}, "slot": 2}, {"pokemon": {"name": "numel", "url": "https://pokeapi.co/api/v2/pokemon/322/"}, "slot": 2}, {"pokemon": {"name": "camerupt", "url": "https://pokeapi.co/api/v2/pokemon/323/"}, "slot": 2}, {"pokemon": {"name": "trapinch", "url": "https://pokeapi.co/api/v2/pokemon/328/"}, "slot": 1}, {"pokemon": {"name": "vibrava", "url": "https://pokeapi.co/api/v2/pokemon/329/"}, "slot": 1}, {"pokemon": {"name": "flygon", "url": "https://pokeapi.co/api/v2/pokemon/330/"}, "slot": 1}, {"pokemon": {"name": "barboach", "url": "https://pokeapi.co/api/v2/pokemon/339/"}, "slot": 2}, {"pokemon": {"name": "whiscash", "url": "https://pokeapi.co/api/v2/pokemon/340/"}, "slot": 2}, {"pokemon": {"name": "baltoy", "url": "https://pokeapi.co/api/v2/pokemon/343/"}, "slot": 1}, {"pokemon": {"name": "claydol", "url": "https://pokeapi.co/api/v2/pokemon/344/"}, "slot": 1}, {"pokemon": {"name": "groudon", "url": "https://pokeapi.co/api/v2/pokemon/383/"}, "slot": 1}, {"pokemon": {"name": "torterra", "url": "https://pokeapi.co/api/v2/pokemon/389/"}, "slot": 2}, {"pokemon": {"name": "gastrodon", "url": "https://pokeapi.co/api/v2/pokemon/423/"}, "slot": 2}, {"pokemon": {"name": "gible", "url": "https://pokeapi.co/api/v2/pokemon/443/"}, "slot": 2}, {"pokemon": {"name": "gabite", "url": "https://pokeapi.co/api/v2/pokemon/444/"}, "slot": 2}, {"pokemon": {"name": "garchomp", "url": "https://pokeapi.co/api/v2/pokemon/445/"}, "slot": 2}, {"pokemon": {"name": "hippopotas", "url": "https://pokeapi.co/api/v2/pokemon/449/"}, "slot": 1}, {"pokemon": {"name": "hippowdon", "url": "https://pokeapi.co/api/v2/pokemon/450/"}, "slot": 1}, {"pokemon": {"name": "rhyperior", "url": "https://pokeapi.co/api/v2/pokemon/464/"}, "slot": 1}, {"pokemon": {"name": "gliscor", "url": "https://pokeapi.co/api/v2/pokemon/472/"}, "slot": 1}, {"pokemon": {"name": "mamoswine", "url": "https://pokeapi.co/api/v2/pokemon/473/"}, "slot": 2}, {"pokemon": {"name": "drilbur", "url": "https://pokeapi.co/api/v2/pokemon/529/"}, "slot": 1}, {"pokemon": {"name": "excadrill", "url": "https://pokeapi.co/api/v2/pokemon/530/"}, "slot": 1}, {"pokemon": {"name": "palpitoad", "url": "https://pokeapi.co/api/v2/pokemon/536/"}, "slot": 2}, {"pokemon": {"name": "seismitoad", "url": "https://pokeapi.co/api/v2/pokemon/537/"}, "slot": 2}, {"pokemon": {"name": "sandile", "url": "https://pokeapi.co/api/v2/pokemon/551/"}, "slot": 1}, {"pokemon": {"name": "krokorok", "url": "https://pokeapi.co/api/v2/pokemon/552/"}, "slot": 1}, {"pokemon": {"name": "krookodile", "url": "https://pokeapi.co/api/v2/pokemon/553/"}, "slot": 1}, {"pokemon": {"name": "stunfisk", "url": "https://pokeapi.co/api/v2/pokemon/618/"}, "slot": 1}, {"pokemon": {"name": "golett", "url": "https://pokeapi.co/api/v2/pokemon/622/"}, "slot": 1}, {"pokemon": {"name": "golurk", "url": "https://pokeapi.co/api/v2/pokemon/623/"}, "slot": 1}, {"pokemon": {"name": "landorus-incarnate", "url": "https://pokeapi.co/api/v2/pokemon/645/"}, "slot": 1}, {"pokemon": {"name": "diggersby", "url": "https://pokeapi.co/api/v2/pokemon/660/"}, "slot": 2}, {"pokemon": {"name": "zygarde-50", "url": "https://pokeapi.co/api/v2/pokemon/718/"}, "slot": 2}, {"pokemon": {"name": "mudbray", "url": "https://pokeapi.co/api/v2/pokemon/749/"}, "slot": 1}, {"pokemon": {"name": "mudsdale", "url": "https://pokeapi.co/api/v2/pokemon/750/"}, "slot": 1}, {"pokemon": {"name": "sandygast", "url": "https://pokeapi.co/api/v2/pokemon/769/"}, "slot": 2}, {"pokemon": {"name": "palossand", "url": "https://pokeapi.co/api/v2/pokemon/770/"}, "slot": 2}, {"pokemon": {"name": "silicobra", "url": "https://pokeapi.co/api/v2/pokemon/843/"}, "slot": 1}, {"pokemon": {"name": "sandaconda", "url": "https://pokeapi.co/api/v2/pokemon/844/"}, "slot": 1}, {"pokemon": {"name": "runerigus", "url": "https://pokeapi.co/api/v2/pokemon/867/"}, "slot": 1}, {"pokemon": {"name": "ursaluna", "url": "https://pokeapi.co/api/v2/pokemon/901/"}, "slot": 1}, {"pokemon": {"name": "toedscool", "url": "https://pokeapi.co/api/v2/pokemon/948/"}, "slot": 1}, {"pokemon": {"name": "toedscruel", "url": "https://pokeapi.co/api/v2/pokemon/949/"}, "slot": 1}, {"pokemon": {"name": "clodsire", "url": "https://pokeapi.co/api/v2/pokemon/980/"}, "slot": 2}, {"pokemon": {"name": "great-tusk", "url": "https://pokeapi.co/api/v2/pokemon/984/"}, "slot": 1}, {"pokemon": {"name": "sandy-shocks", "url": "https://pokeapi.co/api/v2/pokemon/989/"}, "slot": 2}, {"pokemon": {"name": "iron-treads", "url": "https://pokeapi.co/api/v2/pokemon/990/"}, "slot": 1}, {"pokemon": {"name": "ting-lu", "url": "https://pokeapi.co/api/v2/pokemon/1003/"}, "slot": 2}, {"pokemon": {"name": "wormadam-sandy", "url": "https://pokeapi.co/api/v2/pokemon/10004/"}, "slot": 2}, {"pokemon": {"name": "landorus-therian", "url": "https://pokeapi.co/api/v2/pokemon/10021/"}, "slot": 1}, {"pokemon": {"name": "garchomp-mega", "url": "https://pokeapi.co/api/v2/pokemon/10058/"}, "slot": 2}, {"pokemon": {"name": "swampert-mega", "url": "https://pokeapi.co/api/v2/pokemon/10064/"}, "slot": 2}, {"pokemon": {"name": "steelix-mega", "url": "https://pokeapi.co/api/v2/pokemon/10072/"}, "slot": 2}, {"pokemon": {"name": "groudon-primal", "url": "https://pokeapi.co/api/v2/pokemon/10078/"}, "slot": 1}, {"pokemon": {"name": "camerupt-mega", "url": "https://pokeapi.co/api/v2/pokemon/10087/"}, "slot": 2}, {"pokemon": {"name": "diglett-alola", "url": "https://pokeapi.co/api/v2/pokemon/10105/"}, "slot": 1}, {"pokemon": {"name": "dugtrio-alola", "url": "https://pokeapi.co/api/v2/pokemon/10106/"}, "slot": 1}, {"pokemon": {"name": "zygarde-10-power-construct", "url": "https://pokeapi.co/api/v2/pokemon/10118/"}, "slot": 2}, {"pokemon": {"name": "zygarde-50-power-construct", "url": "https://pokeapi.co/api/v2/pokemon/10119/"}, "slot": 2}, {"pokemon": {"name": "zygarde-complete", "url": "https://pokeapi.co/api/v2/pokemon/10120/"}, "slot": 2}, {"pokemon": {"name": "yamask-galar", "url": "https://pokeapi.co/api/v2/pokemon/10179/"}, "slot": 1}, {"pokemon": {"name": "stunfisk-galar", "url": "https://pokeapi.co/api/v2/pokemon/10180/"}, "slot": 1}, {"pokemon": {"name": "zygarde-10", "url": "https://pokeapi.co/api/v2/pokemon/10181/"}, "slot": 2}, {"pokemon": {"name": "sandaconda-gmax", "url": "https://pokeapi.co/api/v2/pokemon/10218/"}, "slot": 1}, {"pokemon": {"name": "wooper-paldea", "url": "https://pokeapi.co/api/v2/pokemon/10253/"}, "slot": 2}, {"pokemon": {"name": "ursaluna-bloodmoon", "url": "https://pokeapi.co/api/v2/pokemon/10272/"}, "slot": 1}]}