{"damage_relations": {"double_damage_from": [{"name": "fighting", "url": "https://pokeapi.co/api/v2/type/2/"}], "double_damage_to": [], "half_damage_from": [], "half_damage_to": [{"name": "rock", "url": "https://pokeapi.co/api/v2/type/6/"}, {"name": "steel", "url": "https://pokeapi.co/api/v2/type/9/"}], "no_damage_from": [{"name": "ghost", "url": "https://pokeapi.co/api/v2/type/8/"}], "no_damage_to": [{"name": "ghost", "url": "https://pokeapi.co/api/v2/type/8/"}]}, "game_indices": [{"game_index": 0, "generation": {"name": "generation-i", "url": "https://pokeapi.co/api/v2/generation/1/"}}, {"game_index": 0, "generation": {"name": "generation-ii", "url": "https://pokeapi.co/api/v2/generation/2/"}}, {"game_index": 0, "generation": {"name": "generation-iii", "url": "https://pokeapi.co/api/v2/generation/3/"}}, {"game_index": 0, "generation": {"name": "generation-iv", "url": "https://pokeapi.co/api/v2/generation/4/"}}, {"game_index": 0, "generation": {"name": "generation-v", "url": "https://pokeapi.co/api/v2/generation/5/"}}, {"game_index": 0, "generation": {"name": "generation-vi", "url": "https://pokeapi.co/api/v2/generation/6/"}}], "generation": {"name": "generation-i", "url": "https://pokeapi.co/api/v2/generation/1/"}, "id": 1, "move_damage_class": {"name": "physical", "url": "https://pokeapi.co/api/v2/move-damage-class/2/"}, "moves": [{"name": "pound", "url": "https://pokeapi.co/api/v2/move/1/"}, {"name": "double-slap", "url": "https://pokeapi.co/api/v2/move/3/"}, {"name": "comet-punch", "url": "https://pokeapi.co/api/v2/move/4/"}, {"name": "mega-punch", "url": "https://pokeapi.co/api/v2/move/5/"}, {"name": "pay-day", "url": "https://pokeapi.co/api/v2/move/6/"}, {"name": "scratch", "url": "https://pokeapi.co/api/v2/move/10/"}, {"name": "vice-grip", "url": "https://pokeapi.co/api/v2/move/11/"}, {"name": "guillotine", "url": "https://pokeapi.co/api/v2/move/12/"}, {"name": "razor-wind", "url": "https://pokeapi.co/api/v2/move/13/"}, {"name": "swords-dance", "url": "https://pokeapi.co/api/v2/move/14/"}, {"name": "cut", "url": "https://pokeapi.co/api/v2/move/15/"}, {"name": "whirlwind", "url": "https://pokeapi.co/api/v2/move/18/"}, {"name": "bind", "url": "https://pokeapi.co/api/v2/move/20/"}, {"name": "slam", "url": "https://pokeapi.co/api/v2/move/21/"}, {"name": "stomp", "url": "https://pokeapi.co/api/v2/move/23/"}, {"name": "mega-kick", "url": "https://pokeapi.co/api/v2/move/25/"}, {"name": "headbutt", "url": "https://pokeapi.co/api/v2/move/29/"}, {"name": "horn-attack", "url": "https://pokeapi.co/api/v2/move/30/"}, {"name": "fury-attack", "url": "https://pokeapi.co/api/v2/move/31/"}, {"name": "horn-drill", "url": "https://pokeapi.co/api/v2/move/32/"}, {"name": "tackle", "url": "https://pokeapi.co/api/v2/move/33/"}, {"name": "body-slam", "url": "https://pokeapi.co/api/v2/move/34/"}, {"name": "wrap", "url": "https://pokeapi.co/api/v2/move/35/"}, {"name": "take-down", "url": "https://pokeapi.co/api/v2/move/36/"}, {"name": "thrash", "url": "https://pokeapi.co/api/v2/move/37/"}, {"name": "double-edge", "url": "https://pokeapi.co/api/v2/move/38/"}, {"name": "tail-whip", "url": "https://pokeapi.co/api/v2/move/39/"}, {"name": "leer", "url": "https://pokeapi.co/api/v2/move/43/"}, {"name": "growl", "url": "https://pokeapi.co/api/v2/move/45/"}, {"name": "roar", "url": "https://pokeapi.co/api/v2/move/46/"}, {"name": "sing", "url": "https://pokeapi.co/api/v2/move/47/"}, {"name": "supersonic", "url": "https://pokeapi.co/api/v2/move/48/"}, {"name": "sonic-boom", "url": "https://pokeapi.co/api/v2/move/49/"}, {"name": "disable", "url": "https://pokeapi.co/api/v2/move/50/"}, {"name": "hyper-beam", "url": "https://pokeapi.co/api/v2/move/63/"}, {"name": "strength", "url": "https://pokeapi.co/api/v2/move/70/"}, {"name": "growth", "url": "https://pokeapi.co/api/v2/move/74/"}, {"name": "quick-attack", "url": "https://pokeapi.co/api/v2/move/98/"}, {"name": "rage", "url": "https://pokeapi.co/api/v2/move/99/"}, {"name": "mimic", "url": "https://pokeapi.co/api/v2/move/102/"}, {"name": "screech", "url": "https://pokeapi.co/api/v2/move/103/"}, {"name": "double-team", "url": "https://pokeapi.co/api/v2/move/104/"}, {"name": "recover", "url": "https://pokeapi.co/api/v2/move/105/"}, {"name": "harden", "url": "https://pokeapi.co/api/v2/move/106/"}, {"name": "minimize", "url": "https://pokeapi.co/api/v2/move/107/"}, {"name": "smokescreen", "url": "https://pokeapi.co/api/v2/move/108/"}, {"name": "defense-curl", "url": "https://pokeapi.co/api/v2/move/111/"}, {"name": "focus-energy", "url": "https://pokeapi.co/api/v2/move/116/"}, {"name": "bide", "url": "https://pokeapi.co/api/v2/move/117/"}, {"name": "metronome", "url": "https://pokeapi.co/api/v2/move/118/"}, {"name": "self-destruct", "url": "https://pokeapi.co/api/v2/move/120/"}, {"name": "egg-bomb", "url": "https://pokeapi.co/api/v2/move/121/"}, {"name": "swift", "url": "https://pokeapi.co/api/v2/move/129/"}, {"name": "skull-bash", "url": "https://pokeapi.co/api/v2/move/130/"}, {"name": "spike-cannon", "url": "https://pokeapi.co/api/v2/move/131/"}, {"name": "constrict", "url": "https://pokeapi.co/api/v2/move/132/"}, {"name": "soft-boiled", "url": "https://pokeapi.co/api/v2/move/135/"}, {"name": "glare", "url": "https://pokeapi.co/api/v2/move/137/"}, {"name": "barrage", "url": "https://pokeapi.co/api/v2/move/140/"}, {"name": "lovely-kiss", "url": "https://pokeapi.co/api/v2/move/142/"}, {"name": "transform", "url": "https://pokeapi.co/api/v2/move/144/"}, {"name": "dizzy-punch", "url": "https://pokeapi.co/api/v2/move/146/"}, {"name": "flash", "url": "https://pokeapi.co/api/v2/move/148/"}, {"name": "splash", "url": "https://pokeapi.co/api/v2/move/150/"}, {"name": "explosion", "url": "https://pokeapi.co/api/v2/move/153/"}, {"name": "fury-swipes", "url": "https://pokeapi.co/api/v2/move/154/"}, {"name": "hyper-fang", "url": "https://pokeapi.co/api/v2/move/158/"}, {"name": "sharpen", "url": "https://pokeapi.co/api/v2/move/159/"}, {"name": "conversion", "url": "https://pokeapi.co/api/v2/move/160/"}, {"name": "tri-attack", "url": "https://pokeapi.co/api/v2/move/161/"}, {"name": "super-fang", "url": "https://pokeapi.co/api/v2/move/162/"}, {"name": "slash", "url": "https://pokeapi.co/api/v2/move/163/"}, {"name": "substitute", "url": "https://pokeapi.co/api/v2/move/164/"}, {"name": "struggle", "url": "https://pokeapi.co/api/v2/move/165/"}, {"name": "sketch", "url": "https://pokeapi.co/api/v2/move/166/"}, {"name": "mind-reader", "url": "https://pokeapi.co/api/v2/move/170/"}, {"name": "snore", "url": "https://pokeapi.co/api/v2/move/173/"}, {"name": "flail", "url": "https://pokeapi.co/api/v2/move/175/"}, {"name": "conversion-2", "url": "https://pokeapi.co/api/v2/move/176/"}, {"name": "protect", "url": "https://pokeapi.co/api/v2/move/182/"}, {"name": "scary-face", "url": "https://pokeapi.co/api/v2/move/184/"}, {"name": "belly-drum", "url": "https://pokeapi.co/api/v2/move/187/"}, {"name": "foresight", "url": "https://pokeapi.co/api/v2/move/193/"}, {"name": "perish-song", "url": "https://pokeapi.co/api/v2/move/195/"}, {"name": "lock-on", "url": "https://pokeapi.co/api/v2/move/199/"}, {"name": "endure", "url": "https://pokeapi.co/api/v2/move/203/"}, {"name": "false-swipe", "url": "https://pokeapi.co/api/v2/move/206/"}, {"name": "swagger", "url": "https://pokeapi.co/api/v2/move/207/"}, {"name": "milk-drink", "url": "https://pokeapi.co/api/v2/move/208/"}, {"name": "mean-look", "url": "https://pokeapi.co/api/v2/move/212/"}, {"name": "attract", "url": "https://pokeapi.co/api/v2/move/213/"}, {"name": "sleep-talk", "url": "https://pokeapi.co/api/v2/move/214/"}, {"name": "heal-bell", "url": "https://pokeapi.co/api/v2/move/215/"}, {"name": "return", "url": "https://pokeapi.co/api/v2/move/216/"}, {"name": "present", "url": "https://pokeapi.co/api/v2/move/217/"}, {"name": "frustration", "url": "https://pokeapi.co/api/v2/move/218/"}, {"name": "safeguard", "url": "https://pokeapi.co/api/v2/move/219/"}, {"name": "pain-split", "url": "https://pokeapi.co/api/v2/move/220/"}, {"name": "baton-pass", "url": "https://pokeapi.co/api/v2/move/226/"}, {"name": "encore", "url": "https://pokeapi.co/api/v2/move/227/"}, {"name": "rapid-spin", "url": "https://pokeapi.co/api/v2/move/229/"}, {"name": "sweet-scent", "url": "https://pokeapi.co/api/v2/move/230/"}, {"name": "morning-sun", "url": "https://pokeapi.co/api/v2/move/234/"}, {"name": "hidden-power", "url": "https://pokeapi.co/api/v2/move/237/"}, {"name": "psych-up", "url": "https://pokeapi.co/api/v2/move/244/"}, {"name": "extreme-speed", "url": "https://pokeapi.co/api/v2/move/245/"}, {"name": "fake-out", "url": "https://pokeapi.co/api/v2/move/252/"}, {"name": "uproar", "url": "https://pokeapi.co/api/v2/move/253/"}, {"name": "stockpile", "url": "https://pokeapi.co/api/v2/move/254/"}, {"name": "spit-up", "url": "https://pokeapi.co/api/v2/move/255/"}, {"name": "swallow", "url": "https://pokeapi.co/api/v2/move/256/"}, {"name": "facade", "url": "https://pokeapi.co/api/v2/move/263/"}, {"name": "smelling-salts", "url": "https://pokeapi.co/api/v2/move/265/"}, {"name": "follow-me", "url": "https://pokeapi.co/api/v2/move/266/"}, {"name": "nature-power", "url": "https://pokeapi.co/api/v2/move/267/"}, {"name": "helping-hand", "url": "https://pokeapi.co/api/v2/move/270/"}, {"name": "wish", "url": "https://pokeapi.co/api/v2/move/273/"}, {"name": "assist", "url": "https://pokeapi.co/api/v2/move/274/"}, {"name": "recycle", "url": "https://pokeapi.co/api/v2/move/278/"}, {"name": "yawn", "url": "https://pokeapi.co/api/v2/move/281/"}, {"name": "endeavor", "url": "https://pokeapi.co/api/v2/move/283/"}, {"name": "refresh", "url": "https://pokeapi.co/api/v2/move/287/"}, {"name": "secret-power", "url": "https://pokeapi.co/api/v2/move/290/"}, {"name": "camouflage", "url": "https://pokeapi.co/api/v2/move/293/"}, {"name": "teeter-dance", "url": "https://pokeapi.co/api/v2/move/298/"}, {"name": "slack-off", "url": "https://pokeapi.co/api/v2/move/303/"}, {"name": "hyper-voice", "url": "https://pokeapi.co/api/v2/move/304/"}, {"name": "crush-claw", "url": "https://pokeapi.co/api/v2/move/306/"}, {"name": "weather-ball", "url": "https://pokeapi.co/api/v2/move/311/"}, {"name": "odor-sleuth", "url": "https://pokeapi.co/api/v2/move/316/"}, {"name": "tickle", "url": "https://pokeapi.co/api/v2/move/321/"}, {"name": "block", "url": "https://pokeapi.co/api/v2/move/335/"}, {"name": "howl", "url": "https://pokeapi.co/api/v2/move/336/"}, {"name": "covet", "url": "https://pokeapi.co/api/v2/move/343/"}, {"name": "natural-gift", "url": "https://pokeapi.co/api/v2/move/363/"}, {"name": "feint", "url": "https://pokeapi.co/api/v2/move/364/"}, {"name": "acupressure", "url": "https://pokeapi.co/api/v2/move/367/"}, {"name": "trump-card", "url": "https://pokeapi.co/api/v2/move/376/"}, {"name": "wring-out", "url": "https://pokeapi.co/api/v2/move/378/"}, {"name": "lucky-chant", "url": "https://pokeapi.co/api/v2/move/381/"}, {"name": "me-first", "url": "https://pokeapi.co/api/v2/move/382/"}, {"name": "copycat", "url": "https://pokeapi.co/api/v2/move/383/"}, {"name": "last-resort", "url": "https://pokeapi.co/api/v2/move/387/"}, {"name": "giga-impact", "url": "https://pokeapi.co/api/v2/move/416/"}, {"name": "rock-climb", "url": "https://pokeapi.co/api/v2/move/431/"}, {"name": "captivate", "url": "https://pokeapi.co/api/v2/move/445/"}, {"name": "judgment", "url": "https://pokeapi.co/api/v2/move/449/"}, {"name": "double-hit", "url": "https://pokeapi.co/api/v2/move/458/"}, {"name": "crush-grip", "url": "https://pokeapi.co/api/v2/move/462/"}, {"name": "simple-beam", "url": "https://pokeapi.co/api/v2/move/493/"}, {"name": "entrainment", "url": "https://pokeapi.co/api/v2/move/494/"}, {"name": "after-you", "url": "https://pokeapi.co/api/v2/move/495/"}, {"name": "round", "url": "https://pokeapi.co/api/v2/move/496/"}, {"name": "echoed-voice", "url": "https://pokeapi.co/api/v2/move/497/"}, {"name": "chip-away", "url": "https://pokeapi.co/api/v2/move/498/"}, {"name": "shell-smash", "url": "https://pokeapi.co/api/v2/move/504/"}, {"name": "reflect-type", "url": "https://pokeapi.co/api/v2/move/513/"}, {"name": "retaliate", "url": "https://pokeapi.co/api/v2/move/514/"}, {"name": "bestow", "url": "https://pokeapi.co/api/v2/move/516/"}, {"name": "work-up", "url": "https://pokeapi.co/api/v2/move/526/"}, {"name": "tail-slap", "url": "https://pokeapi.co/api/v2/move/541/"}, {"name": "head-charge", "url": "https://pokeapi.co/api/v2/move/543/"}, {"name": "techno-blast", "url": "https://pokeapi.co/api/v2/move/546/"}, {"name": "relic-song", "url": "https://pokeapi.co/api/v2/move/547/"}, {"name": "noble-roar", "url": "https://pokeapi.co/api/v2/move/568/"}, {"name": "boomburst", "url": "https://pokeapi.co/api/v2/move/586/"}, {"name": "play-nice", "url": "https://pokeapi.co/api/v2/move/589/"}, {"name": "confide", "url": "https://pokeapi.co/api/v2/move/590/"}, {"name": "happy-hour", "url": "https://pokeapi.co/api/v2/move/603/"}, {"name": "celebrate", "url": "https://pokeapi.co/api/v2/move/606/"}, {"name": "hold-hands", "url": "https://pokeapi.co/api/v2/move/607/"}, {"name": "hold-back", "url": "https://pokeapi.co/api/v2/move/610/"}, {"name": "breakneck-blitz--physical", "url": "https://pokeapi.co/api/v2/move/622/"}, {"name": "breakneck-blitz--special", "url": "https://pokeapi.co/api/v2/move/623/"}, {"name": "spotlight", "url": "https://pokeapi.co/api/v2/move/671/"}, {"name": "laser-focus", "url": "https://pokeapi.co/api/v2/move/673/"}, {"name": "revelation-dance", "url": "https://pokeapi.co/api/v2/move/686/"}, {"name": "pulverizing-pancake", "url": "https://pokeapi.co/api/v2/move/701/"}, {"name": "extreme-evoboost", "url": "https://pokeapi.co/api/v2/move/702/"}, {"name": "tearful-look", "url": "https://pokeapi.co/api/v2/move/715/"}, {"name": "multi-attack", "url": "https://pokeapi.co/api/v2/move/718/"}, {"name": "veevee-volley", "url": "https://pokeapi.co/api/v2/move/741/"}, {"name": "max-guard", "url": "https://pokeapi.co/api/v2/move/743/"}, {"name": "stuff-cheeks", "url": "https://pokeapi.co/api/v2/move/747/"}, {"name": "teatime", "url": "https://pokeapi.co/api/v2/move/752/"}, {"name": "court-change", "url": "https://pokeapi.co/api/v2/move/756/"}, {"name": "max-strike", "url": "https://pokeapi.co/api/v2/move/760/"}, {"name": "terrain-pulse", "url": "https://pokeapi.co/api/v2/move/805/"}, {"name": "power-shift", "url": "https://pokeapi.co/api/v2/move/829/"}, {"name": "tera-blast", "url": "https://pokeapi.co/api/v2/move/851/"}, {"name": "population-bomb", "url": "https://pokeapi.co/api/v2/move/860/"}, {"name": "revival-blessing", "url": "https://pokeapi.co/api/v2/move/863/"}, {"name": "doodle", "url": "https://pokeapi.co/api/v2/move/867/"}, {"name": "fillet-away", "url": "https://pokeapi.co/api/v2/move/868/"}, {"name": "raging-bull", "url": "https://pokeapi.co/api/v2/move/873/"}, {"name": "shed-tail", "url": "https://pokeapi.co/api/v2/move/880/"}, {"name": "tidy-up", "url": "https://pokeapi.co/api/v2/move/882/"}, {"name": "hyper-drill", "url": "https://pokeapi.co/api/v2/move/887/"}, {"name": "blood-moon", "url": "https://pokeapi.co/api/v2/move/901/"}, {"name": "tera-starstorm", "url": "https://pokeapi.co/api/v2/move/906/"}], "name": "normal", "names": [{"language": {"name": "ja-Hrkt", "url": "https://pokeapi.co/api/v2/language/1/"}, "name": "\u30ce\u30fc\u30de\u30eb"}, {"language": {"name": "ko", "url": "https://pokeapi.co/api/v2/language/3/"}, "name": "\ub178\ub9d0"}, {"language": {"name": "zh-Hant", "url": "https://pokeapi.co/api/v2/language/4/"}, "name": "\u4e00\u822c"}, {"language": {"name": "fr", "url": "https://pokeapi.co/api/v2/language/5/"}, "name": "Normal"}, {"language": {"name": "de", "url": "https://pokeapi.co/api/v2/language/6/"}, "name": "Normal"}, {"language": {"name": "es", "url": "https://pokeapi.co/api/v2/language/7/"}, "name": "Normal"}, {"language": {"name": "it", "url": "https://pokeapi.co/api/v2/language/8/"}, "name": "Normale"}, {"language": {"name": "en", "url": "https://pokeapi.co/api/v2/language/9/"}, "name": "Normal"}, {"language": {"name": "ja", "url": "https://pokeapi.co/api/v2/language/11/"}, "name": "\u30ce\u30fc\u30de\u30eb"}, {"language": {"name": "zh-Hans", "url": "https://pokeapi.co/api/v2/language/12/"}, "name": "\u4e00\u822c"}], "past_damage_relations": [], "pokemon": [{"pokemon": {"name": "pidgey", "url": "https://pokeapi.co/api/v2/pokemon/16/"}, "slot": 1}, {"pokemon": {"name": "pidgeotto", "url": "https://pokeapi.co/api/v2/pokemon/17/"}, "slot": 1}, {"pokemon": {"name": "pidgeot", "url": "https://pokeapi.co/api/v2/pokemon/18/"}, "slot": 1}, {"pokemon": {"name": "rattata", "url": "https://pokeapi.co/api/v2/pokemon/19/"}, "slot": 1}, {"pokemon": {"name": "raticate", "url": "https://pokeapi.co/api/v2/pokemon/20/"}, "slot": 1}, {"pokemon": {"name": "spearow", "url": "https://pokeapi.co/api/v2/pokemon/21/"}, "slot": 1}, {"pokemon": {"name": "fearow", "url": "https://pokeapi.co/api/v2/pokemon/22/"}, "slot": 1}, {"pokemon": {"name": "jigglypuff", "url": "https://pokeapi.co/api/v2/pokemon/39/"}, "slot": 1}, {"pokemon": {"name": "wigglytuff", "url": "https://pokeapi.co/api/v2/pokemon/40/"}, "slot": 1}, {"pokemon": {"name": "meowth", "url": "https://pokeapi.co/api/v2/pokemon/52/"}, "slot": 1}, {"pokemon": {"name": "persian", "url": "https://pokeapi.co/api/v2/pokemon/53/"}, "slot": 1}, {"pokemon": {"name": "farfetchd", "url": "https://pokeapi.co/api/v2/pokemon/83/"}, "slot": 1}, {"pokemon": {"name": "doduo", "url": "https://pokeapi.co/api/v2/pokemon/84/"}, "slot": 1}, {"pokemon": {"name": "dodrio", "url": "https://pokeapi.co/api/v2/pokemon/85/"}, "slot": 1}, {"pokemon": {"name": "lickitung", "url": "https://pokeapi.co/api/v2/pokemon/108/"}, "slot": 1}, {"pokemon": {"name": "chansey", "url": "https://pokeapi.co/api/v2/pokemon/113/"}, "slot": 1}, {"pokemon": {"name": "kangaskhan", "url": "https://pokeapi.co/api/v2/pokemon/115/"}, "slot": 1}, {"pokemon": {"name": "tauros", "url": "https://pokeapi.co/api/v2/pokemon/128/"}, "slot": 1}, {"pokemon": {"name": "ditto", "url": "https://pokeapi.co/api/v2/pokemon/132/"}, "slot": 1}, {"pokemon": {"name": "eevee", "url": "https://pokeapi.co/api/v2/pokemon/133/"}, "slot": 1}, {"pokemon": {"name": "porygon", "url": "https://pokeapi.co/api/v2/pokemon/137/"}, "slot": 1}, {"pokemon": {"name": "snorlax", "url": "https://pokeapi.co/api/v2/pokemon/143/"}, "slot": 1}, {"pokemon": {"name": "sentret", "url": "https://pokeapi.co/api/v2/pokemon/161/"}, "slot": 1}, {"pokemon": {"name": "furret", "url": "https://pokeapi.co/api/v2/pokemon/162/"}, "slot": 1}, {"pokemon": {"name": "hoothoot", "url": "https://pokeapi.co/api/v2/pokemon/163/"}, "slot": 1}, {"pokemon": {"name": "noctowl", "url": "https://pokeapi.co/api/v2/pokemon/164/"}, "slot": 1}, {"pokemon": {"name": "igglybuff", "url": "https://pokeapi.co/api/v2/pokemon/174/"}, "slot": 1}, {"pokemon": {"name": "aipom", "url": "https://pokeapi.co/api/v2/pokemon/190/"}, "slot": 1}, {"pokemon": {"name": "girafarig", "url": "https://pokeapi.co/api/v2/pokemon/203/"}, "slot": 1}, {"pokemon": {"name": "dunsparce", "url": "https://pokeapi.co/api/v2/pokemon/206/"}, "slot": 1}, {"pokemon": {"name": "teddiursa", "url": "https://pokeapi.co/api/v2/pokemon/216/"}, "slot": 1}, {"pokemon": {"name": "ursaring", "url": "https://pokeapi.co/api/v2/pokemon/217/"}, "slot": 1}, {"pokemon": {"name": "porygon2", "url": "https://pokeapi.co/api/v2/pokemon/233/"}, "slot": 1}, {"pokemon": {"name": "stantler", "url": "https://pokeapi.co/api/v2/pokemon/234/"}, "slot": 1}, {"pokemon": {"name": "smeargle", "url": "https://pokeapi.co/api/v2/pokemon/235/"}, "slot": 1}, {"pokemon": {"name": "miltank", "url": "https://pokeapi.co/api/v2/pokemon/241/"}, "slot": 1}, {"pokemon": {"name": "blissey", "url": "https://pokeapi.co/api/v2/pokemon/242/"}, "slot": 1}, {"pokemon": {"name": "zigzagoon", "url": "https://pokeapi.co/api/v2/pokemon/263/"}, "slot": 1}, {"pokemon": {"name": "linoone", "url": "https://pokeapi.co/api/v2/pokemon/264/"}, "slot": 1}, {"pokemon": {"name": "taillow", "url": "https://pokeapi.co/api/v2/pokemon/276/"}, "slot": 1}, {"pokemon": {"name": "swellow", "url": "https://pokeapi.co/api/v2/pokemon/277/"}, "slot": 1}, {"pokemon": {"name": "slakoth", "url": "https://pokeapi.co/api/v2/pokemon/287/"}, "slot": 1}, {"pokemon": {"name": "vigoroth", "url": "https://pokeapi.co/api/v2/pokemon/288/"}, "slot": 1}, {"pokemon": {"name": "slaking", "url": "https://pokeapi.co/api/v2/pokemon/289/"}, "slot": 1}, {"pokemon": {"name": "whismur", "url": "https://pokeapi.co/api/v2/pokemon/293/"}, "slot": 1}, {"pokemon": {"name": "loudred", "url": "https://pokeapi.co/api/v2/pokemon/294/"}, "slot": 1}, {"pokemon": {"name": "exploud", "url": "https://pokeapi.co/api/v2/pokemon/295/"}, "slot": 1}, {"pokemon": {"name": "azurill", "url": "https://pokeapi.co/api/v2/pokemon/298/"}, "slot": 1}, {"pokemon": {"name": "skitty", "url": "https://pokeapi.co/api/v2/pokemon/300/"}, "slot": 1}, {"pokemon": {"name": "delcatty", "url": "https://pokeapi.co/api/v2/pokemon/301/"}, "slot": 1}, {"pokemon": {"name": "spinda", "url": "https://pokeapi.co/api/v2/pokemon/327/"}, "slot": 1}, {"pokemon": {"name": "swablu", "url": "https://pokeapi.co/api/v2/pokemon/333/"}, "slot": 1}, {"pokemon": {"name": "zangoose", "url": "https://pokeapi.co/api/v2/pokemon/335/"}, "slot": 1}, {"pokemon": {"name": "castform", "url": "https://pokeapi.co/api/v2/pokemon/351/"}, "slot": 1}, {"pokemon": {"name": "kecleon", "url": "https://pokeapi.co/api/v2/pokemon/352/"}, "slot": 1}, {"pokemon": {"name": "starly", "url": "https://pokeapi.co/api/v2/pokemon/396/"}, "slot": 1}, {"pokemon": {"name": "staravia", "url": "https://pokeapi.co/api/v2/pokemon/397/"}, "slot": 1}, {"pokemon": {"name": "staraptor", "url": "https://pokeapi.co/api/v2/pokemon/398/"}, "slot": 1}, {"pokemon": {"name": "bidoof", "url": "https://pokeapi.co/api/v2/pokemon/399/"}, "slot": 1}, {"pokemon": {"name": "bibarel", "url": "https://pokeapi.co/api/v2/pokemon/400/"}, "slot": 1}, {"pokemon": {"name": "ambipom", "url": "https://pokeapi.co/api/v2/pokemon/424/"}, "slot": 1}, {"pokemon": {"name": "buneary", "url": "https://pokeapi.co/api/v2/pokemon/427/"}, "slot": 1}, {"pokemon": {"name": "lopunny", "url": "https://pokeapi.co/api/v2/pokemon/428/"}, "slot": 1}, {"pokemon": {"name": "glameow", "url": "https://pokeapi.co/api/v2/pokemon/431/"}, "slot": 1}, {"pokemon": {"name": "purugly", "url": "https://pokeapi.co/api/v2/pokemon/432/"}, "slot": 1}, {"pokemon": {"name": "happiny", "url": "https://pokeapi.co/api/v2/pokemon/440/"}, "slot": 1}, {"pokemon": {"name": "chatot", "url": "https://pokeapi.co/api/v2/pokemon/441/"}, "slot": 1}, {"pokemon": {"name": "munchlax", "url": "https://pokeapi.co/api/v2/pokemon/446/"}, "slot": 1}, {"pokemon": {"name": "lickilicky", "url": "https://pokeapi.co/api/v2/pokemon/463/"}, "slot": 1}, {"pokemon": {"name": "porygon-z", "url": "https://pokeapi.co/api/v2/pokemon/474/"}, "slot": 1}, {"pokemon": {"name": "regigigas", "url": "https://pokeapi.co/api/v2/pokemon/486/"}, "slot": 1}, {"pokemon": {"name": "arceus", "url": "https://pokeapi.co/api/v2/pokemon/493/"}, "slot": 1}, {"pokemon": {"name": "patrat", "url": "https://pokeapi.co/api/v2/pokemon/504/"}, "slot": 1}, {"pokemon": {"name": "watchog", "url": "https://pokeapi.co/api/v2/pokemon/505/"}, "slot": 1}, {"pokemon": {"name": "lillipup", "url": "https://pokeapi.co/api/v2/pokemon/506/"}, "slot": 1}, {"pokemon": {"name": "herdier", "url": "https://pokeapi.co/api/v2/pokemon/507/"}, "slot": 1}, {"pokemon": {"name": "stoutland", "url": "https://pokeapi.co/api/v2/pokemon/508/"}, "slot": 1}, {"pokemon": {"name": "pidove", "url": "https://pokeapi.co/api/v2/pokemon/519/"}, "slot": 1}, {"pokemon": {"name": "tranquill", "url": "https://pokeapi.co/api/v2/pokemon/520/"}, "slot": 1}, {"pokemon": {"name": "unfezant", "url": "https://pokeapi.co/api/v2/pokemon/521/"}, "slot": 1}, {"pokemon": {"name": "audino", "url": "https://pokeapi.co/api/v2/pokemon/531/"}, "slot": 1}, {"pokemon": {"name": "minccino", "url": "https://pokeapi.co/api/v2/pokemon/572/"}, "slot": 1}, {"pokemon": {"name": "cinccino", "url": "https://pokeapi.co/api/v2/pokemon/573/"}, "slot": 1}, {"pokemon": {"name": "deerling", "url": "https://pokeapi.co/api/v2/pokemon/585/"}, "slot": 1}, {"pokemon": {"name": "sawsbuck", "url": "https://pokeapi.co/api/v2/pokemon/586/"}, "slot": 1}, {"pokemon": {"name": "bouffalant", "url": "https://pokeapi.co/api/v2/pokemon/626/"}, "slot": 1}, {"pokemon": {"name": "rufflet", "url": "https://pokeapi.co/api/v2/pokemon/627/"}, "slot": 1}, {"pokemon": {"name": "braviary", "url": "https://pokeapi.co/api/v2/pokemon/628/"}, "slot": 1}, {"pokemon": {"name": "meloetta-aria", "url": "https://pokeapi.co/api/v2/pokemon/648/"}, "slot": 1}, {"pokemon": {"name": "bunnelby", "url": "https://pokeapi.co/api/v2/pokemon/659/"}, "slot": 1}, {"pokemon": {"name": "diggersby", "url": "https://pokeapi.co/api/v2/pokemon/660/"}, "slot": 1}, {"pokemon": {"name": "fletchling", "url": "https://pokeapi.co/api/v2/pokemon/661/"}, "slot": 1}, {"pokemon": {"name": "litleo", "url": "https://pokeapi.co/api/v2/pokemon/667/"}, "slot": 2}, {"pokemon": {"name": "pyroar", "url": "https://pokeapi.co/api/v2/pokemon/668/"}, "slot": 2}, {"pokemon": {"name": "furfrou", "url": "https://pokeapi.co/api/v2/pokemon/676/"}, "slot": 1}, {"pokemon": {"name": "helioptile", "url": "https://pokeapi.co/api/v2/pokemon/694/"}, "slot": 2}, {"pokemon": {"name": "heliolisk", "url": "https://pokeapi.co/api/v2/pokemon/695/"}, "slot": 2}, {"pokemon": {"name": "pikipek", "url": "https://pokeapi.co/api/v2/pokemon/731/"}, "slot": 1}, {"pokemon": {"name": "trumbeak", "url": "https://pokeapi.co/api/v2/pokemon/732/"}, "slot": 1}, {"pokemon": {"name": "toucannon", "url": "https://pokeapi.co/api/v2/pokemon/733/"}, "slot": 1}, {"pokemon": {"name": "yungoos", "url": "https://pokeapi.co/api/v2/pokemon/734/"}, "slot": 1}, {"pokemon": {"name": "gumshoos", "url": "https://pokeapi.co/api/v2/pokemon/735/"}, "slot": 1}, {"pokemon": {"name": "stufful", "url": "https://pokeapi.co/api/v2/pokemon/759/"}, "slot": 1}, {"pokemon": {"name": "bewear", "url": "https://pokeapi.co/api/v2/pokemon/760/"}, "slot": 1}, {"pokemon": {"name": "oranguru", "url": "https://pokeapi.co/api/v2/pokemon/765/"}, "slot": 1}, {"pokemon": {"name": "type-null", "url": "https://pokeapi.co/api/v2/pokemon/772/"}, "slot": 1}, {"pokemon": {"name": "silvally", "url": "https://pokeapi.co/api/v2/pokemon/773/"}, "slot": 1}, {"pokemon": {"name": "komala", "url": "https://pokeapi.co/api/v2/pokemon/775/"}, "slot": 1}, {"pokemon": {"name": "drampa", "url": "https://pokeapi.co/api/v2/pokemon/780/"}, "slot": 1}, {"pokemon": {"name": "skwovet", "url": "https://pokeapi.co/api/v2/pokemon/819/"}, "slot": 1}, {"pokemon": {"name": "greedent", "url": "https://pokeapi.co/api/v2/pokemon/820/"}, "slot": 1}, {"pokemon": {"name": "wooloo", "url": "https://pokeapi.co/api/v2/pokemon/831/"}, "slot": 1}, {"pokemon": {"name": "dubwool", "url": "https://pokeapi.co/api/v2/pokemon/832/"}, "slot": 1}, {"pokemon": {"name": "obstagoon", "url": "https://pokeapi.co/api/v2/pokemon/862/"}, "slot": 2}, {"pokemon": {"name": "indeedee-male", "url": "https://pokeapi.co/api/v2/pokemon/876/"}, "slot": 2}, {"pokemon": {"name": "wyrdeer", "url": "https://pokeapi.co/api/v2/pokemon/899/"}, "slot": 1}, {"pokemon": {"name": "ursaluna", "url": "https://pokeapi.co/api/v2/pokemon/901/"}, "slot": 2}, {"pokemon": {"name": "lechonk", "url": "https://pokeapi.co/api/v2/pokemon/915/"}, "slot": 1}, {"pokemon": {"name": "oinkologne", "url": "https://pokeapi.co/api/v2/pokemon/916/"}, "slot": 1}, {"pokemon": {"name": "tandemaus", "url": "https://pokeapi.co/api/v2/pokemon/924/"}, "slot": 1}, {"pokemon": {"name": "maushold", "url": "https://pokeapi.co/api/v2/pokemon/925/"}, "slot": 1}, {"pokemon": {"name": "smoliv", "url": "https://pokeapi.co/api/v2/pokemon/928/"}, "slot": 2}, {"pokemon": {"name": "dolliv", "url": "https://pokeapi.co/api/v2/pokemon/929/"}, "slot": 2}, {"pokemon": {"name": "arboliva", "url": "https://pokeapi.co/api/v2/pokemon/930/"}, "slot": 2}, {"pokemon": {"name": "squawkabilly", "url": "https://pokeapi.co/api/v2/pokemon/931/"}, "slot": 1}, {"pokemon": {"name": "shroodle", "url": "https://pokeapi.co/api/v2/pokemon/944/"}, "slot": 2}, {"pokemon": {"name": "grafaiai", "url": "https://pokeapi.co/api/v2/pokemon/945/"}, "slot": 2}, {"pokemon": {"name": "cyclizar", "url": "https://pokeapi.co/api/v2/pokemon/967/"}, "slot": 2}, {"pokemon": {"name": "farigiraf", "url": "https://pokeapi.co/api/v2/pokemon/981/"}, "slot": 1}, {"pokemon": {"name": "dudunsparce", "url": "https://pokeapi.co/api/v2/pokemon/982/"}, "slot": 1}, {"pokemon": {"name": "terapagos", "url": "https://pokeapi.co/api/v2/pokemon/1024/"}, "slot": 1}, {"pokemon": {"name": "meloetta-pirouette", "url": "https://pokeapi.co/api/v2/pokemon/10018/"}, "slot": 1}, {"pokemon": {"name": "kangaskhan-mega", "url": "https://pokeapi.co/api/v2/pokemon/10039/"}, "slot": 1}, {"pokemon": {"name": "audino-mega", "url": "https://pokeapi.co/api/v2/pokemon/10069/"}, "slot": 1}, {"pokemon": {"name": "pidgeot-mega", "url": "https://pokeapi.co/api/v2/pokemon/10073/"}, "slot": 1}, {"pokemon": {"name": "lopunny-mega", "url": "https://pokeapi.co/api/v2/pokemon/10088/"}, "slot": 1}, {"pokemon": {"name": "rattata-alola", "url": "https://pokeapi.co/api/v2/pokemon/10091/"}, "slot": 2}, {"pokemon": {"name": "raticate-alola", "url": "https://pokeapi.co/api/v2/pokemon/10092/"}, "slot": 2}, {"pokemon": {"name": "raticate-totem-alola", "url": "https://pokeapi.co/api/v2/pokemon/10093/"}, "slot": 2}, {"pokemon": {"name": "gumshoos-totem", "url": "https://pokeapi.co/api/v2/pokemon/10121/"}, "slot": 1}, {"pokemon": {"name": "eevee-starter", "url": "https://pokeapi.co/api/v2/pokemon/10159/"}, "slot": 1}, {"pokemon": {"name": "zigzagoon-galar", "url": "https://pokeapi.co/api/v2/pokemon/10174/"}, "slot": 2}, {"pokemon": {"name": "linoone-galar", "url": "https://pokeapi.co/api/v2/pokemon/10175/"}, "slot": 2}, {"pokemon": {"name": "indeedee-female", "url": "https://pokeapi.co/api/v2/pokemon/10186/"}, "slot": 2}, {"pokemon": {"name": "meowth-gmax", "url": "https://pokeapi.co/api/v2/pokemon/10200/"}, "slot": 1}, {"pokemon": {"name": "eevee-gmax", "url": "https://pokeapi.co/api/v2/pokemon/10205/"}, "slot": 1}, {"pokemon": {"name": "snorlax-gmax", "url": "https://pokeapi.co/api/v2/pokemon/10206/"}, "slot": 1}, {"pokemon": {"name": "zorua-hisui", "url": "https://pokeapi.co/api/v2/pokemon/10238/"}, "slot": 1}, {"pokemon": {"name": "zoroark-hisui", "url": "https://pokeapi.co/api/v2/pokemon/10239/"}, "slot": 1}, {"pokemon": {"name": "oinkologne-female", "url": "https://pokeapi.co/api/v2/pokemon/10254/"}, "slot": 1}, {"pokemon": {"name": "dudunsparce-three-segment", "url": "https://pokeapi.co/api/v2/pokemon/10255/"}, "slot": 1}, {"pokemon": {"name": "maushold-family-of-three", "url": "https://pokeapi.co/api/v2/pokemon/10257/"}, "slot": 1}, {"pokemon": {"name": "squawkabilly-blue-plumage", "url": "https://pokeapi.co/api/v2/pokemon/10260/"}, "slot": 1}, {"pokemon": {"name": "squawkabilly-yellow-plumage", "url": "https://pokeapi.co/api/v2/pokemon/10261/"}, "slot": 1}, {"pokemon": {"name": "squawkabilly-white-plumage", "url": "https://pokeapi.co/api/v2/pokemon/10262/"}, "slot": 1}, {"pokemon": {"name": "ursaluna-bloodmoon", "url": "https://pokeapi.co/api/v2/pokemon/10272/"}, "slot": 2}, {"pokemon": {"name": "terapagos-terastal", "url": "https://pokeapi.co/api/v2/pokemon/10276/"}, "slot": 1}, {"pokemon": {"name": "terapagos-stellar", "url": "https://pokeapi.co/api/v2/pokemon/10277/"}, "slot": 1}]}