{"damage_relations": {"double_damage_from": [{"name": "ground", "url": "https://pokeapi.co/api/v2/type/5/"}, {"name": "psychic", "url": "https://pokeapi.co/api/v2/type/14/"}], "double_damage_to": [{"name": "grass", "url": "https://pokeapi.co/api/v2/type/12/"}, {"name": "fairy", "url": "https://pokeapi.co/api/v2/type/18/"}], "half_damage_from": [{"name": "fighting", "url": "https://pokeapi.co/api/v2/type/2/"}, {"name": "poison", "url": "https://pokeapi.co/api/v2/type/4/"}, {"name": "bug", "url": "https://pokeapi.co/api/v2/type/7/"}, {"name": "grass", "url": "https://pokeapi.co/api/v2/type/12/"}, {"name": "fairy", "url": "https://pokeapi.co/api/v2/type/18/"}], "half_damage_to": [{"name": "poison", "url": "https://pokeapi.co/api/v2/type/4/"}, {"name": "ground", "url": "https://pokeapi.co/api/v2/type/5/"}, {"name": "rock", "url": "https://pokeapi.co/api/v2/type/6/"}, {"name": "ghost", "url": "https://pokeapi.co/api/v2/type/8/"}], "no_damage_from": [], "no_damage_to": [{"name": "steel", "url": "https://pokeapi.co/api/v2/type/9/"}]}, "game_indices": [{"game_index": 3, "generation": {"name": "generation-i", "url": "https://pokeapi.co/api/v2/generation/1/"}}, {"game_index": 3, "generation": {"name": "generation-ii", "url": "https://pokeapi.co/api/v2/generation/2/"}}, {"game_index": 3, "generation": {"name": "generation-iii", "url": "https://pokeapi.co/api/v2/generation/3/"}}, {"game_index": 3, "generation": {"name": "generation-iv", "url": "https://pokeapi.co/api/v2/generation/4/"}}, {"game_index": 3, "generation": {"name": "generation-v", "url": "https://pokeapi.co/api/v2/generation/5/"}}, {"game_index": 3, "generation": {"name": "generation-vi", "url": "https://pokeapi.co/api/v2/generation/6/"}}], "generation": {"name": "generation-i", "url": "https://pokeapi.co/api/v2/generation/1/"}, "id": 4, "move_damage_class": {"name": "physical", "url": "https://pokeapi.co/api/v2/move-damage-class/2/"}, "moves": [{"name": "poison-sting", "url": "https://pokeapi.co/api/v2/move/40/"}, {"name": "acid", "url": "https://pokeapi.co/api/v2/move/51/"}, {"name": "poison-powder", "url": "https://pokeapi.co/api/v2/move/77/"}, {"name": "toxic", "url": "https://pokeapi.co/api/v2/move/92/"}, {"name": "smog", "url": "https://pokeapi.co/api/v2/move/123/"}, {"name": "sludge", "url": "https://pokeapi.co/api/v2/move/124/"}, {"name": "poison-gas", "url": "https://pokeapi.co/api/v2/move/139/"}, {"name": "acid-armor", "url": "https://pokeapi.co/api/v2/move/151/"}, {"name": "sludge-bomb", "url": "https://pokeapi.co/api/v2/move/188/"}, {"name": "poison-fang", "url": "https://pokeapi.co/api/v2/move/305/"}, {"name": "poison-tail", "url": "https://pokeapi.co/api/v2/move/342/"}, {"name": "gastro-acid", "url": "https://pokeapi.co/api/v2/move/380/"}, {"name": "toxic-spikes", "url": "https://pokeapi.co/api/v2/move/390/"}, {"name": "poison-jab", "url": "https://pokeapi.co/api/v2/move/398/"}, {"name": "cross-poison", "url": "https://pokeapi.co/api/v2/move/440/"}, {"name": "gunk-shot", "url": "https://pokeapi.co/api/v2/move/441/"}, {"name": "venoshock", "url": "https://pokeapi.co/api/v2/move/474/"}, {"name": "sludge-wave", "url": "https://pokeapi.co/api/v2/move/482/"}, {"name": "coil", "url": "https://pokeapi.co/api/v2/move/489/"}, {"name": "acid-spray", "url": "https://pokeapi.co/api/v2/move/491/"}, {"name": "clear-smog", "url": "https://pokeapi.co/api/v2/move/499/"}, {"name": "belch", "url": "https://pokeapi.co/api/v2/move/562/"}, {"name": "venom-drench", "url": "https://pokeapi.co/api/v2/move/599/"}, {"name": "acid-downpour--physical", "url": "https://pokeapi.co/api/v2/move/628/"}, {"name": "acid-downpour--special", "url": "https://pokeapi.co/api/v2/move/629/"}, {"name": "baneful-bunker", "url": "https://pokeapi.co/api/v2/move/661/"}, {"name": "toxic-thread", "url": "https://pokeapi.co/api/v2/move/672/"}, {"name": "purify", "url": "https://pokeapi.co/api/v2/move/685/"}, {"name": "max-ooze", "url": "https://pokeapi.co/api/v2/move/764/"}, {"name": "shell-side-arm", "url": "https://pokeapi.co/api/v2/move/801/"}, {"name": "corrosive-gas", "url": "https://pokeapi.co/api/v2/move/810/"}, {"name": "dire-claw", "url": "https://pokeapi.co/api/v2/move/827/"}, {"name": "barb-barrage", "url": "https://pokeapi.co/api/v2/move/839/"}, {"name": "mortal-spin", "url": "https://pokeapi.co/api/v2/move/866/"}, {"name": "noxious-torque", "url": "https://pokeapi.co/api/v2/move/898/"}, {"name": "malignant-chain", "url": "https://pokeapi.co/api/v2/move/919/"}], "name": "poison", "names": [{"language": {"name": "ja-Hrkt", "url": "https://pokeapi.co/api/v2/language/1/"}, "name": "\u3069\u304f"}, {"language": {"name": "ko", "url": "https://pokeapi.co/api/v2/language/3/"}, "name": "\ub3c5"}, {"language": {"name": "zh-Hant", "url": "https://pokeapi.co/api/v2/language/4/"}, "name": "\u6bd2"}, {"language": {"name": "fr", "url": "https://pokeapi.co/api/v2/language/5/"}, "name": "Poison"}, {"language": {"name": "de", "url": "https://pokeapi.co/api/v2/language/6/"}, "name": "Gift"}, {"language": {"name": "es", "url": "https://pokeapi.co/api/v2/language/7/"}, "name": "Veneno"}, {"language": {"name": "it", "url": "https://pokeapi.co/api/v2/language/8/"}, "name": "Veleno"}, {"language": {"name": "en", "url": "https://pokeapi.co/api/v2/language/9/"}, "name": "Poison"}, {"language": {"name": "ja", "url": "https://pokeapi.co/api/v2/language/11/"}, "name": "\u3069\u304f"}, {"language": {"name": "zh-Hans", "url": "https://pokeapi.co/api/v2/language/12/"}, "name": "\u6bd2"}], "past_damage_relations": [{"damage_relations": {"double_damage_from": [{"name": "ground", "url": "https://pokeapi.co/api/v2/type/5/"}, {"name": "psychic", "url": "https://pokeapi.co/api/v2/type/14/"}, {"name": "bug", "url": "https://pokeapi.co/api/v2/type/7/"}], "double_damage_to": [{"name": "grass", "url": "https://pokeapi.co/api/v2/type/12/"}, {"name": "bug", "url": "https://pokeapi.co/api/v2/type/7/"}], "half_damage_from": [{"name": "fighting", "url": "https://pokeapi.co/api/v2/type/2/"}, {"name": "poison", "url": "https://pokeapi.co/api/v2/type/4/"}, {"name": "grass", "url": "https://pokeapi.co/api/v2/type/12/"}], "half_damage_to": [{"name": "poison", "url": "https://pokeapi.co/api/v2/type/4/"}, {"name": "ground", "url": "https://pokeapi.co/api/v2/type/5/"}, {"name": "rock", "url": "https://pokeapi.co/api/v2/type/6/"}, {"name": "ghost", "url": "https://pokeapi.co/api/v2/type/8/"}], "no_damage_from": [], "no_damage_to": []}, "generation": {"name": "generation-i", "url": "https://pokeapi.co/api/v2/generation/1/"}}], "pokemon": [{"pokemon": {"name": "bulbasaur", "url": "https://pokeapi.co/api/v2/pokemon/1/"}, "slot": 2}, {"pokemon": {"name": "ivysaur", "url": "https://pokeapi.co/api/v2/pokemon/2/"}, "slot": 2}, {"pokemon": {"name": "venusaur", "url": "https://pokeapi.co/api/v2/pokemon/3/"}, "slot": 2}, {"pokemon": {"name": "weedle", "url": "https://pokeapi.co/api/v2/pokemon/13/"}, "slot": 2}, {"pokemon": {"name": "kakuna", "url": "https://pokeapi.co/api/v2/pokemon/14/"}, "slot": 2}, {"pokemon": {"name": "beedrill", "url": "https://pokeapi.co/api/v2/pokemon/15/"}, "slot": 2}, {"pokemon": {"name": "ekans", "url": "https://pokeapi.co/api/v2/pokemon/23/"}, "slot": 1}, {"pokemon": {"name": "arbok", "url": "https://pokeapi.co/api/v2/pokemon/24/"}, "slot": 1}, {"pokemon": {"name": "nidoran-f", "url": "https://pokeapi.co/api/v2/pokemon/29/"}, "slot": 1}, {"pokemon": {"name": "nidorina", "url": "https://pokeapi.co/api/v2/pokemon/30/"}, "slot": 1}, {"pokemon": {"name": "nidoqueen", "url": "https://pokeapi.co/api/v2/pokemon/31/"}, "slot": 1}, {"pokemon": {"name": "nidoran-m", "url": "https://pokeapi.co/api/v2/pokemon/32/"}, "slot": 1}, {"pokemon": {"name": "nidorino", "url": "https://pokeapi.co/api/v2/pokemon/33/"}, "slot": 1}, {"pokemon": {"name": "nidoking", "url": "https://pokeapi.co/api/v2/pokemon/34/"}, "slot": 1}, {"pokemon": {"name": "zubat", "url": "https://pokeapi.co/api/v2/pokemon/41/"}, "slot": 1}, {"pokemon": {"name": "golbat", "url": "https://pokeapi.co/api/v2/pokemon/42/"}, "slot": 1}, {"pokemon": {"name": "oddish", "url": "https://pokeapi.co/api/v2/pokemon/43/"}, "slot": 2}, {"pokemon": {"name": "gloom", "url": "https://pokeapi.co/api/v2/pokemon/44/"}, "slot": 2}, {"pokemon": {"name": "vileplume", "url": "https://pokeapi.co/api/v2/pokemon/45/"}, "slot": 2}, {"pokemon": {"name": "venonat", "url": "https://pokeapi.co/api/v2/pokemon/48/"}, "slot": 2}, {"pokemon": {"name": "venomoth", "url": "https://pokeapi.co/api/v2/pokemon/49/"}, "slot": 2}, {"pokemon": {"name": "bellsprout", "url": "https://pokeapi.co/api/v2/pokemon/69/"}, "slot": 2}, {"pokemon": {"name": "weepinbell", "url": "https://pokeapi.co/api/v2/pokemon/70/"}, "slot": 2}, {"pokemon": {"name": "victreebel", "url": "https://pokeapi.co/api/v2/pokemon/71/"}, "slot": 2}, {"pokemon": {"name": "tentacool", "url": "https://pokeapi.co/api/v2/pokemon/72/"}, "slot": 2}, {"pokemon": {"name": "tentacruel", "url": "https://pokeapi.co/api/v2/pokemon/73/"}, "slot": 2}, {"pokemon": {"name": "grimer", "url": "https://pokeapi.co/api/v2/pokemon/88/"}, "slot": 1}, {"pokemon": {"name": "muk", "url": "https://pokeapi.co/api/v2/pokemon/89/"}, "slot": 1}, {"pokemon": {"name": "gastly", "url": "https://pokeapi.co/api/v2/pokemon/92/"}, "slot": 2}, {"pokemon": {"name": "haunter", "url": "https://pokeapi.co/api/v2/pokemon/93/"}, "slot": 2}, {"pokemon": {"name": "gengar", "url": "https://pokeapi.co/api/v2/pokemon/94/"}, "slot": 2}, {"pokemon": {"name": "koffing", "url": "https://pokeapi.co/api/v2/pokemon/109/"}, "slot": 1}, {"pokemon": {"name": "weezing", "url": "https://pokeapi.co/api/v2/pokemon/110/"}, "slot": 1}, {"pokemon": {"name": "spinarak", "url": "https://pokeapi.co/api/v2/pokemon/167/"}, "slot": 2}, {"pokemon": {"name": "ariados", "url": "https://pokeapi.co/api/v2/pokemon/168/"}, "slot": 2}, {"pokemon": {"name": "crobat", "url": "https://pokeapi.co/api/v2/pokemon/169/"}, "slot": 1}, {"pokemon": {"name": "qwilfish", "url": "https://pokeapi.co/api/v2/pokemon/211/"}, "slot": 2}, {"pokemon": {"name": "dustox", "url": "https://pokeapi.co/api/v2/pokemon/269/"}, "slot": 2}, {"pokemon": {"name": "roselia", "url": "https://pokeapi.co/api/v2/pokemon/315/"}, "slot": 2}, {"pokemon": {"name": "gulpin", "url": "https://pokeapi.co/api/v2/pokemon/316/"}, "slot": 1}, {"pokemon": {"name": "swalot", "url": "https://pokeapi.co/api/v2/pokemon/317/"}, "slot": 1}, {"pokemon": {"name": "seviper", "url": "https://pokeapi.co/api/v2/pokemon/336/"}, "slot": 1}, {"pokemon": {"name": "budew", "url": "https://pokeapi.co/api/v2/pokemon/406/"}, "slot": 2}, {"pokemon": {"name": "roserade", "url": "https://pokeapi.co/api/v2/pokemon/407/"}, "slot": 2}, {"pokemon": {"name": "stunky", "url": "https://pokeapi.co/api/v2/pokemon/434/"}, "slot": 1}, {"pokemon": {"name": "skuntank", "url": "https://pokeapi.co/api/v2/pokemon/435/"}, "slot": 1}, {"pokemon": {"name": "skorupi", "url": "https://pokeapi.co/api/v2/pokemon/451/"}, "slot": 1}, {"pokemon": {"name": "drapion", "url": "https://pokeapi.co/api/v2/pokemon/452/"}, "slot": 1}, {"pokemon": {"name": "croagunk", "url": "https://pokeapi.co/api/v2/pokemon/453/"}, "slot": 1}, {"pokemon": {"name": "toxicroak", "url": "https://pokeapi.co/api/v2/pokemon/454/"}, "slot": 1}, {"pokemon": {"name": "venipede", "url": "https://pokeapi.co/api/v2/pokemon/543/"}, "slot": 2}, {"pokemon": {"name": "whirlipede", "url": "https://pokeapi.co/api/v2/pokemon/544/"}, "slot": 2}, {"pokemon": {"name": "scolipede", "url": "https://pokeapi.co/api/v2/pokemon/545/"}, "slot": 2}, {"pokemon": {"name": "trubbish", "url": "https://pokeapi.co/api/v2/pokemon/568/"}, "slot": 1}, {"pokemon": {"name": "garbodor", "url": "https://pokeapi.co/api/v2/pokemon/569/"}, "slot": 1}, {"pokemon": {"name": "foongus", "url": "https://pokeapi.co/api/v2/pokemon/590/"}, "slot": 2}, {"pokemon": {"name": "amoonguss", "url": "https://pokeapi.co/api/v2/pokemon/591/"}, "slot": 2}, {"pokemon": {"name": "skrelp", "url": "https://pokeapi.co/api/v2/pokemon/690/"}, "slot": 1}, {"pokemon": {"name": "dragalge", "url": "https://pokeapi.co/api/v2/pokemon/691/"}, "slot": 1}, {"pokemon": {"name": "mareanie", "url": "https://pokeapi.co/api/v2/pokemon/747/"}, "slot": 1}, {"pokemon": {"name": "toxapex", "url": "https://pokeapi.co/api/v2/pokemon/748/"}, "slot": 1}, {"pokemon": {"name": "salandit", "url": "https://pokeapi.co/api/v2/pokemon/757/"}, "slot": 1}, {"pokemon": {"name": "salazzle", "url": "https://pokeapi.co/api/v2/pokemon/758/"}, "slot": 1}, {"pokemon": {"name": "nihilego", "url": "https://pokeapi.co/api/v2/pokemon/793/"}, "slot": 2}, {"pokemon": {"name": "poipole", "url": "https://pokeapi.co/api/v2/pokemon/803/"}, "slot": 1}, {"pokemon": {"name": "naganadel", "url": "https://pokeapi.co/api/v2/pokemon/804/"}, "slot": 1}, {"pokemon": {"name": "toxel", "url": "https://pokeapi.co/api/v2/pokemon/848/"}, "slot": 2}, {"pokemon": {"name": "toxtricity-amped", "url": "https://pokeapi.co/api/v2/pokemon/849/"}, "slot": 2}, {"pokemon": {"name": "eternatus", "url": "https://pokeapi.co/api/v2/pokemon/890/"}, "slot": 1}, {"pokemon": {"name": "sneasler", "url": "https://pokeapi.co/api/v2/pokemon/903/"}, "slot": 2}, {"pokemon": {"name": "overqwil", "url": "https://pokeapi.co/api/v2/pokemon/904/"}, "slot": 2}, {"pokemon": {"name": "shroodle", "url": "https://pokeapi.co/api/v2/pokemon/944/"}, "slot": 1}, {"pokemon": {"name": "grafaiai", "url": "https://pokeapi.co/api/v2/pokemon/945/"}, "slot": 1}, {"pokemon": {"name": "varoom", "url": "https://pokeapi.co/api/v2/pokemon/965/"}, "slot": 2}, {"pokemon": {"name": "revavroom", "url": "https://pokeapi.co/api/v2/pokemon/966/"}, "slot": 2}, {"pokemon": {"name": "glimmet", "url": "https://pokeapi.co/api/v2/pokemon/969/"}, "slot": 2}, {"pokemon": {"name": "glimmora", "url": "https://pokeapi.co/api/v2/pokemon/970/"}, "slot": 2}, {"pokemon": {"name": "clodsire", "url": "https://pokeapi.co/api/v2/pokemon/980/"}, "slot": 1}, {"pokemon": {"name": "iron-moth", "url": "https://pokeapi.co/api/v2/pokemon/994/"}, "slot": 2}, {"pokemon": {"name": "okidogi", "url": "https://pokeapi.co/api/v2/pokemon/1014/"}, "slot": 1}, {"pokemon": {"name": "munkidori", "url": "https://pokeapi.co/api/v2/pokemon/1015/"}, "slot": 1}, {"pokemon": {"name": "fezandipiti", "url": "https://pokeapi.co/api/v2/pokemon/1016/"}, "slot": 1}, {"pokemon": {"name": "pecharunt", "url": "https://pokeapi.co/api/v2/pokemon/1025/"}, "slot": 1}, {"pokemon": {"name": "venusaur-mega", "url": "https://pokeapi.co/api/v2/pokemon/10033/"}, "slot": 2}, {"pokemon": {"name": "gengar-mega", "url": "https://pokeapi.co/api/v2/pokemon/10038/"}, "slot": 2}, {"pokemon": {"name": "beedrill-mega", "url": "https://pokeapi.co/api/v2/pokemon/10090/"}, "slot": 2}, {"pokemon": {"name": "grimer-alola", "url": "https://pokeapi.co/api/v2/pokemon/10112/"}, "slot": 1}, {"pokemon": {"name": "muk-alola", "url": "https://pokeapi.co/api/v2/pokemon/10113/"}, "slot": 1}, {"pokemon": {"name": "salazzle-totem", "url": "https://pokeapi.co/api/v2/pokemon/10129/"}, "slot": 1}, {"pokemon": {"name": "slowbro-galar", "url": "https://pokeapi.co/api/v2/pokemon/10165/"}, "slot": 1}, {"pokemon": {"name": "weezing-galar", "url": "https://pokeapi.co/api/v2/pokemon/10167/"}, "slot": 1}, {"pokemon": {"name": "slowking-galar", "url": "https://pokeapi.co/api/v2/pokemon/10172/"}, "slot": 1}, {"pokemon": {"name": "toxtricity-low-key", "url": "https://pokeapi.co/api/v2/pokemon/10184/"}, "slot": 2}, {"pokemon": {"name": "eternatus-eternamax", "url": "https://pokeapi.co/api/v2/pokemon/10190/"}, "slot": 1}, {"pokemon": {"name": "venusaur-gmax", "url": "https://pokeapi.co/api/v2/pokemon/10195/"}, "slot": 2}, {"pokemon": {"name": "gengar-gmax", "url": "https://pokeapi.co/api/v2/pokemon/10202/"}, "slot": 2}, {"pokemon": {"name": "garbodor-gmax", "url": "https://pokeapi.co/api/v2/pokemon/10207/"}, "slot": 1}, {"pokemon": {"name": "toxtricity-amped-gmax", "url": "https://pokeapi.co/api/v2/pokemon/10219/"}, "slot": 2}, {"pokemon": {"name": "toxtricity-low-key-gmax", "url": "https://pokeapi.co/api/v2/pokemon/10228/"}, "slot": 2}, {"pokemon": {"name": "qwilfish-hisui", "url": "https://pokeapi.co/api/v2/pokemon/10234/"}, "slot": 2}, {"pokemon": {"name": "sneasel-hisui", "url": "https://pokeapi.co/api/v2/pokemon/10235/"}, "slot": 2}, {"pokemon": {"name": "wooper-paldea", "url": "https://pokeapi.co/api/v2/pokemon/10253/"}, "slot": 1}]}