{"damage_relations": {"double_damage_from": [{"name": "bug", "url": "https://pokeapi.co/api/v2/type/7/"}, {"name": "ghost", "url": "https://pokeapi.co/api/v2/type/8/"}, {"name": "dark", "url": "https://pokeapi.co/api/v2/type/17/"}], "double_damage_to": [{"name": "fighting", "url": "https://pokeapi.co/api/v2/type/2/"}, {"name": "poison", "url": "https://pokeapi.co/api/v2/type/4/"}], "half_damage_from": [{"name": "fighting", "url": "https://pokeapi.co/api/v2/type/2/"}, {"name": "psychic", "url": "https://pokeapi.co/api/v2/type/14/"}], "half_damage_to": [{"name": "steel", "url": "https://pokeapi.co/api/v2/type/9/"}, {"name": "psychic", "url": "https://pokeapi.co/api/v2/type/14/"}], "no_damage_from": [], "no_damage_to": [{"name": "dark", "url": "https://pokeapi.co/api/v2/type/17/"}]}, "game_indices": [{"game_index": 24, "generation": {"name": "generation-i", "url": "https://pokeapi.co/api/v2/generation/1/"}}, {"game_index": 24, "generation": {"name": "generation-ii", "url": "https://pokeapi.co/api/v2/generation/2/"}}, {"game_index": 14, "generation": {"name": "generation-iii", "url": "https://pokeapi.co/api/v2/generation/3/"}}, {"game_index": 14, "generation": {"name": "generation-iv", "url": "https://pokeapi.co/api/v2/generation/4/"}}, {"game_index": 13, "generation": {"name": "generation-v", "url": "https://pokeapi.co/api/v2/generation/5/"}}, {"game_index": 13, "generation": {"name": "generation-vi", "url": "https://pokeapi.co/api/v2/generation/6/"}}], "generation": {"name": "generation-i", "url": "https://pokeapi.co/api/v2/generation/1/"}, "id": 14, "move_damage_class": {"name": "special", "url": "https://pokeapi.co/api/v2/move-damage-class/3/"}, "moves": [{"name": "psybeam", "url": "https://pokeapi.co/api/v2/move/60/"}, {"name": "confusion", "url": "https://pokeapi.co/api/v2/move/93/"}, {"name": "psychic", "url": "https://pokeapi.co/api/v2/move/94/"}, {"name": "hypnosis", "url": "https://pokeapi.co/api/v2/move/95/"}, {"name": "meditate", "url": "https://pokeapi.co/api/v2/move/96/"}, {"name": "agility", "url": "https://pokeapi.co/api/v2/move/97/"}, {"name": "teleport", "url": "https://pokeapi.co/api/v2/move/100/"}, {"name": "barrier", "url": "https://pokeapi.co/api/v2/move/112/"}, {"name": "light-screen", "url": "https://pokeapi.co/api/v2/move/113/"}, {"name": "reflect", "url": "https://pokeapi.co/api/v2/move/115/"}, {"name": "amnesia", "url": "https://pokeapi.co/api/v2/move/133/"}, {"name": "kinesis", "url": "https://pokeapi.co/api/v2/move/134/"}, {"name": "dream-eater", "url": "https://pokeapi.co/api/v2/move/138/"}, {"name": "psywave", "url": "https://pokeapi.co/api/v2/move/149/"}, {"name": "rest", "url": "https://pokeapi.co/api/v2/move/156/"}, {"name": "mirror-coat", "url": "https://pokeapi.co/api/v2/move/243/"}, {"name": "future-sight", "url": "https://pokeapi.co/api/v2/move/248/"}, {"name": "trick", "url": "https://pokeapi.co/api/v2/move/271/"}, {"name": "role-play", "url": "https://pokeapi.co/api/v2/move/272/"}, {"name": "magic-coat", "url": "https://pokeapi.co/api/v2/move/277/"}, {"name": "skill-swap", "url": "https://pokeapi.co/api/v2/move/285/"}, {"name": "imprison", "url": "https://pokeapi.co/api/v2/move/286/"}, {"name": "luster-purge", "url": "https://pokeapi.co/api/v2/move/295/"}, {"name": "mist-ball", "url": "https://pokeapi.co/api/v2/move/296/"}, {"name": "cosmic-power", "url": "https://pokeapi.co/api/v2/move/322/"}, {"name": "extrasensory", "url": "https://pokeapi.co/api/v2/move/326/"}, {"name": "calm-mind", "url": "https://pokeapi.co/api/v2/move/347/"}, {"name": "psycho-boost", "url": "https://pokeapi.co/api/v2/move/354/"}, {"name": "gravity", "url": "https://pokeapi.co/api/v2/move/356/"}, {"name": "miracle-eye", "url": "https://pokeapi.co/api/v2/move/357/"}, {"name": "healing-wish", "url": "https://pokeapi.co/api/v2/move/361/"}, {"name": "psycho-shift", "url": "https://pokeapi.co/api/v2/move/375/"}, {"name": "heal-block", "url": "https://pokeapi.co/api/v2/move/377/"}, {"name": "power-trick", "url": "https://pokeapi.co/api/v2/move/379/"}, {"name": "power-swap", "url": "https://pokeapi.co/api/v2/move/384/"}, {"name": "guard-swap", "url": "https://pokeapi.co/api/v2/move/385/"}, {"name": "heart-swap", "url": "https://pokeapi.co/api/v2/move/391/"}, {"name": "psycho-cut", "url": "https://pokeapi.co/api/v2/move/427/"}, {"name": "zen-headbutt", "url": "https://pokeapi.co/api/v2/move/428/"}, {"name": "trick-room", "url": "https://pokeapi.co/api/v2/move/433/"}, {"name": "lunar-dance", "url": "https://pokeapi.co/api/v2/move/461/"}, {"name": "guard-split", "url": "https://pokeapi.co/api/v2/move/470/"}, {"name": "power-split", "url": "https://pokeapi.co/api/v2/move/471/"}, {"name": "wonder-room", "url": "https://pokeapi.co/api/v2/move/472/"}, {"name": "psyshock", "url": "https://pokeapi.co/api/v2/move/473/"}, {"name": "telekinesis", "url": "https://pokeapi.co/api/v2/move/477/"}, {"name": "magic-room", "url": "https://pokeapi.co/api/v2/move/478/"}, {"name": "synchronoise", "url": "https://pokeapi.co/api/v2/move/485/"}, {"name": "stored-power", "url": "https://pokeapi.co/api/v2/move/500/"}, {"name": "ally-switch", "url": "https://pokeapi.co/api/v2/move/502/"}, {"name": "heal-pulse", "url": "https://pokeapi.co/api/v2/move/505/"}, {"name": "heart-stamp", "url": "https://pokeapi.co/api/v2/move/531/"}, {"name": "psystrike", "url": "https://pokeapi.co/api/v2/move/540/"}, {"name": "hyperspace-hole", "url": "https://pokeapi.co/api/v2/move/593/"}, {"name": "shattered-psyche--physical", "url": "https://pokeapi.co/api/v2/move/648/"}, {"name": "shattered-psyche--special", "url": "https://pokeapi.co/api/v2/move/649/"}, {"name": "psychic-terrain", "url": "https://pokeapi.co/api/v2/move/678/"}, {"name": "speed-swap", "url": "https://pokeapi.co/api/v2/move/683/"}, {"name": "instruct", "url": "https://pokeapi.co/api/v2/move/689/"}, {"name": "genesis-supernova", "url": "https://pokeapi.co/api/v2/move/703/"}, {"name": "psychic-fangs", "url": "https://pokeapi.co/api/v2/move/706/"}, {"name": "prismatic-laser", "url": "https://pokeapi.co/api/v2/move/711/"}, {"name": "photon-geyser", "url": "https://pokeapi.co/api/v2/move/722/"}, {"name": "light-that-burns-the-sky", "url": "https://pokeapi.co/api/v2/move/723/"}, {"name": "glitzy-glow", "url": "https://pokeapi.co/api/v2/move/736/"}, {"name": "magic-powder", "url": "https://pokeapi.co/api/v2/move/750/"}, {"name": "max-mindstorm", "url": "https://pokeapi.co/api/v2/move/769/"}, {"name": "expanding-force", "url": "https://pokeapi.co/api/v2/move/797/"}, {"name": "freezing-glare", "url": "https://pokeapi.co/api/v2/move/821/"}, {"name": "eerie-spell", "url": "https://pokeapi.co/api/v2/move/826/"}, {"name": "psyshield-bash", "url": "https://pokeapi.co/api/v2/move/828/"}, {"name": "mystical-power", "url": "https://pokeapi.co/api/v2/move/832/"}, {"name": "esper-wing", "url": "https://pokeapi.co/api/v2/move/840/"}, {"name": "lunar-blessing", "url": "https://pokeapi.co/api/v2/move/849/"}, {"name": "take-heart", "url": "https://pokeapi.co/api/v2/move/850/"}, {"name": "lumina-crash", "url": "https://pokeapi.co/api/v2/move/855/"}, {"name": "psyblade", "url": "https://pokeapi.co/api/v2/move/875/"}, {"name": "twin-beam", "url": "https://pokeapi.co/api/v2/move/888/"}, {"name": "psychic-noise", "url": "https://pokeapi.co/api/v2/move/917/"}], "name": "psychic", "names": [{"language": {"name": "ja-Hrkt", "url": "https://pokeapi.co/api/v2/language/1/"}, "name": "\u30a8\u30b9\u30d1\u30fc"}, {"language": {"name": "ko", "url": "https://pokeapi.co/api/v2/language/3/"}, "name": "\uc5d0\uc2a4\ud37c"}, {"language": {"name": "zh-Hant", "url": "https://pokeapi.co/api/v2/language/4/"}, "name": "\u8d85\u80fd\u529b"}, {"language": {"name": "fr", "url": "https://pokeapi.co/api/v2/language/5/"}, "name": "Psy"}, {"language": {"name": "de", "url": "https://pokeapi.co/api/v2/language/6/"}, "name": "Psycho"}, {"language": {"name": "es", "url": "https://pokeapi.co/api/v2/language/7/"}, "name": "Ps\u00edquico"}, {"language": {"name": "it", "url": "https://pokeapi.co/api/v2/language/8/"}, "name": "Psico"}, {"language": {"name": "en", "url": "https://pokeapi.co/api/v2/language/9/"}, "name": "Psychic"}, {"language": {"name": "ja", "url": "https://pokeapi.co/api/v2/language/11/"}, "name": "\u30a8\u30b9\u30d1\u30fc"}, {"language": {"name": "zh-Hans", "url": "https://pokeapi.co/api/v2/language/12/"}, "name": "\u8d85\u80fd\u529b"}], "past_damage_relations": [{"damage_relations": {"double_damage_from": [{"name": "bug", "url": "https://pokeapi.co/api/v2/type/7/"}], "double_damage_to": [{"name": "fighting", "url": "https://pokeapi.co/api/v2/type/2/"}, {"name": "poison", "url": "https://pokeapi.co/api/v2/type/4/"}], "half_damage_from": [{"name": "fighting", "url": "https://pokeapi.co/api/v2/type/2/"}, {"name": "psychic", "url": "https://pokeapi.co/api/v2/type/14/"}], "half_damage_to": [{"name": "psychic", "url": "https://pokeapi.co/api/v2/type/14/"}], "no_damage_from": [{"name": "ghost", "url": "https://pokeapi.co/api/v2/type/8/"}], "no_damage_to": []}, "generation": {"name": "generation-i", "url": "https://pokeapi.co/api/v2/generation/1/"}}], "pokemon": [{"pokemon": {"name": "abra", "url": "https://pokeapi.co/api/v2/pokemon/63/"}, "slot": 1}, {"pokemon": {"name": "kadabra", "url": "https://pokeapi.co/api/v2/pokemon/64/"}, "slot": 1}, {"pokemon": {"name": "alakazam", "url": "https://pokeapi.co/api/v2/pokemon/65/"}, "slot": 1}, {"pokemon": {"name": "slowpoke", "url": "https://pokeapi.co/api/v2/pokemon/79/"}, "slot": 2}, {"pokemon": {"name": "slowbro", "url": "https://pokeapi.co/api/v2/pokemon/80/"}, "slot": 2}, {"pokemon": {"name": "drowzee", "url": "https://pokeapi.co/api/v2/pokemon/96/"}, "slot": 1}, {"pokemon": {"name": "hypno", "url": "https://pokeapi.co/api/v2/pokemon/97/"}, "slot": 1}, {"pokemon": {"name": "exeggcute", "url": "https://pokeapi.co/api/v2/pokemon/102/"}, "slot": 2}, {"pokemon": {"name": "exeggutor", "url": "https://pokeapi.co/api/v2/pokemon/103/"}, "slot": 2}, {"pokemon": {"name": "starmie", "url": "https://pokeapi.co/api/v2/pokemon/121/"}, "slot": 2}, {"pokemon": {"name": "mr-mime", "url": "https://pokeapi.co/api/v2/pokemon/122/"}, "slot": 1}, {"pokemon": {"name": "jynx", "url": "https://pokeapi.co/api/v2/pokemon/124/"}, "slot": 2}, {"pokemon": {"name": "mewtwo", "url": "https://pokeapi.co/api/v2/pokemon/150/"}, "slot": 1}, {"pokemon": {"name": "mew", "url": "https://pokeapi.co/api/v2/pokemon/151/"}, "slot": 1}, {"pokemon": {"name": "natu", "url": "https://pokeapi.co/api/v2/pokemon/177/"}, "slot": 1}, {"pokemon": {"name": "xatu", "url": "https://pokeapi.co/api/v2/pokemon/178/"}, "slot": 1}, {"pokemon": {"name": "espeon", "url": "https://pokeapi.co/api/v2/pokemon/196/"}, "slot": 1}, {"pokemon": {"name": "slowking", "url": "https://pokeapi.co/api/v2/pokemon/199/"}, "slot": 2}, {"pokemon": {"name": "unown", "url": "https://pokeapi.co/api/v2/pokemon/201/"}, "slot": 1}, {"pokemon": {"name": "wobbuffet", "url": "https://pokeapi.co/api/v2/pokemon/202/"}, "slot": 1}, {"pokemon": {"name": "girafarig", "url": "https://pokeapi.co/api/v2/pokemon/203/"}, "slot": 2}, {"pokemon": {"name": "smoochum", "url": "https://pokeapi.co/api/v2/pokemon/238/"}, "slot": 2}, {"pokemon": {"name": "lugia", "url": "https://pokeapi.co/api/v2/pokemon/249/"}, "slot": 1}, {"pokemon": {"name": "celebi", "url": "https://pokeapi.co/api/v2/pokemon/251/"}, "slot": 1}, {"pokemon": {"name": "ralts", "url": "https://pokeapi.co/api/v2/pokemon/280/"}, "slot": 1}, {"pokemon": {"name": "kirlia", "url": "https://pokeapi.co/api/v2/pokemon/281/"}, "slot": 1}, {"pokemon": {"name": "gardevoir", "url": "https://pokeapi.co/api/v2/pokemon/282/"}, "slot": 1}, {"pokemon": {"name": "meditite", "url": "https://pokeapi.co/api/v2/pokemon/307/"}, "slot": 2}, {"pokemon": {"name": "medicham", "url": "https://pokeapi.co/api/v2/pokemon/308/"}, "slot": 2}, {"pokemon": {"name": "spoink", "url": "https://pokeapi.co/api/v2/pokemon/325/"}, "slot": 1}, {"pokemon": {"name": "grumpig", "url": "https://pokeapi.co/api/v2/pokemon/326/"}, "slot": 1}, {"pokemon": {"name": "lunatone", "url": "https://pokeapi.co/api/v2/pokemon/337/"}, "slot": 2}, {"pokemon": {"name": "solrock", "url": "https://pokeapi.co/api/v2/pokemon/338/"}, "slot": 2}, {"pokemon": {"name": "baltoy", "url": "https://pokeapi.co/api/v2/pokemon/343/"}, "slot": 2}, {"pokemon": {"name": "claydol", "url": "https://pokeapi.co/api/v2/pokemon/344/"}, "slot": 2}, {"pokemon": {"name": "chimecho", "url": "https://pokeapi.co/api/v2/pokemon/358/"}, "slot": 1}, {"pokemon": {"name": "wynaut", "url": "https://pokeapi.co/api/v2/pokemon/360/"}, "slot": 1}, {"pokemon": {"name": "beldum", "url": "https://pokeapi.co/api/v2/pokemon/374/"}, "slot": 2}, {"pokemon": {"name": "metang", "url": "https://pokeapi.co/api/v2/pokemon/375/"}, "slot": 2}, {"pokemon": {"name": "metagross", "url": "https://pokeapi.co/api/v2/pokemon/376/"}, "slot": 2}, {"pokemon": {"name": "latias", "url": "https://pokeapi.co/api/v2/pokemon/380/"}, "slot": 2}, {"pokemon": {"name": "latios", "url": "https://pokeapi.co/api/v2/pokemon/381/"}, "slot": 2}, {"pokemon": {"name": "jirachi", "url": "https://pokeapi.co/api/v2/pokemon/385/"}, "slot": 2}, {"pokemon": {"name": "deoxys-normal", "url": "https://pokeapi.co/api/v2/pokemon/386/"}, "slot": 1}, {"pokemon": {"name": "chingling", "url": "https://pokeapi.co/api/v2/pokemon/433/"}, "slot": 1}, {"pokemon": {"name": "bronzor", "url": "https://pokeapi.co/api/v2/pokemon/436/"}, "slot": 2}, {"pokemon": {"name": "bronzong", "url": "https://pokeapi.co/api/v2/pokemon/437/"}, "slot": 2}, {"pokemon": {"name": "mime-jr", "url": "https://pokeapi.co/api/v2/pokemon/439/"}, "slot": 1}, {"pokemon": {"name": "gallade", "url": "https://pokeapi.co/api/v2/pokemon/475/"}, "slot": 1}, {"pokemon": {"name": "uxie", "url": "https://pokeapi.co/api/v2/pokemon/480/"}, "slot": 1}, {"pokemon": {"name": "mesprit", "url": "https://pokeapi.co/api/v2/pokemon/481/"}, "slot": 1}, {"pokemon": {"name": "azelf", "url": "https://pokeapi.co/api/v2/pokemon/482/"}, "slot": 1}, {"pokemon": {"name": "cresselia", "url": "https://pokeapi.co/api/v2/pokemon/488/"}, "slot": 1}, {"pokemon": {"name": "victini", "url": "https://pokeapi.co/api/v2/pokemon/494/"}, "slot": 1}, {"pokemon": {"name": "munna", "url": "https://pokeapi.co/api/v2/pokemon/517/"}, "slot": 1}, {"pokemon": {"name": "musharna", "url": "https://pokeapi.co/api/v2/pokemon/518/"}, "slot": 1}, {"pokemon": {"name": "woobat", "url": "https://pokeapi.co/api/v2/pokemon/527/"}, "slot": 1}, {"pokemon": {"name": "swoobat", "url": "https://pokeapi.co/api/v2/pokemon/528/"}, "slot": 1}, {"pokemon": {"name": "sigilyph", "url": "https://pokeapi.co/api/v2/pokemon/561/"}, "slot": 1}, {"pokemon": {"name": "gothita", "url": "https://pokeapi.co/api/v2/pokemon/574/"}, "slot": 1}, {"pokemon": {"name": "gothorita", "url": "https://pokeapi.co/api/v2/pokemon/575/"}, "slot": 1}, {"pokemon": {"name": "gothitelle", "url": "https://pokeapi.co/api/v2/pokemon/576/"}, "slot": 1}, {"pokemon": {"name": "solosis", "url": "https://pokeapi.co/api/v2/pokemon/577/"}, "slot": 1}, {"pokemon": {"name": "duosion", "url": "https://pokeapi.co/api/v2/pokemon/578/"}, "slot": 1}, {"pokemon": {"name": "reuniclus", "url": "https://pokeapi.co/api/v2/pokemon/579/"}, "slot": 1}, {"pokemon": {"name": "elgyem", "url": "https://pokeapi.co/api/v2/pokemon/605/"}, "slot": 1}, {"pokemon": {"name": "beheeyem", "url": "https://pokeapi.co/api/v2/pokemon/606/"}, "slot": 1}, {"pokemon": {"name": "meloetta-aria", "url": "https://pokeapi.co/api/v2/pokemon/648/"}, "slot": 2}, {"pokemon": {"name": "delphox", "url": "https://pokeapi.co/api/v2/pokemon/655/"}, "slot": 2}, {"pokemon": {"name": "espurr", "url": "https://pokeapi.co/api/v2/pokemon/677/"}, "slot": 1}, {"pokemon": {"name": "meowstic-male", "url": "https://pokeapi.co/api/v2/pokemon/678/"}, "slot": 1}, {"pokemon": {"name": "inkay", "url": "https://pokeapi.co/api/v2/pokemon/686/"}, "slot": 2}, {"pokemon": {"name": "malamar", "url": "https://pokeapi.co/api/v2/pokemon/687/"}, "slot": 2}, {"pokemon": {"name": "hoopa", "url": "https://pokeapi.co/api/v2/pokemon/720/"}, "slot": 1}, {"pokemon": {"name": "oranguru", "url": "https://pokeapi.co/api/v2/pokemon/765/"}, "slot": 2}, {"pokemon": {"name": "bruxish", "url": "https://pokeapi.co/api/v2/pokemon/779/"}, "slot": 2}, {"pokemon": {"name": "tapu-lele", "url": "https://pokeapi.co/api/v2/pokemon/786/"}, "slot": 1}, {"pokemon": {"name": "cosmog", "url": "https://pokeapi.co/api/v2/pokemon/789/"}, "slot": 1}, {"pokemon": {"name": "cosmoem", "url": "https://pokeapi.co/api/v2/pokemon/790/"}, "slot": 1}, {"pokemon": {"name": "solgaleo", "url": "https://pokeapi.co/api/v2/pokemon/791/"}, "slot": 1}, {"pokemon": {"name": "lunala", "url": "https://pokeapi.co/api/v2/pokemon/792/"}, "slot": 1}, {"pokemon": {"name": "necrozma", "url": "https://pokeapi.co/api/v2/pokemon/800/"}, "slot": 1}, {"pokemon": {"name": "dottler", "url": "https://pokeapi.co/api/v2/pokemon/825/"}, "slot": 2}, {"pokemon": {"name": "orbeetle", "url": "https://pokeapi.co/api/v2/pokemon/826/"}, "slot": 2}, {"pokemon": {"name": "hatenna", "url": "https://pokeapi.co/api/v2/pokemon/856/"}, "slot": 1}, {"pokemon": {"name": "hattrem", "url": "https://pokeapi.co/api/v2/pokemon/857/"}, "slot": 1}, {"pokemon": {"name": "hatterene", "url": "https://pokeapi.co/api/v2/pokemon/858/"}, "slot": 1}, {"pokemon": {"name": "mr-rime", "url": "https://pokeapi.co/api/v2/pokemon/866/"}, "slot": 2}, {"pokemon": {"name": "indeedee-male", "url": "https://pokeapi.co/api/v2/pokemon/876/"}, "slot": 1}, {"pokemon": {"name": "calyrex", "url": "https://pokeapi.co/api/v2/pokemon/898/"}, "slot": 1}, {"pokemon": {"name": "wyrdeer", "url": "https://pokeapi.co/api/v2/pokemon/899/"}, "slot": 2}, {"pokemon": {"name": "armarouge", "url": "https://pokeapi.co/api/v2/pokemon/936/"}, "slot": 2}, {"pokemon": {"name": "rabsca", "url": "https://pokeapi.co/api/v2/pokemon/954/"}, "slot": 2}, {"pokemon": {"name": "flittle", "url": "https://pokeapi.co/api/v2/pokemon/955/"}, "slot": 1}, {"pokemon": {"name": "espathra", "url": "https://pokeapi.co/api/v2/pokemon/956/"}, "slot": 1}, {"pokemon": {"name": "veluza", "url": "https://pokeapi.co/api/v2/pokemon/976/"}, "slot": 2}, {"pokemon": {"name": "farigiraf", "url": "https://pokeapi.co/api/v2/pokemon/981/"}, "slot": 2}, {"pokemon": {"name": "scream-tail", "url": "https://pokeapi.co/api/v2/pokemon/985/"}, "slot": 2}, {"pokemon": {"name": "iron-leaves", "url": "https://pokeapi.co/api/v2/pokemon/1010/"}, "slot": 2}, {"pokemon": {"name": "munkidori", "url": "https://pokeapi.co/api/v2/pokemon/1015/"}, "slot": 2}, {"pokemon": {"name": "iron-boulder", "url": "https://pokeapi.co/api/v2/pokemon/1022/"}, "slot": 2}, {"pokemon": {"name": "iron-crown", "url": "https://pokeapi.co/api/v2/pokemon/1023/"}, "slot": 2}, {"pokemon": {"name": "deoxys-attack", "url": "https://pokeapi.co/api/v2/pokemon/10001/"}, "slot": 1}, {"pokemon": {"name": "deoxys-defense", "url": "https://pokeapi.co/api/v2/pokemon/10002/"}, "slot": 1}, {"pokemon": {"name": "deoxys-speed", "url": "https://pokeapi.co/api/v2/pokemon/10003/"}, "slot": 1}, {"pokemon": {"name": "darmanitan-zen", "url": "https://pokeapi.co/api/v2/pokemon/10017/"}, "slot": 2}, {"pokemon": {"name": "meowstic-female", "url": "https://pokeapi.co/api/v2/pokemon/10025/"}, "slot": 1}, {"pokemon": {"name": "alakazam-mega", "url": "https://pokeapi.co/api/v2/pokemon/10037/"}, "slot": 1}, {"pokemon": {"name": "mewtwo-mega-x", "url": "https://pokeapi.co/api/v2/pokemon/10043/"}, "slot": 1}, {"pokemon": {"name": "mewtwo-mega-y", "url": "https://pokeapi.co/api/v2/pokemon/10044/"}, "slot": 1}, {"pokemon": {"name": "gardevoir-mega", "url": "https://pokeapi.co/api/v2/pokemon/10051/"}, "slot": 1}, {"pokemon": {"name": "medicham-mega", "url": "https://pokeapi.co/api/v2/pokemon/10054/"}, "slot": 2}, {"pokemon": {"name": "latias-mega", "url": "https://pokeapi.co/api/v2/pokemon/10062/"}, "slot": 2}, {"pokemon": {"name": "latios-mega", "url": "https://pokeapi.co/api/v2/pokemon/10063/"}, "slot": 2}, {"pokemon": {"name": "gallade-mega", "url": "https://pokeapi.co/api/v2/pokemon/10068/"}, "slot": 1}, {"pokemon": {"name": "slowbro-mega", "url": "https://pokeapi.co/api/v2/pokemon/10071/"}, "slot": 2}, {"pokemon": {"name": "metagross-mega", "url": "https://pokeapi.co/api/v2/pokemon/10076/"}, "slot": 2}, {"pokemon": {"name": "hoopa-unbound", "url": "https://pokeapi.co/api/v2/pokemon/10086/"}, "slot": 1}, {"pokemon": {"name": "raichu-alola", "url": "https://pokeapi.co/api/v2/pokemon/10100/"}, "slot": 2}, {"pokemon": {"name": "oricorio-pau", "url": "https://pokeapi.co/api/v2/pokemon/10124/"}, "slot": 1}, {"pokemon": {"name": "necrozma-dusk", "url": "https://pokeapi.co/api/v2/pokemon/10155/"}, "slot": 1}, {"pokemon": {"name": "necrozma-dawn", "url": "https://pokeapi.co/api/v2/pokemon/10156/"}, "slot": 1}, {"pokemon": {"name": "necrozma-ultra", "url": "https://pokeapi.co/api/v2/pokemon/10157/"}, "slot": 1}, {"pokemon": {"name": "ponyta-galar", "url": "https://pokeapi.co/api/v2/pokemon/10162/"}, "slot": 1}, {"pokemon": {"name": "rapidash-galar", "url": "https://pokeapi.co/api/v2/pokemon/10163/"}, "slot": 1}, {"pokemon": {"name": "slowpoke-galar", "url": "https://pokeapi.co/api/v2/pokemon/10164/"}, "slot": 1}, {"pokemon": {"name": "slowbro-galar", "url": "https://pokeapi.co/api/v2/pokemon/10165/"}, "slot": 2}, {"pokemon": {"name": "mr-mime-galar", "url": "https://pokeapi.co/api/v2/pokemon/10168/"}, "slot": 2}, {"pokemon": {"name": "articuno-galar", "url": "https://pokeapi.co/api/v2/pokemon/10169/"}, "slot": 1}, {"pokemon": {"name": "slowking-galar", "url": "https://pokeapi.co/api/v2/pokemon/10172/"}, "slot": 2}, {"pokemon": {"name": "indeedee-female", "url": "https://pokeapi.co/api/v2/pokemon/10186/"}, "slot": 1}, {"pokemon": {"name": "calyrex-ice", "url": "https://pokeapi.co/api/v2/pokemon/10193/"}, "slot": 1}, {"pokemon": {"name": "calyrex-shadow", "url": "https://pokeapi.co/api/v2/pokemon/10194/"}, "slot": 1}, {"pokemon": {"name": "orbeetle-gmax", "url": "https://pokeapi.co/api/v2/pokemon/10213/"}, "slot": 2}, {"pokemon": {"name": "hatterene-gmax", "url": "https://pokeapi.co/api/v2/pokemon/10221/"}, "slot": 1}, {"pokemon": {"name": "braviary-hisui", "url": "https://pokeapi.co/api/v2/pokemon/10240/"}, "slot": 1}]}