{"damage_relations": {"double_damage_from": [{"name": "fighting", "url": "https://pokeapi.co/api/v2/type/2/"}, {"name": "ground", "url": "https://pokeapi.co/api/v2/type/5/"}, {"name": "steel", "url": "https://pokeapi.co/api/v2/type/9/"}, {"name": "water", "url": "https://pokeapi.co/api/v2/type/11/"}, {"name": "grass", "url": "https://pokeapi.co/api/v2/type/12/"}], "double_damage_to": [{"name": "flying", "url": "https://pokeapi.co/api/v2/type/3/"}, {"name": "bug", "url": "https://pokeapi.co/api/v2/type/7/"}, {"name": "fire", "url": "https://pokeapi.co/api/v2/type/10/"}, {"name": "ice", "url": "https://pokeapi.co/api/v2/type/15/"}], "half_damage_from": [{"name": "normal", "url": "https://pokeapi.co/api/v2/type/1/"}, {"name": "flying", "url": "https://pokeapi.co/api/v2/type/3/"}, {"name": "poison", "url": "https://pokeapi.co/api/v2/type/4/"}, {"name": "fire", "url": "https://pokeapi.co/api/v2/type/10/"}], "half_damage_to": [{"name": "fighting", "url": "https://pokeapi.co/api/v2/type/2/"}, {"name": "ground", "url": "https://pokeapi.co/api/v2/type/5/"}, {"name": "steel", "url": "https://pokeapi.co/api/v2/type/9/"}], "no_damage_from": [], "no_damage_to": []}, "game_indices": [{"game_index": 5, "generation": {"name": "generation-i", "url": "https://pokeapi.co/api/v2/generation/1/"}}, {"game_index": 5, "generation": {"name": "generation-ii", "url": "https://pokeapi.co/api/v2/generation/2/"}}, {"game_index": 5, "generation": {"name": "generation-iii", "url": "https://pokeapi.co/api/v2/generation/3/"}}, {"game_index": 5, "generation": {"name": "generation-iv", "url": "https://pokeapi.co/api/v2/generation/4/"}}, {"game_index": 5, "generation": {"name": "generation-v", "url": "https://pokeapi.co/api/v2/generation/5/"}}, {"game_index": 5, "generation": {"name": "generation-vi", "url": "https://pokeapi.co/api/v2/generation/6/"}}], "generation": {"name": "generation-i", "url": "https://pokeapi.co/api/v2/generation/1/"}, "id": 6, "move_damage_class": {"name": "physical", "url": "https://pokeapi.co/api/v2/move-damage-class/2/"}, "moves": [{"name": "rock-throw", "url": "https://pokeapi.co/api/v2/move/88/"}, {"name": "rock-slide", "url": "https://pokeapi.co/api/v2/move/157/"}, {"name": "sandstorm", "url": "https://pokeapi.co/api/v2/move/201/"}, {"name": "rollout", "url": "https://pokeapi.co/api/v2/move/205/"}, {"name": "ancient-power", "url": "https://pokeapi.co/api/v2/move/246/"}, {"name": "rock-tomb", "url": "https://pokeapi.co/api/v2/move/317/"}, {"name": "rock-blast", "url": "https://pokeapi.co/api/v2/move/350/"}, {"name": "rock-polish", "url": "https://pokeapi.co/api/v2/move/397/"}, {"name": "power-gem", "url": "https://pokeapi.co/api/v2/move/408/"}, {"name": "rock-wrecker", "url": "https://pokeapi.co/api/v2/move/439/"}, {"name": "stone-edge", "url": "https://pokeapi.co/api/v2/move/444/"}, {"name": "stealth-rock", "url": "https://pokeapi.co/api/v2/move/446/"}, {"name": "head-smash", "url": "https://pokeapi.co/api/v2/move/457/"}, {"name": "wide-guard", "url": "https://pokeapi.co/api/v2/move/469/"}, {"name": "smack-down", "url": "https://pokeapi.co/api/v2/move/479/"}, {"name": "diamond-storm", "url": "https://pokeapi.co/api/v2/move/591/"}, {"name": "continental-crush--physical", "url": "https://pokeapi.co/api/v2/move/632/"}, {"name": "continental-crush--special", "url": "https://pokeapi.co/api/v2/move/633/"}, {"name": "accelerock", "url": "https://pokeapi.co/api/v2/move/709/"}, {"name": "splintered-stormshards", "url": "https://pokeapi.co/api/v2/move/727/"}, {"name": "tar-shot", "url": "https://pokeapi.co/api/v2/move/749/"}, {"name": "max-rockfall", "url": "https://pokeapi.co/api/v2/move/770/"}, {"name": "meteor-beam", "url": "https://pokeapi.co/api/v2/move/800/"}, {"name": "stone-axe", "url": "https://pokeapi.co/api/v2/move/830/"}, {"name": "salt-cure", "url": "https://pokeapi.co/api/v2/move/864/"}, {"name": "mighty-cleave", "url": "https://pokeapi.co/api/v2/move/910/"}], "name": "rock", "names": [{"language": {"name": "ja-Hrkt", "url": "https://pokeapi.co/api/v2/language/1/"}, "name": "\u3044\u308f"}, {"language": {"name": "ko", "url": "https://pokeapi.co/api/v2/language/3/"}, "name": "\ubc14\uc704"}, {"language": {"name": "zh-Hant", "url": "https://pokeapi.co/api/v2/language/4/"}, "name": "\u5ca9\u77f3"}, {"language": {"name": "fr", "url": "https://pokeapi.co/api/v2/language/5/"}, "name": "Roche"}, {"language": {"name": "de", "url": "https://pokeapi.co/api/v2/language/6/"}, "name": "Gestein"}, {"language": {"name": "es", "url": "https://pokeapi.co/api/v2/language/7/"}, "name": "Roca"}, {"language": {"name": "it", "url": "https://pokeapi.co/api/v2/language/8/"}, "name": "Roccia"}, {"language": {"name": "en", "url": "https://pokeapi.co/api/v2/language/9/"}, "name": "Rock"}, {"language": {"name": "ja", "url": "https://pokeapi.co/api/v2/language/11/"}, "name": "\u3044\u308f"}, {"language": {"name": "zh-Hans", "url": "https://pokeapi.co/api/v2/language/12/"}, "name": "\u5ca9\u77f3"}], "past_damage_relations": [], "pokemon": [{"pokemon": {"name": "geodude", "url": "https://pokeapi.co/api/v2/pokemon/74/"}, "slot": 1}, {"pokemon": {"name": "graveler", "url": "https://pokeapi.co/api/v2/pokemon/75/"}, "slot": 1}, {"pokemon": {"name": "golem", "url": "https://pokeapi.co/api/v2/pokemon/76/"}, "slot": 1}, {"pokemon": {"name": "onix", "url": "https://pokeapi.co/api/v2/pokemon/95/"}, "slot": 1}, {"pokemon": {"name": "rhyhorn", "url": "https://pokeapi.co/api/v2/pokemon/111/"}, "slot": 2}, {"pokemon": {"name": "rhydon", "url": "https://pokeapi.co/api/v2/pokemon/112/"}, "slot": 2}, {"pokemon": {"name": "omanyte", "url": "https://pokeapi.co/api/v2/pokemon/138/"}, "slot": 1}, {"pokemon": {"name": "omastar", "url": "https://pokeapi.co/api/v2/pokemon/139/"}, "slot": 1}, {"pokemon": {"name": "kabuto", "url": "https://pokeapi.co/api/v2/pokemon/140/"}, "slot": 1}, {"pokemon": {"name": "kabutops", "url": "https://pokeapi.co/api/v2/pokemon/141/"}, "slot": 1}, {"pokemon": {"name": "aerodactyl", "url": "https://pokeapi.co/api/v2/pokemon/142/"}, "slot": 1}, {"pokemon": {"name": "sudowoodo", "url": "https://pokeapi.co/api/v2/pokemon/185/"}, "slot": 1}, {"pokemon": {"name": "shuckle", "url": "https://pokeapi.co/api/v2/pokemon/213/"}, "slot": 2}, {"pokemon": {"name": "magcargo", "url": "https://pokeapi.co/api/v2/pokemon/219/"}, "slot": 2}, {"pokemon": {"name": "corsola", "url": "https://pokeapi.co/api/v2/pokemon/222/"}, "slot": 2}, {"pokemon": {"name": "larvitar", "url": "https://pokeapi.co/api/v2/pokemon/246/"}, "slot": 1}, {"pokemon": {"name": "pupitar", "url": "https://pokeapi.co/api/v2/pokemon/247/"}, "slot": 1}, {"pokemon": {"name": "tyranitar", "url": "https://pokeapi.co/api/v2/pokemon/248/"}, "slot": 1}, {"pokemon": {"name": "nosepass", "url": "https://pokeapi.co/api/v2/pokemon/299/"}, "slot": 1}, {"pokemon": {"name": "aron", "url": "https://pokeapi.co/api/v2/pokemon/304/"}, "slot": 2}, {"pokemon": {"name": "lairon", "url": "https://pokeapi.co/api/v2/pokemon/305/"}, "slot": 2}, {"pokemon": {"name": "aggron", "url": "https://pokeapi.co/api/v2/pokemon/306/"}, "slot": 2}, {"pokemon": {"name": "lunatone", "url": "https://pokeapi.co/api/v2/pokemon/337/"}, "slot": 1}, {"pokemon": {"name": "solrock", "url": "https://pokeapi.co/api/v2/pokemon/338/"}, "slot": 1}, {"pokemon": {"name": "lileep", "url": "https://pokeapi.co/api/v2/pokemon/345/"}, "slot": 1}, {"pokemon": {"name": "cradily", "url": "https://pokeapi.co/api/v2/pokemon/346/"}, "slot": 1}, {"pokemon": {"name": "anorith", "url": "https://pokeapi.co/api/v2/pokemon/347/"}, "slot": 1}, {"pokemon": {"name": "armaldo", "url": "https://pokeapi.co/api/v2/pokemon/348/"}, "slot": 1}, {"pokemon": {"name": "relicanth", "url": "https://pokeapi.co/api/v2/pokemon/369/"}, "slot": 2}, {"pokemon": {"name": "regirock", "url": "https://pokeapi.co/api/v2/pokemon/377/"}, "slot": 1}, {"pokemon": {"name": "cranidos", "url": "https://pokeapi.co/api/v2/pokemon/408/"}, "slot": 1}, {"pokemon": {"name": "rampardos", "url": "https://pokeapi.co/api/v2/pokemon/409/"}, "slot": 1}, {"pokemon": {"name": "shieldon", "url": "https://pokeapi.co/api/v2/pokemon/410/"}, "slot": 1}, {"pokemon": {"name": "bastiodon", "url": "https://pokeapi.co/api/v2/pokemon/411/"}, "slot": 1}, {"pokemon": {"name": "bonsly", "url": "https://pokeapi.co/api/v2/pokemon/438/"}, "slot": 1}, {"pokemon": {"name": "rhyperior", "url": "https://pokeapi.co/api/v2/pokemon/464/"}, "slot": 2}, {"pokemon": {"name": "probopass", "url": "https://pokeapi.co/api/v2/pokemon/476/"}, "slot": 1}, {"pokemon": {"name": "roggenrola", "url": "https://pokeapi.co/api/v2/pokemon/524/"}, "slot": 1}, {"pokemon": {"name": "boldore", "url": "https://pokeapi.co/api/v2/pokemon/525/"}, "slot": 1}, {"pokemon": {"name": "gigalith", "url": "https://pokeapi.co/api/v2/pokemon/526/"}, "slot": 1}, {"pokemon": {"name": "dwebble", "url": "https://pokeapi.co/api/v2/pokemon/557/"}, "slot": 2}, {"pokemon": {"name": "crustle", "url": "https://pokeapi.co/api/v2/pokemon/558/"}, "slot": 2}, {"pokemon": {"name": "tirtouga", "url": "https://pokeapi.co/api/v2/pokemon/564/"}, "slot": 2}, {"pokemon": {"name": "carracosta", "url": "https://pokeapi.co/api/v2/pokemon/565/"}, "slot": 2}, {"pokemon": {"name": "archen", "url": "https://pokeapi.co/api/v2/pokemon/566/"}, "slot": 1}, {"pokemon": {"name": "archeops", "url": "https://pokeapi.co/api/v2/pokemon/567/"}, "slot": 1}, {"pokemon": {"name": "terrakion", "url": "https://pokeapi.co/api/v2/pokemon/639/"}, "slot": 1}, {"pokemon": {"name": "binacle", "url": "https://pokeapi.co/api/v2/pokemon/688/"}, "slot": 1}, {"pokemon": {"name": "barbaracle", "url": "https://pokeapi.co/api/v2/pokemon/689/"}, "slot": 1}, {"pokemon": {"name": "tyrunt", "url": "https://pokeapi.co/api/v2/pokemon/696/"}, "slot": 1}, {"pokemon": {"name": "tyrantrum", "url": "https://pokeapi.co/api/v2/pokemon/697/"}, "slot": 1}, {"pokemon": {"name": "amaura", "url": "https://pokeapi.co/api/v2/pokemon/698/"}, "slot": 1}, {"pokemon": {"name": "aurorus", "url": "https://pokeapi.co/api/v2/pokemon/699/"}, "slot": 1}, {"pokemon": {"name": "carbink", "url": "https://pokeapi.co/api/v2/pokemon/703/"}, "slot": 1}, {"pokemon": {"name": "diancie", "url": "https://pokeapi.co/api/v2/pokemon/719/"}, "slot": 1}, {"pokemon": {"name": "rockruff", "url": "https://pokeapi.co/api/v2/pokemon/744/"}, "slot": 1}, {"pokemon": {"name": "lycanroc-midday", "url": "https://pokeapi.co/api/v2/pokemon/745/"}, "slot": 1}, {"pokemon": {"name": "minior-red-meteor", "url": "https://pokeapi.co/api/v2/pokemon/774/"}, "slot": 1}, {"pokemon": {"name": "nihilego", "url": "https://pokeapi.co/api/v2/pokemon/793/"}, "slot": 1}, {"pokemon": {"name": "stakataka", "url": "https://pokeapi.co/api/v2/pokemon/805/"}, "slot": 1}, {"pokemon": {"name": "drednaw", "url": "https://pokeapi.co/api/v2/pokemon/834/"}, "slot": 2}, {"pokemon": {"name": "rolycoly", "url": "https://pokeapi.co/api/v2/pokemon/837/"}, "slot": 1}, {"pokemon": {"name": "carkol", "url": "https://pokeapi.co/api/v2/pokemon/838/"}, "slot": 1}, {"pokemon": {"name": "coalossal", "url": "https://pokeapi.co/api/v2/pokemon/839/"}, "slot": 1}, {"pokemon": {"name": "stonjourner", "url": "https://pokeapi.co/api/v2/pokemon/874/"}, "slot": 1}, {"pokemon": {"name": "kleavor", "url": "https://pokeapi.co/api/v2/pokemon/900/"}, "slot": 2}, {"pokemon": {"name": "nacli", "url": "https://pokeapi.co/api/v2/pokemon/932/"}, "slot": 1}, {"pokemon": {"name": "naclstack", "url": "https://pokeapi.co/api/v2/pokemon/933/"}, "slot": 1}, {"pokemon": {"name": "garganacl", "url": "https://pokeapi.co/api/v2/pokemon/934/"}, "slot": 1}, {"pokemon": {"name": "klawf", "url": "https://pokeapi.co/api/v2/pokemon/950/"}, "slot": 1}, {"pokemon": {"name": "glimmet", "url": "https://pokeapi.co/api/v2/pokemon/969/"}, "slot": 1}, {"pokemon": {"name": "glimmora", "url": "https://pokeapi.co/api/v2/pokemon/970/"}, "slot": 1}, {"pokemon": {"name": "iron-thorns", "url": "https://pokeapi.co/api/v2/pokemon/995/"}, "slot": 1}, {"pokemon": {"name": "iron-boulder", "url": "https://pokeapi.co/api/v2/pokemon/1022/"}, "slot": 1}, {"pokemon": {"name": "aerodactyl-mega", "url": "https://pokeapi.co/api/v2/pokemon/10042/"}, "slot": 1}, {"pokemon": {"name": "tyranitar-mega", "url": "https://pokeapi.co/api/v2/pokemon/10049/"}, "slot": 1}, {"pokemon": {"name": "diancie-mega", "url": "https://pokeapi.co/api/v2/pokemon/10075/"}, "slot": 1}, {"pokemon": {"name": "geodude-alola", "url": "https://pokeapi.co/api/v2/pokemon/10109/"}, "slot": 1}, {"pokemon": {"name": "graveler-alola", "url": "https://pokeapi.co/api/v2/pokemon/10110/"}, "slot": 1}, {"pokemon": {"name": "golem-alola", "url": "https://pokeapi.co/api/v2/pokemon/10111/"}, "slot": 1}, {"pokemon": {"name": "lycanroc-midnight", "url": "https://pokeapi.co/api/v2/pokemon/10126/"}, "slot": 1}, {"pokemon": {"name": "minior-orange-meteor", "url": "https://pokeapi.co/api/v2/pokemon/10130/"}, "slot": 1}, {"pokemon": {"name": "minior-yellow-meteor", "url": "https://pokeapi.co/api/v2/pokemon/10131/"}, "slot": 1}, {"pokemon": {"name": "minior-green-meteor", "url": "https://pokeapi.co/api/v2/pokemon/10132/"}, "slot": 1}, {"pokemon": {"name": "minior-blue-meteor", "url": "https://pokeapi.co/api/v2/pokemon/10133/"}, "slot": 1}, {"pokemon": {"name": "minior-indigo-meteor", "url": "https://pokeapi.co/api/v2/pokemon/10134/"}, "slot": 1}, {"pokemon": {"name": "minior-violet-meteor", "url": "https://pokeapi.co/api/v2/pokemon/10135/"}, "slot": 1}, {"pokemon": {"name": "minior-red", "url": "https://pokeapi.co/api/v2/pokemon/10136/"}, "slot": 1}, {"pokemon": {"name": "minior-orange", "url": "https://pokeapi.co/api/v2/pokemon/10137/"}, "slot": 1}, {"pokemon": {"name": "minior-yellow", "url": "https://pokeapi.co/api/v2/pokemon/10138/"}, "slot": 1}, {"pokemon": {"name": "minior-green", "url": "https://pokeapi.co/api/v2/pokemon/10139/"}, "slot": 1}, {"pokemon": {"name": "minior-blue", "url": "https://pokeapi.co/api/v2/pokemon/10140/"}, "slot": 1}, {"pokemon": {"name": "minior-indigo", "url": "https://pokeapi.co/api/v2/pokemon/10141/"}, "slot": 1}, {"pokemon": {"name": "minior-violet", "url": "https://pokeapi.co/api/v2/pokemon/10142/"}, "slot": 1}, {"pokemon": {"name": "rockruff-own-tempo", "url": "https://pokeapi.co/api/v2/pokemon/10151/"}, "slot": 1}, {"pokemon": {"name": "lycanroc-dusk", "url": "https://pokeapi.co/api/v2/pokemon/10152/"}, "slot": 1}, {"pokemon": {"name": "drednaw-gmax", "url": "https://pokeapi.co/api/v2/pokemon/10214/"}, "slot": 2}, {"pokemon": {"name": "coalossal-gmax", "url": "https://pokeapi.co/api/v2/pokemon/10215/"}, "slot": 1}, {"pokemon": {"name": "growlithe-hisui", "url": "https://pokeapi.co/api/v2/pokemon/10229/"}, "slot": 2}, {"pokemon": {"name": "arcanine-hisui", "url": "https://pokeapi.co/api/v2/pokemon/10230/"}, "slot": 2}, {"pokemon": {"name": "avalugg-hisui", "url": "https://pokeapi.co/api/v2/pokemon/10243/"}, "slot": 2}, {"pokemon": {"name": "ogerpon-cornerstone-mask", "url": "https://pokeapi.co/api/v2/pokemon/10275/"}, "slot": 2}]}