{"damage_relations": {"double_damage_from": [{"name": "fighting", "url": "https://pokeapi.co/api/v2/type/2/"}, {"name": "ground", "url": "https://pokeapi.co/api/v2/type/5/"}, {"name": "fire", "url": "https://pokeapi.co/api/v2/type/10/"}], "double_damage_to": [{"name": "rock", "url": "https://pokeapi.co/api/v2/type/6/"}, {"name": "ice", "url": "https://pokeapi.co/api/v2/type/15/"}, {"name": "fairy", "url": "https://pokeapi.co/api/v2/type/18/"}], "half_damage_from": [{"name": "normal", "url": "https://pokeapi.co/api/v2/type/1/"}, {"name": "flying", "url": "https://pokeapi.co/api/v2/type/3/"}, {"name": "rock", "url": "https://pokeapi.co/api/v2/type/6/"}, {"name": "bug", "url": "https://pokeapi.co/api/v2/type/7/"}, {"name": "steel", "url": "https://pokeapi.co/api/v2/type/9/"}, {"name": "grass", "url": "https://pokeapi.co/api/v2/type/12/"}, {"name": "psychic", "url": "https://pokeapi.co/api/v2/type/14/"}, {"name": "ice", "url": "https://pokeapi.co/api/v2/type/15/"}, {"name": "dragon", "url": "https://pokeapi.co/api/v2/type/16/"}, {"name": "fairy", "url": "https://pokeapi.co/api/v2/type/18/"}], "half_damage_to": [{"name": "steel", "url": "https://pokeapi.co/api/v2/type/9/"}, {"name": "fire", "url": "https://pokeapi.co/api/v2/type/10/"}, {"name": "water", "url": "https://pokeapi.co/api/v2/type/11/"}, {"name": "electric", "url": "https://pokeapi.co/api/v2/type/13/"}], "no_damage_from": [{"name": "poison", "url": "https://pokeapi.co/api/v2/type/4/"}], "no_damage_to": []}, "game_indices": [{"game_index": 9, "generation": {"name": "generation-ii", "url": "https://pokeapi.co/api/v2/generation/2/"}}, {"game_index": 8, "generation": {"name": "generation-iii", "url": "https://pokeapi.co/api/v2/generation/3/"}}, {"game_index": 8, "generation": {"name": "generation-iv", "url": "https://pokeapi.co/api/v2/generation/4/"}}, {"game_index": 8, "generation": {"name": "generation-v", "url": "https://pokeapi.co/api/v2/generation/5/"}}, {"game_index": 8, "generation": {"name": "generation-vi", "url": "https://pokeapi.co/api/v2/generation/6/"}}], "generation": {"name": "generation-ii", "url": "https://pokeapi.co/api/v2/generation/2/"}, "id": 9, "move_damage_class": {"name": "physical", "url": "https://pokeapi.co/api/v2/move-damage-class/2/"}, "moves": [{"name": "steel-wing", "url": "https://pokeapi.co/api/v2/move/211/"}, {"name": "iron-tail", "url": "https://pokeapi.co/api/v2/move/231/"}, {"name": "metal-claw", "url": "https://pokeapi.co/api/v2/move/232/"}, {"name": "meteor-mash", "url": "https://pokeapi.co/api/v2/move/309/"}, {"name": "metal-sound", "url": "https://pokeapi.co/api/v2/move/319/"}, {"name": "iron-defense", "url": "https://pokeapi.co/api/v2/move/334/"}, {"name": "doom-desire", "url": "https://pokeapi.co/api/v2/move/353/"}, {"name": "gyro-ball", "url": "https://pokeapi.co/api/v2/move/360/"}, {"name": "metal-burst", "url": "https://pokeapi.co/api/v2/move/368/"}, {"name": "bullet-punch", "url": "https://pokeapi.co/api/v2/move/418/"}, {"name": "mirror-shot", "url": "https://pokeapi.co/api/v2/move/429/"}, {"name": "flash-cannon", "url": "https://pokeapi.co/api/v2/move/430/"}, {"name": "iron-head", "url": "https://pokeapi.co/api/v2/move/442/"}, {"name": "magnet-bomb", "url": "https://pokeapi.co/api/v2/move/443/"}, {"name": "autotomize", "url": "https://pokeapi.co/api/v2/move/475/"}, {"name": "heavy-slam", "url": "https://pokeapi.co/api/v2/move/484/"}, {"name": "shift-gear", "url": "https://pokeapi.co/api/v2/move/508/"}, {"name": "gear-grind", "url": "https://pokeapi.co/api/v2/move/544/"}, {"name": "kings-shield", "url": "https://pokeapi.co/api/v2/move/588/"}, {"name": "corkscrew-crash--physical", "url": "https://pokeapi.co/api/v2/move/638/"}, {"name": "corkscrew-crash--special", "url": "https://pokeapi.co/api/v2/move/639/"}, {"name": "gear-up", "url": "https://pokeapi.co/api/v2/move/674/"}, {"name": "anchor-shot", "url": "https://pokeapi.co/api/v2/move/677/"}, {"name": "smart-strike", "url": "https://pokeapi.co/api/v2/move/684/"}, {"name": "sunsteel-strike", "url": "https://pokeapi.co/api/v2/move/713/"}, {"name": "searing-sunraze-smash", "url": "https://pokeapi.co/api/v2/move/724/"}, {"name": "double-iron-bash", "url": "https://pokeapi.co/api/v2/move/742/"}, {"name": "max-steelspike", "url": "https://pokeapi.co/api/v2/move/774/"}, {"name": "behemoth-blade", "url": "https://pokeapi.co/api/v2/move/781/"}, {"name": "behemoth-bash", "url": "https://pokeapi.co/api/v2/move/782/"}, {"name": "steel-beam", "url": "https://pokeapi.co/api/v2/move/796/"}, {"name": "steel-roller", "url": "https://pokeapi.co/api/v2/move/798/"}, {"name": "shelter", "url": "https://pokeapi.co/api/v2/move/842/"}, {"name": "spin-out", "url": "https://pokeapi.co/api/v2/move/859/"}, {"name": "make-it-rain", "url": "https://pokeapi.co/api/v2/move/874/"}, {"name": "gigaton-hammer", "url": "https://pokeapi.co/api/v2/move/893/"}, {"name": "tachyon-cutter", "url": "https://pokeapi.co/api/v2/move/911/"}, {"name": "hard-press", "url": "https://pokeapi.co/api/v2/move/912/"}], "name": "steel", "names": [{"language": {"name": "ja-Hrkt", "url": "https://pokeapi.co/api/v2/language/1/"}, "name": "\u306f\u304c\u306d"}, {"language": {"name": "ko", "url": "https://pokeapi.co/api/v2/language/3/"}, "name": "\uac15\ucca0"}, {"language": {"name": "zh-Hant", "url": "https://pokeapi.co/api/v2/language/4/"}, "name": "\u92fc"}, {"language": {"name": "fr", "url": "https://pokeapi.co/api/v2/language/5/"}, "name": "Acier"}, {"language": {"name": "de", "url": "https://pokeapi.co/api/v2/language/6/"}, "name": "Stahl"}, {"language": {"name": "es", "url": "https://pokeapi.co/api/v2/language/7/"}, "name": "Acero"}, {"language": {"name": "it", "url": "https://pokeapi.co/api/v2/language/8/"}, "name": "Acciaio"}, {"language": {"name": "en", "url": "https://pokeapi.co/api/v2/language/9/"}, "name": "Steel"}, {"language": {"name": "ja", "url": "https://pokeapi.co/api/v2/language/11/"}, "name": "\u306f\u304c\u306d"}, {"language": {"name": "zh-Hans", "url": "https://pokeapi.co/api/v2/language/12/"}, "name": "\u94a2"}], "past_damage_relations": [{"damage_relations": {"double_damage_from": [{"name": "fighting", "url": "https://pokeapi.co/api/v2/type/2/"}, {"name": "ground", "url": "https://pokeapi.co/api/v2/type/5/"}, {"name": "fire", "url": "https://pokeapi.co/api/v2/type/10/"}], "double_damage_to": [{"name": "rock", "url": "https://pokeapi.co/api/v2/type/6/"}, {"name": "ice", "url": "https://pokeapi.co/api/v2/type/15/"}], "half_damage_from": [{"name": "normal", "url": "https://pokeapi.co/api/v2/type/1/"}, {"name": "flying", "url": "https://pokeapi.co/api/v2/type/3/"}, {"name": "rock", "url": "https://pokeapi.co/api/v2/type/6/"}, {"name": "bug", "url": "https://pokeapi.co/api/v2/type/7/"}, {"name": "steel", "url": "https://pokeapi.co/api/v2/type/9/"}, {"name": "grass", "url": "https://pokeapi.co/api/v2/type/12/"}, {"name": "psychic", "url": "https://pokeapi.co/api/v2/type/14/"}, {"name": "ice", "url": "https://pokeapi.co/api/v2/type/15/"}, {"name": "dragon", "url": "https://pokeapi.co/api/v2/type/16/"}, {"name": "ghost", "url": "https://pokeapi.co/api/v2/type/8/"}, {"name": "dark", "url": "https://pokeapi.co/api/v2/type/17/"}], "half_damage_to": [{"name": "steel", "url": "https://pokeapi.co/api/v2/type/9/"}, {"name": "fire", "url": "https://pokeapi.co/api/v2/type/10/"}, {"name": "water", "url": "https://pokeapi.co/api/v2/type/11/"}, {"name": "electric", "url": "https://pokeapi.co/api/v2/type/13/"}], "no_damage_from": [{"name": "poison", "url": "https://pokeapi.co/api/v2/type/4/"}], "no_damage_to": []}, "generation": {"name": "generation-v", "url": "https://pokeapi.co/api/v2/generation/5/"}}], "pokemon": [{"pokemon": {"name": "magnemite", "url": "https://pokeapi.co/api/v2/pokemon/81/"}, "slot": 2}, {"pokemon": {"name": "magneton", "url": "https://pokeapi.co/api/v2/pokemon/82/"}, "slot": 2}, {"pokemon": {"name": "forretress", "url": "https://pokeapi.co/api/v2/pokemon/205/"}, "slot": 2}, {"pokemon": {"name": "steelix", "url": "https://pokeapi.co/api/v2/pokemon/208/"}, "slot": 1}, {"pokemon": {"name": "scizor", "url": "https://pokeapi.co/api/v2/pokemon/212/"}, "slot": 2}, {"pokemon": {"name": "skarmory", "url": "https://pokeapi.co/api/v2/pokemon/227/"}, "slot": 1}, {"pokemon": {"name": "mawile", "url": "https://pokeapi.co/api/v2/pokemon/303/"}, "slot": 1}, {"pokemon": {"name": "aron", "url": "https://pokeapi.co/api/v2/pokemon/304/"}, "slot": 1}, {"pokemon": {"name": "lairon", "url": "https://pokeapi.co/api/v2/pokemon/305/"}, "slot": 1}, {"pokemon": {"name": "aggron", "url": "https://pokeapi.co/api/v2/pokemon/306/"}, "slot": 1}, {"pokemon": {"name": "beldum", "url": "https://pokeapi.co/api/v2/pokemon/374/"}, "slot": 1}, {"pokemon": {"name": "metang", "url": "https://pokeapi.co/api/v2/pokemon/375/"}, "slot": 1}, {"pokemon": {"name": "metagross", "url": "https://pokeapi.co/api/v2/pokemon/376/"}, "slot": 1}, {"pokemon": {"name": "registeel", "url": "https://pokeapi.co/api/v2/pokemon/379/"}, "slot": 1}, {"pokemon": {"name": "jirachi", "url": "https://pokeapi.co/api/v2/pokemon/385/"}, "slot": 1}, {"pokemon": {"name": "empoleon", "url": "https://pokeapi.co/api/v2/pokemon/395/"}, "slot": 2}, {"pokemon": {"name": "shieldon", "url": "https://pokeapi.co/api/v2/pokemon/410/"}, "slot": 2}, {"pokemon": {"name": "bastiodon", "url": "https://pokeapi.co/api/v2/pokemon/411/"}, "slot": 2}, {"pokemon": {"name": "bronzor", "url": "https://pokeapi.co/api/v2/pokemon/436/"}, "slot": 1}, {"pokemon": {"name": "bronzong", "url": "https://pokeapi.co/api/v2/pokemon/437/"}, "slot": 1}, {"pokemon": {"name": "lucario", "url": "https://pokeapi.co/api/v2/pokemon/448/"}, "slot": 2}, {"pokemon": {"name": "magnezone", "url": "https://pokeapi.co/api/v2/pokemon/462/"}, "slot": 2}, {"pokemon": {"name": "probopass", "url": "https://pokeapi.co/api/v2/pokemon/476/"}, "slot": 2}, {"pokemon": {"name": "dialga", "url": "https://pokeapi.co/api/v2/pokemon/483/"}, "slot": 1}, {"pokemon": {"name": "heatran", "url": "https://pokeapi.co/api/v2/pokemon/485/"}, "slot": 2}, {"pokemon": {"name": "excadrill", "url": "https://pokeapi.co/api/v2/pokemon/530/"}, "slot": 2}, {"pokemon": {"name": "escavalier", "url": "https://pokeapi.co/api/v2/pokemon/589/"}, "slot": 2}, {"pokemon": {"name": "ferroseed", "url": "https://pokeapi.co/api/v2/pokemon/597/"}, "slot": 2}, {"pokemon": {"name": "ferrothorn", "url": "https://pokeapi.co/api/v2/pokemon/598/"}, "slot": 2}, {"pokemon": {"name": "klink", "url": "https://pokeapi.co/api/v2/pokemon/599/"}, "slot": 1}, {"pokemon": {"name": "klang", "url": "https://pokeapi.co/api/v2/pokemon/600/"}, "slot": 1}, {"pokemon": {"name": "klinklang", "url": "https://pokeapi.co/api/v2/pokemon/601/"}, "slot": 1}, {"pokemon": {"name": "pawniard", "url": "https://pokeapi.co/api/v2/pokemon/624/"}, "slot": 2}, {"pokemon": {"name": "bisharp", "url": "https://pokeapi.co/api/v2/pokemon/625/"}, "slot": 2}, {"pokemon": {"name": "durant", "url": "https://pokeapi.co/api/v2/pokemon/632/"}, "slot": 2}, {"pokemon": {"name": "cobalion", "url": "https://pokeapi.co/api/v2/pokemon/638/"}, "slot": 1}, {"pokemon": {"name": "genesect", "url": "https://pokeapi.co/api/v2/pokemon/649/"}, "slot": 2}, {"pokemon": {"name": "honedge", "url": "https://pokeapi.co/api/v2/pokemon/679/"}, "slot": 1}, {"pokemon": {"name": "doublade", "url": "https://pokeapi.co/api/v2/pokemon/680/"}, "slot": 1}, {"pokemon": {"name": "aegislash-shield", "url": "https://pokeapi.co/api/v2/pokemon/681/"}, "slot": 1}, {"pokemon": {"name": "klefki", "url": "https://pokeapi.co/api/v2/pokemon/707/"}, "slot": 1}, {"pokemon": {"name": "togedemaru", "url": "https://pokeapi.co/api/v2/pokemon/777/"}, "slot": 2}, {"pokemon": {"name": "solgaleo", "url": "https://pokeapi.co/api/v2/pokemon/791/"}, "slot": 2}, {"pokemon": {"name": "celesteela", "url": "https://pokeapi.co/api/v2/pokemon/797/"}, "slot": 1}, {"pokemon": {"name": "kartana", "url": "https://pokeapi.co/api/v2/pokemon/798/"}, "slot": 2}, {"pokemon": {"name": "magearna", "url": "https://pokeapi.co/api/v2/pokemon/801/"}, "slot": 1}, {"pokemon": {"name": "stakataka", "url": "https://pokeapi.co/api/v2/pokemon/805/"}, "slot": 2}, {"pokemon": {"name": "meltan", "url": "https://pokeapi.co/api/v2/pokemon/808/"}, "slot": 1}, {"pokemon": {"name": "melmetal", "url": "https://pokeapi.co/api/v2/pokemon/809/"}, "slot": 1}, {"pokemon": {"name": "corviknight", "url": "https://pokeapi.co/api/v2/pokemon/823/"}, "slot": 2}, {"pokemon": {"name": "perrserker", "url": "https://pokeapi.co/api/v2/pokemon/863/"}, "slot": 1}, {"pokemon": {"name": "cufant", "url": "https://pokeapi.co/api/v2/pokemon/878/"}, "slot": 1}, {"pokemon": {"name": "copperajah", "url": "https://pokeapi.co/api/v2/pokemon/879/"}, "slot": 1}, {"pokemon": {"name": "duraludon", "url": "https://pokeapi.co/api/v2/pokemon/884/"}, "slot": 1}, {"pokemon": {"name": "tinkatink", "url": "https://pokeapi.co/api/v2/pokemon/957/"}, "slot": 2}, {"pokemon": {"name": "tinkatuff", "url": "https://pokeapi.co/api/v2/pokemon/958/"}, "slot": 2}, {"pokemon": {"name": "tinkaton", "url": "https://pokeapi.co/api/v2/pokemon/959/"}, "slot": 2}, {"pokemon": {"name": "varoom", "url": "https://pokeapi.co/api/v2/pokemon/965/"}, "slot": 1}, {"pokemon": {"name": "revavroom", "url": "https://pokeapi.co/api/v2/pokemon/966/"}, "slot": 1}, {"pokemon": {"name": "orthworm", "url": "https://pokeapi.co/api/v2/pokemon/968/"}, "slot": 1}, {"pokemon": {"name": "kingambit", "url": "https://pokeapi.co/api/v2/pokemon/983/"}, "slot": 2}, {"pokemon": {"name": "iron-treads", "url": "https://pokeapi.co/api/v2/pokemon/990/"}, "slot": 2}, {"pokemon": {"name": "gholdengo", "url": "https://pokeapi.co/api/v2/pokemon/1000/"}, "slot": 1}, {"pokemon": {"name": "archaludon", "url": "https://pokeapi.co/api/v2/pokemon/1018/"}, "slot": 1}, {"pokemon": {"name": "iron-crown", "url": "https://pokeapi.co/api/v2/pokemon/1023/"}, "slot": 1}, {"pokemon": {"name": "wormadam-trash", "url": "https://pokeapi.co/api/v2/pokemon/10005/"}, "slot": 2}, {"pokemon": {"name": "aegislash-blade", "url": "https://pokeapi.co/api/v2/pokemon/10026/"}, "slot": 1}, {"pokemon": {"name": "scizor-mega", "url": "https://pokeapi.co/api/v2/pokemon/10046/"}, "slot": 2}, {"pokemon": {"name": "mawile-mega", "url": "https://pokeapi.co/api/v2/pokemon/10052/"}, "slot": 1}, {"pokemon": {"name": "aggron-mega", "url": "https://pokeapi.co/api/v2/pokemon/10053/"}, "slot": 1}, {"pokemon": {"name": "lucario-mega", "url": "https://pokeapi.co/api/v2/pokemon/10059/"}, "slot": 2}, {"pokemon": {"name": "steelix-mega", "url": "https://pokeapi.co/api/v2/pokemon/10072/"}, "slot": 1}, {"pokemon": {"name": "metagross-mega", "url": "https://pokeapi.co/api/v2/pokemon/10076/"}, "slot": 1}, {"pokemon": {"name": "sandshrew-alola", "url": "https://pokeapi.co/api/v2/pokemon/10101/"}, "slot": 2}, {"pokemon": {"name": "sandslash-alola", "url": "https://pokeapi.co/api/v2/pokemon/10102/"}, "slot": 2}, {"pokemon": {"name": "diglett-alola", "url": "https://pokeapi.co/api/v2/pokemon/10105/"}, "slot": 2}, {"pokemon": {"name": "dugtrio-alola", "url": "https://pokeapi.co/api/v2/pokemon/10106/"}, "slot": 2}, {"pokemon": {"name": "magearna-original", "url": "https://pokeapi.co/api/v2/pokemon/10147/"}, "slot": 1}, {"pokemon": {"name": "togedemaru-totem", "url": "https://pokeapi.co/api/v2/pokemon/10154/"}, "slot": 2}, {"pokemon": {"name": "necrozma-dusk", "url": "https://pokeapi.co/api/v2/pokemon/10155/"}, "slot": 2}, {"pokemon": {"name": "meowth-galar", "url": "https://pokeapi.co/api/v2/pokemon/10161/"}, "slot": 1}, {"pokemon": {"name": "stunfisk-galar", "url": "https://pokeapi.co/api/v2/pokemon/10180/"}, "slot": 2}, {"pokemon": {"name": "zacian-crowned", "url": "https://pokeapi.co/api/v2/pokemon/10188/"}, "slot": 2}, {"pokemon": {"name": "zamazenta-crowned", "url": "https://pokeapi.co/api/v2/pokemon/10189/"}, "slot": 2}, {"pokemon": {"name": "melmetal-gmax", "url": "https://pokeapi.co/api/v2/pokemon/10208/"}, "slot": 1}, {"pokemon": {"name": "corviknight-gmax", "url": "https://pokeapi.co/api/v2/pokemon/10212/"}, "slot": 2}, {"pokemon": {"name": "copperajah-gmax", "url": "https://pokeapi.co/api/v2/pokemon/10224/"}, "slot": 1}, {"pokemon": {"name": "duraludon-gmax", "url": "https://pokeapi.co/api/v2/pokemon/10225/"}, "slot": 1}, {"pokemon": {"name": "sliggoo-hisui", "url": "https://pokeapi.co/api/v2/pokemon/10241/"}, "slot": 1}, {"pokemon": {"name": "goodra-hisui", "url": "https://pokeapi.co/api/v2/pokemon/10242/"}, "slot": 1}, {"pokemon": {"name": "dialga-origin", "url": "https://pokeapi.co/api/v2/pokemon/10245/"}, "slot": 1}]}