{"damage_relations": {"double_damage_from": [], "double_damage_to": [], "half_damage_from": [], "half_damage_to": [], "no_damage_from": [], "no_damage_to": []}, "game_indices": [{"game_index": 19, "generation": {"name": "generation-ii", "url": "https://pokeapi.co/api/v2/generation/2/"}}, {"game_index": 9, "generation": {"name": "generation-iii", "url": "https://pokeapi.co/api/v2/generation/3/"}}, {"game_index": 9, "generation": {"name": "generation-iv", "url": "https://pokeapi.co/api/v2/generation/4/"}}], "generation": {"name": "generation-ii", "url": "https://pokeapi.co/api/v2/generation/2/"}, "id": 10001, "move_damage_class": null, "moves": [], "name": "unknown", "names": [{"language": {"name": "ja-Hrkt", "url": "https://pokeapi.co/api/v2/language/1/"}, "name": "\uff1f\uff1f\uff1f"}, {"language": {"name": "ko", "url": "https://pokeapi.co/api/v2/language/3/"}, "name": "???"}, {"language": {"name": "zh-Hant", "url": "https://pokeapi.co/api/v2/language/4/"}, "name": "???"}, {"language": {"name": "fr", "url": "https://pokeapi.co/api/v2/language/5/"}, "name": "???"}, {"language": {"name": "de", "url": "https://pokeapi.co/api/v2/language/6/"}, "name": "???"}, {"language": {"name": "es", "url": "https://pokeapi.co/api/v2/language/7/"}, "name": "???"}, {"language": {"name": "it", "url": "https://pokeapi.co/api/v2/language/8/"}, "name": "???"}, {"language": {"name": "en", "url": "https://pokeapi.co/api/v2/language/9/"}, "name": "???"}, {"language": {"name": "ja", "url": "https://pokeapi.co/api/v2/language/11/"}, "name": "\uff1f\uff1f\uff1f"}, {"language": {"name": "zh-Hans", "url": "https://pokeapi.co/api/v2/language/12/"}, "name": "???"}], "past_damage_relations": [], "pokemon": []}