{"damage_relations": {"double_damage_from": [{"name": "grass", "url": "https://pokeapi.co/api/v2/type/12/"}, {"name": "electric", "url": "https://pokeapi.co/api/v2/type/13/"}], "double_damage_to": [{"name": "ground", "url": "https://pokeapi.co/api/v2/type/5/"}, {"name": "rock", "url": "https://pokeapi.co/api/v2/type/6/"}, {"name": "fire", "url": "https://pokeapi.co/api/v2/type/10/"}], "half_damage_from": [{"name": "steel", "url": "https://pokeapi.co/api/v2/type/9/"}, {"name": "fire", "url": "https://pokeapi.co/api/v2/type/10/"}, {"name": "water", "url": "https://pokeapi.co/api/v2/type/11/"}, {"name": "ice", "url": "https://pokeapi.co/api/v2/type/15/"}], "half_damage_to": [{"name": "water", "url": "https://pokeapi.co/api/v2/type/11/"}, {"name": "grass", "url": "https://pokeapi.co/api/v2/type/12/"}, {"name": "dragon", "url": "https://pokeapi.co/api/v2/type/16/"}], "no_damage_from": [], "no_damage_to": []}, "game_indices": [{"game_index": 21, "generation": {"name": "generation-i", "url": "https://pokeapi.co/api/v2/generation/1/"}}, {"game_index": 21, "generation": {"name": "generation-ii", "url": "https://pokeapi.co/api/v2/generation/2/"}}, {"game_index": 11, "generation": {"name": "generation-iii", "url": "https://pokeapi.co/api/v2/generation/3/"}}, {"game_index": 11, "generation": {"name": "generation-iv", "url": "https://pokeapi.co/api/v2/generation/4/"}}, {"game_index": 10, "generation": {"name": "generation-v", "url": "https://pokeapi.co/api/v2/generation/5/"}}, {"game_index": 10, "generation": {"name": "generation-vi", "url": "https://pokeapi.co/api/v2/generation/6/"}}], "generation": {"name": "generation-i", "url": "https://pokeapi.co/api/v2/generation/1/"}, "id": 11, "move_damage_class": {"name": "special", "url": "https://pokeapi.co/api/v2/move-damage-class/3/"}, "moves": [{"name": "water-gun", "url": "https://pokeapi.co/api/v2/move/55/"}, {"name": "hydro-pump", "url": "https://pokeapi.co/api/v2/move/56/"}, {"name": "surf", "url": "https://pokeapi.co/api/v2/move/57/"}, {"name": "bubble-beam", "url": "https://pokeapi.co/api/v2/move/61/"}, {"name": "withdraw", "url": "https://pokeapi.co/api/v2/move/110/"}, {"name": "waterfall", "url": "https://pokeapi.co/api/v2/move/127/"}, {"name": "clamp", "url": "https://pokeapi.co/api/v2/move/128/"}, {"name": "bubble", "url": "https://pokeapi.co/api/v2/move/145/"}, {"name": "crabhammer", "url": "https://pokeapi.co/api/v2/move/152/"}, {"name": "octazooka", "url": "https://pokeapi.co/api/v2/move/190/"}, {"name": "rain-dance", "url": "https://pokeapi.co/api/v2/move/240/"}, {"name": "whirlpool", "url": "https://pokeapi.co/api/v2/move/250/"}, {"name": "dive", "url": "https://pokeapi.co/api/v2/move/291/"}, {"name": "hydro-cannon", "url": "https://pokeapi.co/api/v2/move/308/"}, {"name": "water-spout", "url": "https://pokeapi.co/api/v2/move/323/"}, {"name": "muddy-water", "url": "https://pokeapi.co/api/v2/move/330/"}, {"name": "water-sport", "url": "https://pokeapi.co/api/v2/move/346/"}, {"name": "water-pulse", "url": "https://pokeapi.co/api/v2/move/352/"}, {"name": "brine", "url": "https://pokeapi.co/api/v2/move/362/"}, {"name": "aqua-ring", "url": "https://pokeapi.co/api/v2/move/392/"}, {"name": "aqua-tail", "url": "https://pokeapi.co/api/v2/move/401/"}, {"name": "aqua-jet", "url": "https://pokeapi.co/api/v2/move/453/"}, {"name": "soak", "url": "https://pokeapi.co/api/v2/move/487/"}, {"name": "scald", "url": "https://pokeapi.co/api/v2/move/503/"}, {"name": "water-pledge", "url": "https://pokeapi.co/api/v2/move/518/"}, {"name": "razor-shell", "url": "https://pokeapi.co/api/v2/move/534/"}, {"name": "steam-eruption", "url": "https://pokeapi.co/api/v2/move/592/"}, {"name": "water-shuriken", "url": "https://pokeapi.co/api/v2/move/594/"}, {"name": "origin-pulse", "url": "https://pokeapi.co/api/v2/move/618/"}, {"name": "hydro-vortex--physical", "url": "https://pokeapi.co/api/v2/move/642/"}, {"name": "hydro-vortex--special", "url": "https://pokeapi.co/api/v2/move/643/"}, {"name": "sparkling-aria", "url": "https://pokeapi.co/api/v2/move/664/"}, {"name": "oceanic-operetta", "url": "https://pokeapi.co/api/v2/move/697/"}, {"name": "liquidation", "url": "https://pokeapi.co/api/v2/move/710/"}, {"name": "splishy-splash", "url": "https://pokeapi.co/api/v2/move/730/"}, {"name": "bouncy-bubble", "url": "https://pokeapi.co/api/v2/move/733/"}, {"name": "snipe-shot", "url": "https://pokeapi.co/api/v2/move/745/"}, {"name": "fishious-rend", "url": "https://pokeapi.co/api/v2/move/755/"}, {"name": "max-geyser", "url": "https://pokeapi.co/api/v2/move/765/"}, {"name": "life-dew", "url": "https://pokeapi.co/api/v2/move/791/"}, {"name": "flip-turn", "url": "https://pokeapi.co/api/v2/move/812/"}, {"name": "surging-strikes", "url": "https://pokeapi.co/api/v2/move/818/"}, {"name": "wave-crash", "url": "https://pokeapi.co/api/v2/move/834/"}, {"name": "jet-punch", "url": "https://pokeapi.co/api/v2/move/857/"}, {"name": "triple-dive", "url": "https://pokeapi.co/api/v2/move/865/"}, {"name": "aqua-step", "url": "https://pokeapi.co/api/v2/move/872/"}, {"name": "hydro-steam", "url": "https://pokeapi.co/api/v2/move/876/"}, {"name": "chilling-water", "url": "https://pokeapi.co/api/v2/move/886/"}, {"name": "aqua-cutter", "url": "https://pokeapi.co/api/v2/move/895/"}], "name": "water", "names": [{"language": {"name": "ja-Hrkt", "url": "https://pokeapi.co/api/v2/language/1/"}, "name": "\u307f\u305a"}, {"language": {"name": "ko", "url": "https://pokeapi.co/api/v2/language/3/"}, "name": "\ubb3c"}, {"language": {"name": "zh-Hant", "url": "https://pokeapi.co/api/v2/language/4/"}, "name": "\u6c34"}, {"language": {"name": "fr", "url": "https://pokeapi.co/api/v2/language/5/"}, "name": "Eau"}, {"language": {"name": "de", "url": "https://pokeapi.co/api/v2/language/6/"}, "name": "Wasser"}, {"language": {"name": "es", "url": "https://pokeapi.co/api/v2/language/7/"}, "name": "Agua"}, {"language": {"name": "it", "url": "https://pokeapi.co/api/v2/language/8/"}, "name": "Acqua"}, {"language": {"name": "en", "url": "https://pokeapi.co/api/v2/language/9/"}, "name": "Water"}, {"language": {"name": "ja", "url": "https://pokeapi.co/api/v2/language/11/"}, "name": "\u307f\u305a"}, {"language": {"name": "zh-Hans", "url": "https://pokeapi.co/api/v2/language/12/"}, "name": "\u6c34"}], "past_damage_relations": [], "pokemon": [{"pokemon": {"name": "squirtle", "url": "https://pokeapi.co/api/v2/pokemon/7/"}, "slot": 1}, {"pokemon": {"name": "wartortle", "url": "https://pokeapi.co/api/v2/pokemon/8/"}, "slot": 1}, {"pokemon": {"name": "blastoise", "url": "https://pokeapi.co/api/v2/pokemon/9/"}, "slot": 1}, {"pokemon": {"name": "psyduck", "url": "https://pokeapi.co/api/v2/pokemon/54/"}, "slot": 1}, {"pokemon": {"name": "golduck", "url": "https://pokeapi.co/api/v2/pokemon/55/"}, "slot": 1}, {"pokemon": {"name": "poliwag", "url": "https://pokeapi.co/api/v2/pokemon/60/"}, "slot": 1}, {"pokemon": {"name": "poliwhirl", "url": "https://pokeapi.co/api/v2/pokemon/61/"}, "slot": 1}, {"pokemon": {"name": "poliwrath", "url": "https://pokeapi.co/api/v2/pokemon/62/"}, "slot": 1}, {"pokemon": {"name": "tentacool", "url": "https://pokeapi.co/api/v2/pokemon/72/"}, "slot": 1}, {"pokemon": {"name": "tentacruel", "url": "https://pokeapi.co/api/v2/pokemon/73/"}, "slot": 1}, {"pokemon": {"name": "slowpoke", "url": "https://pokeapi.co/api/v2/pokemon/79/"}, "slot": 1}, {"pokemon": {"name": "slowbro", "url": "https://pokeapi.co/api/v2/pokemon/80/"}, "slot": 1}, {"pokemon": {"name": "seel", "url": "https://pokeapi.co/api/v2/pokemon/86/"}, "slot": 1}, {"pokemon": {"name": "dewgong", "url": "https://pokeapi.co/api/v2/pokemon/87/"}, "slot": 1}, {"pokemon": {"name": "shellder", "url": "https://pokeapi.co/api/v2/pokemon/90/"}, "slot": 1}, {"pokemon": {"name": "cloyster", "url": "https://pokeapi.co/api/v2/pokemon/91/"}, "slot": 1}, {"pokemon": {"name": "krabby", "url": "https://pokeapi.co/api/v2/pokemon/98/"}, "slot": 1}, {"pokemon": {"name": "kingler", "url": "https://pokeapi.co/api/v2/pokemon/99/"}, "slot": 1}, {"pokemon": {"name": "horsea", "url": "https://pokeapi.co/api/v2/pokemon/116/"}, "slot": 1}, {"pokemon": {"name": "seadra", "url": "https://pokeapi.co/api/v2/pokemon/117/"}, "slot": 1}, {"pokemon": {"name": "goldeen", "url": "https://pokeapi.co/api/v2/pokemon/118/"}, "slot": 1}, {"pokemon": {"name": "seaking", "url": "https://pokeapi.co/api/v2/pokemon/119/"}, "slot": 1}, {"pokemon": {"name": "staryu", "url": "https://pokeapi.co/api/v2/pokemon/120/"}, "slot": 1}, {"pokemon": {"name": "starmie", "url": "https://pokeapi.co/api/v2/pokemon/121/"}, "slot": 1}, {"pokemon": {"name": "magikarp", "url": "https://pokeapi.co/api/v2/pokemon/129/"}, "slot": 1}, {"pokemon": {"name": "gyarados", "url": "https://pokeapi.co/api/v2/pokemon/130/"}, "slot": 1}, {"pokemon": {"name": "lapras", "url": "https://pokeapi.co/api/v2/pokemon/131/"}, "slot": 1}, {"pokemon": {"name": "vaporeon", "url": "https://pokeapi.co/api/v2/pokemon/134/"}, "slot": 1}, {"pokemon": {"name": "omanyte", "url": "https://pokeapi.co/api/v2/pokemon/138/"}, "slot": 2}, {"pokemon": {"name": "omastar", "url": "https://pokeapi.co/api/v2/pokemon/139/"}, "slot": 2}, {"pokemon": {"name": "kabuto", "url": "https://pokeapi.co/api/v2/pokemon/140/"}, "slot": 2}, {"pokemon": {"name": "kabutops", "url": "https://pokeapi.co/api/v2/pokemon/141/"}, "slot": 2}, {"pokemon": {"name": "totodile", "url": "https://pokeapi.co/api/v2/pokemon/158/"}, "slot": 1}, {"pokemon": {"name": "croconaw", "url": "https://pokeapi.co/api/v2/pokemon/159/"}, "slot": 1}, {"pokemon": {"name": "feraligatr", "url": "https://pokeapi.co/api/v2/pokemon/160/"}, "slot": 1}, {"pokemon": {"name": "chinchou", "url": "https://pokeapi.co/api/v2/pokemon/170/"}, "slot": 1}, {"pokemon": {"name": "lanturn", "url": "https://pokeapi.co/api/v2/pokemon/171/"}, "slot": 1}, {"pokemon": {"name": "marill", "url": "https://pokeapi.co/api/v2/pokemon/183/"}, "slot": 1}, {"pokemon": {"name": "azumarill", "url": "https://pokeapi.co/api/v2/pokemon/184/"}, "slot": 1}, {"pokemon": {"name": "politoed", "url": "https://pokeapi.co/api/v2/pokemon/186/"}, "slot": 1}, {"pokemon": {"name": "wooper", "url": "https://pokeapi.co/api/v2/pokemon/194/"}, "slot": 1}, {"pokemon": {"name": "quagsire", "url": "https://pokeapi.co/api/v2/pokemon/195/"}, "slot": 1}, {"pokemon": {"name": "slowking", "url": "https://pokeapi.co/api/v2/pokemon/199/"}, "slot": 1}, {"pokemon": {"name": "qwilfish", "url": "https://pokeapi.co/api/v2/pokemon/211/"}, "slot": 1}, {"pokemon": {"name": "corsola", "url": "https://pokeapi.co/api/v2/pokemon/222/"}, "slot": 1}, {"pokemon": {"name": "remoraid", "url": "https://pokeapi.co/api/v2/pokemon/223/"}, "slot": 1}, {"pokemon": {"name": "octillery", "url": "https://pokeapi.co/api/v2/pokemon/224/"}, "slot": 1}, {"pokemon": {"name": "mantine", "url": "https://pokeapi.co/api/v2/pokemon/226/"}, "slot": 1}, {"pokemon": {"name": "kingdra", "url": "https://pokeapi.co/api/v2/pokemon/230/"}, "slot": 1}, {"pokemon": {"name": "suicune", "url": "https://pokeapi.co/api/v2/pokemon/245/"}, "slot": 1}, {"pokemon": {"name": "mudkip", "url": "https://pokeapi.co/api/v2/pokemon/258/"}, "slot": 1}, {"pokemon": {"name": "marshtomp", "url": "https://pokeapi.co/api/v2/pokemon/259/"}, "slot": 1}, {"pokemon": {"name": "swampert", "url": "https://pokeapi.co/api/v2/pokemon/260/"}, "slot": 1}, {"pokemon": {"name": "lotad", "url": "https://pokeapi.co/api/v2/pokemon/270/"}, "slot": 1}, {"pokemon": {"name": "lombre", "url": "https://pokeapi.co/api/v2/pokemon/271/"}, "slot": 1}, {"pokemon": {"name": "ludicolo", "url": "https://pokeapi.co/api/v2/pokemon/272/"}, "slot": 1}, {"pokemon": {"name": "wingull", "url": "https://pokeapi.co/api/v2/pokemon/278/"}, "slot": 1}, {"pokemon": {"name": "pelipper", "url": "https://pokeapi.co/api/v2/pokemon/279/"}, "slot": 1}, {"pokemon": {"name": "surskit", "url": "https://pokeapi.co/api/v2/pokemon/283/"}, "slot": 2}, {"pokemon": {"name": "carvanha", "url": "https://pokeapi.co/api/v2/pokemon/318/"}, "slot": 1}, {"pokemon": {"name": "sharpedo", "url": "https://pokeapi.co/api/v2/pokemon/319/"}, "slot": 1}, {"pokemon": {"name": "wailmer", "url": "https://pokeapi.co/api/v2/pokemon/320/"}, "slot": 1}, {"pokemon": {"name": "wailord", "url": "https://pokeapi.co/api/v2/pokemon/321/"}, "slot": 1}, {"pokemon": {"name": "barboach", "url": "https://pokeapi.co/api/v2/pokemon/339/"}, "slot": 1}, {"pokemon": {"name": "whiscash", "url": "https://pokeapi.co/api/v2/pokemon/340/"}, "slot": 1}, {"pokemon": {"name": "corphish", "url": "https://pokeapi.co/api/v2/pokemon/341/"}, "slot": 1}, {"pokemon": {"name": "crawdaunt", "url": "https://pokeapi.co/api/v2/pokemon/342/"}, "slot": 1}, {"pokemon": {"name": "feebas", "url": "https://pokeapi.co/api/v2/pokemon/349/"}, "slot": 1}, {"pokemon": {"name": "milotic", "url": "https://pokeapi.co/api/v2/pokemon/350/"}, "slot": 1}, {"pokemon": {"name": "spheal", "url": "https://pokeapi.co/api/v2/pokemon/363/"}, "slot": 2}, {"pokemon": {"name": "sealeo", "url": "https://pokeapi.co/api/v2/pokemon/364/"}, "slot": 2}, {"pokemon": {"name": "walrein", "url": "https://pokeapi.co/api/v2/pokemon/365/"}, "slot": 2}, {"pokemon": {"name": "clamperl", "url": "https://pokeapi.co/api/v2/pokemon/366/"}, "slot": 1}, {"pokemon": {"name": "huntail", "url": "https://pokeapi.co/api/v2/pokemon/367/"}, "slot": 1}, {"pokemon": {"name": "gorebyss", "url": "https://pokeapi.co/api/v2/pokemon/368/"}, "slot": 1}, {"pokemon": {"name": "relicanth", "url": "https://pokeapi.co/api/v2/pokemon/369/"}, "slot": 1}, {"pokemon": {"name": "luvdisc", "url": "https://pokeapi.co/api/v2/pokemon/370/"}, "slot": 1}, {"pokemon": {"name": "kyogre", "url": "https://pokeapi.co/api/v2/pokemon/382/"}, "slot": 1}, {"pokemon": {"name": "piplup", "url": "https://pokeapi.co/api/v2/pokemon/393/"}, "slot": 1}, {"pokemon": {"name": "prinplup", "url": "https://pokeapi.co/api/v2/pokemon/394/"}, "slot": 1}, {"pokemon": {"name": "empoleon", "url": "https://pokeapi.co/api/v2/pokemon/395/"}, "slot": 1}, {"pokemon": {"name": "bibarel", "url": "https://pokeapi.co/api/v2/pokemon/400/"}, "slot": 2}, {"pokemon": {"name": "buizel", "url": "https://pokeapi.co/api/v2/pokemon/418/"}, "slot": 1}, {"pokemon": {"name": "floatzel", "url": "https://pokeapi.co/api/v2/pokemon/419/"}, "slot": 1}, {"pokemon": {"name": "shellos", "url": "https://pokeapi.co/api/v2/pokemon/422/"}, "slot": 1}, {"pokemon": {"name": "gastrodon", "url": "https://pokeapi.co/api/v2/pokemon/423/"}, "slot": 1}, {"pokemon": {"name": "finneon", "url": "https://pokeapi.co/api/v2/pokemon/456/"}, "slot": 1}, {"pokemon": {"name": "lumineon", "url": "https://pokeapi.co/api/v2/pokemon/457/"}, "slot": 1}, {"pokemon": {"name": "mantyke", "url": "https://pokeapi.co/api/v2/pokemon/458/"}, "slot": 1}, {"pokemon": {"name": "palkia", "url": "https://pokeapi.co/api/v2/pokemon/484/"}, "slot": 1}, {"pokemon": {"name": "phione", "url": "https://pokeapi.co/api/v2/pokemon/489/"}, "slot": 1}, {"pokemon": {"name": "manaphy", "url": "https://pokeapi.co/api/v2/pokemon/490/"}, "slot": 1}, {"pokemon": {"name": "oshawott", "url": "https://pokeapi.co/api/v2/pokemon/501/"}, "slot": 1}, {"pokemon": {"name": "dewott", "url": "https://pokeapi.co/api/v2/pokemon/502/"}, "slot": 1}, {"pokemon": {"name": "samurott", "url": "https://pokeapi.co/api/v2/pokemon/503/"}, "slot": 1}, {"pokemon": {"name": "panpour", "url": "https://pokeapi.co/api/v2/pokemon/515/"}, "slot": 1}, {"pokemon": {"name": "simipour", "url": "https://pokeapi.co/api/v2/pokemon/516/"}, "slot": 1}, {"pokemon": {"name": "tympole", "url": "https://pokeapi.co/api/v2/pokemon/535/"}, "slot": 1}, {"pokemon": {"name": "palpitoad", "url": "https://pokeapi.co/api/v2/pokemon/536/"}, "slot": 1}, {"pokemon": {"name": "seismitoad", "url": "https://pokeapi.co/api/v2/pokemon/537/"}, "slot": 1}, {"pokemon": {"name": "basculin-red-striped", "url": "https://pokeapi.co/api/v2/pokemon/550/"}, "slot": 1}, {"pokemon": {"name": "tirtouga", "url": "https://pokeapi.co/api/v2/pokemon/564/"}, "slot": 1}, {"pokemon": {"name": "carracosta", "url": "https://pokeapi.co/api/v2/pokemon/565/"}, "slot": 1}, {"pokemon": {"name": "ducklett", "url": "https://pokeapi.co/api/v2/pokemon/580/"}, "slot": 1}, {"pokemon": {"name": "swanna", "url": "https://pokeapi.co/api/v2/pokemon/581/"}, "slot": 1}, {"pokemon": {"name": "frillish", "url": "https://pokeapi.co/api/v2/pokemon/592/"}, "slot": 1}, {"pokemon": {"name": "jellicent", "url": "https://pokeapi.co/api/v2/pokemon/593/"}, "slot": 1}, {"pokemon": {"name": "alomomola", "url": "https://pokeapi.co/api/v2/pokemon/594/"}, "slot": 1}, {"pokemon": {"name": "keldeo-ordinary", "url": "https://pokeapi.co/api/v2/pokemon/647/"}, "slot": 1}, {"pokemon": {"name": "froakie", "url": "https://pokeapi.co/api/v2/pokemon/656/"}, "slot": 1}, {"pokemon": {"name": "frogadier", "url": "https://pokeapi.co/api/v2/pokemon/657/"}, "slot": 1}, {"pokemon": {"name": "greninja", "url": "https://pokeapi.co/api/v2/pokemon/658/"}, "slot": 1}, {"pokemon": {"name": "binacle", "url": "https://pokeapi.co/api/v2/pokemon/688/"}, "slot": 2}, {"pokemon": {"name": "barbaracle", "url": "https://pokeapi.co/api/v2/pokemon/689/"}, "slot": 2}, {"pokemon": {"name": "skrelp", "url": "https://pokeapi.co/api/v2/pokemon/690/"}, "slot": 2}, {"pokemon": {"name": "clauncher", "url": "https://pokeapi.co/api/v2/pokemon/692/"}, "slot": 1}, {"pokemon": {"name": "clawitzer", "url": "https://pokeapi.co/api/v2/pokemon/693/"}, "slot": 1}, {"pokemon": {"name": "volcanion", "url": "https://pokeapi.co/api/v2/pokemon/721/"}, "slot": 2}, {"pokemon": {"name": "popplio", "url": "https://pokeapi.co/api/v2/pokemon/728/"}, "slot": 1}, {"pokemon": {"name": "brionne", "url": "https://pokeapi.co/api/v2/pokemon/729/"}, "slot": 1}, {"pokemon": {"name": "primarina", "url": "https://pokeapi.co/api/v2/pokemon/730/"}, "slot": 1}, {"pokemon": {"name": "wishiwashi-solo", "url": "https://pokeapi.co/api/v2/pokemon/746/"}, "slot": 1}, {"pokemon": {"name": "mareanie", "url": "https://pokeapi.co/api/v2/pokemon/747/"}, "slot": 2}, {"pokemon": {"name": "toxapex", "url": "https://pokeapi.co/api/v2/pokemon/748/"}, "slot": 2}, {"pokemon": {"name": "dewpider", "url": "https://pokeapi.co/api/v2/pokemon/751/"}, "slot": 1}, {"pokemon": {"name": "araquanid", "url": "https://pokeapi.co/api/v2/pokemon/752/"}, "slot": 1}, {"pokemon": {"name": "wimpod", "url": "https://pokeapi.co/api/v2/pokemon/767/"}, "slot": 2}, {"pokemon": {"name": "golisopod", "url": "https://pokeapi.co/api/v2/pokemon/768/"}, "slot": 2}, {"pokemon": {"name": "pyukumuku", "url": "https://pokeapi.co/api/v2/pokemon/771/"}, "slot": 1}, {"pokemon": {"name": "bruxish", "url": "https://pokeapi.co/api/v2/pokemon/779/"}, "slot": 1}, {"pokemon": {"name": "tapu-fini", "url": "https://pokeapi.co/api/v2/pokemon/788/"}, "slot": 1}, {"pokemon": {"name": "sobble", "url": "https://pokeapi.co/api/v2/pokemon/816/"}, "slot": 1}, {"pokemon": {"name": "drizzile", "url": "https://pokeapi.co/api/v2/pokemon/817/"}, "slot": 1}, {"pokemon": {"name": "inteleon", "url": "https://pokeapi.co/api/v2/pokemon/818/"}, "slot": 1}, {"pokemon": {"name": "chewtle", "url": "https://pokeapi.co/api/v2/pokemon/833/"}, "slot": 1}, {"pokemon": {"name": "drednaw", "url": "https://pokeapi.co/api/v2/pokemon/834/"}, "slot": 1}, {"pokemon": {"name": "cramorant", "url": "https://pokeapi.co/api/v2/pokemon/845/"}, "slot": 2}, {"pokemon": {"name": "arrokuda", "url": "https://pokeapi.co/api/v2/pokemon/846/"}, "slot": 1}, {"pokemon": {"name": "barraskewda", "url": "https://pokeapi.co/api/v2/pokemon/847/"}, "slot": 1}, {"pokemon": {"name": "dracovish", "url": "https://pokeapi.co/api/v2/pokemon/882/"}, "slot": 1}, {"pokemon": {"name": "arctovish", "url": "https://pokeapi.co/api/v2/pokemon/883/"}, "slot": 1}, {"pokemon": {"name": "basculegion-male", "url": "https://pokeapi.co/api/v2/pokemon/902/"}, "slot": 1}, {"pokemon": {"name": "quaxly", "url": "https://pokeapi.co/api/v2/pokemon/912/"}, "slot": 1}, {"pokemon": {"name": "quaxwell", "url": "https://pokeapi.co/api/v2/pokemon/913/"}, "slot": 1}, {"pokemon": {"name": "quaquaval", "url": "https://pokeapi.co/api/v2/pokemon/914/"}, "slot": 1}, {"pokemon": {"name": "wiglett", "url": "https://pokeapi.co/api/v2/pokemon/960/"}, "slot": 1}, {"pokemon": {"name": "wugtrio", "url": "https://pokeapi.co/api/v2/pokemon/961/"}, "slot": 1}, {"pokemon": {"name": "finizen", "url": "https://pokeapi.co/api/v2/pokemon/963/"}, "slot": 1}, {"pokemon": {"name": "palafin", "url": "https://pokeapi.co/api/v2/pokemon/964/"}, "slot": 1}, {"pokemon": {"name": "veluza", "url": "https://pokeapi.co/api/v2/pokemon/976/"}, "slot": 1}, {"pokemon": {"name": "dondozo", "url": "https://pokeapi.co/api/v2/pokemon/977/"}, "slot": 1}, {"pokemon": {"name": "tatsugiri", "url": "https://pokeapi.co/api/v2/pokemon/978/"}, "slot": 2}, {"pokemon": {"name": "iron-bundle", "url": "https://pokeapi.co/api/v2/pokemon/991/"}, "slot": 2}, {"pokemon": {"name": "walking-wake", "url": "https://pokeapi.co/api/v2/pokemon/1009/"}, "slot": 1}, {"pokemon": {"name": "rotom-wash", "url": "https://pokeapi.co/api/v2/pokemon/10009/"}, "slot": 2}, {"pokemon": {"name": "castform-rainy", "url": "https://pokeapi.co/api/v2/pokemon/10014/"}, "slot": 1}, {"pokemon": {"name": "basculin-blue-striped", "url": "https://pokeapi.co/api/v2/pokemon/10016/"}, "slot": 1}, {"pokemon": {"name": "keldeo-resolute", "url": "https://pokeapi.co/api/v2/pokemon/10024/"}, "slot": 1}, {"pokemon": {"name": "blastoise-mega", "url": "https://pokeapi.co/api/v2/pokemon/10036/"}, "slot": 1}, {"pokemon": {"name": "gyarados-mega", "url": "https://pokeapi.co/api/v2/pokemon/10041/"}, "slot": 1}, {"pokemon": {"name": "swampert-mega", "url": "https://pokeapi.co/api/v2/pokemon/10064/"}, "slot": 1}, {"pokemon": {"name": "sharpedo-mega", "url": "https://pokeapi.co/api/v2/pokemon/10070/"}, "slot": 1}, {"pokemon": {"name": "slowbro-mega", "url": "https://pokeapi.co/api/v2/pokemon/10071/"}, "slot": 1}, {"pokemon": {"name": "kyogre-primal", "url": "https://pokeapi.co/api/v2/pokemon/10077/"}, "slot": 1}, {"pokemon": {"name": "greninja-battle-bond", "url": "https://pokeapi.co/api/v2/pokemon/10116/"}, "slot": 1}, {"pokemon": {"name": "greninja-ash", "url": "https://pokeapi.co/api/v2/pokemon/10117/"}, "slot": 1}, {"pokemon": {"name": "wishiwashi-school", "url": "https://pokeapi.co/api/v2/pokemon/10127/"}, "slot": 1}, {"pokemon": {"name": "araquanid-totem", "url": "https://pokeapi.co/api/v2/pokemon/10153/"}, "slot": 1}, {"pokemon": {"name": "cramorant-gulping", "url": "https://pokeapi.co/api/v2/pokemon/10182/"}, "slot": 2}, {"pokemon": {"name": "cramorant-gorging", "url": "https://pokeapi.co/api/v2/pokemon/10183/"}, "slot": 2}, {"pokemon": {"name": "urshifu-rapid-strike", "url": "https://pokeapi.co/api/v2/pokemon/10191/"}, "slot": 2}, {"pokemon": {"name": "blastoise-gmax", "url": "https://pokeapi.co/api/v2/pokemon/10197/"}, "slot": 1}, {"pokemon": {"name": "kingler-gmax", "url": "https://pokeapi.co/api/v2/pokemon/10203/"}, "slot": 1}, {"pokemon": {"name": "lapras-gmax", "url": "https://pokeapi.co/api/v2/pokemon/10204/"}, "slot": 1}, {"pokemon": {"name": "inteleon-gmax", "url": "https://pokeapi.co/api/v2/pokemon/10211/"}, "slot": 1}, {"pokemon": {"name": "drednaw-gmax", "url": "https://pokeapi.co/api/v2/pokemon/10214/"}, "slot": 1}, {"pokemon": {"name": "urshifu-rapid-strike-gmax", "url": "https://pokeapi.co/api/v2/pokemon/10227/"}, "slot": 2}, {"pokemon": {"name": "samurott-hisui", "url": "https://pokeapi.co/api/v2/pokemon/10236/"}, "slot": 1}, {"pokemon": {"name": "palkia-origin", "url": "https://pokeapi.co/api/v2/pokemon/10246/"}, "slot": 1}, {"pokemon": {"name": "basculin-white-striped", "url": "https://pokeapi.co/api/v2/pokemon/10247/"}, "slot": 1}, {"pokemon": {"name": "basculegion-female", "url": "https://pokeapi.co/api/v2/pokemon/10248/"}, "slot": 1}, {"pokemon": {"name": "tauros-paldea-aqua-breed", "url": "https://pokeapi.co/api/v2/pokemon/10252/"}, "slot": 2}, {"pokemon": {"name": "palafin-hero", "url": "https://pokeapi.co/api/v2/pokemon/10256/"}, "slot": 1}, {"pokemon": {"name": "tatsugiri-droopy", "url": "https://pokeapi.co/api/v2/pokemon/10258/"}, "slot": 2}, {"pokemon": {"name": "tatsugiri-stretchy", "url": "https://pokeapi.co/api/v2/pokemon/10259/"}, "slot": 2}, {"pokemon": {"name": "ogerpon-wellspring-mask", "url": "https://pokeapi.co/api/v2/pokemon/10273/"}, "slot": 2}]}