{"accuracy": 100, "contest_combos": null, "contest_effect": null, "contest_type": null, "damage_class": {"name": "physical", "url": "https://pokeapi.co/api/v2/move-damage-class/2/"}, "effect_chance": null, "effect_changes": [], "effect_entries": [{"effect": "Inflicts regular damage.  Traps the target.", "language": {"name": "en", "url": "https://pokeapi.co/api/v2/language/9/"}, "short_effect": "Traps the target."}], "flavor_text_entries": [{"flavor_text": "\u30a2\u30f3\u30ab\u30fc\u3092\u3000\u3042\u3044\u3066\u306b\u3000\u304b\u3089\u307e\u305b\u3066\n\u3053\u3046\u3052\u304d\u3059\u308b\u3002\u3000\u3042\u3044\u3066\u306f\n\u306b\u3052\u308b\u3053\u3068\u304c\u3000\u3067\u304d\u306a\u304f\u306a\u308b\u3002", "language": {"name": "ja-Hrkt", "url": "https://pokeapi.co/api/v2/language/1/"}, "version_group": {"name": "sun-moon", "url": "https://pokeapi.co/api/v2/version-group/17/"}}, {"flavor_text": "\uc575\ucee4\ub97c \uc0c1\ub300\uc5d0\uac8c \ud718\uac10\uc544\uc11c\n\uacf5\uaca9\ud55c\ub2e4. \uc0c1\ub300\ub294\n\ub3c4\ub9dd\uce60 \uc218 \uc5c6\uac8c \ub41c\ub2e4.", "language": {"name": "ko", "url": "https://pokeapi.co/api/v2/language/3/"}, "version_group": {"name": "sun-moon", "url": "https://pokeapi.co/api/v2/version-group/17/"}}, {"flavor_text": "\u5c07\u9328\u7e8f\u4f4f\u5c0d\u624b\u9032\u884c\u653b\u64ca\u3002\n\u4f7f\u5c0d\u624b\u7121\u6cd5\u9003\u8d70\u3002", "language": {"name": "zh-Hant", "url": "https://pokeapi.co/api/v2/language/4/"}, "version_group": {"name": "sun-moon", "url": "https://pokeapi.co/api/v2/version-group/17/"}}, {"flavor_text": "Le lanceur jette son ancre sur la cible pour l\u2019attaquer.\nUne fois accroch\u00e9e, elle l\u2019emp\u00eache de s\u2019enfuir.", "language": {"name": "fr", "url": "https://pokeapi.co/api/v2/language/5/"}, "version_group": {"name": "sun-moon", "url": "https://pokeapi.co/api/v2/version-group/17/"}}, {"flavor_text": "Der Anwender greift das Ziel an, indem er es mit\neiner Ankerkette umwickelt. Dadurch wird das Ziel\nan der Flucht gehindert.", "language": {"name": "de", "url": "https://pokeapi.co/api/v2/language/6/"}, "version_group": {"name": "sun-moon", "url": "https://pokeapi.co/api/v2/version-group/17/"}}, {"flavor_text": "Ataca lanzando un ancla al oponente, que queda\natrapado y no puede huir.", "language": {"name": "es", "url": "https://pokeapi.co/api/v2/language/7/"}, "version_group": {"name": "sun-moon", "url": "https://pokeapi.co/api/v2/version-group/17/"}}, {"flavor_text": "Chi la usa attacca il nemico con un\u2019ancora e lo\nintrappola nella catena impedendogli di fuggire.", "language": {"name": "it", "url": "https://pokeapi.co/api/v2/language/8/"}, "version_group": {"name": "sun-moon", "url": "https://pokeapi.co/api/v2/version-group/17/"}}, {"flavor_text": "The user entangles the target with its anchor chain\nwhile attacking. The target becomes unable to flee.", "language": {"name": "en", "url": "https://pokeapi.co/api/v2/language/9/"}, "version_group": {"name": "sun-moon", "url": "https://pokeapi.co/api/v2/version-group/17/"}}, {"flavor_text": "\u30a2\u30f3\u30ab\u30fc\u3092\u3000\u76f8\u624b\u306b\u3000\u304b\u3089\u307e\u305b\u3066\n\u653b\u6483\u3059\u308b\u3002\u3000\u76f8\u624b\u306f\n\u9003\u3052\u308b\u3053\u3068\u304c\u3000\u3067\u304d\u306a\u304f\u306a\u308b\u3002", "language": {"name": "ja", "url": "https://pokeapi.co/api/v2/language/11/"}, "version_group": {"name": "sun-moon", "url": "https://pokeapi.co/api/v2/version-group/17/"}}, {"flavor_text": "\u5c06\u951a\u7f20\u4f4f\u5bf9\u624b\u8fdb\u884c\u653b\u51fb\u3002\n\u4f7f\u5bf9\u624b\u65e0\u6cd5\u9003\u8d70\u3002", "language": {"name": "zh-Hans", "url": "https://pokeapi.co/api/v2/language/12/"}, "version_group": {"name": "sun-moon", "url": "https://pokeapi.co/api/v2/version-group/17/"}}, {"flavor_text": "\u30a2\u30f3\u30ab\u30fc\u3092\u3000\u3042\u3044\u3066\u306b\u3000\u304b\u3089\u307e\u305b\u3066\n\u3053\u3046\u3052\u304d\u3059\u308b\u3002\u3000\u3042\u3044\u3066\u306f\n\u306b\u3052\u308b\u3053\u3068\u304c\u3000\u3067\u304d\u306a\u304f\u306a\u308b\u3002", "language": {"name": "ja-Hrkt", "url": "https://pokeapi.co/api/v2/language/1/"}, "version_group": {"name": "ultra-sun-ultra-moon", "url": "https://pokeapi.co/api/v2/version-group/18/"}}, {"flavor_text": "\uc575\ucee4\ub97c \uc0c1\ub300\uc5d0\uac8c \ud718\uac10\uc544\uc11c\n\uacf5\uaca9\ud55c\ub2e4. \uc0c1\ub300\ub294\n\ub3c4\ub9dd\uce60 \uc218 \uc5c6\uac8c \ub41c\ub2e4.", "language": {"name": "ko", "url": "https://pokeapi.co/api/v2/language/3/"}, "version_group": {"name": "ultra-sun-ultra-moon", "url": "https://pokeapi.co/api/v2/version-group/18/"}}, {"flavor_text": "\u5c07\u9328\u7e8f\u4f4f\u5c0d\u624b\u9032\u884c\u653b\u64ca\u3002\n\u4f7f\u5c0d\u624b\u7121\u6cd5\u9003\u8d70\u3002", "language": {"name": "zh-Hant", "url": "https://pokeapi.co/api/v2/language/4/"}, "version_group": {"name": "ultra-sun-ultra-moon", "url": "https://pokeapi.co/api/v2/version-group/18/"}}, {"flavor_text": "Le lanceur jette son ancre sur la cible pour l\u2019attaquer.\nUne fois accroch\u00e9e, elle l\u2019emp\u00eache de s\u2019enfuir.", "language": {"name": "fr", "url": "https://pokeapi.co/api/v2/language/5/"}, "version_group": {"name": "ultra-sun-ultra-moon", "url": "https://pokeapi.co/api/v2/version-group/18/"}}, {"flavor_text": "Der Anwender greift das Ziel an, indem er es mit\neiner Ankerkette umwickelt. Dadurch wird das Ziel\nan der Flucht gehindert.", "language": {"name": "de", "url": "https://pokeapi.co/api/v2/language/6/"}, "version_group": {"name": "ultra-sun-ultra-moon", "url": "https://pokeapi.co/api/v2/version-group/18/"}}, {"flavor_text": "Ataca lanzando un ancla al oponente, que queda\natrapado y no puede huir.", "language": {"name": "es", "url": "https://pokeapi.co/api/v2/language/7/"}, "version_group": {"name": "ultra-sun-ultra-moon", "url": "https://pokeapi.co/api/v2/version-group/18/"}}, {"flavor_text": "Chi la usa attacca il nemico con un\u2019ancora e lo\nintrappola nella catena impedendogli di fuggire.", "language": {"name": "it", "url": "https://pokeapi.co/api/v2/language/8/"}, "version_group": {"name": "ultra-sun-ultra-moon", "url": "https://pokeapi.co/api/v2/version-group/18/"}}, {"flavor_text": "The user entangles the target with its anchor chain\nwhile attacking. The target becomes unable to flee.", "language": {"name": "en", "url": "https://pokeapi.co/api/v2/language/9/"}, "version_group": {"name": "ultra-sun-ultra-moon", "url": "https://pokeapi.co/api/v2/version-group/18/"}}, {"flavor_text": "\u30a2\u30f3\u30ab\u30fc\u3092\u3000\u76f8\u624b\u306b\u3000\u304b\u3089\u307e\u305b\u3066\n\u653b\u6483\u3059\u308b\u3002\u3000\u76f8\u624b\u306f\n\u9003\u3052\u308b\u3053\u3068\u304c\u3000\u3067\u304d\u306a\u304f\u306a\u308b\u3002", "language": {"name": "ja", "url": "https://pokeapi.co/api/v2/language/11/"}, "version_group": {"name": "ultra-sun-ultra-moon", "url": "https://pokeapi.co/api/v2/version-group/18/"}}, {"flavor_text": "\u5c06\u951a\u7f20\u4f4f\u5bf9\u624b\u8fdb\u884c\u653b\u51fb\u3002\n\u4f7f\u5bf9\u624b\u65e0\u6cd5\u9003\u8d70\u3002", "language": {"name": "zh-Hans", "url": "https://pokeapi.co/api/v2/language/12/"}, "version_group": {"name": "ultra-sun-ultra-moon", "url": "https://pokeapi.co/api/v2/version-group/18/"}}, {"flavor_text": "\u30a2\u30f3\u30ab\u30fc\u3092\u3000\u3042\u3044\u3066\u306b\u3000\u304b\u3089\u307e\u305b\u3066\n\u3053\u3046\u3052\u304d\u3059\u308b\u3002\u3000\u3042\u3044\u3066\u306f\n\u306b\u3052\u308b\u3053\u3068\u304c\u3000\u3067\u304d\u306a\u304f\u306a\u308b\u3002", "language": {"name": "ja-Hrkt", "url": "https://pokeapi.co/api/v2/language/1/"}, "version_group": {"name": "lets-go-pikachu-lets-go-eevee", "url": "https://pokeapi.co/api/v2/version-group/19/"}}, {"flavor_text": "\uc575\ucee4\ub97c \uc0c1\ub300\uc5d0\uac8c \ud718\uac10\uc544\uc11c\n\uacf5\uaca9\ud55c\ub2e4. \uc0c1\ub300\ub294\n\ub3c4\ub9dd\uce60 \uc218 \uc5c6\uac8c \ub41c\ub2e4.", "language": {"name": "ko", "url": "https://pokeapi.co/api/v2/language/3/"}, "version_group": {"name": "lets-go-pikachu-lets-go-eevee", "url": "https://pokeapi.co/api/v2/version-group/19/"}}, {"flavor_text": "\u5c07\u9328\u7e8f\u4f4f\u5c0d\u624b\u9032\u884c\u653b\u64ca\u3002\n\u4f7f\u5c0d\u624b\u7121\u6cd5\u9003\u8d70\u3002", "language": {"name": "zh-Hant", "url": "https://pokeapi.co/api/v2/language/4/"}, "version_group": {"name": "lets-go-pikachu-lets-go-eevee", "url": "https://pokeapi.co/api/v2/version-group/19/"}}, {"flavor_text": "Le lanceur jette son ancre sur la cible pour l\u2019attaquer.\nUne fois accroch\u00e9e, elle l\u2019emp\u00eache de s\u2019enfuir.", "language": {"name": "fr", "url": "https://pokeapi.co/api/v2/language/5/"}, "version_group": {"name": "lets-go-pikachu-lets-go-eevee", "url": "https://pokeapi.co/api/v2/version-group/19/"}}, {"flavor_text": "Der Anwender greift das Ziel an, indem er es mit\neiner Ankerkette umwickelt. Dadurch wird das Ziel\nan der Flucht gehindert.", "language": {"name": "de", "url": "https://pokeapi.co/api/v2/language/6/"}, "version_group": {"name": "lets-go-pikachu-lets-go-eevee", "url": "https://pokeapi.co/api/v2/version-group/19/"}}, {"flavor_text": "Ataca lanzando un ancla al oponente, que queda\natrapado y no puede huir.", "language": {"name": "es", "url": "https://pokeapi.co/api/v2/language/7/"}, "version_group": {"name": "lets-go-pikachu-lets-go-eevee", "url": "https://pokeapi.co/api/v2/version-group/19/"}}, {"flavor_text": "Chi la usa attacca il nemico con un\u2019ancora e lo\nintrappola nella catena impedendogli di fuggire.", "language": {"name": "it", "url": "https://pokeapi.co/api/v2/language/8/"}, "version_group": {"name": "lets-go-pikachu-lets-go-eevee", "url": "https://pokeapi.co/api/v2/version-group/19/"}}, {"flavor_text": "The user entangles the target with its anchor chain\nwhile attacking. The target becomes unable to flee.", "language": {"name": "en", "url": "https://pokeapi.co/api/v2/language/9/"}, "version_group": {"name": "lets-go-pikachu-lets-go-eevee", "url": "https://pokeapi.co/api/v2/version-group/19/"}}, {"flavor_text": "\u30a2\u30f3\u30ab\u30fc\u3092\u3000\u76f8\u624b\u306b\u3000\u304b\u3089\u307e\u305b\u3066\n\u653b\u6483\u3059\u308b\u3002\u3000\u76f8\u624b\u306f\n\u9003\u3052\u308b\u3053\u3068\u304c\u3000\u3067\u304d\u306a\u304f\u306a\u308b\u3002", "language": {"name": "ja", "url": "https://pokeapi.co/api/v2/language/11/"}, "version_group": {"name": "lets-go-pikachu-lets-go-eevee", "url": "https://pokeapi.co/api/v2/version-group/19/"}}, {"flavor_text": "\u5c06\u951a\u7f20\u4f4f\u5bf9\u624b\u8fdb\u884c\u653b\u51fb\u3002\n\u4f7f\u5bf9\u624b\u65e0\u6cd5\u9003\u8d70\u3002", "language": {"name": "zh-Hans", "url": "https://pokeapi.co/api/v2/language/12/"}, "version_group": {"name": "lets-go-pikachu-lets-go-eevee", "url": "https://pokeapi.co/api/v2/version-group/19/"}}, {"flavor_text": "\u30a2\u30f3\u30ab\u30fc\u3092\u3000\u3042\u3044\u3066\u306b\u3000\u304b\u3089\u307e\u305b\u3066\n\u3053\u3046\u3052\u304d\u3059\u308b\u3002\u3000\u3042\u3044\u3066\u306f\n\u306b\u3052\u308b\u3053\u3068\u304c\u3000\u3067\u304d\u306a\u304f\u306a\u308b\u3002", "language": {"name": "ja-Hrkt", "url": "https://pokeapi.co/api/v2/language/1/"}, "version_group": {"name": "sword-shield", "url": "https://pokeapi.co/api/v2/version-group/20/"}}, {"flavor_text": "\uc575\ucee4\ub97c \uc0c1\ub300\uc5d0\uac8c \ud718\uac10\uc544\uc11c\n\uacf5\uaca9\ud55c\ub2e4. \uc0c1\ub300\ub294\n\ub3c4\ub9dd\uce60 \uc218 \uc5c6\uac8c \ub41c\ub2e4.", "language": {"name": "ko", "url": "https://pokeapi.co/api/v2/language/3/"}, "version_group": {"name": "sword-shield", "url": "https://pokeapi.co/api/v2/version-group/20/"}}, {"flavor_text": "\u5c07\u9328\u7e8f\u4f4f\u5c0d\u624b\u9032\u884c\u653b\u64ca\u3002\n\u4f7f\u5c0d\u624b\u7121\u6cd5\u9003\u8d70\u3002", "language": {"name": "zh-Hant", "url": "https://pokeapi.co/api/v2/language/4/"}, "version_group": {"name": "sword-shield", "url": "https://pokeapi.co/api/v2/version-group/20/"}}, {"flavor_text": "Le lanceur jette son ancre sur la cible pour l\u2019attaquer.\nUne fois accroch\u00e9e, elle l\u2019emp\u00eache de s\u2019enfuir.", "language": {"name": "fr", "url": "https://pokeapi.co/api/v2/language/5/"}, "version_group": {"name": "sword-shield", "url": "https://pokeapi.co/api/v2/version-group/20/"}}, {"flavor_text": "Der Anwender greift das Ziel an, indem er es mit einer\nAnkerkette umwickelt. Dadurch wird das Ziel an der\nFlucht gehindert.", "language": {"name": "de", "url": "https://pokeapi.co/api/v2/language/6/"}, "version_group": {"name": "sword-shield", "url": "https://pokeapi.co/api/v2/version-group/20/"}}, {"flavor_text": "Ataca lanzando un ancla al oponente, que queda\natrapado y no puede huir.", "language": {"name": "es", "url": "https://pokeapi.co/api/v2/language/7/"}, "version_group": {"name": "sword-shield", "url": "https://pokeapi.co/api/v2/version-group/20/"}}, {"flavor_text": "Chi la usa attacca il nemico con un\u2019ancora e lo\nintrappola nella catena impedendogli di fuggire.", "language": {"name": "it", "url": "https://pokeapi.co/api/v2/language/8/"}, "version_group": {"name": "sword-shield", "url": "https://pokeapi.co/api/v2/version-group/20/"}}, {"flavor_text": "The user entangles the target with its anchor chain\nwhile attacking. The target becomes unable to flee.", "language": {"name": "en", "url": "https://pokeapi.co/api/v2/language/9/"}, "version_group": {"name": "sword-shield", "url": "https://pokeapi.co/api/v2/version-group/20/"}}, {"flavor_text": "\u30a2\u30f3\u30ab\u30fc\u3092\u3000\u76f8\u624b\u306b\u3000\u304b\u3089\u307e\u305b\u3066\n\u653b\u6483\u3059\u308b\u3002\u3000\u76f8\u624b\u306f\n\u9003\u3052\u308b\u3053\u3068\u304c\u3000\u3067\u304d\u306a\u304f\u306a\u308b\u3002", "language": {"name": "ja", "url": "https://pokeapi.co/api/v2/language/11/"}, "version_group": {"name": "sword-shield", "url": "https://pokeapi.co/api/v2/version-group/20/"}}, {"flavor_text": "\u5c06\u951a\u7f20\u4f4f\u5bf9\u624b\u8fdb\u884c\u653b\u51fb\u3002\n\u4f7f\u5bf9\u624b\u65e0\u6cd5\u9003\u8d70\u3002", "language": {"name": "zh-Hans", "url": "https://pokeapi.co/api/v2/language/12/"}, "version_group": {"name": "sword-shield", "url": "https://pokeapi.co/api/v2/version-group/20/"}}], "generation": {"name": "generation-vii", "url": "https://pokeapi.co/api/v2/generation/7/"}, "id": 677, "learned_by_pokemon": [{"name": "dhelmise", "url": "https://pokeapi.co/api/v2/pokemon/781/"}], "machines": [], "meta": {"ailment": {"name": "none", "url": "https://pokeapi.co/api/v2/move-ailment/0/"}, "ailment_chance": 0, "category": {"name": "damage", "url": "https://pokeapi.co/api/v2/move-category/0/"}, "crit_rate": 0, "drain": 0, "flinch_chance": 0, "healing": 0, "max_hits": null, "max_turns": null, "min_hits": null, "min_turns": null, "stat_chance": 0}, "name": "anchor-shot", "names": [{"language": {"name": "ja-Hrkt", "url": "https://pokeapi.co/api/v2/language/1/"}, "name": "\u30a2\u30f3\u30ab\u30fc\u30b7\u30e7\u30c3\u30c8"}, {"language": {"name": "ko", "url": "https://pokeapi.co/api/v2/language/3/"}, "name": "\uc575\ucee4\uc20f"}, {"language": {"name": "zh-Hant", "url": "https://pokeapi.co/api/v2/language/4/"}, "name": "\u64f2\u9328"}, {"language": {"name": "fr", "url": "https://pokeapi.co/api/v2/language/5/"}, "name": "Ancrage"}, {"language": {"name": "de", "url": "https://pokeapi.co/api/v2/language/6/"}, "name": "Ankerschuss"}, {"language": {"name": "es", "url": "https://pokeapi.co/api/v2/language/7/"}, "name": "Anclaje"}, {"language": {"name": "it", "url": "https://pokeapi.co/api/v2/language/8/"}, "name": "Colpo d\u2019Ancora"}, {"language": {"name": "en", "url": "https://pokeapi.co/api/v2/language/9/"}, "name": "Anchor Shot"}, {"language": {"name": "ja", "url": "https://pokeapi.co/api/v2/language/11/"}, "name": "\u30a2\u30f3\u30ab\u30fc\u30b7\u30e7\u30c3\u30c8"}, {"language": {"name": "zh-Hans", "url": "https://pokeapi.co/api/v2/language/12/"}, "name": "\u63b7\u951a"}], "past_values": [], "power": 80, "pp": 20, "priority": 0, "stat_changes": [], "super_contest_effect": null, "target": {"name": "selected-pokemon", "url": "https://pokeapi.co/api/v2/move-target/10/"}, "type": {"name": "steel", "url": "https://pokeapi.co/api/v2/type/9/"}}