{"accuracy": 100, "contest_combos": null, "contest_effect": {"url": "https://pokeapi.co/api/v2/contest-effect/9/"}, "contest_type": {"name": "smart", "url": "https://pokeapi.co/api/v2/contest-type/4/"}, "damage_class": {"name": "physical", "url": "https://pokeapi.co/api/v2/move-damage-class/2/"}, "effect_chance": 30, "effect_changes": [], "effect_entries": [{"effect": "Inflicts regular damage.  Has a 30% chance to make the target flinch.", "language": {"name": "en", "url": "https://pokeapi.co/api/v2/language/9/"}, "short_effect": "Has a 30% chance to make the target flinch."}], "flavor_text_entries": [{"flavor_text": "An attack that may shock\nthe foe into flinching.", "language": {"name": "en", "url": "https://pokeapi.co/api/v2/language/9/"}, "version_group": {"name": "ruby-sapphire", "url": "https://pokeapi.co/api/v2/version-group/5/"}}, {"flavor_text": "An attack that may shock\nthe foe into flinching.", "language": {"name": "en", "url": "https://pokeapi.co/api/v2/language/9/"}, "version_group": {"name": "emerald", "url": "https://pokeapi.co/api/v2/version-group/6/"}}, {"flavor_text": "An attack using a\nstartling shout.\nIt also may make\nthe foe flinch.", "language": {"name": "en", "url": "https://pokeapi.co/api/v2/language/9/"}, "version_group": {"name": "firered-leafgreen", "url": "https://pokeapi.co/api/v2/version-group/7/"}}, {"flavor_text": "The user attacks the\nfoe while shouting in\na startling fashion.\nIt may also make the\ntarget flinch.", "language": {"name": "en", "url": "https://pokeapi.co/api/v2/language/9/"}, "version_group": {"name": "diamond-pearl", "url": "https://pokeapi.co/api/v2/version-group/8/"}}, {"flavor_text": "The user attacks the\nfoe while shouting in\na startling fashion.\nIt may also make the\ntarget flinch.", "language": {"name": "en", "url": "https://pokeapi.co/api/v2/language/9/"}, "version_group": {"name": "platinum", "url": "https://pokeapi.co/api/v2/version-group/9/"}}, {"flavor_text": "The user attacks the\nfoe while shouting in\na startling fashion.\nIt may also make the\ntarget flinch.", "language": {"name": "en", "url": "https://pokeapi.co/api/v2/language/9/"}, "version_group": {"name": "heartgold-soulsilver", "url": "https://pokeapi.co/api/v2/version-group/10/"}}, {"flavor_text": "Le lanceur attaque l\u2019ennemi en poussant\nun cri terrifiant. Peut aussi l\u2019apeurer.", "language": {"name": "fr", "url": "https://pokeapi.co/api/v2/language/5/"}, "version_group": {"name": "black-white", "url": "https://pokeapi.co/api/v2/version-group/11/"}}, {"flavor_text": "The user attacks the target while shouting\nin a startling fashion.\nIt may also make the target flinch.", "language": {"name": "en", "url": "https://pokeapi.co/api/v2/language/9/"}, "version_group": {"name": "black-white", "url": "https://pokeapi.co/api/v2/version-group/11/"}}, {"flavor_text": "The user attacks the target while shouting\nin a startling fashion.\nIt may also make the target flinch.", "language": {"name": "en", "url": "https://pokeapi.co/api/v2/language/9/"}, "version_group": {"name": "black-2-white-2", "url": "https://pokeapi.co/api/v2/version-group/14/"}}, {"flavor_text": "\u304a\u304a\u304d\u306a\u3000\u3053\u3048\u306a\u3069\u3067\n\u3075\u3044\u306b\u3000\u304a\u3069\u308d\u304b\u3057\u3066\u3000\u3053\u3046\u3052\u304d\u3059\u308b\u3002\n\u3042\u3044\u3066\u3092\u3000\u3072\u308b\u307e\u305b\u308b\u3000\u3053\u3068\u304c\u3000\u3042\u308b\u3002", "language": {"name": "ja-Hrkt", "url": "https://pokeapi.co/api/v2/language/1/"}, "version_group": {"name": "x-y", "url": "https://pokeapi.co/api/v2/version-group/15/"}}, {"flavor_text": "\ud070 \uc18c\ub9ac \ub4f1\uc73c\ub85c\n\ubd88\uc2dc\uc5d0 \ub180\ub798\ucf1c\uc11c \uacf5\uaca9\ud55c\ub2e4.\n\uc0c1\ub300\ub97c \ud480\uc8fd\uac8c \ub9cc\ub4e4 \ub54c\uac00 \uc788\ub2e4.", "language": {"name": "ko", "url": "https://pokeapi.co/api/v2/language/3/"}, "version_group": {"name": "x-y", "url": "https://pokeapi.co/api/v2/version-group/15/"}}, {"flavor_text": "Le lanceur attaque l\u2019ennemi en poussant un cri\nterrifiant. Peut aussi l\u2019apeurer.", "language": {"name": "fr", "url": "https://pokeapi.co/api/v2/language/5/"}, "version_group": {"name": "x-y", "url": "https://pokeapi.co/api/v2/version-group/15/"}}, {"flavor_text": "Anwender greift mit einem Schrei an. Ein Angriff,\nder das Ziel eventuell zur\u00fcckschrecken l\u00e4sst.", "language": {"name": "de", "url": "https://pokeapi.co/api/v2/language/6/"}, "version_group": {"name": "x-y", "url": "https://pokeapi.co/api/v2/version-group/15/"}}, {"flavor_text": "Impresiona tanto que puede hacer retroceder al\nobjetivo.", "language": {"name": "es", "url": "https://pokeapi.co/api/v2/language/7/"}, "version_group": {"name": "x-y", "url": "https://pokeapi.co/api/v2/version-group/15/"}}, {"flavor_text": "Chi la usa attacca il bersaglio emettendo un verso\nterrificante. Pu\u00f2 anche farlo tentennare.", "language": {"name": "it", "url": "https://pokeapi.co/api/v2/language/8/"}, "version_group": {"name": "x-y", "url": "https://pokeapi.co/api/v2/version-group/15/"}}, {"flavor_text": "The user attacks the target while shouting\nin a startling fashion.\nThis may also make the target flinch.", "language": {"name": "en", "url": "https://pokeapi.co/api/v2/language/9/"}, "version_group": {"name": "x-y", "url": "https://pokeapi.co/api/v2/version-group/15/"}}, {"flavor_text": "\u5927\u304d\u306a\u3000\u58f0\u306a\u3069\u3067\n\u4e0d\u610f\u306b\u3000\u9a5a\u304b\u3057\u3066\u3000\u653b\u6483\u3059\u308b\u3002\n\u76f8\u624b\u3092\u3000\u3072\u308b\u307e\u305b\u308b\u3053\u3068\u304c\u3000\u3042\u308b\u3002", "language": {"name": "ja", "url": "https://pokeapi.co/api/v2/language/11/"}, "version_group": {"name": "x-y", "url": "https://pokeapi.co/api/v2/version-group/15/"}}, {"flavor_text": "\u304a\u304a\u304d\u306a\u3000\u3053\u3048\u306a\u3069\u3067\n\u3075\u3044\u306b\u3000\u304a\u3069\u308d\u304b\u3057\u3066\u3000\u3053\u3046\u3052\u304d\u3059\u308b\u3002\n\u3042\u3044\u3066\u3092\u3000\u3072\u308b\u307e\u305b\u308b\u3000\u3053\u3068\u304c\u3000\u3042\u308b\u3002", "language": {"name": "ja-Hrkt", "url": "https://pokeapi.co/api/v2/language/1/"}, "version_group": {"name": "omega-ruby-alpha-sapphire", "url": "https://pokeapi.co/api/v2/version-group/16/"}}, {"flavor_text": "\ud070 \uc18c\ub9ac \ub4f1\uc73c\ub85c\n\ubd88\uc2dc\uc5d0 \ub180\ub798\ucf1c\uc11c \uacf5\uaca9\ud55c\ub2e4.\n\uc0c1\ub300\ub97c \ud480\uc8fd\uac8c \ub9cc\ub4e4 \ub54c\uac00 \uc788\ub2e4.", "language": {"name": "ko", "url": "https://pokeapi.co/api/v2/language/3/"}, "version_group": {"name": "omega-ruby-alpha-sapphire", "url": "https://pokeapi.co/api/v2/version-group/16/"}}, {"flavor_text": "Le lanceur attaque l\u2019ennemi en poussant un cri\nterrifiant. Peut aussi l\u2019apeurer.", "language": {"name": "fr", "url": "https://pokeapi.co/api/v2/language/5/"}, "version_group": {"name": "omega-ruby-alpha-sapphire", "url": "https://pokeapi.co/api/v2/version-group/16/"}}, {"flavor_text": "Anwender greift mit einem Schrei an. Ein Angriff,\nder das Ziel eventuell zur\u00fcckschrecken l\u00e4sst.", "language": {"name": "de", "url": "https://pokeapi.co/api/v2/language/6/"}, "version_group": {"name": "omega-ruby-alpha-sapphire", "url": "https://pokeapi.co/api/v2/version-group/16/"}}, {"flavor_text": "Impresiona tanto que puede hacer retroceder al \nobjetivo.", "language": {"name": "es", "url": "https://pokeapi.co/api/v2/language/7/"}, "version_group": {"name": "omega-ruby-alpha-sapphire", "url": "https://pokeapi.co/api/v2/version-group/16/"}}, {"flavor_text": "Chi la usa attacca il bersaglio emettendo un verso\nterrificante. Pu\u00f2 anche farlo tentennare.", "language": {"name": "it", "url": "https://pokeapi.co/api/v2/language/8/"}, "version_group": {"name": "omega-ruby-alpha-sapphire", "url": "https://pokeapi.co/api/v2/version-group/16/"}}, {"flavor_text": "The user attacks the target while shouting\nin a startling fashion.\nThis may also make the target flinch.", "language": {"name": "en", "url": "https://pokeapi.co/api/v2/language/9/"}, "version_group": {"name": "omega-ruby-alpha-sapphire", "url": "https://pokeapi.co/api/v2/version-group/16/"}}, {"flavor_text": "\u5927\u304d\u306a\u3000\u58f0\u306a\u3069\u3067\n\u4e0d\u610f\u306b\u3000\u9a5a\u304b\u3057\u3066\u3000\u653b\u6483\u3059\u308b\u3002\n\u76f8\u624b\u3092\u3000\u3072\u308b\u307e\u305b\u308b\u3053\u3068\u304c\u3000\u3042\u308b\u3002", "language": {"name": "ja", "url": "https://pokeapi.co/api/v2/language/11/"}, "version_group": {"name": "omega-ruby-alpha-sapphire", "url": "https://pokeapi.co/api/v2/version-group/16/"}}, {"flavor_text": "\u304a\u304a\u304d\u306a\u3000\u3053\u3048\u306a\u3069\u3067\n\u3075\u3044\u306b\u3000\u304a\u3069\u308d\u304b\u3057\u3066\u3000\u3053\u3046\u3052\u304d\u3059\u308b\u3002\n\u3042\u3044\u3066\u3092\u3000\u3072\u308b\u307e\u305b\u308b\u3000\u3053\u3068\u304c\u3000\u3042\u308b\u3002", "language": {"name": "ja-Hrkt", "url": "https://pokeapi.co/api/v2/language/1/"}, "version_group": {"name": "sun-moon", "url": "https://pokeapi.co/api/v2/version-group/17/"}}, {"flavor_text": "\ud070 \uc18c\ub9ac \ub4f1\uc73c\ub85c\n\ubd88\uc2dc\uc5d0 \ub180\ub798\ucf1c\uc11c \uacf5\uaca9\ud55c\ub2e4.\n\uc0c1\ub300\ub97c \ud480\uc8fd\uac8c \ub9cc\ub4e4 \ub54c\uac00 \uc788\ub2e4.", "language": {"name": "ko", "url": "https://pokeapi.co/api/v2/language/3/"}, "version_group": {"name": "sun-moon", "url": "https://pokeapi.co/api/v2/version-group/17/"}}, {"flavor_text": "\u7528\u5de8\u5927\u7684\u8072\u97ff\u7b49\n\u7a81\u7136\u9a5a\u5687\u5c0d\u624b\u9032\u884c\u653b\u64ca\u3002\n\u6709\u6642\u6703\u8b93\u5c0d\u624b\u754f\u7e2e\u3002", "language": {"name": "zh-Hant", "url": "https://pokeapi.co/api/v2/language/4/"}, "version_group": {"name": "sun-moon", "url": "https://pokeapi.co/api/v2/version-group/17/"}}, {"flavor_text": "Le lanceur attaque l\u2019ennemi en poussant un cri\nterrifiant. Peut aussi l\u2019apeurer.", "language": {"name": "fr", "url": "https://pokeapi.co/api/v2/language/5/"}, "version_group": {"name": "sun-moon", "url": "https://pokeapi.co/api/v2/version-group/17/"}}, {"flavor_text": "Anwender greift mit einem Schrei an. Ein Angriff,\nder das Ziel eventuell zur\u00fcckschrecken l\u00e4sst.", "language": {"name": "de", "url": "https://pokeapi.co/api/v2/language/6/"}, "version_group": {"name": "sun-moon", "url": "https://pokeapi.co/api/v2/version-group/17/"}}, {"flavor_text": "Impresiona tanto que puede hacer retroceder al \nobjetivo.", "language": {"name": "es", "url": "https://pokeapi.co/api/v2/language/7/"}, "version_group": {"name": "sun-moon", "url": "https://pokeapi.co/api/v2/version-group/17/"}}, {"flavor_text": "Chi la usa attacca il bersaglio emettendo un verso\nterrificante. Pu\u00f2 anche farlo tentennare.", "language": {"name": "it", "url": "https://pokeapi.co/api/v2/language/8/"}, "version_group": {"name": "sun-moon", "url": "https://pokeapi.co/api/v2/version-group/17/"}}, {"flavor_text": "The user attacks the target while shouting in a\nstartling fashion. This may also make the\ntarget flinch.", "language": {"name": "en", "url": "https://pokeapi.co/api/v2/language/9/"}, "version_group": {"name": "sun-moon", "url": "https://pokeapi.co/api/v2/version-group/17/"}}, {"flavor_text": "\u5927\u304d\u306a\u3000\u58f0\u306a\u3069\u3067\n\u4e0d\u610f\u306b\u3000\u9a5a\u304b\u3057\u3066\u3000\u653b\u6483\u3059\u308b\u3002\n\u76f8\u624b\u3092\u3000\u3072\u308b\u307e\u305b\u308b\u3053\u3068\u304c\u3000\u3042\u308b\u3002", "language": {"name": "ja", "url": "https://pokeapi.co/api/v2/language/11/"}, "version_group": {"name": "sun-moon", "url": "https://pokeapi.co/api/v2/version-group/17/"}}, {"flavor_text": "\u7528\u5c16\u53eb\u58f0\u7b49\n\u7a81\u7136\u60ca\u5413\u5bf9\u624b\u8fdb\u884c\u653b\u51fb\u3002\n\u6709\u65f6\u4f1a\u4f7f\u5bf9\u624b\u754f\u7f29\u3002", "language": {"name": "zh-Hans", "url": "https://pokeapi.co/api/v2/language/12/"}, "version_group": {"name": "sun-moon", "url": "https://pokeapi.co/api/v2/version-group/17/"}}, {"flavor_text": "\u304a\u304a\u304d\u306a\u3000\u3053\u3048\u306a\u3069\u3067\n\u3075\u3044\u306b\u3000\u304a\u3069\u308d\u304b\u3057\u3066\u3000\u3053\u3046\u3052\u304d\u3059\u308b\u3002\n\u3042\u3044\u3066\u3092\u3000\u3072\u308b\u307e\u305b\u308b\u3000\u3053\u3068\u304c\u3000\u3042\u308b\u3002", "language": {"name": "ja-Hrkt", "url": "https://pokeapi.co/api/v2/language/1/"}, "version_group": {"name": "ultra-sun-ultra-moon", "url": "https://pokeapi.co/api/v2/version-group/18/"}}, {"flavor_text": "\ud070 \uc18c\ub9ac \ub4f1\uc73c\ub85c\n\ubd88\uc2dc\uc5d0 \ub180\ub798\ucf1c\uc11c \uacf5\uaca9\ud55c\ub2e4.\n\uc0c1\ub300\ub97c \ud480\uc8fd\uac8c \ub9cc\ub4e4 \ub54c\uac00 \uc788\ub2e4.", "language": {"name": "ko", "url": "https://pokeapi.co/api/v2/language/3/"}, "version_group": {"name": "ultra-sun-ultra-moon", "url": "https://pokeapi.co/api/v2/version-group/18/"}}, {"flavor_text": "\u7528\u5de8\u5927\u7684\u8072\u97ff\u7b49\n\u7a81\u7136\u9a5a\u5687\u5c0d\u624b\u9032\u884c\u653b\u64ca\u3002\n\u6709\u6642\u6703\u8b93\u5c0d\u624b\u754f\u7e2e\u3002", "language": {"name": "zh-Hant", "url": "https://pokeapi.co/api/v2/language/4/"}, "version_group": {"name": "ultra-sun-ultra-moon", "url": "https://pokeapi.co/api/v2/version-group/18/"}}, {"flavor_text": "Le lanceur attaque l\u2019ennemi en poussant un cri\nterrifiant. Peut aussi l\u2019apeurer.", "language": {"name": "fr", "url": "https://pokeapi.co/api/v2/language/5/"}, "version_group": {"name": "ultra-sun-ultra-moon", "url": "https://pokeapi.co/api/v2/version-group/18/"}}, {"flavor_text": "Anwender greift mit einem Schrei an. Ein Angriff,\nder das Ziel eventuell zur\u00fcckschrecken l\u00e4sst.", "language": {"name": "de", "url": "https://pokeapi.co/api/v2/language/6/"}, "version_group": {"name": "ultra-sun-ultra-moon", "url": "https://pokeapi.co/api/v2/version-group/18/"}}, {"flavor_text": "Impresiona tanto que puede hacer retroceder al \nobjetivo.", "language": {"name": "es", "url": "https://pokeapi.co/api/v2/language/7/"}, "version_group": {"name": "ultra-sun-ultra-moon", "url": "https://pokeapi.co/api/v2/version-group/18/"}}, {"flavor_text": "Chi la usa attacca il bersaglio emettendo un verso\nterrificante. Pu\u00f2 anche farlo tentennare.", "language": {"name": "it", "url": "https://pokeapi.co/api/v2/language/8/"}, "version_group": {"name": "ultra-sun-ultra-moon", "url": "https://pokeapi.co/api/v2/version-group/18/"}}, {"flavor_text": "The user attacks the target while shouting in a\nstartling fashion. This may also make the\ntarget flinch.", "language": {"name": "en", "url": "https://pokeapi.co/api/v2/language/9/"}, "version_group": {"name": "ultra-sun-ultra-moon", "url": "https://pokeapi.co/api/v2/version-group/18/"}}, {"flavor_text": "\u5927\u304d\u306a\u3000\u58f0\u306a\u3069\u3067\n\u4e0d\u610f\u306b\u3000\u9a5a\u304b\u3057\u3066\u3000\u653b\u6483\u3059\u308b\u3002\n\u76f8\u624b\u3092\u3000\u3072\u308b\u307e\u305b\u308b\u3053\u3068\u304c\u3000\u3042\u308b\u3002", "language": {"name": "ja", "url": "https://pokeapi.co/api/v2/language/11/"}, "version_group": {"name": "ultra-sun-ultra-moon", "url": "https://pokeapi.co/api/v2/version-group/18/"}}, {"flavor_text": "\u7528\u5c16\u53eb\u58f0\u7b49\n\u7a81\u7136\u60ca\u5413\u5bf9\u624b\u8fdb\u884c\u653b\u51fb\u3002\n\u6709\u65f6\u4f1a\u4f7f\u5bf9\u624b\u754f\u7f29\u3002", "language": {"name": "zh-Hans", "url": "https://pokeapi.co/api/v2/language/12/"}, "version_group": {"name": "ultra-sun-ultra-moon", "url": "https://pokeapi.co/api/v2/version-group/18/"}}, {"flavor_text": "\u304a\u304a\u304d\u306a\u3000\u3053\u3048\u306a\u3069\u3067\n\u3075\u3044\u306b\u3000\u304a\u3069\u308d\u304b\u3057\u3066\u3000\u3053\u3046\u3052\u304d\u3059\u308b\u3002\n\u3042\u3044\u3066\u3092\u3000\u3072\u308b\u307e\u305b\u308b\u3000\u3053\u3068\u304c\u3000\u3042\u308b\u3002", "language": {"name": "ja-Hrkt", "url": "https://pokeapi.co/api/v2/language/1/"}, "version_group": {"name": "lets-go-pikachu-lets-go-eevee", "url": "https://pokeapi.co/api/v2/version-group/19/"}}, {"flavor_text": "\ud070 \uc18c\ub9ac \ub4f1\uc73c\ub85c\n\ubd88\uc2dc\uc5d0 \ub180\ub798\ucf1c\uc11c \uacf5\uaca9\ud55c\ub2e4.\n\uc0c1\ub300\ub97c \ud480\uc8fd\uac8c \ub9cc\ub4e4 \ub54c\uac00 \uc788\ub2e4.", "language": {"name": "ko", "url": "https://pokeapi.co/api/v2/language/3/"}, "version_group": {"name": "lets-go-pikachu-lets-go-eevee", "url": "https://pokeapi.co/api/v2/version-group/19/"}}, {"flavor_text": "\u7528\u5de8\u5927\u7684\u8072\u97ff\u7b49\n\u7a81\u7136\u9a5a\u5687\u5c0d\u624b\u9032\u884c\u653b\u64ca\u3002\n\u6709\u6642\u6703\u8b93\u5c0d\u624b\u754f\u7e2e\u3002", "language": {"name": "zh-Hant", "url": "https://pokeapi.co/api/v2/language/4/"}, "version_group": {"name": "lets-go-pikachu-lets-go-eevee", "url": "https://pokeapi.co/api/v2/version-group/19/"}}, {"flavor_text": "Le lanceur attaque l\u2019ennemi en poussant un cri terrifiant.\nPeut aussi l\u2019apeurer.", "language": {"name": "fr", "url": "https://pokeapi.co/api/v2/language/5/"}, "version_group": {"name": "lets-go-pikachu-lets-go-eevee", "url": "https://pokeapi.co/api/v2/version-group/19/"}}, {"flavor_text": "Anwender greift mit einem Schrei an. Ein Angriff,\nder das Ziel eventuell zur\u00fcckschrecken l\u00e4sst.", "language": {"name": "de", "url": "https://pokeapi.co/api/v2/language/6/"}, "version_group": {"name": "lets-go-pikachu-lets-go-eevee", "url": "https://pokeapi.co/api/v2/version-group/19/"}}, {"flavor_text": "Impresiona tanto que puede hacer retroceder al \nobjetivo.", "language": {"name": "es", "url": "https://pokeapi.co/api/v2/language/7/"}, "version_group": {"name": "lets-go-pikachu-lets-go-eevee", "url": "https://pokeapi.co/api/v2/version-group/19/"}}, {"flavor_text": "Chi la usa attacca il bersaglio emettendo un verso\nterrificante. Pu\u00f2 anche farlo tentennare.", "language": {"name": "it", "url": "https://pokeapi.co/api/v2/language/8/"}, "version_group": {"name": "lets-go-pikachu-lets-go-eevee", "url": "https://pokeapi.co/api/v2/version-group/19/"}}, {"flavor_text": "The user attacks the target while shouting in a\nstartling fashion. This may also make the\ntarget flinch.", "language": {"name": "en", "url": "https://pokeapi.co/api/v2/language/9/"}, "version_group": {"name": "lets-go-pikachu-lets-go-eevee", "url": "https://pokeapi.co/api/v2/version-group/19/"}}, {"flavor_text": "\u5927\u304d\u306a\u3000\u58f0\u306a\u3069\u3067\n\u4e0d\u610f\u306b\u3000\u9a5a\u304b\u3057\u3066\u3000\u653b\u6483\u3059\u308b\u3002\n\u76f8\u624b\u3092\u3000\u3072\u308b\u307e\u305b\u308b\u3053\u3068\u304c\u3000\u3042\u308b\u3002", "language": {"name": "ja", "url": "https://pokeapi.co/api/v2/language/11/"}, "version_group": {"name": "lets-go-pikachu-lets-go-eevee", "url": "https://pokeapi.co/api/v2/version-group/19/"}}, {"flavor_text": "\u7528\u5c16\u53eb\u58f0\u7b49\n\u7a81\u7136\u60ca\u5413\u5bf9\u624b\u8fdb\u884c\u653b\u51fb\u3002\n\u6709\u65f6\u4f1a\u4f7f\u5bf9\u624b\u754f\u7f29\u3002", "language": {"name": "zh-Hans", "url": "https://pokeapi.co/api/v2/language/12/"}, "version_group": {"name": "lets-go-pikachu-lets-go-eevee", "url": "https://pokeapi.co/api/v2/version-group/19/"}}, {"flavor_text": "\u304a\u304a\u304d\u306a\u3000\u3053\u3048\u306a\u3069\u3067\n\u3075\u3044\u306b\u3000\u304a\u3069\u308d\u304b\u3057\u3066\u3000\u3053\u3046\u3052\u304d\u3059\u308b\u3002\n\u3042\u3044\u3066\u3092\u3000\u3072\u308b\u307e\u305b\u308b\u3000\u3053\u3068\u304c\u3000\u3042\u308b\u3002", "language": {"name": "ja-Hrkt", "url": "https://pokeapi.co/api/v2/language/1/"}, "version_group": {"name": "sword-shield", "url": "https://pokeapi.co/api/v2/version-group/20/"}}, {"flavor_text": "\ud070 \uc18c\ub9ac \ub4f1\uc73c\ub85c\n\ubd88\uc2dc\uc5d0 \ub180\ub798\ucf1c\uc11c \uacf5\uaca9\ud55c\ub2e4.\n\uc0c1\ub300\ub97c \ud480\uc8fd\uac8c \ub9cc\ub4e4 \ub54c\uac00 \uc788\ub2e4.", "language": {"name": "ko", "url": "https://pokeapi.co/api/v2/language/3/"}, "version_group": {"name": "sword-shield", "url": "https://pokeapi.co/api/v2/version-group/20/"}}, {"flavor_text": "\u7528\u5de8\u5927\u7684\u8072\u97ff\u7b49\n\u7a81\u7136\u9a5a\u5687\u5c0d\u624b\u9032\u884c\u653b\u64ca\u3002\n\u6709\u6642\u6703\u8b93\u5c0d\u624b\u754f\u7e2e\u3002", "language": {"name": "zh-Hant", "url": "https://pokeapi.co/api/v2/language/4/"}, "version_group": {"name": "sword-shield", "url": "https://pokeapi.co/api/v2/version-group/20/"}}, {"flavor_text": "Le lanceur attaque l\u2019ennemi en poussant un cri\nterrifiant. Peut aussi l\u2019apeurer.", "language": {"name": "fr", "url": "https://pokeapi.co/api/v2/language/5/"}, "version_group": {"name": "sword-shield", "url": "https://pokeapi.co/api/v2/version-group/20/"}}, {"flavor_text": "Anwender greift mit einem Schrei an. Ein Angriff,\nder das Ziel eventuell zur\u00fcckschrecken l\u00e4sst.", "language": {"name": "de", "url": "https://pokeapi.co/api/v2/language/6/"}, "version_group": {"name": "sword-shield", "url": "https://pokeapi.co/api/v2/version-group/20/"}}, {"flavor_text": "Lanza un grito tan tremendo que impresiona y puede\namedrentar al objetivo.", "language": {"name": "es", "url": "https://pokeapi.co/api/v2/language/7/"}, "version_group": {"name": "sword-shield", "url": "https://pokeapi.co/api/v2/version-group/20/"}}, {"flavor_text": "Chi la usa attacca il bersaglio emettendo un verso\nterrificante. Pu\u00f2 anche farlo tentennare.", "language": {"name": "it", "url": "https://pokeapi.co/api/v2/language/8/"}, "version_group": {"name": "sword-shield", "url": "https://pokeapi.co/api/v2/version-group/20/"}}, {"flavor_text": "The user attacks the target while shouting in a\nstartling fashion. This may also make the\ntarget flinch.", "language": {"name": "en", "url": "https://pokeapi.co/api/v2/language/9/"}, "version_group": {"name": "sword-shield", "url": "https://pokeapi.co/api/v2/version-group/20/"}}, {"flavor_text": "\u5927\u304d\u306a\u3000\u58f0\u306a\u3069\u3067\n\u4e0d\u610f\u306b\u3000\u9a5a\u304b\u3057\u3066\u3000\u653b\u6483\u3059\u308b\u3002\n\u76f8\u624b\u3092\u3000\u3072\u308b\u307e\u305b\u308b\u3053\u3068\u304c\u3000\u3042\u308b\u3002", "language": {"name": "ja", "url": "https://pokeapi.co/api/v2/language/11/"}, "version_group": {"name": "sword-shield", "url": "https://pokeapi.co/api/v2/version-group/20/"}}, {"flavor_text": "\u7528\u5c16\u53eb\u58f0\u7b49\n\u7a81\u7136\u60ca\u5413\u5bf9\u624b\u8fdb\u884c\u653b\u51fb\u3002\n\u6709\u65f6\u4f1a\u4f7f\u5bf9\u624b\u754f\u7f29\u3002", "language": {"name": "zh-Hans", "url": "https://pokeapi.co/api/v2/language/12/"}, "version_group": {"name": "sword-shield", "url": "https://pokeapi.co/api/v2/version-group/20/"}}], "generation": {"name": "generation-iii", "url": "https://pokeapi.co/api/v2/generation/3/"}, "id": 310, "learned_by_pokemon": [{"name": "spearow", "url": "https://pokeapi.co/api/v2/pokemon/21/"}, {"name": "zubat", "url": "https://pokeapi.co/api/v2/pokemon/41/"}, {"name": "golbat", "url": "https://pokeapi.co/api/v2/pokemon/42/"}, {"name": "diglett", "url": "https://pokeapi.co/api/v2/pokemon/50/"}, {"name": "dugtrio", "url": "https://pokeapi.co/api/v2/pokemon/51/"}, {"name": "gastly", "url": "https://pokeapi.co/api/v2/pokemon/92/"}, {"name": "crobat", "url": "https://pokeapi.co/api/v2/pokemon/169/"}, {"name": "aipom", "url": "https://pokeapi.co/api/v2/pokemon/190/"}, {"name": "murkrow", "url": "https://pokeapi.co/api/v2/pokemon/198/"}, {"name": "misdreavus", "url": "https://pokeapi.co/api/v2/pokemon/200/"}, {"name": "girafarig", "url": "https://pokeapi.co/api/v2/pokemon/203/"}, {"name": "dunsparce", "url": "https://pokeapi.co/api/v2/pokemon/206/"}, {"name": "qwilfish", "url": "https://pokeapi.co/api/v2/pokemon/211/"}, {"name": "stantler", "url": "https://pokeapi.co/api/v2/pokemon/234/"}, {"name": "poochyena", "url": "https://pokeapi.co/api/v2/pokemon/261/"}, {"name": "mightyena", "url": "https://pokeapi.co/api/v2/pokemon/262/"}, {"name": "lotad", "url": "https://pokeapi.co/api/v2/pokemon/270/"}, {"name": "lombre", "url": "https://pokeapi.co/api/v2/pokemon/271/"}, {"name": "ludicolo", "url": "https://pokeapi.co/api/v2/pokemon/272/"}, {"name": "seedot", "url": "https://pokeapi.co/api/v2/pokemon/273/"}, {"name": "nuzleaf", "url": "https://pokeapi.co/api/v2/pokemon/274/"}, {"name": "shiftry", "url": "https://pokeapi.co/api/v2/pokemon/275/"}, {"name": "whismur", "url": "https://pokeapi.co/api/v2/pokemon/293/"}, {"name": "loudred", "url": "https://pokeapi.co/api/v2/pokemon/294/"}, {"name": "exploud", "url": "https://pokeapi.co/api/v2/pokemon/295/"}, {"name": "sableye", "url": "https://pokeapi.co/api/v2/pokemon/302/"}, {"name": "mawile", "url": "https://pokeapi.co/api/v2/pokemon/303/"}, {"name": "wailmer", "url": "https://pokeapi.co/api/v2/pokemon/320/"}, {"name": "wailord", "url": "https://pokeapi.co/api/v2/pokemon/321/"}, {"name": "trapinch", "url": "https://pokeapi.co/api/v2/pokemon/328/"}, {"name": "vibrava", "url": "https://pokeapi.co/api/v2/pokemon/329/"}, {"name": "flygon", "url": "https://pokeapi.co/api/v2/pokemon/330/"}, {"name": "swablu", "url": "https://pokeapi.co/api/v2/pokemon/333/"}, {"name": "altaria", "url": "https://pokeapi.co/api/v2/pokemon/334/"}, {"name": "lileep", "url": "https://pokeapi.co/api/v2/pokemon/345/"}, {"name": "cradily", "url": "https://pokeapi.co/api/v2/pokemon/346/"}, {"name": "kecleon", "url": "https://pokeapi.co/api/v2/pokemon/352/"}, {"name": "shuppet", "url": "https://pokeapi.co/api/v2/pokemon/353/"}, {"name": "duskull", "url": "https://pokeapi.co/api/v2/pokemon/355/"}, {"name": "dusclops", "url": "https://pokeapi.co/api/v2/pokemon/356/"}, {"name": "chimecho", "url": "https://pokeapi.co/api/v2/pokemon/358/"}, {"name": "snorunt", "url": "https://pokeapi.co/api/v2/pokemon/361/"}, {"name": "glalie", "url": "https://pokeapi.co/api/v2/pokemon/362/"}, {"name": "starly", "url": "https://pokeapi.co/api/v2/pokemon/396/"}, {"name": "ambipom", "url": "https://pokeapi.co/api/v2/pokemon/424/"}, {"name": "drifloon", "url": "https://pokeapi.co/api/v2/pokemon/425/"}, {"name": "drifblim", "url": "https://pokeapi.co/api/v2/pokemon/426/"}, {"name": "mismagius", "url": "https://pokeapi.co/api/v2/pokemon/429/"}, {"name": "honchkrow", "url": "https://pokeapi.co/api/v2/pokemon/430/"}, {"name": "chingling", "url": "https://pokeapi.co/api/v2/pokemon/433/"}, {"name": "stunky", "url": "https://pokeapi.co/api/v2/pokemon/434/"}, {"name": "croagunk", "url": "https://pokeapi.co/api/v2/pokemon/453/"}, {"name": "toxicroak", "url": "https://pokeapi.co/api/v2/pokemon/454/"}, {"name": "dusknoir", "url": "https://pokeapi.co/api/v2/pokemon/477/"}, {"name": "froslass", "url": "https://pokeapi.co/api/v2/pokemon/478/"}, {"name": "rotom", "url": "https://pokeapi.co/api/v2/pokemon/479/"}, {"name": "pansage", "url": "https://pokeapi.co/api/v2/pokemon/511/"}, {"name": "pansear", "url": "https://pokeapi.co/api/v2/pokemon/513/"}, {"name": "panpour", "url": "https://pokeapi.co/api/v2/pokemon/515/"}, {"name": "yamask", "url": "https://pokeapi.co/api/v2/pokemon/562/"}, {"name": "cofagrigus", "url": "https://pokeapi.co/api/v2/pokemon/563/"}, {"name": "solosis", "url": "https://pokeapi.co/api/v2/pokemon/577/"}, {"name": "duosion", "url": "https://pokeapi.co/api/v2/pokemon/578/"}, {"name": "reuniclus", "url": "https://pokeapi.co/api/v2/pokemon/579/"}, {"name": "vanillite", "url": "https://pokeapi.co/api/v2/pokemon/582/"}, {"name": "vanillish", "url": "https://pokeapi.co/api/v2/pokemon/583/"}, {"name": "vanilluxe", "url": "https://pokeapi.co/api/v2/pokemon/584/"}, {"name": "emolga", "url": "https://pokeapi.co/api/v2/pokemon/587/"}, {"name": "foongus", "url": "https://pokeapi.co/api/v2/pokemon/590/"}, {"name": "amoonguss", "url": "https://pokeapi.co/api/v2/pokemon/591/"}, {"name": "elgyem", "url": "https://pokeapi.co/api/v2/pokemon/605/"}, {"name": "litwick", "url": "https://pokeapi.co/api/v2/pokemon/607/"}, {"name": "lampent", "url": "https://pokeapi.co/api/v2/pokemon/608/"}, {"name": "chandelure", "url": "https://pokeapi.co/api/v2/pokemon/609/"}, {"name": "stunfisk", "url": "https://pokeapi.co/api/v2/pokemon/618/"}, {"name": "golett", "url": "https://pokeapi.co/api/v2/pokemon/622/"}, {"name": "golurk", "url": "https://pokeapi.co/api/v2/pokemon/623/"}, {"name": "deino", "url": "https://pokeapi.co/api/v2/pokemon/633/"}, {"name": "tornadus-incarnate", "url": "https://pokeapi.co/api/v2/pokemon/641/"}, {"name": "thundurus-incarnate", "url": "https://pokeapi.co/api/v2/pokemon/642/"}, {"name": "klefki", "url": "https://pokeapi.co/api/v2/pokemon/707/"}, {"name": "phantump", "url": "https://pokeapi.co/api/v2/pokemon/708/"}, {"name": "trevenant", "url": "https://pokeapi.co/api/v2/pokemon/709/"}, {"name": "pumpkaboo-average", "url": "https://pokeapi.co/api/v2/pokemon/710/"}, {"name": "gourgeist-average", "url": "https://pokeapi.co/api/v2/pokemon/711/"}, {"name": "hoopa", "url": "https://pokeapi.co/api/v2/pokemon/720/"}, {"name": "rowlet", "url": "https://pokeapi.co/api/v2/pokemon/722/"}, {"name": "dartrix", "url": "https://pokeapi.co/api/v2/pokemon/723/"}, {"name": "decidueye", "url": "https://pokeapi.co/api/v2/pokemon/724/"}, {"name": "morelull", "url": "https://pokeapi.co/api/v2/pokemon/755/"}, {"name": "shiinotic", "url": "https://pokeapi.co/api/v2/pokemon/756/"}, {"name": "sandygast", "url": "https://pokeapi.co/api/v2/pokemon/769/"}, {"name": "palossand", "url": "https://pokeapi.co/api/v2/pokemon/770/"}, {"name": "mimikyu-disguised", "url": "https://pokeapi.co/api/v2/pokemon/778/"}, {"name": "bruxish", "url": "https://pokeapi.co/api/v2/pokemon/779/"}, {"name": "dhelmise", "url": "https://pokeapi.co/api/v2/pokemon/781/"}, {"name": "tapu-lele", "url": "https://pokeapi.co/api/v2/pokemon/786/"}, {"name": "blacephalon", "url": "https://pokeapi.co/api/v2/pokemon/806/"}, {"name": "applin", "url": "https://pokeapi.co/api/v2/pokemon/840/"}, {"name": "flapple", "url": "https://pokeapi.co/api/v2/pokemon/841/"}, {"name": "appletun", "url": "https://pokeapi.co/api/v2/pokemon/842/"}, {"name": "sinistea", "url": "https://pokeapi.co/api/v2/pokemon/854/"}, {"name": "polteageist", "url": "https://pokeapi.co/api/v2/pokemon/855/"}, {"name": "cursola", "url": "https://pokeapi.co/api/v2/pokemon/864/"}, {"name": "runerigus", "url": "https://pokeapi.co/api/v2/pokemon/867/"}, {"name": "dreepy", "url": "https://pokeapi.co/api/v2/pokemon/885/"}, {"name": "drakloak", "url": "https://pokeapi.co/api/v2/pokemon/886/"}, {"name": "dragapult", "url": "https://pokeapi.co/api/v2/pokemon/887/"}, {"name": "wyrdeer", "url": "https://pokeapi.co/api/v2/pokemon/899/"}, {"name": "enamorus-incarnate", "url": "https://pokeapi.co/api/v2/pokemon/905/"}, {"name": "nymble", "url": "https://pokeapi.co/api/v2/pokemon/919/"}, {"name": "lokix", "url": "https://pokeapi.co/api/v2/pokemon/920/"}, {"name": "charcadet", "url": "https://pokeapi.co/api/v2/pokemon/935/"}, {"name": "armarouge", "url": "https://pokeapi.co/api/v2/pokemon/936/"}, {"name": "ceruledge", "url": "https://pokeapi.co/api/v2/pokemon/937/"}, {"name": "bramblin", "url": "https://pokeapi.co/api/v2/pokemon/946/"}, {"name": "brambleghast", "url": "https://pokeapi.co/api/v2/pokemon/947/"}, {"name": "tinkatink", "url": "https://pokeapi.co/api/v2/pokemon/957/"}, {"name": "tinkatuff", "url": "https://pokeapi.co/api/v2/pokemon/958/"}, {"name": "tinkaton", "url": "https://pokeapi.co/api/v2/pokemon/959/"}, {"name": "finizen", "url": "https://pokeapi.co/api/v2/pokemon/963/"}, {"name": "palafin", "url": "https://pokeapi.co/api/v2/pokemon/964/"}, {"name": "farigiraf", "url": "https://pokeapi.co/api/v2/pokemon/981/"}, {"name": "brute-bonnet", "url": "https://pokeapi.co/api/v2/pokemon/986/"}, {"name": "flutter-mane", "url": "https://pokeapi.co/api/v2/pokemon/987/"}, {"name": "gimmighoul", "url": "https://pokeapi.co/api/v2/pokemon/999/"}, {"name": "gholdengo", "url": "https://pokeapi.co/api/v2/pokemon/1000/"}, {"name": "dipplin", "url": "https://pokeapi.co/api/v2/pokemon/1011/"}, {"name": "poltchageist", "url": "https://pokeapi.co/api/v2/pokemon/1012/"}, {"name": "sinistcha", "url": "https://pokeapi.co/api/v2/pokemon/1013/"}, {"name": "hydrapple", "url": "https://pokeapi.co/api/v2/pokemon/1019/"}, {"name": "pecharunt", "url": "https://pokeapi.co/api/v2/pokemon/1025/"}, {"name": "rotom-heat", "url": "https://pokeapi.co/api/v2/pokemon/10008/"}, {"name": "rotom-wash", "url": "https://pokeapi.co/api/v2/pokemon/10009/"}, {"name": "rotom-frost", "url": "https://pokeapi.co/api/v2/pokemon/10010/"}, {"name": "rotom-fan", "url": "https://pokeapi.co/api/v2/pokemon/10011/"}, {"name": "rotom-mow", "url": "https://pokeapi.co/api/v2/pokemon/10012/"}, {"name": "tornadus-therian", "url": "https://pokeapi.co/api/v2/pokemon/10019/"}, {"name": "thundurus-therian", "url": "https://pokeapi.co/api/v2/pokemon/10020/"}, {"name": "pumpkaboo-small", "url": "https://pokeapi.co/api/v2/pokemon/10027/"}, {"name": "pumpkaboo-large", "url": "https://pokeapi.co/api/v2/pokemon/10028/"}, {"name": "pumpkaboo-super", "url": "https://pokeapi.co/api/v2/pokemon/10029/"}, {"name": "gourgeist-small", "url": "https://pokeapi.co/api/v2/pokemon/10030/"}, {"name": "gourgeist-large", "url": "https://pokeapi.co/api/v2/pokemon/10031/"}, {"name": "gourgeist-super", "url": "https://pokeapi.co/api/v2/pokemon/10032/"}, {"name": "mawile-mega", "url": "https://pokeapi.co/api/v2/pokemon/10052/"}, {"name": "sableye-mega", "url": "https://pokeapi.co/api/v2/pokemon/10066/"}, {"name": "altaria-mega", "url": "https://pokeapi.co/api/v2/pokemon/10067/"}, {"name": "hoopa-unbound", "url": "https://pokeapi.co/api/v2/pokemon/10086/"}, {"name": "diglett-alola", "url": "https://pokeapi.co/api/v2/pokemon/10105/"}, {"name": "dugtrio-alola", "url": "https://pokeapi.co/api/v2/pokemon/10106/"}, {"name": "mimikyu-busted", "url": "https://pokeapi.co/api/v2/pokemon/10143/"}, {"name": "mimikyu-totem-disguised", "url": "https://pokeapi.co/api/v2/pokemon/10144/"}, {"name": "mimikyu-totem-busted", "url": "https://pokeapi.co/api/v2/pokemon/10145/"}, {"name": "corsola-galar", "url": "https://pokeapi.co/api/v2/pokemon/10173/"}, {"name": "yamask-galar", "url": "https://pokeapi.co/api/v2/pokemon/10179/"}, {"name": "stunfisk-galar", "url": "https://pokeapi.co/api/v2/pokemon/10180/"}, {"name": "qwilfish-hisui", "url": "https://pokeapi.co/api/v2/pokemon/10234/"}, {"name": "enamorus-therian", "url": "https://pokeapi.co/api/v2/pokemon/10249/"}, {"name": "palafin-hero", "url": "https://pokeapi.co/api/v2/pokemon/10256/"}, {"name": "gimmighoul-roaming", "url": "https://pokeapi.co/api/v2/pokemon/10263/"}], "machines": [], "meta": {"ailment": {"name": "none", "url": "https://pokeapi.co/api/v2/move-ailment/0/"}, "ailment_chance": 0, "category": {"name": "damage", "url": "https://pokeapi.co/api/v2/move-category/0/"}, "crit_rate": 0, "drain": 0, "flinch_chance": 30, "healing": 0, "max_hits": null, "max_turns": null, "min_hits": null, "min_turns": null, "stat_chance": 0}, "name": "astonish", "names": [{"language": {"name": "ja-Hrkt", "url": "https://pokeapi.co/api/v2/language/1/"}, "name": "\u304a\u3069\u308d\u304b\u3059"}, {"language": {"name": "ko", "url": "https://pokeapi.co/api/v2/language/3/"}, "name": "\ub180\ub798\ud0a4\uae30"}, {"language": {"name": "zh-Hant", "url": "https://pokeapi.co/api/v2/language/4/"}, "name": "\u9a5a\u5687"}, {"language": {"name": "fr", "url": "https://pokeapi.co/api/v2/language/5/"}, "name": "\u00c9tonnement"}, {"language": {"name": "de", "url": "https://pokeapi.co/api/v2/language/6/"}, "name": "Erstauner"}, {"language": {"name": "es", "url": "https://pokeapi.co/api/v2/language/7/"}, "name": "Impresionar"}, {"language": {"name": "it", "url": "https://pokeapi.co/api/v2/language/8/"}, "name": "Sgomento"}, {"language": {"name": "en", "url": "https://pokeapi.co/api/v2/language/9/"}, "name": "Astonish"}, {"language": {"name": "ja", "url": "https://pokeapi.co/api/v2/language/11/"}, "name": "\u304a\u3069\u308d\u304b\u3059"}, {"language": {"name": "zh-Hans", "url": "https://pokeapi.co/api/v2/language/12/"}, "name": "\u60ca\u5413"}], "past_values": [], "power": 30, "pp": 15, "priority": 0, "stat_changes": [], "super_contest_effect": {"url": "https://pokeapi.co/api/v2/super-contest-effect/5/"}, "target": {"name": "selected-pokemon", "url": "https://pokeapi.co/api/v2/move-target/10/"}, "type": {"name": "ghost", "url": "https://pokeapi.co/api/v2/type/8/"}}