{"accuracy": 80, "contest_combos": null, "contest_effect": null, "contest_type": null, "damage_class": {"name": "special", "url": "https://pokeapi.co/api/v2/move-damage-class/3/"}, "effect_chance": null, "effect_changes": [], "effect_entries": [], "flavor_text_entries": [], "generation": {"name": "generation-viii", "url": "https://pokeapi.co/api/v2/generation/8/"}, "id": 846, "learned_by_pokemon": [{"name": "tornadus-incarnate", "url": "https://pokeapi.co/api/v2/pokemon/641/"}, {"name": "tornadus-therian", "url": "https://pokeapi.co/api/v2/pokemon/10019/"}], "machines": [], "meta": null, "name": "bleakwind-storm", "names": [{"language": {"name": "ja-Hrkt", "url": "https://pokeapi.co/api/v2/language/1/"}, "name": "\u3053\u304c\u3089\u3057\u3042\u3089\u3057"}, {"language": {"name": "zh-Hant", "url": "https://pokeapi.co/api/v2/language/4/"}, "name": "\u67af\u53f6\u98ce\u66b4"}, {"language": {"name": "it", "url": "https://pokeapi.co/api/v2/language/8/"}, "name": "Tempesta Boreale"}, {"language": {"name": "en", "url": "https://pokeapi.co/api/v2/language/9/"}, "name": "Bleakwind Storm"}, {"language": {"name": "ja", "url": "https://pokeapi.co/api/v2/language/11/"}, "name": "\u3053\u304c\u3089\u3057\u3042\u3089\u3057"}], "past_values": [], "power": 100, "pp": 10, "priority": 0, "stat_changes": [], "super_contest_effect": null, "target": {"name": "all-opponents", "url": "https://pokeapi.co/api/v2/move-target/11/"}, "type": {"name": "flying", "url": "https://pokeapi.co/api/v2/type/3/"}}