{"accuracy": 100, "contest_combos": null, "contest_effect": null, "contest_type": {"name": "smart", "url": "https://pokeapi.co/api/v2/contest-type/4/"}, "damage_class": {"name": "special", "url": "https://pokeapi.co/api/v2/move-damage-class/3/"}, "effect_chance": null, "effect_changes": [], "effect_entries": [{"effect": "Inflicts regular damage.  If the target has less than half its max HP remaining, this move has double power.", "language": {"name": "en", "url": "https://pokeapi.co/api/v2/language/9/"}, "short_effect": "Has double power against Pok\u00e9mon that have less than half their max HP remaining."}], "flavor_text_entries": [{"flavor_text": "If the foe\u2019s HP is\ndown to about half,\nthis attack will hit\nwith double the\npower.", "language": {"name": "en", "url": "https://pokeapi.co/api/v2/language/9/"}, "version_group": {"name": "diamond-pearl", "url": "https://pokeapi.co/api/v2/version-group/8/"}}, {"flavor_text": "If the foe\u2019s HP is\ndown to about half,\nthis attack will hit\nwith double the\npower.", "language": {"name": "en", "url": "https://pokeapi.co/api/v2/language/9/"}, "version_group": {"name": "platinum", "url": "https://pokeapi.co/api/v2/version-group/9/"}}, {"flavor_text": "If the foe\u2019s HP is\ndown to about half,\nthis attack will hit\nwith double the\npower.", "language": {"name": "en", "url": "https://pokeapi.co/api/v2/language/9/"}, "version_group": {"name": "heartgold-soulsilver", "url": "https://pokeapi.co/api/v2/version-group/10/"}}, {"flavor_text": "Cette attaque est deux fois plus\npuissante lorsque l\u2019ennemi a moins\nde la moiti\u00e9 de ses PV.", "language": {"name": "fr", "url": "https://pokeapi.co/api/v2/language/5/"}, "version_group": {"name": "black-white", "url": "https://pokeapi.co/api/v2/version-group/11/"}}, {"flavor_text": "If the target\u2019s HP is down to about half,\nthis attack will hit with double\nthe power.", "language": {"name": "en", "url": "https://pokeapi.co/api/v2/language/9/"}, "version_group": {"name": "black-white", "url": "https://pokeapi.co/api/v2/version-group/11/"}}, {"flavor_text": "If the target\u2019s HP is down to about half,\nthis attack will hit with double\nthe power.", "language": {"name": "en", "url": "https://pokeapi.co/api/v2/language/9/"}, "version_group": {"name": "black-2-white-2", "url": "https://pokeapi.co/api/v2/version-group/14/"}}, {"flavor_text": "\u3042\u3044\u3066\u304c\u3000\uff28\uff30\u306e\u3000\u306f\u3093\u3076\u3093\u3000\u304f\u3089\u3044\n\u304d\u305a\u3092\u3000\u304a\u3063\u3066\u3044\u308b\u3068\u3000\u308f\u3056\u306e\u3000\u3044\u308a\u3087\u304f\u304c\n\uff12\u3070\u3044\u306b\u3000\u306a\u308b\u3002", "language": {"name": "ja-Hrkt", "url": "https://pokeapi.co/api/v2/language/1/"}, "version_group": {"name": "x-y", "url": "https://pokeapi.co/api/v2/version-group/15/"}}, {"flavor_text": "\uc0c1\ub300\uac00 HP\uc758 \uc808\ubc18 \uc815\ub3c4\n\uc0c1\ucc98\ub97c \uc785\uace0 \uc788\uc73c\uba74 \uae30\uc220\uc758\n\uc704\ub825\uc774 2\ubc30\uac00 \ub41c\ub2e4.", "language": {"name": "ko", "url": "https://pokeapi.co/api/v2/language/3/"}, "version_group": {"name": "x-y", "url": "https://pokeapi.co/api/v2/version-group/15/"}}, {"flavor_text": "Cette attaque est deux fois plus puissante lorsque\nl\u2019ennemi a moins de la moiti\u00e9 de ses PV.", "language": {"name": "fr", "url": "https://pokeapi.co/api/v2/language/5/"}, "version_group": {"name": "x-y", "url": "https://pokeapi.co/api/v2/version-group/15/"}}, {"flavor_text": "Hat das Ziel die H\u00e4lfte oder weniger\nseiner maximalen KP, trifft diese Attacke\nmit doppelter Kraft.", "language": {"name": "de", "url": "https://pokeapi.co/api/v2/language/6/"}, "version_group": {"name": "x-y", "url": "https://pokeapi.co/api/v2/version-group/15/"}}, {"flavor_text": "Si al objetivo le queda la mitad o menos de sus PS,\nel ataque ser\u00e1 el doble de fuerte.", "language": {"name": "es", "url": "https://pokeapi.co/api/v2/language/7/"}, "version_group": {"name": "x-y", "url": "https://pokeapi.co/api/v2/version-group/15/"}}, {"flavor_text": "Se i PS del bersaglio sono scesi a met\u00e0 o meno,\nquesta mossa colpir\u00e0 con il doppio della potenza.", "language": {"name": "it", "url": "https://pokeapi.co/api/v2/language/8/"}, "version_group": {"name": "x-y", "url": "https://pokeapi.co/api/v2/version-group/15/"}}, {"flavor_text": "If the target\u2019s HP is half or less,\nthis attack will hit with double\nthe power.", "language": {"name": "en", "url": "https://pokeapi.co/api/v2/language/9/"}, "version_group": {"name": "x-y", "url": "https://pokeapi.co/api/v2/version-group/15/"}}, {"flavor_text": "\u76f8\u624b\u304c\u3000\uff28\uff30\u306e\u3000\u534a\u5206\u304f\u3089\u3044\n\u304d\u305a\u3092\u3000\u304a\u3063\u3066\u3044\u308b\u3068\u3000\u6280\u306e\u3000\u5a01\u529b\u304c\n\uff12\u500d\u306b\u3000\u306a\u308b\u3002", "language": {"name": "ja", "url": "https://pokeapi.co/api/v2/language/11/"}, "version_group": {"name": "x-y", "url": "https://pokeapi.co/api/v2/version-group/15/"}}, {"flavor_text": "\u3042\u3044\u3066\u304c\u3000\uff28\uff30\u306e\u3000\u306f\u3093\u3076\u3093\u3000\u304f\u3089\u3044\n\u304d\u305a\u3092\u3000\u304a\u3063\u3066\u3044\u308b\u3068\u3000\u308f\u3056\u306e\u3000\u3044\u308a\u3087\u304f\u304c\n\uff12\u3070\u3044\u306b\u3000\u306a\u308b\u3002", "language": {"name": "ja-Hrkt", "url": "https://pokeapi.co/api/v2/language/1/"}, "version_group": {"name": "omega-ruby-alpha-sapphire", "url": "https://pokeapi.co/api/v2/version-group/16/"}}, {"flavor_text": "\uc0c1\ub300\uac00 HP\uc758 \uc808\ubc18 \uc815\ub3c4\n\uc0c1\ucc98\ub97c \uc785\uace0 \uc788\uc73c\uba74 \uae30\uc220\uc758\n\uc704\ub825\uc774 2\ubc30\uac00 \ub41c\ub2e4.", "language": {"name": "ko", "url": "https://pokeapi.co/api/v2/language/3/"}, "version_group": {"name": "omega-ruby-alpha-sapphire", "url": "https://pokeapi.co/api/v2/version-group/16/"}}, {"flavor_text": "Cette attaque est deux fois plus puissante lorsque\nl\u2019ennemi a moins de la moiti\u00e9 de ses PV.", "language": {"name": "fr", "url": "https://pokeapi.co/api/v2/language/5/"}, "version_group": {"name": "omega-ruby-alpha-sapphire", "url": "https://pokeapi.co/api/v2/version-group/16/"}}, {"flavor_text": "Hat das Ziel die H\u00e4lfte oder weniger\nseiner maximalen KP, trifft diese Attacke\nmit doppelter Kraft.", "language": {"name": "de", "url": "https://pokeapi.co/api/v2/language/6/"}, "version_group": {"name": "omega-ruby-alpha-sapphire", "url": "https://pokeapi.co/api/v2/version-group/16/"}}, {"flavor_text": "Si al objetivo le queda la mitad o menos de sus PS, \nel ataque ser\u00e1 el doble de fuerte.", "language": {"name": "es", "url": "https://pokeapi.co/api/v2/language/7/"}, "version_group": {"name": "omega-ruby-alpha-sapphire", "url": "https://pokeapi.co/api/v2/version-group/16/"}}, {"flavor_text": "Se i PS del bersaglio sono scesi a met\u00e0 o meno,\nquesta mossa colpir\u00e0 con il doppio della potenza.", "language": {"name": "it", "url": "https://pokeapi.co/api/v2/language/8/"}, "version_group": {"name": "omega-ruby-alpha-sapphire", "url": "https://pokeapi.co/api/v2/version-group/16/"}}, {"flavor_text": "If the target\u2019s HP is half or less,\nthis attack will hit with double\nthe power.", "language": {"name": "en", "url": "https://pokeapi.co/api/v2/language/9/"}, "version_group": {"name": "omega-ruby-alpha-sapphire", "url": "https://pokeapi.co/api/v2/version-group/16/"}}, {"flavor_text": "\u76f8\u624b\u304c\u3000\uff28\uff30\u306e\u3000\u534a\u5206\u304f\u3089\u3044\n\u304d\u305a\u3092\u3000\u304a\u3063\u3066\u3044\u308b\u3068\u3000\u6280\u306e\u3000\u5a01\u529b\u304c\n\uff12\u500d\u306b\u3000\u306a\u308b\u3002", "language": {"name": "ja", "url": "https://pokeapi.co/api/v2/language/11/"}, "version_group": {"name": "omega-ruby-alpha-sapphire", "url": "https://pokeapi.co/api/v2/version-group/16/"}}, {"flavor_text": "\u3042\u3044\u3066\u304c\u3000\uff28\uff30\u306e\u3000\u306f\u3093\u3076\u3093\u3000\u304f\u3089\u3044\n\u304d\u305a\u3092\u3000\u304a\u3063\u3066\u3044\u308b\u3068\u3000\u308f\u3056\u306e\u3000\u3044\u308a\u3087\u304f\u304c\n\uff12\u3070\u3044\u306b\u3000\u306a\u308b\u3002", "language": {"name": "ja-Hrkt", "url": "https://pokeapi.co/api/v2/language/1/"}, "version_group": {"name": "sun-moon", "url": "https://pokeapi.co/api/v2/version-group/17/"}}, {"flavor_text": "\uc0c1\ub300\uac00 HP\uc758 \uc808\ubc18 \uc815\ub3c4\n\uc0c1\ucc98\ub97c \uc785\uace0 \uc788\uc73c\uba74 \uae30\uc220\uc758\n\uc704\ub825\uc774 2\ubc30\uac00 \ub41c\ub2e4.", "language": {"name": "ko", "url": "https://pokeapi.co/api/v2/language/3/"}, "version_group": {"name": "sun-moon", "url": "https://pokeapi.co/api/v2/version-group/17/"}}, {"flavor_text": "\u7576\u5c0d\u624b\u8ca0\u50b7\uff0c\n\uff28\uff30\u5269\u4e00\u534a\u5de6\u53f3\u6642\uff0c\n\u62db\u5f0f\u5a01\u529b\u6703\u8b8a\u6210\uff12\u500d\u3002", "language": {"name": "zh-Hant", "url": "https://pokeapi.co/api/v2/language/4/"}, "version_group": {"name": "sun-moon", "url": "https://pokeapi.co/api/v2/version-group/17/"}}, {"flavor_text": "Cette attaque est deux fois plus puissante lorsque\nl\u2019ennemi a moins de la moiti\u00e9 de ses PV.", "language": {"name": "fr", "url": "https://pokeapi.co/api/v2/language/5/"}, "version_group": {"name": "sun-moon", "url": "https://pokeapi.co/api/v2/version-group/17/"}}, {"flavor_text": "Hat das Ziel die H\u00e4lfte oder weniger seiner\nmaximalen KP, trifft diese Attacke mit doppelter\nKraft.", "language": {"name": "de", "url": "https://pokeapi.co/api/v2/language/6/"}, "version_group": {"name": "sun-moon", "url": "https://pokeapi.co/api/v2/version-group/17/"}}, {"flavor_text": "Si al objetivo le queda la mitad o menos de sus PS, \nel ataque ser\u00e1 el doble de fuerte.", "language": {"name": "es", "url": "https://pokeapi.co/api/v2/language/7/"}, "version_group": {"name": "sun-moon", "url": "https://pokeapi.co/api/v2/version-group/17/"}}, {"flavor_text": "Se i PS del bersaglio sono scesi a met\u00e0 o meno,\nquesta mossa colpir\u00e0 con il doppio della potenza.", "language": {"name": "it", "url": "https://pokeapi.co/api/v2/language/8/"}, "version_group": {"name": "sun-moon", "url": "https://pokeapi.co/api/v2/version-group/17/"}}, {"flavor_text": "If the target\u2019s HP is half or less, this attack will hit\nwith double the power.", "language": {"name": "en", "url": "https://pokeapi.co/api/v2/language/9/"}, "version_group": {"name": "sun-moon", "url": "https://pokeapi.co/api/v2/version-group/17/"}}, {"flavor_text": "\u76f8\u624b\u304c\u3000\uff28\uff30\u306e\u3000\u534a\u5206\u304f\u3089\u3044\n\u304d\u305a\u3092\u3000\u304a\u3063\u3066\u3044\u308b\u3068\u3000\u6280\u306e\u3000\u5a01\u529b\u304c\n\uff12\u500d\u306b\u3000\u306a\u308b\u3002", "language": {"name": "ja", "url": "https://pokeapi.co/api/v2/language/11/"}, "version_group": {"name": "sun-moon", "url": "https://pokeapi.co/api/v2/version-group/17/"}}, {"flavor_text": "\u5f53\u5bf9\u624b\u7684\uff28\uff30\n\u8d1f\u4f24\u5230\u4e00\u534a\u5de6\u53f3\u65f6\uff0c\n\u62db\u5f0f\u5a01\u529b\u4f1a\u53d8\u6210\uff12\u500d\u3002", "language": {"name": "zh-Hans", "url": "https://pokeapi.co/api/v2/language/12/"}, "version_group": {"name": "sun-moon", "url": "https://pokeapi.co/api/v2/version-group/17/"}}, {"flavor_text": "\u3042\u3044\u3066\u304c\u3000\uff28\uff30\u306e\u3000\u306f\u3093\u3076\u3093\u3000\u304f\u3089\u3044\n\u304d\u305a\u3092\u3000\u304a\u3063\u3066\u3044\u308b\u3068\u3000\u308f\u3056\u306e\u3000\u3044\u308a\u3087\u304f\u304c\n\uff12\u3070\u3044\u306b\u3000\u306a\u308b\u3002", "language": {"name": "ja-Hrkt", "url": "https://pokeapi.co/api/v2/language/1/"}, "version_group": {"name": "ultra-sun-ultra-moon", "url": "https://pokeapi.co/api/v2/version-group/18/"}}, {"flavor_text": "\uc0c1\ub300\uac00 HP\uc758 \uc808\ubc18 \uc815\ub3c4\n\uc0c1\ucc98\ub97c \uc785\uace0 \uc788\uc73c\uba74 \uae30\uc220\uc758\n\uc704\ub825\uc774 2\ubc30\uac00 \ub41c\ub2e4.", "language": {"name": "ko", "url": "https://pokeapi.co/api/v2/language/3/"}, "version_group": {"name": "ultra-sun-ultra-moon", "url": "https://pokeapi.co/api/v2/version-group/18/"}}, {"flavor_text": "\u7576\u5c0d\u624b\u8ca0\u50b7\uff0c\n\uff28\uff30\u5269\u4e00\u534a\u5de6\u53f3\u6642\uff0c\n\u62db\u5f0f\u5a01\u529b\u6703\u8b8a\u6210\uff12\u500d\u3002", "language": {"name": "zh-Hant", "url": "https://pokeapi.co/api/v2/language/4/"}, "version_group": {"name": "ultra-sun-ultra-moon", "url": "https://pokeapi.co/api/v2/version-group/18/"}}, {"flavor_text": "Cette attaque est deux fois plus puissante lorsque\nl\u2019ennemi a moins de la moiti\u00e9 de ses PV.", "language": {"name": "fr", "url": "https://pokeapi.co/api/v2/language/5/"}, "version_group": {"name": "ultra-sun-ultra-moon", "url": "https://pokeapi.co/api/v2/version-group/18/"}}, {"flavor_text": "Hat das Ziel die H\u00e4lfte oder weniger seiner\nmaximalen KP, trifft diese Attacke mit doppelter\nKraft.", "language": {"name": "de", "url": "https://pokeapi.co/api/v2/language/6/"}, "version_group": {"name": "ultra-sun-ultra-moon", "url": "https://pokeapi.co/api/v2/version-group/18/"}}, {"flavor_text": "Si al objetivo le queda la mitad o menos de sus PS, \nel ataque ser\u00e1 el doble de fuerte.", "language": {"name": "es", "url": "https://pokeapi.co/api/v2/language/7/"}, "version_group": {"name": "ultra-sun-ultra-moon", "url": "https://pokeapi.co/api/v2/version-group/18/"}}, {"flavor_text": "Se i PS del bersaglio sono scesi a met\u00e0 o meno,\nquesta mossa colpir\u00e0 con il doppio della potenza.", "language": {"name": "it", "url": "https://pokeapi.co/api/v2/language/8/"}, "version_group": {"name": "ultra-sun-ultra-moon", "url": "https://pokeapi.co/api/v2/version-group/18/"}}, {"flavor_text": "If the target\u2019s HP is half or less, this attack will hit\nwith double the power.", "language": {"name": "en", "url": "https://pokeapi.co/api/v2/language/9/"}, "version_group": {"name": "ultra-sun-ultra-moon", "url": "https://pokeapi.co/api/v2/version-group/18/"}}, {"flavor_text": "\u76f8\u624b\u304c\u3000\uff28\uff30\u306e\u3000\u534a\u5206\u304f\u3089\u3044\n\u304d\u305a\u3092\u3000\u304a\u3063\u3066\u3044\u308b\u3068\u3000\u6280\u306e\u3000\u5a01\u529b\u304c\n\uff12\u500d\u306b\u3000\u306a\u308b\u3002", "language": {"name": "ja", "url": "https://pokeapi.co/api/v2/language/11/"}, "version_group": {"name": "ultra-sun-ultra-moon", "url": "https://pokeapi.co/api/v2/version-group/18/"}}, {"flavor_text": "\u5f53\u5bf9\u624b\u7684\uff28\uff30\n\u8d1f\u4f24\u5230\u4e00\u534a\u5de6\u53f3\u65f6\uff0c\n\u62db\u5f0f\u5a01\u529b\u4f1a\u53d8\u6210\uff12\u500d\u3002", "language": {"name": "zh-Hans", "url": "https://pokeapi.co/api/v2/language/12/"}, "version_group": {"name": "ultra-sun-ultra-moon", "url": "https://pokeapi.co/api/v2/version-group/18/"}}, {"flavor_text": "\u3042\u3044\u3066\u304c\u3000\uff28\uff30\u306e\u3000\u306f\u3093\u3076\u3093\u3000\u304f\u3089\u3044\n\u304d\u305a\u3092\u3000\u304a\u3063\u3066\u3044\u308b\u3068\u3000\u308f\u3056\u306e\u3000\u3044\u308a\u3087\u304f\u304c\n\uff12\u3070\u3044\u306b\u3000\u306a\u308b\u3002", "language": {"name": "ja-Hrkt", "url": "https://pokeapi.co/api/v2/language/1/"}, "version_group": {"name": "lets-go-pikachu-lets-go-eevee", "url": "https://pokeapi.co/api/v2/version-group/19/"}}, {"flavor_text": "\uc0c1\ub300\uac00 HP\uc758 \uc808\ubc18 \uc815\ub3c4\n\uc0c1\ucc98\ub97c \uc785\uace0 \uc788\uc73c\uba74 \uae30\uc220\uc758\n\uc704\ub825\uc774 2\ubc30\uac00 \ub41c\ub2e4.", "language": {"name": "ko", "url": "https://pokeapi.co/api/v2/language/3/"}, "version_group": {"name": "lets-go-pikachu-lets-go-eevee", "url": "https://pokeapi.co/api/v2/version-group/19/"}}, {"flavor_text": "\u7576\u5c0d\u624b\u8ca0\u50b7\uff0c\nHP\u5269\u4e00\u534a\u5de6\u53f3\u6642\uff0c\n\u62db\u5f0f\u5a01\u529b\u6703\u8b8a\u6210\uff12\u500d\u3002", "language": {"name": "zh-Hant", "url": "https://pokeapi.co/api/v2/language/4/"}, "version_group": {"name": "lets-go-pikachu-lets-go-eevee", "url": "https://pokeapi.co/api/v2/version-group/19/"}}, {"flavor_text": "Cette attaque est deux fois plus puissante lorsque\nl\u2019ennemi a moins de la moiti\u00e9 de ses PV.", "language": {"name": "fr", "url": "https://pokeapi.co/api/v2/language/5/"}, "version_group": {"name": "lets-go-pikachu-lets-go-eevee", "url": "https://pokeapi.co/api/v2/version-group/19/"}}, {"flavor_text": "Hat das Ziel die H\u00e4lfte oder weniger seiner\nmaximalen KP, trifft diese Attacke mit doppelter\nKraft.", "language": {"name": "de", "url": "https://pokeapi.co/api/v2/language/6/"}, "version_group": {"name": "lets-go-pikachu-lets-go-eevee", "url": "https://pokeapi.co/api/v2/version-group/19/"}}, {"flavor_text": "Si al objetivo le queda la mitad o menos de sus PS, \nel ataque ser\u00e1 el doble de fuerte.", "language": {"name": "es", "url": "https://pokeapi.co/api/v2/language/7/"}, "version_group": {"name": "lets-go-pikachu-lets-go-eevee", "url": "https://pokeapi.co/api/v2/version-group/19/"}}, {"flavor_text": "Se i PS del bersaglio sono scesi a met\u00e0 o meno,\nquesta mossa colpir\u00e0 con il doppio della potenza.", "language": {"name": "it", "url": "https://pokeapi.co/api/v2/language/8/"}, "version_group": {"name": "lets-go-pikachu-lets-go-eevee", "url": "https://pokeapi.co/api/v2/version-group/19/"}}, {"flavor_text": "If the target\u2019s HP is half or less, this attack will hit\nwith double the power.", "language": {"name": "en", "url": "https://pokeapi.co/api/v2/language/9/"}, "version_group": {"name": "lets-go-pikachu-lets-go-eevee", "url": "https://pokeapi.co/api/v2/version-group/19/"}}, {"flavor_text": "\u76f8\u624b\u304c\u3000\uff28\uff30\u306e\u3000\u534a\u5206\u304f\u3089\u3044\n\u304d\u305a\u3092\u3000\u304a\u3063\u3066\u3044\u308b\u3068\u3000\u6280\u306e\u3000\u5a01\u529b\u304c\n\uff12\u500d\u306b\u3000\u306a\u308b\u3002", "language": {"name": "ja", "url": "https://pokeapi.co/api/v2/language/11/"}, "version_group": {"name": "lets-go-pikachu-lets-go-eevee", "url": "https://pokeapi.co/api/v2/version-group/19/"}}, {"flavor_text": "\u5f53\u5bf9\u624b\u7684HP\n\u8d1f\u4f24\u5230\u4e00\u534a\u5de6\u53f3\u65f6\uff0c\n\u62db\u5f0f\u5a01\u529b\u4f1a\u53d8\u6210\uff12\u500d\u3002", "language": {"name": "zh-Hans", "url": "https://pokeapi.co/api/v2/language/12/"}, "version_group": {"name": "lets-go-pikachu-lets-go-eevee", "url": "https://pokeapi.co/api/v2/version-group/19/"}}, {"flavor_text": "\u3042\u3044\u3066\u304c\u3000\uff28\uff30\u306e\u3000\u306f\u3093\u3076\u3093\u3000\u304f\u3089\u3044\n\u304d\u305a\u3092\u3000\u304a\u3063\u3066\u3044\u308b\u3068\u3000\u308f\u3056\u306e\u3000\u3044\u308a\u3087\u304f\u304c\n\uff12\u3070\u3044\u306b\u3000\u306a\u308b\u3002", "language": {"name": "ja-Hrkt", "url": "https://pokeapi.co/api/v2/language/1/"}, "version_group": {"name": "sword-shield", "url": "https://pokeapi.co/api/v2/version-group/20/"}}, {"flavor_text": "\uc0c1\ub300\uac00 HP\uc758 \uc808\ubc18 \uc815\ub3c4\n\uc0c1\ucc98\ub97c \uc785\uace0 \uc788\uc73c\uba74 \uae30\uc220\uc758\n\uc704\ub825\uc774 2\ubc30\uac00 \ub41c\ub2e4.", "language": {"name": "ko", "url": "https://pokeapi.co/api/v2/language/3/"}, "version_group": {"name": "sword-shield", "url": "https://pokeapi.co/api/v2/version-group/20/"}}, {"flavor_text": "\u7576\u5c0d\u624b\u8ca0\u50b7\uff0c\n\uff28\uff30\u5269\u4e00\u534a\u5de6\u53f3\u6642\uff0c\n\u62db\u5f0f\u5a01\u529b\u6703\u8b8a\u6210\uff12\u500d\u3002", "language": {"name": "zh-Hant", "url": "https://pokeapi.co/api/v2/language/4/"}, "version_group": {"name": "sword-shield", "url": "https://pokeapi.co/api/v2/version-group/20/"}}, {"flavor_text": "Cette attaque est deux fois plus puissante lorsque\nl\u2019ennemi a moins de la moiti\u00e9 de ses PV.", "language": {"name": "fr", "url": "https://pokeapi.co/api/v2/language/5/"}, "version_group": {"name": "sword-shield", "url": "https://pokeapi.co/api/v2/version-group/20/"}}, {"flavor_text": "Hat das Ziel die H\u00e4lfte oder weniger seiner maximalen\nKP, trifft diese Attacke mit doppelter Kraft.", "language": {"name": "de", "url": "https://pokeapi.co/api/v2/language/6/"}, "version_group": {"name": "sword-shield", "url": "https://pokeapi.co/api/v2/version-group/20/"}}, {"flavor_text": "Si al objetivo le queda la mitad o menos de sus PS, el\nataque ser\u00e1 el doble de fuerte.", "language": {"name": "es", "url": "https://pokeapi.co/api/v2/language/7/"}, "version_group": {"name": "sword-shield", "url": "https://pokeapi.co/api/v2/version-group/20/"}}, {"flavor_text": "Se i PS del bersaglio sono scesi a met\u00e0 o meno,\nquesta mossa colpir\u00e0 con il doppio della potenza.", "language": {"name": "it", "url": "https://pokeapi.co/api/v2/language/8/"}, "version_group": {"name": "sword-shield", "url": "https://pokeapi.co/api/v2/version-group/20/"}}, {"flavor_text": "If the target\u2019s HP is half or less, this attack will hit\nwith double the power.", "language": {"name": "en", "url": "https://pokeapi.co/api/v2/language/9/"}, "version_group": {"name": "sword-shield", "url": "https://pokeapi.co/api/v2/version-group/20/"}}, {"flavor_text": "\u76f8\u624b\u304c\u3000\uff28\uff30\u306e\u3000\u534a\u5206\u304f\u3089\u3044\n\u304d\u305a\u3092\u3000\u304a\u3063\u3066\u3044\u308b\u3068\u3000\u6280\u306e\u3000\u5a01\u529b\u304c\n\uff12\u500d\u306b\u3000\u306a\u308b\u3002", "language": {"name": "ja", "url": "https://pokeapi.co/api/v2/language/11/"}, "version_group": {"name": "sword-shield", "url": "https://pokeapi.co/api/v2/version-group/20/"}}, {"flavor_text": "\u5f53\u5bf9\u624b\u7684\uff28\uff30\n\u8d1f\u4f24\u5230\u4e00\u534a\u5de6\u53f3\u65f6\uff0c\n\u62db\u5f0f\u5a01\u529b\u4f1a\u53d8\u6210\uff12\u500d\u3002", "language": {"name": "zh-Hans", "url": "https://pokeapi.co/api/v2/language/12/"}, "version_group": {"name": "sword-shield", "url": "https://pokeapi.co/api/v2/version-group/20/"}}], "generation": {"name": "generation-iv", "url": "https://pokeapi.co/api/v2/generation/4/"}, "id": 362, "learned_by_pokemon": [{"name": "squirtle", "url": "https://pokeapi.co/api/v2/pokemon/7/"}, {"name": "wartortle", "url": "https://pokeapi.co/api/v2/pokemon/8/"}, {"name": "blastoise", "url": "https://pokeapi.co/api/v2/pokemon/9/"}, {"name": "psyduck", "url": "https://pokeapi.co/api/v2/pokemon/54/"}, {"name": "golduck", "url": "https://pokeapi.co/api/v2/pokemon/55/"}, {"name": "tentacool", "url": "https://pokeapi.co/api/v2/pokemon/72/"}, {"name": "tentacruel", "url": "https://pokeapi.co/api/v2/pokemon/73/"}, {"name": "slowpoke", "url": "https://pokeapi.co/api/v2/pokemon/79/"}, {"name": "slowbro", "url": "https://pokeapi.co/api/v2/pokemon/80/"}, {"name": "seel", "url": "https://pokeapi.co/api/v2/pokemon/86/"}, {"name": "dewgong", "url": "https://pokeapi.co/api/v2/pokemon/87/"}, {"name": "shellder", "url": "https://pokeapi.co/api/v2/pokemon/90/"}, {"name": "cloyster", "url": "https://pokeapi.co/api/v2/pokemon/91/"}, {"name": "krabby", "url": "https://pokeapi.co/api/v2/pokemon/98/"}, {"name": "kingler", "url": "https://pokeapi.co/api/v2/pokemon/99/"}, {"name": "horsea", "url": "https://pokeapi.co/api/v2/pokemon/116/"}, {"name": "seadra", "url": "https://pokeapi.co/api/v2/pokemon/117/"}, {"name": "staryu", "url": "https://pokeapi.co/api/v2/pokemon/120/"}, {"name": "starmie", "url": "https://pokeapi.co/api/v2/pokemon/121/"}, {"name": "gyarados", "url": "https://pokeapi.co/api/v2/pokemon/130/"}, {"name": "lapras", "url": "https://pokeapi.co/api/v2/pokemon/131/"}, {"name": "vaporeon", "url": "https://pokeapi.co/api/v2/pokemon/134/"}, {"name": "omanyte", "url": "https://pokeapi.co/api/v2/pokemon/138/"}, {"name": "omastar", "url": "https://pokeapi.co/api/v2/pokemon/139/"}, {"name": "kabuto", "url": "https://pokeapi.co/api/v2/pokemon/140/"}, {"name": "kabutops", "url": "https://pokeapi.co/api/v2/pokemon/141/"}, {"name": "mew", "url": "https://pokeapi.co/api/v2/pokemon/151/"}, {"name": "chinchou", "url": "https://pokeapi.co/api/v2/pokemon/170/"}, {"name": "lanturn", "url": "https://pokeapi.co/api/v2/pokemon/171/"}, {"name": "slowking", "url": "https://pokeapi.co/api/v2/pokemon/199/"}, {"name": "qwilfish", "url": "https://pokeapi.co/api/v2/pokemon/211/"}, {"name": "corsola", "url": "https://pokeapi.co/api/v2/pokemon/222/"}, {"name": "remoraid", "url": "https://pokeapi.co/api/v2/pokemon/223/"}, {"name": "octillery", "url": "https://pokeapi.co/api/v2/pokemon/224/"}, {"name": "mantine", "url": "https://pokeapi.co/api/v2/pokemon/226/"}, {"name": "kingdra", "url": "https://pokeapi.co/api/v2/pokemon/230/"}, {"name": "suicune", "url": "https://pokeapi.co/api/v2/pokemon/245/"}, {"name": "lugia", "url": "https://pokeapi.co/api/v2/pokemon/249/"}, {"name": "wingull", "url": "https://pokeapi.co/api/v2/pokemon/278/"}, {"name": "pelipper", "url": "https://pokeapi.co/api/v2/pokemon/279/"}, {"name": "hariyama", "url": "https://pokeapi.co/api/v2/pokemon/297/"}, {"name": "carvanha", "url": "https://pokeapi.co/api/v2/pokemon/318/"}, {"name": "sharpedo", "url": "https://pokeapi.co/api/v2/pokemon/319/"}, {"name": "wailmer", "url": "https://pokeapi.co/api/v2/pokemon/320/"}, {"name": "wailord", "url": "https://pokeapi.co/api/v2/pokemon/321/"}, {"name": "lileep", "url": "https://pokeapi.co/api/v2/pokemon/345/"}, {"name": "cradily", "url": "https://pokeapi.co/api/v2/pokemon/346/"}, {"name": "anorith", "url": "https://pokeapi.co/api/v2/pokemon/347/"}, {"name": "armaldo", "url": "https://pokeapi.co/api/v2/pokemon/348/"}, {"name": "feebas", "url": "https://pokeapi.co/api/v2/pokemon/349/"}, {"name": "milotic", "url": "https://pokeapi.co/api/v2/pokemon/350/"}, {"name": "spheal", "url": "https://pokeapi.co/api/v2/pokemon/363/"}, {"name": "sealeo", "url": "https://pokeapi.co/api/v2/pokemon/364/"}, {"name": "walrein", "url": "https://pokeapi.co/api/v2/pokemon/365/"}, {"name": "clamperl", "url": "https://pokeapi.co/api/v2/pokemon/366/"}, {"name": "huntail", "url": "https://pokeapi.co/api/v2/pokemon/367/"}, {"name": "gorebyss", "url": "https://pokeapi.co/api/v2/pokemon/368/"}, {"name": "relicanth", "url": "https://pokeapi.co/api/v2/pokemon/369/"}, {"name": "luvdisc", "url": "https://pokeapi.co/api/v2/pokemon/370/"}, {"name": "kyogre", "url": "https://pokeapi.co/api/v2/pokemon/382/"}, {"name": "piplup", "url": "https://pokeapi.co/api/v2/pokemon/393/"}, {"name": "prinplup", "url": "https://pokeapi.co/api/v2/pokemon/394/"}, {"name": "empoleon", "url": "https://pokeapi.co/api/v2/pokemon/395/"}, {"name": "buizel", "url": "https://pokeapi.co/api/v2/pokemon/418/"}, {"name": "floatzel", "url": "https://pokeapi.co/api/v2/pokemon/419/"}, {"name": "shellos", "url": "https://pokeapi.co/api/v2/pokemon/422/"}, {"name": "gastrodon", "url": "https://pokeapi.co/api/v2/pokemon/423/"}, {"name": "finneon", "url": "https://pokeapi.co/api/v2/pokemon/456/"}, {"name": "lumineon", "url": "https://pokeapi.co/api/v2/pokemon/457/"}, {"name": "palkia", "url": "https://pokeapi.co/api/v2/pokemon/484/"}, {"name": "phione", "url": "https://pokeapi.co/api/v2/pokemon/489/"}, {"name": "manaphy", "url": "https://pokeapi.co/api/v2/pokemon/490/"}, {"name": "arceus", "url": "https://pokeapi.co/api/v2/pokemon/493/"}, {"name": "oshawott", "url": "https://pokeapi.co/api/v2/pokemon/501/"}, {"name": "panpour", "url": "https://pokeapi.co/api/v2/pokemon/515/"}, {"name": "basculin-red-striped", "url": "https://pokeapi.co/api/v2/pokemon/550/"}, {"name": "tirtouga", "url": "https://pokeapi.co/api/v2/pokemon/564/"}, {"name": "carracosta", "url": "https://pokeapi.co/api/v2/pokemon/565/"}, {"name": "ducklett", "url": "https://pokeapi.co/api/v2/pokemon/580/"}, {"name": "swanna", "url": "https://pokeapi.co/api/v2/pokemon/581/"}, {"name": "frillish", "url": "https://pokeapi.co/api/v2/pokemon/592/"}, {"name": "jellicent", "url": "https://pokeapi.co/api/v2/pokemon/593/"}, {"name": "alomomola", "url": "https://pokeapi.co/api/v2/pokemon/594/"}, {"name": "cubchoo", "url": "https://pokeapi.co/api/v2/pokemon/613/"}, {"name": "beartic", "url": "https://pokeapi.co/api/v2/pokemon/614/"}, {"name": "popplio", "url": "https://pokeapi.co/api/v2/pokemon/728/"}, {"name": "brionne", "url": "https://pokeapi.co/api/v2/pokemon/729/"}, {"name": "primarina", "url": "https://pokeapi.co/api/v2/pokemon/730/"}, {"name": "wishiwashi-solo", "url": "https://pokeapi.co/api/v2/pokemon/746/"}, {"name": "mareanie", "url": "https://pokeapi.co/api/v2/pokemon/747/"}, {"name": "toxapex", "url": "https://pokeapi.co/api/v2/pokemon/748/"}, {"name": "sandygast", "url": "https://pokeapi.co/api/v2/pokemon/769/"}, {"name": "palossand", "url": "https://pokeapi.co/api/v2/pokemon/770/"}, {"name": "dhelmise", "url": "https://pokeapi.co/api/v2/pokemon/781/"}, {"name": "tapu-fini", "url": "https://pokeapi.co/api/v2/pokemon/788/"}, {"name": "clobbopus", "url": "https://pokeapi.co/api/v2/pokemon/852/"}, {"name": "grapploct", "url": "https://pokeapi.co/api/v2/pokemon/853/"}, {"name": "cursola", "url": "https://pokeapi.co/api/v2/pokemon/864/"}, {"name": "pincurchin", "url": "https://pokeapi.co/api/v2/pokemon/871/"}, {"name": "eiscue-ice", "url": "https://pokeapi.co/api/v2/pokemon/875/"}, {"name": "dracovish", "url": "https://pokeapi.co/api/v2/pokemon/882/"}, {"name": "arctovish", "url": "https://pokeapi.co/api/v2/pokemon/883/"}, {"name": "drakloak", "url": "https://pokeapi.co/api/v2/pokemon/886/"}, {"name": "dragapult", "url": "https://pokeapi.co/api/v2/pokemon/887/"}, {"name": "overqwil", "url": "https://pokeapi.co/api/v2/pokemon/904/"}, {"name": "basculin-blue-striped", "url": "https://pokeapi.co/api/v2/pokemon/10016/"}, {"name": "wishiwashi-school", "url": "https://pokeapi.co/api/v2/pokemon/10127/"}, {"name": "slowpoke-galar", "url": "https://pokeapi.co/api/v2/pokemon/10164/"}, {"name": "slowbro-galar", "url": "https://pokeapi.co/api/v2/pokemon/10165/"}, {"name": "slowking-galar", "url": "https://pokeapi.co/api/v2/pokemon/10172/"}, {"name": "corsola-galar", "url": "https://pokeapi.co/api/v2/pokemon/10173/"}, {"name": "eiscue-noice", "url": "https://pokeapi.co/api/v2/pokemon/10185/"}, {"name": "urshifu-rapid-strike", "url": "https://pokeapi.co/api/v2/pokemon/10191/"}, {"name": "qwilfish-hisui", "url": "https://pokeapi.co/api/v2/pokemon/10234/"}], "machines": [{"machine": {"url": "https://pokeapi.co/api/v2/machine/1046/"}, "version_group": {"name": "diamond-pearl", "url": "https://pokeapi.co/api/v2/version-group/8/"}}, {"machine": {"url": "https://pokeapi.co/api/v2/machine/1047/"}, "version_group": {"name": "platinum", "url": "https://pokeapi.co/api/v2/version-group/9/"}}, {"machine": {"url": "https://pokeapi.co/api/v2/machine/1048/"}, "version_group": {"name": "heartgold-soulsilver", "url": "https://pokeapi.co/api/v2/version-group/10/"}}, {"machine": {"url": "https://pokeapi.co/api/v2/machine/1056/"}, "version_group": {"name": "sword-shield", "url": "https://pokeapi.co/api/v2/version-group/20/"}}], "meta": {"ailment": {"name": "none", "url": "https://pokeapi.co/api/v2/move-ailment/0/"}, "ailment_chance": 0, "category": {"name": "damage", "url": "https://pokeapi.co/api/v2/move-category/0/"}, "crit_rate": 0, "drain": 0, "flinch_chance": 0, "healing": 0, "max_hits": null, "max_turns": null, "min_hits": null, "min_turns": null, "stat_chance": 0}, "name": "brine", "names": [{"language": {"name": "ja-Hrkt", "url": "https://pokeapi.co/api/v2/language/1/"}, "name": "\u3057\u304a\u307f\u305a"}, {"language": {"name": "ko", "url": "https://pokeapi.co/api/v2/language/3/"}, "name": "\uc18c\uae08\ubb3c"}, {"language": {"name": "zh-Hant", "url": "https://pokeapi.co/api/v2/language/4/"}, "name": "\u9e7d\u6c34"}, {"language": {"name": "fr", "url": "https://pokeapi.co/api/v2/language/5/"}, "name": "Saumure"}, {"language": {"name": "de", "url": "https://pokeapi.co/api/v2/language/6/"}, "name": "Lake"}, {"language": {"name": "es", "url": "https://pokeapi.co/api/v2/language/7/"}, "name": "Salmuera"}, {"language": {"name": "it", "url": "https://pokeapi.co/api/v2/language/8/"}, "name": "Acquadisale"}, {"language": {"name": "en", "url": "https://pokeapi.co/api/v2/language/9/"}, "name": "Brine"}, {"language": {"name": "ja", "url": "https://pokeapi.co/api/v2/language/11/"}, "name": "\u3057\u304a\u307f\u305a"}, {"language": {"name": "zh-Hans", "url": "https://pokeapi.co/api/v2/language/12/"}, "name": "\u76d0\u6c34"}], "past_values": [], "power": 65, "pp": 10, "priority": 0, "stat_changes": [], "super_contest_effect": {"url": "https://pokeapi.co/api/v2/super-contest-effect/4/"}, "target": {"name": "selected-pokemon", "url": "https://pokeapi.co/api/v2/move-target/10/"}, "type": {"name": "water", "url": "https://pokeapi.co/api/v2/type/11/"}}