{"accuracy": null, "contest_combos": null, "contest_effect": {"url": "https://pokeapi.co/api/v2/contest-effect/2/"}, "contest_type": {"name": "smart", "url": "https://pokeapi.co/api/v2/contest-type/4/"}, "damage_class": {"name": "status", "url": "https://pokeapi.co/api/v2/move-damage-class/1/"}, "effect_chance": null, "effect_changes": [], "effect_entries": [{"effect": "User's type changes according to the terrain.\n\nTerrain        | New type\n-------------- | --------------\nBuilding       | normal\nCave           | rock\nDesert         | ground\nGrass          | grass\nMountain       | rock\nOcean          | water\nPond           | water\nRoad           | ground\nSnow           | ice\nTall grass     | grass\n\nIn Pok\u00e9mon Battle Revolution:\n\nTerrain        | New type\n-------------- | --------------\nCourtyard      | normal\nCrystal        | rock\nGateway        | water\nMagma          | rock\nMain Street    | normal\nNeon           | normal\nStargazer      | rock\nSunny Park     | grass\nSunset         | ground\nWaterfall      | grass\n", "language": {"name": "en", "url": "https://pokeapi.co/api/v2/language/9/"}, "short_effect": "User's type changes to match the terrain."}], "flavor_text_entries": [{"flavor_text": "Alters the POK\u00e9MON\u2019s type\ndepending on the location.", "language": {"name": "en", "url": "https://pokeapi.co/api/v2/language/9/"}, "version_group": {"name": "ruby-sapphire", "url": "https://pokeapi.co/api/v2/version-group/5/"}}, {"flavor_text": "Alters the POK\u00e9MON\u2019s type\ndepending on the location.", "language": {"name": "en", "url": "https://pokeapi.co/api/v2/language/9/"}, "version_group": {"name": "emerald", "url": "https://pokeapi.co/api/v2/version-group/6/"}}, {"flavor_text": "Alters the user\u2019s\ntype depending on\nthe location\u2019s\nterrain.", "language": {"name": "en", "url": "https://pokeapi.co/api/v2/language/9/"}, "version_group": {"name": "firered-leafgreen", "url": "https://pokeapi.co/api/v2/version-group/7/"}}, {"flavor_text": "The user\u2019s type is\nchanged depending on\nits environment, such\nas at water\u2019s edge, in\ngrass, or in a cave.", "language": {"name": "en", "url": "https://pokeapi.co/api/v2/language/9/"}, "version_group": {"name": "diamond-pearl", "url": "https://pokeapi.co/api/v2/version-group/8/"}}, {"flavor_text": "The user\u2019s type is\nchanged depending on\nits environment, such\nas at water\u2019s edge, in\ngrass, or in a cave.", "language": {"name": "en", "url": "https://pokeapi.co/api/v2/language/9/"}, "version_group": {"name": "platinum", "url": "https://pokeapi.co/api/v2/version-group/9/"}}, {"flavor_text": "The user\u2019s type is\nchanged depending on\nits environment, such\nas at water\u2019s edge, in\ngrass, or in a cave.", "language": {"name": "en", "url": "https://pokeapi.co/api/v2/language/9/"}, "version_group": {"name": "heartgold-soulsilver", "url": "https://pokeapi.co/api/v2/version-group/10/"}}, {"flavor_text": "Modifie le type du lanceur en fonction\ndu terrain, comme une berge, une\ngrotte, l\u2019herbe, etc.", "language": {"name": "fr", "url": "https://pokeapi.co/api/v2/language/5/"}, "version_group": {"name": "black-white", "url": "https://pokeapi.co/api/v2/version-group/11/"}}, {"flavor_text": "The user\u2019s type is changed depending on\nits environment, such as at water\u2019s edge,\nin grass, or in a cave.", "language": {"name": "en", "url": "https://pokeapi.co/api/v2/language/9/"}, "version_group": {"name": "black-white", "url": "https://pokeapi.co/api/v2/version-group/11/"}}, {"flavor_text": "The user\u2019s type is changed depending on\nits environment, such as at water\u2019s edge,\nin grass, or in a cave.", "language": {"name": "en", "url": "https://pokeapi.co/api/v2/language/9/"}, "version_group": {"name": "black-2-white-2", "url": "https://pokeapi.co/api/v2/version-group/14/"}}, {"flavor_text": "\u307f\u305a\u3079\u3084\u3000\u304f\u3055\u3080\u3089\u3000\u3069\u3046\u304f\u3064\u306a\u3069\n\u3044\u308b\u3000\u3070\u3057\u3087\u306b\u3000\u3042\u308f\u305b\u3066\n\u3058\u3076\u3093\u306e\u3000\u30bf\u30a4\u30d7\u3092\u3000\u304b\u3048\u308b\u3002", "language": {"name": "ja-Hrkt", "url": "https://pokeapi.co/api/v2/language/1/"}, "version_group": {"name": "x-y", "url": "https://pokeapi.co/api/v2/version-group/15/"}}, {"flavor_text": "\ubb3c\uac00\ub098 \ud480\ubc2d, \ub3d9\uad74 \ub4f1\n\uc788\ub294 \uc7a5\uc18c\uc5d0 \ub9de\ucdb0\uc11c\n\uc790\uc2e0\uc758 \ud0c0\uc785\uc744 \ubc14\uafbc\ub2e4.", "language": {"name": "ko", "url": "https://pokeapi.co/api/v2/language/3/"}, "version_group": {"name": "x-y", "url": "https://pokeapi.co/api/v2/version-group/15/"}}, {"flavor_text": "Modifie le type du lanceur en fonction du terrain,\ncomme une berge, une grotte, l\u2019herbe, etc.", "language": {"name": "fr", "url": "https://pokeapi.co/api/v2/language/5/"}, "version_group": {"name": "x-y", "url": "https://pokeapi.co/api/v2/version-group/15/"}}, {"flavor_text": "Der Typ des Anwenders passt sich der Umgebung\nan, sei es im Wasser, im Gras oder in einer H\u00f6hle.", "language": {"name": "de", "url": "https://pokeapi.co/api/v2/language/6/"}, "version_group": {"name": "x-y", "url": "https://pokeapi.co/api/v2/version-group/15/"}}, {"flavor_text": "Modifica el tipo del Pok\u00e9mon seg\u00fan el terreno de\ncombate donde est\u00e9.", "language": {"name": "es", "url": "https://pokeapi.co/api/v2/language/7/"}, "version_group": {"name": "x-y", "url": "https://pokeapi.co/api/v2/version-group/15/"}}, {"flavor_text": "Modifica il tipo di chi la usa a seconda del luogo,\nad esempio sull\u2019acqua, nell\u2019erba o in una grotta.", "language": {"name": "it", "url": "https://pokeapi.co/api/v2/language/8/"}, "version_group": {"name": "x-y", "url": "https://pokeapi.co/api/v2/version-group/15/"}}, {"flavor_text": "The user\u2019s type is changed depending on\nits environment, such as at water\u2019s edge,\nin grass, or in a cave.", "language": {"name": "en", "url": "https://pokeapi.co/api/v2/language/9/"}, "version_group": {"name": "x-y", "url": "https://pokeapi.co/api/v2/version-group/15/"}}, {"flavor_text": "\u6c34\u8fba\u3084\u3000\u8349\u3080\u3089\u3000\u3069\u3046\u304f\u3064\u306a\u3069\n\u3044\u308b\u3000\u5834\u6240\u306b\u3000\u3042\u308f\u305b\u3066\n\u81ea\u5206\u306e\u3000\u30bf\u30a4\u30d7\u3092\u3000\u5909\u3048\u308b\u3002", "language": {"name": "ja", "url": "https://pokeapi.co/api/v2/language/11/"}, "version_group": {"name": "x-y", "url": "https://pokeapi.co/api/v2/version-group/15/"}}, {"flavor_text": "\u202f\u305a\u3079\u3084\u3000\u304f\u3055\u3080\u3089\u3000\u3069\u3046\u304f\u3064\u306a\u3069\n\u3044\u308b\u3000\u3070\u3057\u3087\u306b\u3000\u3042\u308f\u305b\u3066\n\u3058\u3076\u3093\u306e\u3000\u30bf\u30a4\u30d7\u3092\u3000\u304b\u3048\u308b\u3002", "language": {"name": "ja-Hrkt", "url": "https://pokeapi.co/api/v2/language/1/"}, "version_group": {"name": "omega-ruby-alpha-sapphire", "url": "https://pokeapi.co/api/v2/version-group/16/"}}, {"flavor_text": "\ubb3c\uac00\ub098 \ud480\ubc2d, \ub3d9\uad74 \ub4f1\n\uc788\ub294 \uc7a5\uc18c\uc5d0 \ub9de\ucdb0\uc11c\n\uc790\uc2e0\uc758 \ud0c0\uc785\uc744 \ubc14\uafbc\ub2e4.", "language": {"name": "ko", "url": "https://pokeapi.co/api/v2/language/3/"}, "version_group": {"name": "omega-ruby-alpha-sapphire", "url": "https://pokeapi.co/api/v2/version-group/16/"}}, {"flavor_text": "Modifie le type du lanceur en fonction du terrain,\ncomme une berge, une grotte, l\u2019herbe, etc.", "language": {"name": "fr", "url": "https://pokeapi.co/api/v2/language/5/"}, "version_group": {"name": "omega-ruby-alpha-sapphire", "url": "https://pokeapi.co/api/v2/version-group/16/"}}, {"flavor_text": "Der Typ des Anwenders passt sich der Umgebung\nan, sei es im Wasser, im Gras oder in einer H\u00f6hle.", "language": {"name": "de", "url": "https://pokeapi.co/api/v2/language/6/"}, "version_group": {"name": "omega-ruby-alpha-sapphire", "url": "https://pokeapi.co/api/v2/version-group/16/"}}, {"flavor_text": "Modifica el tipo del Pok\u00e9mon seg\u00fan el terreno de \ncombate donde est\u00e9.", "language": {"name": "es", "url": "https://pokeapi.co/api/v2/language/7/"}, "version_group": {"name": "omega-ruby-alpha-sapphire", "url": "https://pokeapi.co/api/v2/version-group/16/"}}, {"flavor_text": "Modifica il tipo di chi la usa a seconda del luogo,\nad esempio sull\u2019acqua, nell\u2019erba o in una grotta.", "language": {"name": "it", "url": "https://pokeapi.co/api/v2/language/8/"}, "version_group": {"name": "omega-ruby-alpha-sapphire", "url": "https://pokeapi.co/api/v2/version-group/16/"}}, {"flavor_text": "The user\u2019s type is changed depending on\nits environment, such as at water\u2019s edge,\nin grass, or in a cave.", "language": {"name": "en", "url": "https://pokeapi.co/api/v2/language/9/"}, "version_group": {"name": "omega-ruby-alpha-sapphire", "url": "https://pokeapi.co/api/v2/version-group/16/"}}, {"flavor_text": "\u6c34\u8fba\u3084\u3000\u8349\u3080\u3089\u3000\u3069\u3046\u304f\u3064\u306a\u3069\n\u3044\u308b\u3000\u5834\u6240\u306b\u3000\u3042\u308f\u305b\u3066\n\u81ea\u5206\u306e\u3000\u30bf\u30a4\u30d7\u3092\u3000\u5909\u3048\u308b\u3002", "language": {"name": "ja", "url": "https://pokeapi.co/api/v2/language/11/"}, "version_group": {"name": "omega-ruby-alpha-sapphire", "url": "https://pokeapi.co/api/v2/version-group/16/"}}, {"flavor_text": "\u307f\u305a\u3079\u3084\u3000\u304f\u3055\u3080\u3089\u3000\u3069\u3046\u304f\u3064\u306a\u3069\n\u3044\u308b\u3000\u3070\u3057\u3087\u306b\u3000\u3042\u308f\u305b\u3066\n\u3058\u3076\u3093\u306e\u3000\u30bf\u30a4\u30d7\u3092\u3000\u304b\u3048\u308b\u3002", "language": {"name": "ja-Hrkt", "url": "https://pokeapi.co/api/v2/language/1/"}, "version_group": {"name": "sun-moon", "url": "https://pokeapi.co/api/v2/version-group/17/"}}, {"flavor_text": "\ubb3c\uac00\ub098 \ud480\ubc2d, \ub3d9\uad74 \ub4f1\n\uc788\ub294 \uc7a5\uc18c\uc5d0 \ub9de\ucdb0\uc11c\n\uc790\uc2e0\uc758 \ud0c0\uc785\uc744 \ubc14\uafbc\ub2e4.", "language": {"name": "ko", "url": "https://pokeapi.co/api/v2/language/3/"}, "version_group": {"name": "sun-moon", "url": "https://pokeapi.co/api/v2/version-group/17/"}}, {"flavor_text": "\u53ef\u4ee5\u56e0\u61c9\u6240\u5728\u7684\u5730\u9ede\u5982\n\u6c34\u908a\u3001\u8349\u53e2\u548c\u6d1e\u7a9f\u7b49\uff0c\n\u6539\u8b8a\u81ea\u5df1\u7684\u5c6c\u6027\u3002", "language": {"name": "zh-Hant", "url": "https://pokeapi.co/api/v2/language/4/"}, "version_group": {"name": "sun-moon", "url": "https://pokeapi.co/api/v2/version-group/17/"}}, {"flavor_text": "Modifie le type du lanceur en fonction du terrain,\ncomme une berge, une grotte, l\u2019herbe, etc.", "language": {"name": "fr", "url": "https://pokeapi.co/api/v2/language/5/"}, "version_group": {"name": "sun-moon", "url": "https://pokeapi.co/api/v2/version-group/17/"}}, {"flavor_text": "Der Typ des Anwenders passt sich der Umgebung\nan, sei es im Wasser, im Gras oder in einer H\u00f6hle.", "language": {"name": "de", "url": "https://pokeapi.co/api/v2/language/6/"}, "version_group": {"name": "sun-moon", "url": "https://pokeapi.co/api/v2/version-group/17/"}}, {"flavor_text": "Modifica el tipo del Pok\u00e9mon seg\u00fan el terreno de \ncombate donde est\u00e9.", "language": {"name": "es", "url": "https://pokeapi.co/api/v2/language/7/"}, "version_group": {"name": "sun-moon", "url": "https://pokeapi.co/api/v2/version-group/17/"}}, {"flavor_text": "Modifica il tipo di chi la usa a seconda del luogo,\nad esempio sull\u2019acqua, nell\u2019erba o in una grotta.", "language": {"name": "it", "url": "https://pokeapi.co/api/v2/language/8/"}, "version_group": {"name": "sun-moon", "url": "https://pokeapi.co/api/v2/version-group/17/"}}, {"flavor_text": "The user\u2019s type is changed depending on its\nenvironment, such as at water\u2019s edge, in grass, or in\na cave.", "language": {"name": "en", "url": "https://pokeapi.co/api/v2/language/9/"}, "version_group": {"name": "sun-moon", "url": "https://pokeapi.co/api/v2/version-group/17/"}}, {"flavor_text": "\u6c34\u8fba\u3084\u3000\u8349\u3080\u3089\u3000\u3069\u3046\u304f\u3064\u306a\u3069\n\u3044\u308b\u3000\u5834\u6240\u306b\u3000\u3042\u308f\u305b\u3066\n\u81ea\u5206\u306e\u3000\u30bf\u30a4\u30d7\u3092\u3000\u5909\u3048\u308b\u3002", "language": {"name": "ja", "url": "https://pokeapi.co/api/v2/language/11/"}, "version_group": {"name": "sun-moon", "url": "https://pokeapi.co/api/v2/version-group/17/"}}, {"flavor_text": "\u6839\u636e\u6240\u5728\u573a\u6240\u4e0d\u540c\uff0c\n\u5982\u6c34\u8fb9\u3001\u8349\u4e1b\u548c\u6d1e\u7a9f\u7b49\uff0c\n\u53ef\u4ee5\u6539\u53d8\u81ea\u5df1\u7684\u5c5e\u6027\u3002", "language": {"name": "zh-Hans", "url": "https://pokeapi.co/api/v2/language/12/"}, "version_group": {"name": "sun-moon", "url": "https://pokeapi.co/api/v2/version-group/17/"}}, {"flavor_text": "\u307f\u305a\u3079\u3084\u3000\u304f\u3055\u3080\u3089\u3000\u3069\u3046\u304f\u3064\u306a\u3069\n\u3044\u308b\u3000\u3070\u3057\u3087\u306b\u3000\u3042\u308f\u305b\u3066\n\u3058\u3076\u3093\u306e\u3000\u30bf\u30a4\u30d7\u3092\u3000\u304b\u3048\u308b\u3002", "language": {"name": "ja-Hrkt", "url": "https://pokeapi.co/api/v2/language/1/"}, "version_group": {"name": "ultra-sun-ultra-moon", "url": "https://pokeapi.co/api/v2/version-group/18/"}}, {"flavor_text": "\ubb3c\uac00\ub098 \ud480\ubc2d, \ub3d9\uad74 \ub4f1\n\uc788\ub294 \uc7a5\uc18c\uc5d0 \ub9de\ucdb0\uc11c\n\uc790\uc2e0\uc758 \ud0c0\uc785\uc744 \ubc14\uafbc\ub2e4.", "language": {"name": "ko", "url": "https://pokeapi.co/api/v2/language/3/"}, "version_group": {"name": "ultra-sun-ultra-moon", "url": "https://pokeapi.co/api/v2/version-group/18/"}}, {"flavor_text": "\u53ef\u4ee5\u56e0\u61c9\u6240\u5728\u7684\u5730\u9ede\u5982\n\u6c34\u908a\u3001\u8349\u53e2\u548c\u6d1e\u7a9f\u7b49\uff0c\n\u6539\u8b8a\u81ea\u5df1\u7684\u5c6c\u6027\u3002", "language": {"name": "zh-Hant", "url": "https://pokeapi.co/api/v2/language/4/"}, "version_group": {"name": "ultra-sun-ultra-moon", "url": "https://pokeapi.co/api/v2/version-group/18/"}}, {"flavor_text": "Modifie le type du lanceur en fonction du terrain,\ncomme une berge, une grotte, l\u2019herbe, etc.", "language": {"name": "fr", "url": "https://pokeapi.co/api/v2/language/5/"}, "version_group": {"name": "ultra-sun-ultra-moon", "url": "https://pokeapi.co/api/v2/version-group/18/"}}, {"flavor_text": "Der Typ des Anwenders passt sich der Umgebung\nan, sei es im Wasser, im Gras oder in einer H\u00f6hle.", "language": {"name": "de", "url": "https://pokeapi.co/api/v2/language/6/"}, "version_group": {"name": "ultra-sun-ultra-moon", "url": "https://pokeapi.co/api/v2/version-group/18/"}}, {"flavor_text": "Modifica el tipo del Pok\u00e9mon seg\u00fan el terreno de \ncombate donde est\u00e9.", "language": {"name": "es", "url": "https://pokeapi.co/api/v2/language/7/"}, "version_group": {"name": "ultra-sun-ultra-moon", "url": "https://pokeapi.co/api/v2/version-group/18/"}}, {"flavor_text": "Modifica il tipo di chi la usa a seconda del luogo,\nad esempio sull\u2019acqua, nell\u2019erba o in una grotta.", "language": {"name": "it", "url": "https://pokeapi.co/api/v2/language/8/"}, "version_group": {"name": "ultra-sun-ultra-moon", "url": "https://pokeapi.co/api/v2/version-group/18/"}}, {"flavor_text": "The user\u2019s type is changed depending on its\nenvironment, such as at water\u2019s edge, in grass, or in\na cave.", "language": {"name": "en", "url": "https://pokeapi.co/api/v2/language/9/"}, "version_group": {"name": "ultra-sun-ultra-moon", "url": "https://pokeapi.co/api/v2/version-group/18/"}}, {"flavor_text": "\u6c34\u8fba\u3084\u3000\u8349\u3080\u3089\u3000\u3069\u3046\u304f\u3064\u306a\u3069\n\u3044\u308b\u3000\u5834\u6240\u306b\u3000\u3042\u308f\u305b\u3066\n\u81ea\u5206\u306e\u3000\u30bf\u30a4\u30d7\u3092\u3000\u5909\u3048\u308b\u3002", "language": {"name": "ja", "url": "https://pokeapi.co/api/v2/language/11/"}, "version_group": {"name": "ultra-sun-ultra-moon", "url": "https://pokeapi.co/api/v2/version-group/18/"}}, {"flavor_text": "\u6839\u636e\u6240\u5728\u573a\u6240\u4e0d\u540c\uff0c\n\u5982\u6c34\u8fb9\u3001\u8349\u4e1b\u548c\u6d1e\u7a9f\u7b49\uff0c\n\u53ef\u4ee5\u6539\u53d8\u81ea\u5df1\u7684\u5c5e\u6027\u3002", "language": {"name": "zh-Hans", "url": "https://pokeapi.co/api/v2/language/12/"}, "version_group": {"name": "ultra-sun-ultra-moon", "url": "https://pokeapi.co/api/v2/version-group/18/"}}, {"flavor_text": "\u307f\u305a\u3079\u3084\u3000\u304f\u3055\u3080\u3089\u3000\u3069\u3046\u304f\u3064\u306a\u3069\n\u3044\u308b\u3000\u3070\u3057\u3087\u306b\u3000\u3042\u308f\u305b\u3066\n\u3058\u3076\u3093\u306e\u3000\u30bf\u30a4\u30d7\u3092\u3000\u304b\u3048\u308b\u3002", "language": {"name": "ja-Hrkt", "url": "https://pokeapi.co/api/v2/language/1/"}, "version_group": {"name": "lets-go-pikachu-lets-go-eevee", "url": "https://pokeapi.co/api/v2/version-group/19/"}}, {"flavor_text": "\ubb3c\uac00\ub098 \ud480\ubc2d, \ub3d9\uad74 \ub4f1\n\uc788\ub294 \uc7a5\uc18c\uc5d0 \ub9de\ucdb0\uc11c\n\uc790\uc2e0\uc758 \ud0c0\uc785\uc744 \ubc14\uafbc\ub2e4.", "language": {"name": "ko", "url": "https://pokeapi.co/api/v2/language/3/"}, "version_group": {"name": "lets-go-pikachu-lets-go-eevee", "url": "https://pokeapi.co/api/v2/version-group/19/"}}, {"flavor_text": "\u53ef\u4ee5\u56e0\u61c9\u6240\u5728\u7684\u5730\u9ede\u5982\n\u6c34\u908a\u3001\u8349\u53e2\u548c\u6d1e\u7a9f\u7b49\uff0c\n\u6539\u8b8a\u81ea\u5df1\u7684\u5c6c\u6027\u3002", "language": {"name": "zh-Hant", "url": "https://pokeapi.co/api/v2/language/4/"}, "version_group": {"name": "lets-go-pikachu-lets-go-eevee", "url": "https://pokeapi.co/api/v2/version-group/19/"}}, {"flavor_text": "Modifie le type du lanceur en fonction du terrain,\ncomme une berge, une grotte, l\u2019herbe, etc.", "language": {"name": "fr", "url": "https://pokeapi.co/api/v2/language/5/"}, "version_group": {"name": "lets-go-pikachu-lets-go-eevee", "url": "https://pokeapi.co/api/v2/version-group/19/"}}, {"flavor_text": "Der Typ des Anwenders passt sich der Umgebung\nan, sei es im Wasser, im Gras oder in einer H\u00f6hle.", "language": {"name": "de", "url": "https://pokeapi.co/api/v2/language/6/"}, "version_group": {"name": "lets-go-pikachu-lets-go-eevee", "url": "https://pokeapi.co/api/v2/version-group/19/"}}, {"flavor_text": "Modifica el tipo del Pok\u00e9mon seg\u00fan el terreno de \ncombate donde est\u00e9.", "language": {"name": "es", "url": "https://pokeapi.co/api/v2/language/7/"}, "version_group": {"name": "lets-go-pikachu-lets-go-eevee", "url": "https://pokeapi.co/api/v2/version-group/19/"}}, {"flavor_text": "Modifica il tipo di chi la usa a seconda del luogo,\nad esempio sull\u2019acqua, nell\u2019erba o in una grotta.", "language": {"name": "it", "url": "https://pokeapi.co/api/v2/language/8/"}, "version_group": {"name": "lets-go-pikachu-lets-go-eevee", "url": "https://pokeapi.co/api/v2/version-group/19/"}}, {"flavor_text": "The user\u2019s type is changed depending on its\nenvironment, such as at water\u2019s edge, in grass, or in\na cave.", "language": {"name": "en", "url": "https://pokeapi.co/api/v2/language/9/"}, "version_group": {"name": "lets-go-pikachu-lets-go-eevee", "url": "https://pokeapi.co/api/v2/version-group/19/"}}, {"flavor_text": "\u6c34\u8fba\u3084\u3000\u8349\u3080\u3089\u3000\u3069\u3046\u304f\u3064\u306a\u3069\n\u3044\u308b\u3000\u5834\u6240\u306b\u3000\u3042\u308f\u305b\u3066\n\u81ea\u5206\u306e\u3000\u30bf\u30a4\u30d7\u3092\u3000\u5909\u3048\u308b\u3002", "language": {"name": "ja", "url": "https://pokeapi.co/api/v2/language/11/"}, "version_group": {"name": "lets-go-pikachu-lets-go-eevee", "url": "https://pokeapi.co/api/v2/version-group/19/"}}, {"flavor_text": "\u6839\u636e\u6240\u5728\u573a\u6240\u4e0d\u540c\uff0c\n\u5982\u6c34\u8fb9\u3001\u8349\u4e1b\u548c\u6d1e\u7a9f\u7b49\uff0c\n\u53ef\u4ee5\u6539\u53d8\u81ea\u5df1\u7684\u5c5e\u6027\u3002", "language": {"name": "zh-Hans", "url": "https://pokeapi.co/api/v2/language/12/"}, "version_group": {"name": "lets-go-pikachu-lets-go-eevee", "url": "https://pokeapi.co/api/v2/version-group/19/"}}, {"flavor_text": "\u3053\u306e\u308f\u3056\u306f\u3000\u3064\u304b\u3048\u307e\u305b\u3093\n\u304a\u3082\u3044\u3060\u3059\u3053\u3068\u304c\u3000\u3067\u304d\u306a\u304f\u306a\u308a\u307e\u3059\u304c\n\u308f\u3056\u3092\u3000\u308f\u3059\u308c\u308b\u3053\u3068\u3092\u3000\u304a\u3059\u3059\u3081\u3057\u307e\u3059", "language": {"name": "ja-Hrkt", "url": "https://pokeapi.co/api/v2/language/1/"}, "version_group": {"name": "sword-shield", "url": "https://pokeapi.co/api/v2/version-group/20/"}}, {"flavor_text": "\uc0ac\uc6a9\ud560 \uc218 \uc5c6\ub294 \uae30\uc220\uc785\ub2c8\ub2e4.\n\ub2e4\uc2dc \ubc30\uc6b0\uac8c \ud560 \uc218 \uc5c6\uc9c0\ub9cc\n\uae30\uc220\uc744 \uc78a\uac8c \ud558\ub294 \uac83\uc744 \uad8c\uc7a5\ud569\ub2c8\ub2e4.", "language": {"name": "ko", "url": "https://pokeapi.co/api/v2/language/3/"}, "version_group": {"name": "sword-shield", "url": "https://pokeapi.co/api/v2/version-group/20/"}}, {"flavor_text": "\u7121\u6cd5\u4f7f\u7528\u6b64\u62db\u5f0f\u3002\n\u96d6\u7136\u5fd8\u8a18\u5f8c\u5c07\u7121\u6cd5\u518d\u60f3\u8d77\u4f86\uff0c\n\u4f46\u9084\u662f\u5efa\u8b70\u5fd8\u8a18\u6b64\u62db\u5f0f\u3002", "language": {"name": "zh-Hant", "url": "https://pokeapi.co/api/v2/language/4/"}, "version_group": {"name": "sword-shield", "url": "https://pokeapi.co/api/v2/version-group/20/"}}, {"flavor_text": "Cette capacit\u00e9 ne peut pas \u00eatre utilis\u00e9e.\nIl est recommand\u00e9 de l\u2019oublier, m\u00eame s\u2019il sera\nimpossible de se la rem\u00e9morer une fois oubli\u00e9e.", "language": {"name": "fr", "url": "https://pokeapi.co/api/v2/language/5/"}, "version_group": {"name": "sword-shield", "url": "https://pokeapi.co/api/v2/version-group/20/"}}, {"flavor_text": "Diese Attacke kann nicht eingesetzt werden. Du solltest\ndein Pok\u00e9mon sie vergessen lassen. Beachte aber,\ndass es sich danach nicht wieder an sie erinnern kann.", "language": {"name": "de", "url": "https://pokeapi.co/api/v2/language/6/"}, "version_group": {"name": "sword-shield", "url": "https://pokeapi.co/api/v2/version-group/20/"}}, {"flavor_text": "Este movimiento no se puede usar, por lo que ser\u00eda\nmejor olvidarlo, aunque eso implique que no se pueda\nrecordar posteriormente.", "language": {"name": "es", "url": "https://pokeapi.co/api/v2/language/7/"}, "version_group": {"name": "sword-shield", "url": "https://pokeapi.co/api/v2/version-group/20/"}}, {"flavor_text": "Questa mossa non pu\u00f2 essere usata.\n\u00c8 consigliabile farla dimenticare al Pok\u00e9mon. Tuttavia,\nuna volta dimenticata, non potr\u00e0 pi\u00f9 essere ricordata.", "language": {"name": "it", "url": "https://pokeapi.co/api/v2/language/8/"}, "version_group": {"name": "sword-shield", "url": "https://pokeapi.co/api/v2/version-group/20/"}}, {"flavor_text": "This move can\u2019t be used.\nIt\u2019s recommended that this move is forgotten.\nOnce forgotten, this move can\u2019t be remembered.", "language": {"name": "en", "url": "https://pokeapi.co/api/v2/language/9/"}, "version_group": {"name": "sword-shield", "url": "https://pokeapi.co/api/v2/version-group/20/"}}, {"flavor_text": "\u3053\u306e\u6280\u306f\u3000\u4f7f\u3048\u307e\u305b\u3093\n\u601d\u3044\u51fa\u3059\u3053\u3068\u304c\u3000\u3067\u304d\u306a\u304f\u306a\u308a\u307e\u3059\u304c\n\u6280\u3092\u3000\u5fd8\u308c\u308b\u3053\u3068\u3092\u3000\u304a\u3059\u3059\u3081\u3057\u307e\u3059", "language": {"name": "ja", "url": "https://pokeapi.co/api/v2/language/11/"}, "version_group": {"name": "sword-shield", "url": "https://pokeapi.co/api/v2/version-group/20/"}}, {"flavor_text": "\u65e0\u6cd5\u4f7f\u7528\u8fd9\u4e2a\u62db\u5f0f\u3002\n\u867d\u7136\u5fd8\u8bb0\u4e4b\u540e\u5c31\u518d\u4e5f\u60f3\u4e0d\u8d77\u6765\u4e86\uff0c\n\u4f46\u8fd8\u662f\u5efa\u8bae\u5fd8\u8bb0\u8fd9\u4e2a\u62db\u5f0f\u3002", "language": {"name": "zh-Hans", "url": "https://pokeapi.co/api/v2/language/12/"}, "version_group": {"name": "sword-shield", "url": "https://pokeapi.co/api/v2/version-group/20/"}}], "generation": {"name": "generation-iii", "url": "https://pokeapi.co/api/v2/generation/3/"}, "id": 293, "learned_by_pokemon": [{"name": "staryu", "url": "https://pokeapi.co/api/v2/pokemon/120/"}, {"name": "marill", "url": "https://pokeapi.co/api/v2/pokemon/183/"}, {"name": "corsola", "url": "https://pokeapi.co/api/v2/pokemon/222/"}, {"name": "azurill", "url": "https://pokeapi.co/api/v2/pokemon/298/"}, {"name": "kecleon", "url": "https://pokeapi.co/api/v2/pokemon/352/"}, {"name": "mothim", "url": "https://pokeapi.co/api/v2/pokemon/414/"}, {"name": "sewaddle", "url": "https://pokeapi.co/api/v2/pokemon/540/"}, {"name": "deerling", "url": "https://pokeapi.co/api/v2/pokemon/585/"}, {"name": "sawsbuck", "url": "https://pokeapi.co/api/v2/pokemon/586/"}, {"name": "joltik", "url": "https://pokeapi.co/api/v2/pokemon/595/"}, {"name": "stunfisk", "url": "https://pokeapi.co/api/v2/pokemon/618/"}, {"name": "froakie", "url": "https://pokeapi.co/api/v2/pokemon/656/"}, {"name": "flabebe", "url": "https://pokeapi.co/api/v2/pokemon/669/"}, {"name": "inkay", "url": "https://pokeapi.co/api/v2/pokemon/686/"}, {"name": "skrelp", "url": "https://pokeapi.co/api/v2/pokemon/690/"}, {"name": "dragalge", "url": "https://pokeapi.co/api/v2/pokemon/691/"}, {"name": "helioptile", "url": "https://pokeapi.co/api/v2/pokemon/694/"}, {"name": "zygarde-50", "url": "https://pokeapi.co/api/v2/pokemon/718/"}, {"name": "zygarde-10-power-construct", "url": "https://pokeapi.co/api/v2/pokemon/10118/"}, {"name": "zygarde-50-power-construct", "url": "https://pokeapi.co/api/v2/pokemon/10119/"}, {"name": "zygarde-complete", "url": "https://pokeapi.co/api/v2/pokemon/10120/"}, {"name": "zygarde-10", "url": "https://pokeapi.co/api/v2/pokemon/10181/"}], "machines": [], "meta": {"ailment": {"name": "none", "url": "https://pokeapi.co/api/v2/move-ailment/0/"}, "ailment_chance": 0, "category": {"name": "unique", "url": "https://pokeapi.co/api/v2/move-category/13/"}, "crit_rate": 0, "drain": 0, "flinch_chance": 0, "healing": 0, "max_hits": null, "max_turns": null, "min_hits": null, "min_turns": null, "stat_chance": 0}, "name": "camouflage", "names": [{"language": {"name": "ja-Hrkt", "url": "https://pokeapi.co/api/v2/language/1/"}, "name": "\u307b\u3054\u3057\u3087\u304f"}, {"language": {"name": "ko", "url": "https://pokeapi.co/api/v2/language/3/"}, "name": "\ubcf4\ud638\uc0c9"}, {"language": {"name": "zh-Hant", "url": "https://pokeapi.co/api/v2/language/4/"}, "name": "\u4fdd\u8b77\u8272"}, {"language": {"name": "fr", "url": "https://pokeapi.co/api/v2/language/5/"}, "name": "Camouflage"}, {"language": {"name": "de", "url": "https://pokeapi.co/api/v2/language/6/"}, "name": "Tarnung"}, {"language": {"name": "es", "url": "https://pokeapi.co/api/v2/language/7/"}, "name": "Camuflaje"}, {"language": {"name": "it", "url": "https://pokeapi.co/api/v2/language/8/"}, "name": "Camuffamento"}, {"language": {"name": "en", "url": "https://pokeapi.co/api/v2/language/9/"}, "name": "Camouflage"}, {"language": {"name": "ja", "url": "https://pokeapi.co/api/v2/language/11/"}, "name": "\u307b\u3054\u3057\u3087\u304f"}, {"language": {"name": "zh-Hans", "url": "https://pokeapi.co/api/v2/language/12/"}, "name": "\u4fdd\u62a4\u8272"}], "past_values": [], "power": null, "pp": 20, "priority": 0, "stat_changes": [], "super_contest_effect": {"url": "https://pokeapi.co/api/v2/super-contest-effect/13/"}, "target": {"name": "user", "url": "https://pokeapi.co/api/v2/move-target/7/"}, "type": {"name": "normal", "url": "https://pokeapi.co/api/v2/type/1/"}}