{"accuracy": 100, "contest_combos": null, "contest_effect": null, "contest_type": null, "damage_class": {"name": "physical", "url": "https://pokeapi.co/api/v2/move-damage-class/2/"}, "effect_chance": null, "effect_changes": [], "effect_entries": [{"effect": "Inflicts regular damage.  Damage calculation ignores the target's stat modifiers, including evasion.", "language": {"name": "en", "url": "https://pokeapi.co/api/v2/language/9/"}, "short_effect": "Ignores the target's stat modifiers."}], "flavor_text_entries": [{"flavor_text": "Une attaque puissante quand l\u2019ennemi\nbaisse sa garde. Inflige des d\u00e9g\u00e2ts sans\ntenir compte des changements de stats.", "language": {"name": "fr", "url": "https://pokeapi.co/api/v2/language/5/"}, "version_group": {"name": "black-white", "url": "https://pokeapi.co/api/v2/version-group/11/"}}, {"flavor_text": "Looking for an opening, the user strikes\ncontinually. The target\u2019s stat changes\ndon\u2019t affect this attack\u2019s damage.", "language": {"name": "en", "url": "https://pokeapi.co/api/v2/language/9/"}, "version_group": {"name": "black-white", "url": "https://pokeapi.co/api/v2/version-group/11/"}}, {"flavor_text": "Looking for an opening, the user strikes\ncontinually. The target\u2019s stat changes\ndon\u2019t affect this attack\u2019s damage.", "language": {"name": "en", "url": "https://pokeapi.co/api/v2/language/9/"}, "version_group": {"name": "black-2-white-2", "url": "https://pokeapi.co/api/v2/version-group/14/"}}, {"flavor_text": "\u3059\u304d\u3092\u3000\u307f\u3066\u3000\u3051\u3093\u3058\u3064\u306b\u3000\u3053\u3046\u3052\u304d\u3059\u308b\u3002\n\u3042\u3044\u3066\u306e\u3000\u306e\u3046\u308a\u3087\u304f\u3000\u3078\u3093\u304b\u306b\n\u304b\u3093\u3051\u3044\u306a\u304f\u3000\u30c0\u30e1\u30fc\u30b8\u3092\u3000\u3042\u305f\u3048\u308b\u3002", "language": {"name": "ja-Hrkt", "url": "https://pokeapi.co/api/v2/language/1/"}, "version_group": {"name": "x-y", "url": "https://pokeapi.co/api/v2/version-group/15/"}}, {"flavor_text": "\ud2c8\uc744 \ubcf4\uba70 \ucc29\uc2e4\ud558\uac8c \uacf5\uaca9\ud55c\ub2e4.\n\uc0c1\ub300\uc758 \ub2a5\ub825 \ubcc0\ud654\uc5d0\n\uad00\uacc4\uc5c6\uc774 \ub370\ubbf8\uc9c0\ub97c \uc900\ub2e4.", "language": {"name": "ko", "url": "https://pokeapi.co/api/v2/language/3/"}, "version_group": {"name": "x-y", "url": "https://pokeapi.co/api/v2/version-group/15/"}}, {"flavor_text": "Une attaque puissante quand l\u2019ennemi baisse\nsa garde. Inflige des d\u00e9g\u00e2ts sans tenir compte\ndes changements de stats.", "language": {"name": "fr", "url": "https://pokeapi.co/api/v2/language/5/"}, "version_group": {"name": "x-y", "url": "https://pokeapi.co/api/v2/version-group/15/"}}, {"flavor_text": "Eine durchdachte Attacke zu rechter Zeit.\nRichtet unabh\u00e4ngig von den Statusver\u00e4nderungen\ndes Zieles Schaden an.", "language": {"name": "de", "url": "https://pokeapi.co/api/v2/language/6/"}, "version_group": {"name": "x-y", "url": "https://pokeapi.co/api/v2/version-group/15/"}}, {"flavor_text": "Un ataque que busca los puntos d\u00e9biles del\nobjetivo y puede causarle da\u00f1o aunque cambien\nsus caracter\u00edsticas.", "language": {"name": "es", "url": "https://pokeapi.co/api/v2/language/7/"}, "version_group": {"name": "x-y", "url": "https://pokeapi.co/api/v2/version-group/15/"}}, {"flavor_text": "Chi la usa attacca non appena il bersaglio\nabbassa la guardia. Il danno inflitto prescinde\ndalle modifiche alle statistiche del bersaglio.", "language": {"name": "it", "url": "https://pokeapi.co/api/v2/language/8/"}, "version_group": {"name": "x-y", "url": "https://pokeapi.co/api/v2/version-group/15/"}}, {"flavor_text": "Looking for an opening, the user strikes\nconsistently. The target\u2019s stat changes\ndon\u2019t affect this attack\u2019s damage.", "language": {"name": "en", "url": "https://pokeapi.co/api/v2/language/9/"}, "version_group": {"name": "x-y", "url": "https://pokeapi.co/api/v2/version-group/15/"}}, {"flavor_text": "\u3059\u304d\u3092\u3000\u307f\u3066\u3000\u5805\u5b9f\u306b\u3000\u653b\u6483\u3059\u308b\u3002\n\u76f8\u624b\u306e\u3000\u80fd\u529b\u5909\u5316\u306b\n\u95a2\u4fc2\u306a\u304f\u3000\u30c0\u30e1\u30fc\u30b8\u3092\u3000\u4e0e\u3048\u308b\u3002", "language": {"name": "ja", "url": "https://pokeapi.co/api/v2/language/11/"}, "version_group": {"name": "x-y", "url": "https://pokeapi.co/api/v2/version-group/15/"}}, {"flavor_text": "\u3059\u304d\u3092\u3000\u202f\u3066\u3000\u3051\u3093\u3058\u3064\u306b\u3000\u3053\u3046\u3052\u304d\u3059\u308b\u3002\n\u3042\u3044\u3066\u306e\u3000\u306e\u3046\u308a\u3087\u304f\u3000\u3078\u3093\u304b\u306b\n\u304b\u3093\u3051\u3044\u306a\u304f\u3000\u30c0\u30e1\u30fc\u30b8\u3092\u3000\u3042\u305f\u3048\u308b\u3002", "language": {"name": "ja-Hrkt", "url": "https://pokeapi.co/api/v2/language/1/"}, "version_group": {"name": "omega-ruby-alpha-sapphire", "url": "https://pokeapi.co/api/v2/version-group/16/"}}, {"flavor_text": "\ud2c8\uc744 \ubcf4\uba70 \ucc29\uc2e4\ud558\uac8c \uacf5\uaca9\ud55c\ub2e4.\n\uc0c1\ub300\uc758 \ub2a5\ub825 \ubcc0\ud654\uc5d0\n\uad00\uacc4\uc5c6\uc774 \ub370\ubbf8\uc9c0\ub97c \uc900\ub2e4.", "language": {"name": "ko", "url": "https://pokeapi.co/api/v2/language/3/"}, "version_group": {"name": "omega-ruby-alpha-sapphire", "url": "https://pokeapi.co/api/v2/version-group/16/"}}, {"flavor_text": "Une attaque puissante quand l\u2019ennemi baisse\nsa garde. Inflige des d\u00e9g\u00e2ts sans tenir compte\ndes changements de stats.", "language": {"name": "fr", "url": "https://pokeapi.co/api/v2/language/5/"}, "version_group": {"name": "omega-ruby-alpha-sapphire", "url": "https://pokeapi.co/api/v2/version-group/16/"}}, {"flavor_text": "Eine durchdachte Attacke zu rechter Zeit.\nRichtet unabh\u00e4ngig von den Statusver\u00e4nderungen\ndes Zieles Schaden an.", "language": {"name": "de", "url": "https://pokeapi.co/api/v2/language/6/"}, "version_group": {"name": "omega-ruby-alpha-sapphire", "url": "https://pokeapi.co/api/v2/version-group/16/"}}, {"flavor_text": "Un ataque que busca los puntos d\u00e9biles del\nobjetivo y puede causarle da\u00f1o aunque cambien \nsus caracter\u00edsticas.", "language": {"name": "es", "url": "https://pokeapi.co/api/v2/language/7/"}, "version_group": {"name": "omega-ruby-alpha-sapphire", "url": "https://pokeapi.co/api/v2/version-group/16/"}}, {"flavor_text": "Chi la usa attacca non appena il bersaglio\nabbassa la guardia. Il danno inflitto prescinde\ndalle modifiche alle statistiche del bersaglio.", "language": {"name": "it", "url": "https://pokeapi.co/api/v2/language/8/"}, "version_group": {"name": "omega-ruby-alpha-sapphire", "url": "https://pokeapi.co/api/v2/version-group/16/"}}, {"flavor_text": "Looking for an opening, the user strikes\nconsistently. The target\u2019s stat changes\ndon\u2019t affect this attack\u2019s damage.", "language": {"name": "en", "url": "https://pokeapi.co/api/v2/language/9/"}, "version_group": {"name": "omega-ruby-alpha-sapphire", "url": "https://pokeapi.co/api/v2/version-group/16/"}}, {"flavor_text": "\u3059\u304d\u3092\u3000\u202f\u3066\u3000\u5805\u5b9f\u306b\u3000\u653b\u6483\u3059\u308b\u3002\n\u76f8\u624b\u306e\u3000\u80fd\u529b\u5909\u5316\u306b\n\u95a2\u4fc2\u306a\u304f\u3000\u30c0\u30e1\u30fc\u30b8\u3092\u3000\u4e0e\u3048\u308b\u3002", "language": {"name": "ja", "url": "https://pokeapi.co/api/v2/language/11/"}, "version_group": {"name": "omega-ruby-alpha-sapphire", "url": "https://pokeapi.co/api/v2/version-group/16/"}}, {"flavor_text": "\u3059\u304d\u3092\u3000\u307f\u3066\u3000\u3051\u3093\u3058\u3064\u306b\u3000\u3053\u3046\u3052\u304d\u3059\u308b\u3002\n\u3042\u3044\u3066\u306e\u3000\u306e\u3046\u308a\u3087\u304f\u3000\u3078\u3093\u304b\u306b\n\u304b\u3093\u3051\u3044\u306a\u304f\u3000\u30c0\u30e1\u30fc\u30b8\u3092\u3000\u3042\u305f\u3048\u308b\u3002", "language": {"name": "ja-Hrkt", "url": "https://pokeapi.co/api/v2/language/1/"}, "version_group": {"name": "sun-moon", "url": "https://pokeapi.co/api/v2/version-group/17/"}}, {"flavor_text": "\ud2c8\uc744 \ubcf4\uba70 \ucc29\uc2e4\ud558\uac8c \uacf5\uaca9\ud55c\ub2e4.\n\uc0c1\ub300\uc758 \ub2a5\ub825 \ubcc0\ud654\uc5d0\n\uad00\uacc4\uc5c6\uc774 \ub370\ubbf8\uc9c0\ub97c \uc900\ub2e4.", "language": {"name": "ko", "url": "https://pokeapi.co/api/v2/language/3/"}, "version_group": {"name": "sun-moon", "url": "https://pokeapi.co/api/v2/version-group/17/"}}, {"flavor_text": "\u770b\u6e96\u6642\u6a5f\uff0c\u78ba\u5be6\u5730\u653b\u64ca\u5c0d\u624b\u3002\n\u53ef\u4e0d\u9867\u5c0d\u624b\u7684\u80fd\u529b\u8b8a\u5316\n\u7d66\u4e88\u50b7\u5bb3\u3002", "language": {"name": "zh-Hant", "url": "https://pokeapi.co/api/v2/language/4/"}, "version_group": {"name": "sun-moon", "url": "https://pokeapi.co/api/v2/version-group/17/"}}, {"flavor_text": "Une attaque puissante quand l\u2019ennemi baisse\nsa garde. Inflige des d\u00e9g\u00e2ts sans tenir compte\ndes changements de stats.", "language": {"name": "fr", "url": "https://pokeapi.co/api/v2/language/5/"}, "version_group": {"name": "sun-moon", "url": "https://pokeapi.co/api/v2/version-group/17/"}}, {"flavor_text": "Eine durchdachte Attacke zur rechten Zeit.\nRichtet unabh\u00e4ngig von den Statusver\u00e4nderungen\ndes Zieles Schaden an.", "language": {"name": "de", "url": "https://pokeapi.co/api/v2/language/6/"}, "version_group": {"name": "sun-moon", "url": "https://pokeapi.co/api/v2/version-group/17/"}}, {"flavor_text": "Un ataque que busca los puntos d\u00e9biles del\nobjetivo y puede causarle da\u00f1o aunque cambien \nsus caracter\u00edsticas.", "language": {"name": "es", "url": "https://pokeapi.co/api/v2/language/7/"}, "version_group": {"name": "sun-moon", "url": "https://pokeapi.co/api/v2/version-group/17/"}}, {"flavor_text": "Chi la usa attacca non appena il bersaglio\nabbassa la guardia. Il danno inflitto prescinde\ndalle modifiche alle statistiche del bersaglio.", "language": {"name": "it", "url": "https://pokeapi.co/api/v2/language/8/"}, "version_group": {"name": "sun-moon", "url": "https://pokeapi.co/api/v2/version-group/17/"}}, {"flavor_text": "Looking for an opening, the user strikes consistently.\nThe target\u2019s stat changes don\u2019t affect this\nattack\u2019s damage.", "language": {"name": "en", "url": "https://pokeapi.co/api/v2/language/9/"}, "version_group": {"name": "sun-moon", "url": "https://pokeapi.co/api/v2/version-group/17/"}}, {"flavor_text": "\u3059\u304d\u3092\u3000\u307f\u3066\u3000\u5805\u5b9f\u306b\u3000\u653b\u6483\u3059\u308b\u3002\n\u76f8\u624b\u306e\u3000\u80fd\u529b\u5909\u5316\u306b\n\u95a2\u4fc2\u306a\u304f\u3000\u30c0\u30e1\u30fc\u30b8\u3092\u3000\u4e0e\u3048\u308b\u3002", "language": {"name": "ja", "url": "https://pokeapi.co/api/v2/language/11/"}, "version_group": {"name": "sun-moon", "url": "https://pokeapi.co/api/v2/version-group/17/"}}, {"flavor_text": "\u770b\u51c6\u673a\u4f1a\u7a33\u6b65\u653b\u51fb\u3002\n\u65e0\u89c6\u5bf9\u624b\u7684\u80fd\u529b\u53d8\u5316\uff0c\n\u76f4\u63a5\u7ed9\u4e88\u4f24\u5bb3\u3002", "language": {"name": "zh-Hans", "url": "https://pokeapi.co/api/v2/language/12/"}, "version_group": {"name": "sun-moon", "url": "https://pokeapi.co/api/v2/version-group/17/"}}, {"flavor_text": "\u3059\u304d\u3092\u3000\u307f\u3066\u3000\u3051\u3093\u3058\u3064\u306b\u3000\u3053\u3046\u3052\u304d\u3059\u308b\u3002\n\u3042\u3044\u3066\u306e\u3000\u306e\u3046\u308a\u3087\u304f\u3000\u3078\u3093\u304b\u306b\n\u304b\u3093\u3051\u3044\u306a\u304f\u3000\u30c0\u30e1\u30fc\u30b8\u3092\u3000\u3042\u305f\u3048\u308b\u3002", "language": {"name": "ja-Hrkt", "url": "https://pokeapi.co/api/v2/language/1/"}, "version_group": {"name": "ultra-sun-ultra-moon", "url": "https://pokeapi.co/api/v2/version-group/18/"}}, {"flavor_text": "\ud2c8\uc744 \ubcf4\uba70 \ucc29\uc2e4\ud558\uac8c \uacf5\uaca9\ud55c\ub2e4.\n\uc0c1\ub300\uc758 \ub2a5\ub825 \ubcc0\ud654\uc5d0\n\uad00\uacc4\uc5c6\uc774 \ub370\ubbf8\uc9c0\ub97c \uc900\ub2e4.", "language": {"name": "ko", "url": "https://pokeapi.co/api/v2/language/3/"}, "version_group": {"name": "ultra-sun-ultra-moon", "url": "https://pokeapi.co/api/v2/version-group/18/"}}, {"flavor_text": "\u770b\u6e96\u6642\u6a5f\uff0c\u78ba\u5be6\u5730\u653b\u64ca\u5c0d\u624b\u3002\n\u53ef\u4e0d\u9867\u5c0d\u624b\u7684\u80fd\u529b\u8b8a\u5316\n\u7d66\u4e88\u50b7\u5bb3\u3002", "language": {"name": "zh-Hant", "url": "https://pokeapi.co/api/v2/language/4/"}, "version_group": {"name": "ultra-sun-ultra-moon", "url": "https://pokeapi.co/api/v2/version-group/18/"}}, {"flavor_text": "Une attaque puissante quand l\u2019ennemi baisse\nsa garde. Inflige des d\u00e9g\u00e2ts sans tenir compte\ndes changements de stats.", "language": {"name": "fr", "url": "https://pokeapi.co/api/v2/language/5/"}, "version_group": {"name": "ultra-sun-ultra-moon", "url": "https://pokeapi.co/api/v2/version-group/18/"}}, {"flavor_text": "Eine durchdachte Attacke zur rechten Zeit.\nRichtet unabh\u00e4ngig von den Statusver\u00e4nderungen\ndes Zieles Schaden an.", "language": {"name": "de", "url": "https://pokeapi.co/api/v2/language/6/"}, "version_group": {"name": "ultra-sun-ultra-moon", "url": "https://pokeapi.co/api/v2/version-group/18/"}}, {"flavor_text": "Un ataque que busca los puntos d\u00e9biles del\nobjetivo y puede causarle da\u00f1o aunque cambien \nsus caracter\u00edsticas.", "language": {"name": "es", "url": "https://pokeapi.co/api/v2/language/7/"}, "version_group": {"name": "ultra-sun-ultra-moon", "url": "https://pokeapi.co/api/v2/version-group/18/"}}, {"flavor_text": "Chi la usa attacca non appena il bersaglio\nabbassa la guardia. Il danno inflitto prescinde\ndalle modifiche alle statistiche del bersaglio.", "language": {"name": "it", "url": "https://pokeapi.co/api/v2/language/8/"}, "version_group": {"name": "ultra-sun-ultra-moon", "url": "https://pokeapi.co/api/v2/version-group/18/"}}, {"flavor_text": "Looking for an opening, the user strikes consistently.\nThe target\u2019s stat changes don\u2019t affect this\nattack\u2019s damage.", "language": {"name": "en", "url": "https://pokeapi.co/api/v2/language/9/"}, "version_group": {"name": "ultra-sun-ultra-moon", "url": "https://pokeapi.co/api/v2/version-group/18/"}}, {"flavor_text": "\u3059\u304d\u3092\u3000\u307f\u3066\u3000\u5805\u5b9f\u306b\u3000\u653b\u6483\u3059\u308b\u3002\n\u76f8\u624b\u306e\u3000\u80fd\u529b\u5909\u5316\u306b\n\u95a2\u4fc2\u306a\u304f\u3000\u30c0\u30e1\u30fc\u30b8\u3092\u3000\u4e0e\u3048\u308b\u3002", "language": {"name": "ja", "url": "https://pokeapi.co/api/v2/language/11/"}, "version_group": {"name": "ultra-sun-ultra-moon", "url": "https://pokeapi.co/api/v2/version-group/18/"}}, {"flavor_text": "\u770b\u51c6\u673a\u4f1a\u7a33\u6b65\u653b\u51fb\u3002\n\u65e0\u89c6\u5bf9\u624b\u7684\u80fd\u529b\u53d8\u5316\uff0c\n\u76f4\u63a5\u7ed9\u4e88\u4f24\u5bb3\u3002", "language": {"name": "zh-Hans", "url": "https://pokeapi.co/api/v2/language/12/"}, "version_group": {"name": "ultra-sun-ultra-moon", "url": "https://pokeapi.co/api/v2/version-group/18/"}}, {"flavor_text": "\u3059\u304d\u3092\u3000\u307f\u3066\u3000\u3051\u3093\u3058\u3064\u306b\u3000\u3053\u3046\u3052\u304d\u3059\u308b\u3002\n\u3042\u3044\u3066\u306e\u3000\u306e\u3046\u308a\u3087\u304f\u3000\u3078\u3093\u304b\u306b\n\u304b\u3093\u3051\u3044\u306a\u304f\u3000\u30c0\u30e1\u30fc\u30b8\u3092\u3000\u3042\u305f\u3048\u308b\u3002", "language": {"name": "ja-Hrkt", "url": "https://pokeapi.co/api/v2/language/1/"}, "version_group": {"name": "lets-go-pikachu-lets-go-eevee", "url": "https://pokeapi.co/api/v2/version-group/19/"}}, {"flavor_text": "\ud2c8\uc744 \ubcf4\uba70 \ucc29\uc2e4\ud558\uac8c \uacf5\uaca9\ud55c\ub2e4.\n\uc0c1\ub300\uc758 \ub2a5\ub825 \ubcc0\ud654\uc5d0\n\uad00\uacc4\uc5c6\uc774 \ub370\ubbf8\uc9c0\ub97c \uc900\ub2e4.", "language": {"name": "ko", "url": "https://pokeapi.co/api/v2/language/3/"}, "version_group": {"name": "lets-go-pikachu-lets-go-eevee", "url": "https://pokeapi.co/api/v2/version-group/19/"}}, {"flavor_text": "\u770b\u6e96\u6642\u6a5f\uff0c\u78ba\u5be6\u5730\u653b\u64ca\u5c0d\u624b\u3002\n\u53ef\u4e0d\u9867\u5c0d\u624b\u7684\u80fd\u529b\u8b8a\u5316\n\u7d66\u4e88\u50b7\u5bb3\u3002", "language": {"name": "zh-Hant", "url": "https://pokeapi.co/api/v2/language/4/"}, "version_group": {"name": "lets-go-pikachu-lets-go-eevee", "url": "https://pokeapi.co/api/v2/version-group/19/"}}, {"flavor_text": "Une attaque puissante quand l\u2019ennemi baisse sa garde.\nInflige des d\u00e9g\u00e2ts sans tenir compte des changements\nde stats.", "language": {"name": "fr", "url": "https://pokeapi.co/api/v2/language/5/"}, "version_group": {"name": "lets-go-pikachu-lets-go-eevee", "url": "https://pokeapi.co/api/v2/version-group/19/"}}, {"flavor_text": "Eine durchdachte Attacke zur rechten Zeit.\nRichtet unabh\u00e4ngig von den Statusver\u00e4nderungen\ndes Zieles Schaden an.", "language": {"name": "de", "url": "https://pokeapi.co/api/v2/language/6/"}, "version_group": {"name": "lets-go-pikachu-lets-go-eevee", "url": "https://pokeapi.co/api/v2/version-group/19/"}}, {"flavor_text": "Un ataque que busca los puntos d\u00e9biles del objetivo.\nEl da\u00f1o infligido no se ve afectado por los cambios en\nsus caracter\u00edsticas.", "language": {"name": "es", "url": "https://pokeapi.co/api/v2/language/7/"}, "version_group": {"name": "lets-go-pikachu-lets-go-eevee", "url": "https://pokeapi.co/api/v2/version-group/19/"}}, {"flavor_text": "Chi la usa attacca non appena il bersaglio\nabbassa la guardia. Il danno inflitto prescinde\ndalle modifiche alle statistiche del bersaglio.", "language": {"name": "it", "url": "https://pokeapi.co/api/v2/language/8/"}, "version_group": {"name": "lets-go-pikachu-lets-go-eevee", "url": "https://pokeapi.co/api/v2/version-group/19/"}}, {"flavor_text": "Looking for an opening, the user strikes consistently.\nThe target\u2019s stat changes don\u2019t affect this\nattack\u2019s damage.", "language": {"name": "en", "url": "https://pokeapi.co/api/v2/language/9/"}, "version_group": {"name": "lets-go-pikachu-lets-go-eevee", "url": "https://pokeapi.co/api/v2/version-group/19/"}}, {"flavor_text": "\u3059\u304d\u3092\u3000\u307f\u3066\u3000\u5805\u5b9f\u306b\u3000\u653b\u6483\u3059\u308b\u3002\n\u76f8\u624b\u306e\u3000\u80fd\u529b\u5909\u5316\u306b\n\u95a2\u4fc2\u306a\u304f\u3000\u30c0\u30e1\u30fc\u30b8\u3092\u3000\u4e0e\u3048\u308b\u3002", "language": {"name": "ja", "url": "https://pokeapi.co/api/v2/language/11/"}, "version_group": {"name": "lets-go-pikachu-lets-go-eevee", "url": "https://pokeapi.co/api/v2/version-group/19/"}}, {"flavor_text": "\u770b\u51c6\u673a\u4f1a\u7a33\u6b65\u653b\u51fb\u3002\n\u65e0\u89c6\u5bf9\u624b\u7684\u80fd\u529b\u53d8\u5316\uff0c\n\u76f4\u63a5\u7ed9\u4e88\u4f24\u5bb3\u3002", "language": {"name": "zh-Hans", "url": "https://pokeapi.co/api/v2/language/12/"}, "version_group": {"name": "lets-go-pikachu-lets-go-eevee", "url": "https://pokeapi.co/api/v2/version-group/19/"}}, {"flavor_text": "\u3053\u306e\u308f\u3056\u306f\u3000\u3064\u304b\u3048\u307e\u305b\u3093\n\u304a\u3082\u3044\u3060\u3059\u3053\u3068\u304c\u3000\u3067\u304d\u306a\u304f\u306a\u308a\u307e\u3059\u304c\n\u308f\u3056\u3092\u3000\u308f\u3059\u308c\u308b\u3053\u3068\u3092\u3000\u304a\u3059\u3059\u3081\u3057\u307e\u3059", "language": {"name": "ja-Hrkt", "url": "https://pokeapi.co/api/v2/language/1/"}, "version_group": {"name": "sword-shield", "url": "https://pokeapi.co/api/v2/version-group/20/"}}, {"flavor_text": "\uc0ac\uc6a9\ud560 \uc218 \uc5c6\ub294 \uae30\uc220\uc785\ub2c8\ub2e4.\n\ub2e4\uc2dc \ubc30\uc6b0\uac8c \ud560 \uc218 \uc5c6\uc9c0\ub9cc\n\uae30\uc220\uc744 \uc78a\uac8c \ud558\ub294 \uac83\uc744 \uad8c\uc7a5\ud569\ub2c8\ub2e4.", "language": {"name": "ko", "url": "https://pokeapi.co/api/v2/language/3/"}, "version_group": {"name": "sword-shield", "url": "https://pokeapi.co/api/v2/version-group/20/"}}, {"flavor_text": "\u7121\u6cd5\u4f7f\u7528\u6b64\u62db\u5f0f\u3002\n\u96d6\u7136\u5fd8\u8a18\u5f8c\u5c07\u7121\u6cd5\u518d\u60f3\u8d77\u4f86\uff0c\n\u4f46\u9084\u662f\u5efa\u8b70\u5fd8\u8a18\u6b64\u62db\u5f0f\u3002", "language": {"name": "zh-Hant", "url": "https://pokeapi.co/api/v2/language/4/"}, "version_group": {"name": "sword-shield", "url": "https://pokeapi.co/api/v2/version-group/20/"}}, {"flavor_text": "Cette capacit\u00e9 ne peut pas \u00eatre utilis\u00e9e.\nIl est recommand\u00e9 de l\u2019oublier, m\u00eame s\u2019il sera\nimpossible de se la rem\u00e9morer une fois oubli\u00e9e.", "language": {"name": "fr", "url": "https://pokeapi.co/api/v2/language/5/"}, "version_group": {"name": "sword-shield", "url": "https://pokeapi.co/api/v2/version-group/20/"}}, {"flavor_text": "Diese Attacke kann nicht eingesetzt werden. Du solltest\ndein Pok\u00e9mon sie vergessen lassen. Beachte aber,\ndass es sich danach nicht wieder an sie erinnern kann.", "language": {"name": "de", "url": "https://pokeapi.co/api/v2/language/6/"}, "version_group": {"name": "sword-shield", "url": "https://pokeapi.co/api/v2/version-group/20/"}}, {"flavor_text": "Este movimiento no se puede usar, por lo que ser\u00eda\nmejor olvidarlo, aunque eso implique que no se pueda\nrecordar posteriormente.", "language": {"name": "es", "url": "https://pokeapi.co/api/v2/language/7/"}, "version_group": {"name": "sword-shield", "url": "https://pokeapi.co/api/v2/version-group/20/"}}, {"flavor_text": "Questa mossa non pu\u00f2 essere usata.\n\u00c8 consigliabile farla dimenticare al Pok\u00e9mon. Tuttavia,\nuna volta dimenticata, non potr\u00e0 pi\u00f9 essere ricordata.", "language": {"name": "it", "url": "https://pokeapi.co/api/v2/language/8/"}, "version_group": {"name": "sword-shield", "url": "https://pokeapi.co/api/v2/version-group/20/"}}, {"flavor_text": "This move can\u2019t be used.\nIt\u2019s recommended that this move is forgotten.\nOnce forgotten, this move can\u2019t be remembered.", "language": {"name": "en", "url": "https://pokeapi.co/api/v2/language/9/"}, "version_group": {"name": "sword-shield", "url": "https://pokeapi.co/api/v2/version-group/20/"}}, {"flavor_text": "\u3053\u306e\u6280\u306f\u3000\u4f7f\u3048\u307e\u305b\u3093\n\u601d\u3044\u51fa\u3059\u3053\u3068\u304c\u3000\u3067\u304d\u306a\u304f\u306a\u308a\u307e\u3059\u304c\n\u6280\u3092\u3000\u5fd8\u308c\u308b\u3053\u3068\u3092\u3000\u304a\u3059\u3059\u3081\u3057\u307e\u3059", "language": {"name": "ja", "url": "https://pokeapi.co/api/v2/language/11/"}, "version_group": {"name": "sword-shield", "url": "https://pokeapi.co/api/v2/version-group/20/"}}, {"flavor_text": "\u65e0\u6cd5\u4f7f\u7528\u8fd9\u4e2a\u62db\u5f0f\u3002\n\u867d\u7136\u5fd8\u8bb0\u4e4b\u540e\u5c31\u518d\u4e5f\u60f3\u4e0d\u8d77\u6765\u4e86\uff0c\n\u4f46\u8fd8\u662f\u5efa\u8bae\u5fd8\u8bb0\u8fd9\u4e2a\u62db\u5f0f\u3002", "language": {"name": "zh-Hans", "url": "https://pokeapi.co/api/v2/language/12/"}, "version_group": {"name": "sword-shield", "url": "https://pokeapi.co/api/v2/version-group/20/"}}], "generation": {"name": "generation-v", "url": "https://pokeapi.co/api/v2/generation/5/"}, "id": 498, "learned_by_pokemon": [{"name": "sandshrew", "url": "https://pokeapi.co/api/v2/pokemon/27/"}, {"name": "nidoran-f", "url": "https://pokeapi.co/api/v2/pokemon/29/"}, {"name": "nidoqueen", "url": "https://pokeapi.co/api/v2/pokemon/31/"}, {"name": "nidoran-m", "url": "https://pokeapi.co/api/v2/pokemon/32/"}, {"name": "nidoking", "url": "https://pokeapi.co/api/v2/pokemon/34/"}, {"name": "krabby", "url": "https://pokeapi.co/api/v2/pokemon/98/"}, {"name": "cubone", "url": "https://pokeapi.co/api/v2/pokemon/104/"}, {"name": "lickitung", "url": "https://pokeapi.co/api/v2/pokemon/108/"}, {"name": "rhyhorn", "url": "https://pokeapi.co/api/v2/pokemon/111/"}, {"name": "rhydon", "url": "https://pokeapi.co/api/v2/pokemon/112/"}, {"name": "kangaskhan", "url": "https://pokeapi.co/api/v2/pokemon/115/"}, {"name": "snorlax", "url": "https://pokeapi.co/api/v2/pokemon/143/"}, {"name": "totodile", "url": "https://pokeapi.co/api/v2/pokemon/158/"}, {"name": "croconaw", "url": "https://pokeapi.co/api/v2/pokemon/159/"}, {"name": "feraligatr", "url": "https://pokeapi.co/api/v2/pokemon/160/"}, {"name": "heracross", "url": "https://pokeapi.co/api/v2/pokemon/214/"}, {"name": "teddiursa", "url": "https://pokeapi.co/api/v2/pokemon/216/"}, {"name": "larvitar", "url": "https://pokeapi.co/api/v2/pokemon/246/"}, {"name": "pupitar", "url": "https://pokeapi.co/api/v2/pokemon/247/"}, {"name": "tyranitar", "url": "https://pokeapi.co/api/v2/pokemon/248/"}, {"name": "slakoth", "url": "https://pokeapi.co/api/v2/pokemon/287/"}, {"name": "vigoroth", "url": "https://pokeapi.co/api/v2/pokemon/288/"}, {"name": "slaking", "url": "https://pokeapi.co/api/v2/pokemon/289/"}, {"name": "makuhita", "url": "https://pokeapi.co/api/v2/pokemon/296/"}, {"name": "corphish", "url": "https://pokeapi.co/api/v2/pokemon/341/"}, {"name": "cranidos", "url": "https://pokeapi.co/api/v2/pokemon/408/"}, {"name": "rampardos", "url": "https://pokeapi.co/api/v2/pokemon/409/"}, {"name": "munchlax", "url": "https://pokeapi.co/api/v2/pokemon/446/"}, {"name": "lickilicky", "url": "https://pokeapi.co/api/v2/pokemon/463/"}, {"name": "rhyperior", "url": "https://pokeapi.co/api/v2/pokemon/464/"}, {"name": "timburr", "url": "https://pokeapi.co/api/v2/pokemon/532/"}, {"name": "gurdurr", "url": "https://pokeapi.co/api/v2/pokemon/533/"}, {"name": "conkeldurr", "url": "https://pokeapi.co/api/v2/pokemon/534/"}, {"name": "basculin-red-striped", "url": "https://pokeapi.co/api/v2/pokemon/550/"}, {"name": "scraggy", "url": "https://pokeapi.co/api/v2/pokemon/559/"}, {"name": "scrafty", "url": "https://pokeapi.co/api/v2/pokemon/560/"}, {"name": "druddigon", "url": "https://pokeapi.co/api/v2/pokemon/621/"}, {"name": "basculin-blue-striped", "url": "https://pokeapi.co/api/v2/pokemon/10016/"}, {"name": "kangaskhan-mega", "url": "https://pokeapi.co/api/v2/pokemon/10039/"}, {"name": "heracross-mega", "url": "https://pokeapi.co/api/v2/pokemon/10047/"}, {"name": "tyranitar-mega", "url": "https://pokeapi.co/api/v2/pokemon/10049/"}, {"name": "pikachu-sinnoh-cap", "url": "https://pokeapi.co/api/v2/pokemon/10096/"}, {"name": "pikachu-kalos-cap", "url": "https://pokeapi.co/api/v2/pokemon/10098/"}, {"name": "sandshrew-alola", "url": "https://pokeapi.co/api/v2/pokemon/10101/"}], "machines": [], "meta": {"ailment": {"name": "none", "url": "https://pokeapi.co/api/v2/move-ailment/0/"}, "ailment_chance": 0, "category": {"name": "damage", "url": "https://pokeapi.co/api/v2/move-category/0/"}, "crit_rate": 0, "drain": 0, "flinch_chance": 0, "healing": 0, "max_hits": null, "max_turns": null, "min_hits": null, "min_turns": null, "stat_chance": 0}, "name": "chip-away", "names": [{"language": {"name": "ja-Hrkt", "url": "https://pokeapi.co/api/v2/language/1/"}, "name": "\u306a\u3057\u304f\u305a\u3057"}, {"language": {"name": "ko", "url": "https://pokeapi.co/api/v2/language/3/"}, "name": "\uc57c\uae08\uc57c\uae08"}, {"language": {"name": "zh-Hant", "url": "https://pokeapi.co/api/v2/language/4/"}, "name": "\u9010\u6b65\u64ca\u7834"}, {"language": {"name": "fr", "url": "https://pokeapi.co/api/v2/language/5/"}, "name": "Attrition"}, {"language": {"name": "de", "url": "https://pokeapi.co/api/v2/language/6/"}, "name": "Zerm\u00fcrben"}, {"language": {"name": "es", "url": "https://pokeapi.co/api/v2/language/7/"}, "name": "Guardia Baja"}, {"language": {"name": "it", "url": "https://pokeapi.co/api/v2/language/8/"}, "name": "Insidia"}, {"language": {"name": "en", "url": "https://pokeapi.co/api/v2/language/9/"}, "name": "Chip Away"}, {"language": {"name": "ja", "url": "https://pokeapi.co/api/v2/language/11/"}, "name": "\u306a\u3057\u304f\u305a\u3057"}, {"language": {"name": "zh-Hans", "url": "https://pokeapi.co/api/v2/language/12/"}, "name": "\u9010\u6b65\u51fb\u7834"}], "past_values": [], "power": 70, "pp": 20, "priority": 0, "stat_changes": [], "super_contest_effect": null, "target": {"name": "selected-pokemon", "url": "https://pokeapi.co/api/v2/move-target/10/"}, "type": {"name": "normal", "url": "https://pokeapi.co/api/v2/type/1/"}}