{"accuracy": 85, "contest_combos": {"normal": {"use_after": [{"name": "rain-dance", "url": "https://pokeapi.co/api/v2/move/240/"}], "use_before": null}, "super": {"use_after": null, "use_before": null}}, "contest_effect": {"url": "https://pokeapi.co/api/v2/contest-effect/24/"}, "contest_type": {"name": "tough", "url": "https://pokeapi.co/api/v2/contest-type/5/"}, "damage_class": {"name": "physical", "url": "https://pokeapi.co/api/v2/move-damage-class/2/"}, "effect_chance": 100, "effect_changes": [], "effect_entries": [{"effect": "Inflicts regular damage.  For the next 2\u20135 turns, the target cannot leave the field and is damaged for 1/16 its max HP at the end of each turn.  The user continues to use other moves during this time.  If the user leaves the field, this effect ends.\n\nHas a 3/8 chance each to hit 2 or 3 times, and a 1/8 chance each to hit 4 or 5 times.  Averages to 3 hits per use.\n\nrapid spin cancels this effect.", "language": {"name": "en", "url": "https://pokeapi.co/api/v2/language/9/"}, "short_effect": "Prevents the target from fleeing and inflicts damage for 2-5 turns."}], "flavor_text_entries": [{"flavor_text": "Traps the foe for\n2-5 turns.", "language": {"name": "en", "url": "https://pokeapi.co/api/v2/language/9/"}, "version_group": {"name": "gold-silver", "url": "https://pokeapi.co/api/v2/version-group/3/"}}, {"flavor_text": "Traps the foe for\n2-5 turns.", "language": {"name": "en", "url": "https://pokeapi.co/api/v2/language/9/"}, "version_group": {"name": "crystal", "url": "https://pokeapi.co/api/v2/version-group/4/"}}, {"flavor_text": "Traps and squeezes the\nfoe for 2 to 5 turns.", "language": {"name": "en", "url": "https://pokeapi.co/api/v2/language/9/"}, "version_group": {"name": "ruby-sapphire", "url": "https://pokeapi.co/api/v2/version-group/5/"}}, {"flavor_text": "Traps and squeezes the\nfoe for 2 to 5 turns.", "language": {"name": "en", "url": "https://pokeapi.co/api/v2/language/9/"}, "version_group": {"name": "emerald", "url": "https://pokeapi.co/api/v2/version-group/6/"}}, {"flavor_text": "The foe is clamped\nand squeezed by\nthe user\u2019s shell for\ntwo to five turns.", "language": {"name": "en", "url": "https://pokeapi.co/api/v2/language/9/"}, "version_group": {"name": "firered-leafgreen", "url": "https://pokeapi.co/api/v2/version-group/7/"}}, {"flavor_text": "The foe is clamped\nand squeezed by\nthe user\u2019s very thick\nand sturdy shell for\ntwo to five turns.", "language": {"name": "en", "url": "https://pokeapi.co/api/v2/language/9/"}, "version_group": {"name": "diamond-pearl", "url": "https://pokeapi.co/api/v2/version-group/8/"}}, {"flavor_text": "The foe is clamped\nand squeezed by\nthe user\u2019s very thick\nand sturdy shell for\ntwo to five turns.", "language": {"name": "en", "url": "https://pokeapi.co/api/v2/language/9/"}, "version_group": {"name": "platinum", "url": "https://pokeapi.co/api/v2/version-group/9/"}}, {"flavor_text": "The foe is clamped\nand squeezed by\nthe user\u2019s very thick\nand sturdy shell for\ntwo to five turns.", "language": {"name": "en", "url": "https://pokeapi.co/api/v2/language/9/"}, "version_group": {"name": "heartgold-soulsilver", "url": "https://pokeapi.co/api/v2/version-group/10/"}}, {"flavor_text": "Le lanceur pi\u00e8ge l\u2019ennemi dans sa dure\ncoquille et l\u2019\u00e9crase pendant 4 \u00e0 5 tours.", "language": {"name": "fr", "url": "https://pokeapi.co/api/v2/language/5/"}, "version_group": {"name": "black-white", "url": "https://pokeapi.co/api/v2/version-group/11/"}}, {"flavor_text": "The target is clamped and squeezed by\nthe user\u2019s very thick and sturdy shell for\nfour to five turns.", "language": {"name": "en", "url": "https://pokeapi.co/api/v2/language/9/"}, "version_group": {"name": "black-white", "url": "https://pokeapi.co/api/v2/version-group/11/"}}, {"flavor_text": "The target is clamped and squeezed by\nthe user\u2019s very thick and sturdy shell for\nfour to five turns.", "language": {"name": "en", "url": "https://pokeapi.co/api/v2/language/9/"}, "version_group": {"name": "black-2-white-2", "url": "https://pokeapi.co/api/v2/version-group/14/"}}, {"flavor_text": "\u3068\u3066\u3082\u3000\u304c\u3093\u3058\u3087\u3046\u306a\u3000\u3076\u3042\u3064\u3044\u3000\u304b\u3089\u306b\n\uff14\u30fc\uff15\u30bf\u30fc\u30f3\u306e\u3000\u3042\u3044\u3060\n\u3042\u3044\u3066\u3092\u3000\u306f\u3055\u3093\u3067\u3000\u3053\u3046\u3052\u304d\u3059\u308b\u3002", "language": {"name": "ja-Hrkt", "url": "https://pokeapi.co/api/v2/language/1/"}, "version_group": {"name": "x-y", "url": "https://pokeapi.co/api/v2/version-group/15/"}}, {"flavor_text": "\ub9e4\uc6b0 \ud2bc\ud2bc\ud558\uace0 \ub450\uaebc\uc6b4 \uaecd\uc9c8\uc5d0\n4-5\ud134 \ub3d9\uc548\n\uc0c1\ub300\ub97c \ub07c\uc6cc\uc11c \uacf5\uaca9\ud55c\ub2e4.", "language": {"name": "ko", "url": "https://pokeapi.co/api/v2/language/3/"}, "version_group": {"name": "x-y", "url": "https://pokeapi.co/api/v2/version-group/15/"}}, {"flavor_text": "Le lanceur pi\u00e8ge l\u2019ennemi dans sa dure coquille et\nl\u2019\u00e9crase pendant quatre \u00e0 cinq tours.", "language": {"name": "fr", "url": "https://pokeapi.co/api/v2/language/5/"}, "version_group": {"name": "x-y", "url": "https://pokeapi.co/api/v2/version-group/15/"}}, {"flavor_text": "F\u00e4ngt und quetscht das Ziel \u00fcber vier bis f\u00fcnf\nRunden durch die harte Schale des Anwenders.", "language": {"name": "de", "url": "https://pokeapi.co/api/v2/language/6/"}, "version_group": {"name": "x-y", "url": "https://pokeapi.co/api/v2/version-group/15/"}}, {"flavor_text": "Atrapa y atenaza con fuerza durante cuatro o cinco\nturnos.", "language": {"name": "es", "url": "https://pokeapi.co/api/v2/language/7/"}, "version_group": {"name": "x-y", "url": "https://pokeapi.co/api/v2/version-group/15/"}}, {"flavor_text": "Chi la usa intrappola e stritola il bersaglio con\nla sua corazza spessa e forte per quattro\no cinque turni.", "language": {"name": "it", "url": "https://pokeapi.co/api/v2/language/8/"}, "version_group": {"name": "x-y", "url": "https://pokeapi.co/api/v2/version-group/15/"}}, {"flavor_text": "The target is clamped and squeezed by\nthe user\u2019s very thick and sturdy shell for\nfour to five turns.", "language": {"name": "en", "url": "https://pokeapi.co/api/v2/language/9/"}, "version_group": {"name": "x-y", "url": "https://pokeapi.co/api/v2/version-group/15/"}}, {"flavor_text": "\u3068\u3066\u3082\u3000\u9811\u4e08\u306a\u3000\u3076\u3042\u3064\u3044\u3000\u6bbb\u306b\n\uff14\u30fc\uff15\u30bf\u30fc\u30f3\u306e\u3000\u3042\u3044\u3060\n\u76f8\u624b\u3092\u3000\u306f\u3055\u3093\u3067\u3000\u653b\u6483\u3059\u308b\u3002", "language": {"name": "ja", "url": "https://pokeapi.co/api/v2/language/11/"}, "version_group": {"name": "x-y", "url": "https://pokeapi.co/api/v2/version-group/15/"}}, {"flavor_text": "\u3068\u3066\u3082\u3000\u304c\u3093\u3058\u3087\u3046\u306a\u3000\u3076\u3042\u3064\u3044\u3000\u304b\u3089\u306b\n\uff14\u30fc\uff15\u30bf\u30fc\u30f3\u306e\u3000\u3042\u3044\u3060\n\u3042\u3044\u3066\u3092\u3000\u306f\u3055\u3093\u3067\u3000\u3053\u3046\u3052\u304d\u3059\u308b\u3002", "language": {"name": "ja-Hrkt", "url": "https://pokeapi.co/api/v2/language/1/"}, "version_group": {"name": "omega-ruby-alpha-sapphire", "url": "https://pokeapi.co/api/v2/version-group/16/"}}, {"flavor_text": "\ub9e4\uc6b0 \ud2bc\ud2bc\ud558\uace0 \ub450\uaebc\uc6b4 \uaecd\uc9c8\uc5d0\n4-5\ud134 \ub3d9\uc548\n\uc0c1\ub300\ub97c \ub07c\uc6cc\uc11c \uacf5\uaca9\ud55c\ub2e4.", "language": {"name": "ko", "url": "https://pokeapi.co/api/v2/language/3/"}, "version_group": {"name": "omega-ruby-alpha-sapphire", "url": "https://pokeapi.co/api/v2/version-group/16/"}}, {"flavor_text": "Le lanceur pi\u00e8ge l\u2019ennemi dans sa dure coquille et\nl\u2019\u00e9crase pendant quatre \u00e0 cinq tours.", "language": {"name": "fr", "url": "https://pokeapi.co/api/v2/language/5/"}, "version_group": {"name": "omega-ruby-alpha-sapphire", "url": "https://pokeapi.co/api/v2/version-group/16/"}}, {"flavor_text": "F\u00e4ngt und quetscht das Ziel \u00fcber vier bis f\u00fcnf\nRunden durch die harte Schale des Anwenders.", "language": {"name": "de", "url": "https://pokeapi.co/api/v2/language/6/"}, "version_group": {"name": "omega-ruby-alpha-sapphire", "url": "https://pokeapi.co/api/v2/version-group/16/"}}, {"flavor_text": "Atrapa y atenaza con fuerza durante cuatro o cinco \nturnos.", "language": {"name": "es", "url": "https://pokeapi.co/api/v2/language/7/"}, "version_group": {"name": "omega-ruby-alpha-sapphire", "url": "https://pokeapi.co/api/v2/version-group/16/"}}, {"flavor_text": "Chi la usa intrappola e stritola il bersaglio con\nla sua corazza spessa e forte per quattro\no cinque turni.", "language": {"name": "it", "url": "https://pokeapi.co/api/v2/language/8/"}, "version_group": {"name": "omega-ruby-alpha-sapphire", "url": "https://pokeapi.co/api/v2/version-group/16/"}}, {"flavor_text": "The target is clamped and squeezed by\nthe user\u2019s very thick and sturdy shell for\nfour to five turns.", "language": {"name": "en", "url": "https://pokeapi.co/api/v2/language/9/"}, "version_group": {"name": "omega-ruby-alpha-sapphire", "url": "https://pokeapi.co/api/v2/version-group/16/"}}, {"flavor_text": "\u3068\u3066\u3082\u3000\u9811\u4e08\u306a\u3000\u3076\u3042\u3064\u3044\u3000\u6bbb\u306b\n\uff14\u30fc\uff15\u30bf\u30fc\u30f3\u306e\u3000\u3042\u3044\u3060\n\u76f8\u624b\u3092\u3000\u306f\u3055\u3093\u3067\u3000\u653b\u6483\u3059\u308b\u3002", "language": {"name": "ja", "url": "https://pokeapi.co/api/v2/language/11/"}, "version_group": {"name": "omega-ruby-alpha-sapphire", "url": "https://pokeapi.co/api/v2/version-group/16/"}}, {"flavor_text": "\u3068\u3066\u3082\u3000\u304c\u3093\u3058\u3087\u3046\u306a\u3000\u3076\u3042\u3064\u3044\u3000\u304b\u3089\u306b\n\uff14\u30fc\uff15\u30bf\u30fc\u30f3\u306e\u3000\u3042\u3044\u3060\n\u3042\u3044\u3066\u3092\u3000\u306f\u3055\u3093\u3067\u3000\u3053\u3046\u3052\u304d\u3059\u308b\u3002", "language": {"name": "ja-Hrkt", "url": "https://pokeapi.co/api/v2/language/1/"}, "version_group": {"name": "sun-moon", "url": "https://pokeapi.co/api/v2/version-group/17/"}}, {"flavor_text": "\ub9e4\uc6b0 \ud2bc\ud2bc\ud558\uace0 \ub450\uaebc\uc6b4 \uaecd\uc9c8\uc5d0\n4-5\ud134 \ub3d9\uc548\n\uc0c1\ub300\ub97c \ub07c\uc6cc\uc11c \uacf5\uaca9\ud55c\ub2e4.", "language": {"name": "ko", "url": "https://pokeapi.co/api/v2/language/3/"}, "version_group": {"name": "sun-moon", "url": "https://pokeapi.co/api/v2/version-group/17/"}}, {"flavor_text": "\u7528\u975e\u5e38\u5805\u56fa\u4e14\u539a\u5be6\u7684\u8c9d\u6bbc\uff0c\n\u5728\uff14\uff5e\uff15\u56de\u5408\u5167\n\u593e\u4f4f\u5c0d\u624b\u9032\u884c\u653b\u64ca\u3002", "language": {"name": "zh-Hant", "url": "https://pokeapi.co/api/v2/language/4/"}, "version_group": {"name": "sun-moon", "url": "https://pokeapi.co/api/v2/version-group/17/"}}, {"flavor_text": "Le lanceur pi\u00e8ge l\u2019ennemi dans sa dure coquille et\nl\u2019\u00e9crase pendant quatre \u00e0 cinq tours.", "language": {"name": "fr", "url": "https://pokeapi.co/api/v2/language/5/"}, "version_group": {"name": "sun-moon", "url": "https://pokeapi.co/api/v2/version-group/17/"}}, {"flavor_text": "F\u00e4ngt und quetscht das Ziel \u00fcber vier bis f\u00fcnf\nRunden durch die harte Schale des Anwenders.", "language": {"name": "de", "url": "https://pokeapi.co/api/v2/language/6/"}, "version_group": {"name": "sun-moon", "url": "https://pokeapi.co/api/v2/version-group/17/"}}, {"flavor_text": "Atrapa y atenaza con fuerza durante cuatro o cinco \nturnos.", "language": {"name": "es", "url": "https://pokeapi.co/api/v2/language/7/"}, "version_group": {"name": "sun-moon", "url": "https://pokeapi.co/api/v2/version-group/17/"}}, {"flavor_text": "Chi la usa intrappola e stritola il bersaglio con\nla sua corazza spessa e forte per quattro\no cinque turni.", "language": {"name": "it", "url": "https://pokeapi.co/api/v2/language/8/"}, "version_group": {"name": "sun-moon", "url": "https://pokeapi.co/api/v2/version-group/17/"}}, {"flavor_text": "The target is clamped and squeezed by the user\u2019s\nvery thick and sturdy shell for four to five turns.", "language": {"name": "en", "url": "https://pokeapi.co/api/v2/language/9/"}, "version_group": {"name": "sun-moon", "url": "https://pokeapi.co/api/v2/version-group/17/"}}, {"flavor_text": "\u3068\u3066\u3082\u3000\u9811\u4e08\u306a\u3000\u3076\u3042\u3064\u3044\u3000\u6bbb\u306b\n\uff14\u30fc\uff15\u30bf\u30fc\u30f3\u306e\u3000\u9593\n\u76f8\u624b\u3092\u3000\u306f\u3055\u3093\u3067\u3000\u653b\u6483\u3059\u308b\u3002", "language": {"name": "ja", "url": "https://pokeapi.co/api/v2/language/11/"}, "version_group": {"name": "sun-moon", "url": "https://pokeapi.co/api/v2/version-group/17/"}}, {"flavor_text": "\u7528\u975e\u5e38\u575a\u56fa\u4e14\u539a\u5b9e\u7684\u8d1d\u58f3\uff0c\n\u5728\uff14\uff5e\uff15\u56de\u5408\u5185\n\u5939\u4f4f\u5bf9\u624b\u8fdb\u884c\u653b\u51fb\u3002", "language": {"name": "zh-Hans", "url": "https://pokeapi.co/api/v2/language/12/"}, "version_group": {"name": "sun-moon", "url": "https://pokeapi.co/api/v2/version-group/17/"}}, {"flavor_text": "\u3068\u3066\u3082\u3000\u304c\u3093\u3058\u3087\u3046\u306a\u3000\u3076\u3042\u3064\u3044\u3000\u304b\u3089\u306b\n\uff14\u30fc\uff15\u30bf\u30fc\u30f3\u306e\u3000\u3042\u3044\u3060\n\u3042\u3044\u3066\u3092\u3000\u306f\u3055\u3093\u3067\u3000\u3053\u3046\u3052\u304d\u3059\u308b\u3002", "language": {"name": "ja-Hrkt", "url": "https://pokeapi.co/api/v2/language/1/"}, "version_group": {"name": "ultra-sun-ultra-moon", "url": "https://pokeapi.co/api/v2/version-group/18/"}}, {"flavor_text": "\ub9e4\uc6b0 \ud2bc\ud2bc\ud558\uace0 \ub450\uaebc\uc6b4 \uaecd\uc9c8\uc5d0\n4-5\ud134 \ub3d9\uc548\n\uc0c1\ub300\ub97c \ub07c\uc6cc\uc11c \uacf5\uaca9\ud55c\ub2e4.", "language": {"name": "ko", "url": "https://pokeapi.co/api/v2/language/3/"}, "version_group": {"name": "ultra-sun-ultra-moon", "url": "https://pokeapi.co/api/v2/version-group/18/"}}, {"flavor_text": "\u7528\u975e\u5e38\u5805\u56fa\u4e14\u539a\u5be6\u7684\u8c9d\u6bbc\uff0c\n\u5728\uff14\uff5e\uff15\u56de\u5408\u5167\n\u593e\u4f4f\u5c0d\u624b\u9032\u884c\u653b\u64ca\u3002", "language": {"name": "zh-Hant", "url": "https://pokeapi.co/api/v2/language/4/"}, "version_group": {"name": "ultra-sun-ultra-moon", "url": "https://pokeapi.co/api/v2/version-group/18/"}}, {"flavor_text": "Le lanceur pi\u00e8ge l\u2019ennemi dans sa dure coquille et\nl\u2019\u00e9crase pendant quatre \u00e0 cinq tours.", "language": {"name": "fr", "url": "https://pokeapi.co/api/v2/language/5/"}, "version_group": {"name": "ultra-sun-ultra-moon", "url": "https://pokeapi.co/api/v2/version-group/18/"}}, {"flavor_text": "F\u00e4ngt und quetscht das Ziel \u00fcber vier bis f\u00fcnf\nRunden durch die harte Schale des Anwenders.", "language": {"name": "de", "url": "https://pokeapi.co/api/v2/language/6/"}, "version_group": {"name": "ultra-sun-ultra-moon", "url": "https://pokeapi.co/api/v2/version-group/18/"}}, {"flavor_text": "Atrapa y atenaza con fuerza durante cuatro o cinco \nturnos.", "language": {"name": "es", "url": "https://pokeapi.co/api/v2/language/7/"}, "version_group": {"name": "ultra-sun-ultra-moon", "url": "https://pokeapi.co/api/v2/version-group/18/"}}, {"flavor_text": "Chi la usa intrappola e stritola il bersaglio con\nla sua corazza spessa e forte per quattro\no cinque turni.", "language": {"name": "it", "url": "https://pokeapi.co/api/v2/language/8/"}, "version_group": {"name": "ultra-sun-ultra-moon", "url": "https://pokeapi.co/api/v2/version-group/18/"}}, {"flavor_text": "The target is clamped and squeezed by the user\u2019s\nvery thick and sturdy shell for four to five turns.", "language": {"name": "en", "url": "https://pokeapi.co/api/v2/language/9/"}, "version_group": {"name": "ultra-sun-ultra-moon", "url": "https://pokeapi.co/api/v2/version-group/18/"}}, {"flavor_text": "\u3068\u3066\u3082\u3000\u9811\u4e08\u306a\u3000\u3076\u3042\u3064\u3044\u3000\u6bbb\u306b\n\uff14\u30fc\uff15\u30bf\u30fc\u30f3\u306e\u3000\u9593\n\u76f8\u624b\u3092\u3000\u306f\u3055\u3093\u3067\u3000\u653b\u6483\u3059\u308b\u3002", "language": {"name": "ja", "url": "https://pokeapi.co/api/v2/language/11/"}, "version_group": {"name": "ultra-sun-ultra-moon", "url": "https://pokeapi.co/api/v2/version-group/18/"}}, {"flavor_text": "\u7528\u975e\u5e38\u575a\u56fa\u4e14\u539a\u5b9e\u7684\u8d1d\u58f3\uff0c\n\u5728\uff14\uff5e\uff15\u56de\u5408\u5185\n\u5939\u4f4f\u5bf9\u624b\u8fdb\u884c\u653b\u51fb\u3002", "language": {"name": "zh-Hans", "url": "https://pokeapi.co/api/v2/language/12/"}, "version_group": {"name": "ultra-sun-ultra-moon", "url": "https://pokeapi.co/api/v2/version-group/18/"}}, {"flavor_text": "\u3068\u3066\u3082\u3000\u304c\u3093\u3058\u3087\u3046\u306a\u3000\u3076\u3042\u3064\u3044\u3000\u304b\u3089\u306b\n\uff14\u30fc\uff15\u30bf\u30fc\u30f3\u306e\u3000\u3042\u3044\u3060\n\u3042\u3044\u3066\u3092\u3000\u306f\u3055\u3093\u3067\u3000\u3053\u3046\u3052\u304d\u3059\u308b\u3002", "language": {"name": "ja-Hrkt", "url": "https://pokeapi.co/api/v2/language/1/"}, "version_group": {"name": "lets-go-pikachu-lets-go-eevee", "url": "https://pokeapi.co/api/v2/version-group/19/"}}, {"flavor_text": "\ub9e4\uc6b0 \ud2bc\ud2bc\ud558\uace0 \ub450\uaebc\uc6b4 \uaecd\uc9c8\uc5d0\n4-5\ud134 \ub3d9\uc548\n\uc0c1\ub300\ub97c \ub07c\uc6cc\uc11c \uacf5\uaca9\ud55c\ub2e4.", "language": {"name": "ko", "url": "https://pokeapi.co/api/v2/language/3/"}, "version_group": {"name": "lets-go-pikachu-lets-go-eevee", "url": "https://pokeapi.co/api/v2/version-group/19/"}}, {"flavor_text": "\u7528\u975e\u5e38\u5805\u56fa\u4e14\u539a\u5be6\u7684\u8c9d\u6bbc\uff0c\n\u5728\uff14\uff5e\uff15\u56de\u5408\u5167\n\u593e\u4f4f\u5c0d\u624b\u9032\u884c\u653b\u64ca\u3002", "language": {"name": "zh-Hant", "url": "https://pokeapi.co/api/v2/language/4/"}, "version_group": {"name": "lets-go-pikachu-lets-go-eevee", "url": "https://pokeapi.co/api/v2/version-group/19/"}}, {"flavor_text": "Le lanceur pi\u00e8ge l\u2019ennemi dans sa dure coquille\net l\u2019\u00e9crase pendant quatre \u00e0 cinq tours.", "language": {"name": "fr", "url": "https://pokeapi.co/api/v2/language/5/"}, "version_group": {"name": "lets-go-pikachu-lets-go-eevee", "url": "https://pokeapi.co/api/v2/version-group/19/"}}, {"flavor_text": "F\u00e4ngt und quetscht das Ziel \u00fcber vier bis f\u00fcnf\nRunden durch die harte Schale des Anwenders.", "language": {"name": "de", "url": "https://pokeapi.co/api/v2/language/6/"}, "version_group": {"name": "lets-go-pikachu-lets-go-eevee", "url": "https://pokeapi.co/api/v2/version-group/19/"}}, {"flavor_text": "Atrapa y atenaza con fuerza durante cuatro o cinco \nturnos.", "language": {"name": "es", "url": "https://pokeapi.co/api/v2/language/7/"}, "version_group": {"name": "lets-go-pikachu-lets-go-eevee", "url": "https://pokeapi.co/api/v2/version-group/19/"}}, {"flavor_text": "Chi la usa intrappola e stritola il bersaglio con\nla sua corazza spessa e forte per quattro\no cinque turni.", "language": {"name": "it", "url": "https://pokeapi.co/api/v2/language/8/"}, "version_group": {"name": "lets-go-pikachu-lets-go-eevee", "url": "https://pokeapi.co/api/v2/version-group/19/"}}, {"flavor_text": "The target is clamped and squeezed by the user\u2019s\nvery thick and sturdy shell for four to five turns.", "language": {"name": "en", "url": "https://pokeapi.co/api/v2/language/9/"}, "version_group": {"name": "lets-go-pikachu-lets-go-eevee", "url": "https://pokeapi.co/api/v2/version-group/19/"}}, {"flavor_text": "\u3068\u3066\u3082\u3000\u9811\u4e08\u306a\u3000\u3076\u3042\u3064\u3044\u3000\u6bbb\u306b\n\uff14\u30fc\uff15\u30bf\u30fc\u30f3\u306e\u3000\u9593\n\u76f8\u624b\u3092\u3000\u306f\u3055\u3093\u3067\u3000\u653b\u6483\u3059\u308b\u3002", "language": {"name": "ja", "url": "https://pokeapi.co/api/v2/language/11/"}, "version_group": {"name": "lets-go-pikachu-lets-go-eevee", "url": "https://pokeapi.co/api/v2/version-group/19/"}}, {"flavor_text": "\u7528\u975e\u5e38\u575a\u56fa\u4e14\u539a\u5b9e\u7684\u8d1d\u58f3\uff0c\n\u5728\uff14\uff5e\uff15\u56de\u5408\u5185\n\u5939\u4f4f\u5bf9\u624b\u8fdb\u884c\u653b\u51fb\u3002", "language": {"name": "zh-Hans", "url": "https://pokeapi.co/api/v2/language/12/"}, "version_group": {"name": "lets-go-pikachu-lets-go-eevee", "url": "https://pokeapi.co/api/v2/version-group/19/"}}, {"flavor_text": "\u3053\u306e\u308f\u3056\u306f\u3000\u3064\u304b\u3048\u307e\u305b\u3093\n\u304a\u3082\u3044\u3060\u3059\u3053\u3068\u304c\u3000\u3067\u304d\u306a\u304f\u306a\u308a\u307e\u3059\u304c\n\u308f\u3056\u3092\u3000\u308f\u3059\u308c\u308b\u3053\u3068\u3092\u3000\u304a\u3059\u3059\u3081\u3057\u307e\u3059", "language": {"name": "ja-Hrkt", "url": "https://pokeapi.co/api/v2/language/1/"}, "version_group": {"name": "sword-shield", "url": "https://pokeapi.co/api/v2/version-group/20/"}}, {"flavor_text": "\uc0ac\uc6a9\ud560 \uc218 \uc5c6\ub294 \uae30\uc220\uc785\ub2c8\ub2e4.\n\ub2e4\uc2dc \ubc30\uc6b0\uac8c \ud560 \uc218 \uc5c6\uc9c0\ub9cc\n\uae30\uc220\uc744 \uc78a\uac8c \ud558\ub294 \uac83\uc744 \uad8c\uc7a5\ud569\ub2c8\ub2e4.", "language": {"name": "ko", "url": "https://pokeapi.co/api/v2/language/3/"}, "version_group": {"name": "sword-shield", "url": "https://pokeapi.co/api/v2/version-group/20/"}}, {"flavor_text": "\u7121\u6cd5\u4f7f\u7528\u6b64\u62db\u5f0f\u3002\n\u96d6\u7136\u5fd8\u8a18\u5f8c\u5c07\u7121\u6cd5\u518d\u60f3\u8d77\u4f86\uff0c\n\u4f46\u9084\u662f\u5efa\u8b70\u5fd8\u8a18\u6b64\u62db\u5f0f\u3002", "language": {"name": "zh-Hant", "url": "https://pokeapi.co/api/v2/language/4/"}, "version_group": {"name": "sword-shield", "url": "https://pokeapi.co/api/v2/version-group/20/"}}, {"flavor_text": "Cette capacit\u00e9 ne peut pas \u00eatre utilis\u00e9e.\nIl est recommand\u00e9 de l\u2019oublier, m\u00eame s\u2019il sera\nimpossible de se la rem\u00e9morer une fois oubli\u00e9e.", "language": {"name": "fr", "url": "https://pokeapi.co/api/v2/language/5/"}, "version_group": {"name": "sword-shield", "url": "https://pokeapi.co/api/v2/version-group/20/"}}, {"flavor_text": "Diese Attacke kann nicht eingesetzt werden. Du solltest\ndein Pok\u00e9mon sie vergessen lassen. Beachte aber,\ndass es sich danach nicht wieder an sie erinnern kann.", "language": {"name": "de", "url": "https://pokeapi.co/api/v2/language/6/"}, "version_group": {"name": "sword-shield", "url": "https://pokeapi.co/api/v2/version-group/20/"}}, {"flavor_text": "Este movimiento no se puede usar, por lo que ser\u00eda\nmejor olvidarlo, aunque eso implique que no se pueda\nrecordar posteriormente.", "language": {"name": "es", "url": "https://pokeapi.co/api/v2/language/7/"}, "version_group": {"name": "sword-shield", "url": "https://pokeapi.co/api/v2/version-group/20/"}}, {"flavor_text": "Questa mossa non pu\u00f2 essere usata.\n\u00c8 consigliabile farla dimenticare al Pok\u00e9mon. Tuttavia,\nuna volta dimenticata, non potr\u00e0 pi\u00f9 essere ricordata.", "language": {"name": "it", "url": "https://pokeapi.co/api/v2/language/8/"}, "version_group": {"name": "sword-shield", "url": "https://pokeapi.co/api/v2/version-group/20/"}}, {"flavor_text": "This move can\u2019t be used.\nIt\u2019s recommended that this move is forgotten.\nOnce forgotten, this move can\u2019t be remembered.", "language": {"name": "en", "url": "https://pokeapi.co/api/v2/language/9/"}, "version_group": {"name": "sword-shield", "url": "https://pokeapi.co/api/v2/version-group/20/"}}, {"flavor_text": "\u3053\u306e\u6280\u306f\u3000\u4f7f\u3048\u307e\u305b\u3093\n\u601d\u3044\u51fa\u3059\u3053\u3068\u304c\u3000\u3067\u304d\u306a\u304f\u306a\u308a\u307e\u3059\u304c\n\u6280\u3092\u3000\u5fd8\u308c\u308b\u3053\u3068\u3092\u3000\u304a\u3059\u3059\u3081\u3057\u307e\u3059", "language": {"name": "ja", "url": "https://pokeapi.co/api/v2/language/11/"}, "version_group": {"name": "sword-shield", "url": "https://pokeapi.co/api/v2/version-group/20/"}}, {"flavor_text": "\u65e0\u6cd5\u4f7f\u7528\u8fd9\u4e2a\u62db\u5f0f\u3002\n\u867d\u7136\u5fd8\u8bb0\u4e4b\u540e\u5c31\u518d\u4e5f\u60f3\u4e0d\u8d77\u6765\u4e86\uff0c\n\u4f46\u8fd8\u662f\u5efa\u8bae\u5fd8\u8bb0\u8fd9\u4e2a\u62db\u5f0f\u3002", "language": {"name": "zh-Hans", "url": "https://pokeapi.co/api/v2/language/12/"}, "version_group": {"name": "sword-shield", "url": "https://pokeapi.co/api/v2/version-group/20/"}}], "generation": {"name": "generation-i", "url": "https://pokeapi.co/api/v2/generation/1/"}, "id": 128, "learned_by_pokemon": [{"name": "shellder", "url": "https://pokeapi.co/api/v2/pokemon/90/"}, {"name": "cloyster", "url": "https://pokeapi.co/api/v2/pokemon/91/"}, {"name": "clamperl", "url": "https://pokeapi.co/api/v2/pokemon/366/"}, {"name": "binacle", "url": "https://pokeapi.co/api/v2/pokemon/688/"}, {"name": "barbaracle", "url": "https://pokeapi.co/api/v2/pokemon/689/"}], "machines": [], "meta": {"ailment": {"name": "trap", "url": "https://pokeapi.co/api/v2/move-ailment/8/"}, "ailment_chance": 100, "category": {"name": "damage+ailment", "url": "https://pokeapi.co/api/v2/move-category/4/"}, "crit_rate": 0, "drain": 0, "flinch_chance": 0, "healing": 0, "max_hits": null, "max_turns": 6, "min_hits": null, "min_turns": 5, "stat_chance": 0}, "name": "clamp", "names": [{"language": {"name": "ja-Hrkt", "url": "https://pokeapi.co/api/v2/language/1/"}, "name": "\u304b\u3089\u3067\u306f\u3055\u3080"}, {"language": {"name": "ko", "url": "https://pokeapi.co/api/v2/language/3/"}, "name": "\uaecd\uc9c8\ub07c\uc6b0\uae30"}, {"language": {"name": "zh-Hant", "url": "https://pokeapi.co/api/v2/language/4/"}, "name": "\u8c9d\u6bbc\u593e\u64ca"}, {"language": {"name": "fr", "url": "https://pokeapi.co/api/v2/language/5/"}, "name": "Claquoir"}, {"language": {"name": "de", "url": "https://pokeapi.co/api/v2/language/6/"}, "name": "Schnapper"}, {"language": {"name": "es", "url": "https://pokeapi.co/api/v2/language/7/"}, "name": "Tenaza"}, {"language": {"name": "it", "url": "https://pokeapi.co/api/v2/language/8/"}, "name": "Tenaglia"}, {"language": {"name": "en", "url": "https://pokeapi.co/api/v2/language/9/"}, "name": "Clamp"}, {"language": {"name": "ja", "url": "https://pokeapi.co/api/v2/language/11/"}, "name": "\u304b\u3089\u3067\u306f\u3055\u3080"}, {"language": {"name": "zh-Hans", "url": "https://pokeapi.co/api/v2/language/12/"}, "name": "\u8d1d\u58f3\u5939\u51fb"}], "past_values": [{"accuracy": 75, "effect_chance": null, "effect_entries": [], "power": null, "pp": 10, "type": null, "version_group": {"name": "black-white", "url": "https://pokeapi.co/api/v2/version-group/11/"}}], "power": 35, "pp": 15, "priority": 0, "stat_changes": [], "super_contest_effect": {"url": "https://pokeapi.co/api/v2/super-contest-effect/5/"}, "target": {"name": "selected-pokemon", "url": "https://pokeapi.co/api/v2/move-target/10/"}, "type": {"name": "water", "url": "https://pokeapi.co/api/v2/type/11/"}}