{"accuracy": null, "contest_combos": null, "contest_effect": null, "contest_type": null, "damage_class": {"name": "status", "url": "https://pokeapi.co/api/v2/move-damage-class/1/"}, "effect_chance": null, "effect_changes": [], "effect_entries": [{"effect": "Raises the user's Attack, Defense, and accuracy by one stage each.", "language": {"name": "en", "url": "https://pokeapi.co/api/v2/language/9/"}, "short_effect": "Raises the user's Attack, Defense, and accuracy by one stage each."}], "flavor_text_entries": [{"flavor_text": "Le lanceur s\u2019enroule sur lui-m\u00eame et se\nconcentre. Son Attaque, sa D\u00e9fense et\nsa Pr\u00e9cision augmentent.", "language": {"name": "fr", "url": "https://pokeapi.co/api/v2/language/5/"}, "version_group": {"name": "black-white", "url": "https://pokeapi.co/api/v2/version-group/11/"}}, {"flavor_text": "The user coils up and concentrates.\nThis raises its Attack and Defense stats\nas well as its accuracy.", "language": {"name": "en", "url": "https://pokeapi.co/api/v2/language/9/"}, "version_group": {"name": "black-white", "url": "https://pokeapi.co/api/v2/version-group/11/"}}, {"flavor_text": "The user coils up and concentrates.\nThis raises its Attack and Defense stats\nas well as its accuracy.", "language": {"name": "en", "url": "https://pokeapi.co/api/v2/language/9/"}, "version_group": {"name": "black-2-white-2", "url": "https://pokeapi.co/api/v2/version-group/14/"}}, {"flavor_text": "\u3068\u3050\u308d\u3092\u3000\u307e\u3044\u3066\u3000\u3057\u3085\u3046\u3061\u3085\u3046\u3000\u3059\u308b\u3002\n\u3058\u3076\u3093\u306e\u3000\u3053\u3046\u3052\u304d\u3068\u3000\u307c\u3046\u304e\u3087\u3068\n\u3081\u3044\u3061\u3085\u3046\u308a\u3064\u3092\u3000\u3042\u3052\u308b\u3002", "language": {"name": "ja-Hrkt", "url": "https://pokeapi.co/api/v2/language/1/"}, "version_group": {"name": "x-y", "url": "https://pokeapi.co/api/v2/version-group/15/"}}, {"flavor_text": "\ub62c\ub9ac\ub97c \ud2c0\uc5b4\uc11c \uc9d1\uc911\ud55c\ub2e4.\n\uc790\uc2e0\uc758 \uacf5\uaca9\uacfc \ubc29\uc5b4\uc640\n\uba85\uc911\ub960\uc744 \uc62c\ub9b0\ub2e4.", "language": {"name": "ko", "url": "https://pokeapi.co/api/v2/language/3/"}, "version_group": {"name": "x-y", "url": "https://pokeapi.co/api/v2/version-group/15/"}}, {"flavor_text": "Le lanceur s\u2019enroule sur lui-m\u00eame et se concentre.\nSon Attaque, sa D\u00e9fense et sa Pr\u00e9cision\naugmentent.", "language": {"name": "fr", "url": "https://pokeapi.co/api/v2/language/5/"}, "version_group": {"name": "x-y", "url": "https://pokeapi.co/api/v2/version-group/15/"}}, {"flavor_text": "Anwender rollt sich zusammen und sammelt sich.\nDabei werden Angriff, Verteidigung und\nGenauigkeit erh\u00f6ht.", "language": {"name": "de", "url": "https://pokeapi.co/api/v2/language/6/"}, "version_group": {"name": "x-y", "url": "https://pokeapi.co/api/v2/version-group/15/"}}, {"flavor_text": "El usuario se concentra, lo que le permite\naumentar su Ataque, Defensa y Precisi\u00f3n.", "language": {"name": "es", "url": "https://pokeapi.co/api/v2/language/7/"}, "version_group": {"name": "x-y", "url": "https://pokeapi.co/api/v2/version-group/15/"}}, {"flavor_text": "Chi la usa si concentra aumentando Attacco,\nDifesa e precisione.", "language": {"name": "it", "url": "https://pokeapi.co/api/v2/language/8/"}, "version_group": {"name": "x-y", "url": "https://pokeapi.co/api/v2/version-group/15/"}}, {"flavor_text": "The user coils up and concentrates.\nThis raises its Attack and Defense stats\nas well as its accuracy.", "language": {"name": "en", "url": "https://pokeapi.co/api/v2/language/9/"}, "version_group": {"name": "x-y", "url": "https://pokeapi.co/api/v2/version-group/15/"}}, {"flavor_text": "\u3068\u3050\u308d\u3092\u3000\u307e\u3044\u3066\u3000\u96c6\u4e2d\u3059\u308b\u3002\n\u81ea\u5206\u306e\u3000\u653b\u6483\u3068\u3000\u9632\u5fa1\u3068\n\u547d\u4e2d\u7387\u3092\u3000\u3042\u3052\u308b\u3002", "language": {"name": "ja", "url": "https://pokeapi.co/api/v2/language/11/"}, "version_group": {"name": "x-y", "url": "https://pokeapi.co/api/v2/version-group/15/"}}, {"flavor_text": "\u3068\u3050\u308d\u3092\u3000\u307e\u3044\u3066\u3000\u3057\u3085\u3046\u3061\u3085\u3046\u3000\u3059\u308b\u3002\n\u3058\u3076\u3093\u306e\u3000\u3053\u3046\u3052\u304d\u3068\u3000\u307c\u3046\u304e\u3087\u3068\n\u3081\u3044\u3061\u3085\u3046\u308a\u3064\u3092\u3000\u3042\u3052\u308b\u3002", "language": {"name": "ja-Hrkt", "url": "https://pokeapi.co/api/v2/language/1/"}, "version_group": {"name": "omega-ruby-alpha-sapphire", "url": "https://pokeapi.co/api/v2/version-group/16/"}}, {"flavor_text": "\ub62c\ub9ac\ub97c \ud2c0\uc5b4\uc11c \uc9d1\uc911\ud55c\ub2e4.\n\uc790\uc2e0\uc758 \uacf5\uaca9\uacfc \ubc29\uc5b4\uc640\n\uba85\uc911\ub960\uc744 \uc62c\ub9b0\ub2e4.", "language": {"name": "ko", "url": "https://pokeapi.co/api/v2/language/3/"}, "version_group": {"name": "omega-ruby-alpha-sapphire", "url": "https://pokeapi.co/api/v2/version-group/16/"}}, {"flavor_text": "Le lanceur s\u2019enroule sur lui-m\u00eame et se concentre.\nSon Attaque, sa D\u00e9fense et sa Pr\u00e9cision\naugmentent.", "language": {"name": "fr", "url": "https://pokeapi.co/api/v2/language/5/"}, "version_group": {"name": "omega-ruby-alpha-sapphire", "url": "https://pokeapi.co/api/v2/version-group/16/"}}, {"flavor_text": "Anwender rollt sich zusammen und sammelt sich.\nDabei werden Angriff, Verteidigung und\nGenauigkeit erh\u00f6ht.", "language": {"name": "de", "url": "https://pokeapi.co/api/v2/language/6/"}, "version_group": {"name": "omega-ruby-alpha-sapphire", "url": "https://pokeapi.co/api/v2/version-group/16/"}}, {"flavor_text": "El usuario se concentra, lo que le permite aumentar \nsu Ataque, Defensa y Precisi\u00f3n.", "language": {"name": "es", "url": "https://pokeapi.co/api/v2/language/7/"}, "version_group": {"name": "omega-ruby-alpha-sapphire", "url": "https://pokeapi.co/api/v2/version-group/16/"}}, {"flavor_text": "Chi la usa si concentra aumentando Attacco,\nDifesa e precisione.", "language": {"name": "it", "url": "https://pokeapi.co/api/v2/language/8/"}, "version_group": {"name": "omega-ruby-alpha-sapphire", "url": "https://pokeapi.co/api/v2/version-group/16/"}}, {"flavor_text": "The user coils up and concentrates.\nThis raises its Attack and Defense stats\nas well as its accuracy.", "language": {"name": "en", "url": "https://pokeapi.co/api/v2/language/9/"}, "version_group": {"name": "omega-ruby-alpha-sapphire", "url": "https://pokeapi.co/api/v2/version-group/16/"}}, {"flavor_text": "\u3068\u3050\u308d\u3092\u3000\u307e\u3044\u3066\u3000\u96c6\u4e2d\u3059\u308b\u3002\n\u81ea\u5206\u306e\u3000\u653b\u6483\u3068\u3000\u9632\u5fa1\u3068\n\u547d\u4e2d\u7387\u3092\u3000\u3042\u3052\u308b\u3002", "language": {"name": "ja", "url": "https://pokeapi.co/api/v2/language/11/"}, "version_group": {"name": "omega-ruby-alpha-sapphire", "url": "https://pokeapi.co/api/v2/version-group/16/"}}, {"flavor_text": "\u3068\u3050\u308d\u3092\u3000\u307e\u3044\u3066\u3000\u3057\u3085\u3046\u3061\u3085\u3046\u3000\u3059\u308b\u3002\n\u3058\u3076\u3093\u306e\u3000\u3053\u3046\u3052\u304d\u3068\u3000\u307c\u3046\u304e\u3087\u3068\n\u3081\u3044\u3061\u3085\u3046\u308a\u3064\u3092\u3000\u3042\u3052\u308b\u3002", "language": {"name": "ja-Hrkt", "url": "https://pokeapi.co/api/v2/language/1/"}, "version_group": {"name": "sun-moon", "url": "https://pokeapi.co/api/v2/version-group/17/"}}, {"flavor_text": "\ub62c\ub9ac\ub97c \ud2c0\uc5b4\uc11c \uc9d1\uc911\ud55c\ub2e4.\n\uc790\uc2e0\uc758 \uacf5\uaca9\uacfc \ubc29\uc5b4\uc640\n\uba85\uc911\ub960\uc744 \uc62c\ub9b0\ub2e4.", "language": {"name": "ko", "url": "https://pokeapi.co/api/v2/language/3/"}, "version_group": {"name": "sun-moon", "url": "https://pokeapi.co/api/v2/version-group/17/"}}, {"flavor_text": "\u76e4\u8737\u8eab\u9ad4\u96c6\u4e2d\u7cbe\u795e\u3002\n\u53ef\u63d0\u9ad8\u81ea\u5df1\u7684\u653b\u64ca\u3001\u9632\u79a6\u548c\u547d\u4e2d\u7387\u3002", "language": {"name": "zh-Hant", "url": "https://pokeapi.co/api/v2/language/4/"}, "version_group": {"name": "sun-moon", "url": "https://pokeapi.co/api/v2/version-group/17/"}}, {"flavor_text": "Le lanceur s\u2019enroule sur lui-m\u00eame et se concentre.\nSon Attaque, sa D\u00e9fense et sa Pr\u00e9cision augmentent.", "language": {"name": "fr", "url": "https://pokeapi.co/api/v2/language/5/"}, "version_group": {"name": "sun-moon", "url": "https://pokeapi.co/api/v2/version-group/17/"}}, {"flavor_text": "Anwender rollt sich zusammen und sammelt sich.\nDabei werden Angriff, Verteidigung und Genauigkeit\nerh\u00f6ht.", "language": {"name": "de", "url": "https://pokeapi.co/api/v2/language/6/"}, "version_group": {"name": "sun-moon", "url": "https://pokeapi.co/api/v2/version-group/17/"}}, {"flavor_text": "El usuario se concentra, lo que le permite aumentar \nsu Ataque, Defensa y Precisi\u00f3n.", "language": {"name": "es", "url": "https://pokeapi.co/api/v2/language/7/"}, "version_group": {"name": "sun-moon", "url": "https://pokeapi.co/api/v2/version-group/17/"}}, {"flavor_text": "Chi la usa si concentra aumentando Attacco,\nDifesa e precisione.", "language": {"name": "it", "url": "https://pokeapi.co/api/v2/language/8/"}, "version_group": {"name": "sun-moon", "url": "https://pokeapi.co/api/v2/version-group/17/"}}, {"flavor_text": "The user coils up and concentrates. This raises its\nAttack and Defense stats as well as its accuracy.", "language": {"name": "en", "url": "https://pokeapi.co/api/v2/language/9/"}, "version_group": {"name": "sun-moon", "url": "https://pokeapi.co/api/v2/version-group/17/"}}, {"flavor_text": "\u3068\u3050\u308d\u3092\u3000\u307e\u3044\u3066\u3000\u96c6\u4e2d\u3059\u308b\u3002\n\u81ea\u5206\u306e\u3000\u653b\u6483\u3068\u3000\u9632\u5fa1\u3068\n\u547d\u4e2d\u7387\u3092\u3000\u3042\u3052\u308b\u3002", "language": {"name": "ja", "url": "https://pokeapi.co/api/v2/language/11/"}, "version_group": {"name": "sun-moon", "url": "https://pokeapi.co/api/v2/version-group/17/"}}, {"flavor_text": "\u76d8\u8737\u7740\u96c6\u4e2d\u7cbe\u795e\u3002\n\u63d0\u9ad8\u81ea\u5df1\u7684\u653b\u51fb\u3001\u9632\u5fa1\u548c\u547d\u4e2d\u7387\u3002", "language": {"name": "zh-Hans", "url": "https://pokeapi.co/api/v2/language/12/"}, "version_group": {"name": "sun-moon", "url": "https://pokeapi.co/api/v2/version-group/17/"}}, {"flavor_text": "\u3068\u3050\u308d\u3092\u3000\u307e\u3044\u3066\u3000\u3057\u3085\u3046\u3061\u3085\u3046\u3000\u3059\u308b\u3002\n\u3058\u3076\u3093\u306e\u3000\u3053\u3046\u3052\u304d\u3068\u3000\u307c\u3046\u304e\u3087\u3068\n\u3081\u3044\u3061\u3085\u3046\u308a\u3064\u3092\u3000\u3042\u3052\u308b\u3002", "language": {"name": "ja-Hrkt", "url": "https://pokeapi.co/api/v2/language/1/"}, "version_group": {"name": "ultra-sun-ultra-moon", "url": "https://pokeapi.co/api/v2/version-group/18/"}}, {"flavor_text": "\ub62c\ub9ac\ub97c \ud2c0\uc5b4\uc11c \uc9d1\uc911\ud55c\ub2e4.\n\uc790\uc2e0\uc758 \uacf5\uaca9\uacfc \ubc29\uc5b4\uc640\n\uba85\uc911\ub960\uc744 \uc62c\ub9b0\ub2e4.", "language": {"name": "ko", "url": "https://pokeapi.co/api/v2/language/3/"}, "version_group": {"name": "ultra-sun-ultra-moon", "url": "https://pokeapi.co/api/v2/version-group/18/"}}, {"flavor_text": "\u76e4\u8737\u8eab\u9ad4\u96c6\u4e2d\u7cbe\u795e\u3002\n\u53ef\u63d0\u9ad8\u81ea\u5df1\u7684\u653b\u64ca\u3001\u9632\u79a6\u548c\u547d\u4e2d\u7387\u3002", "language": {"name": "zh-Hant", "url": "https://pokeapi.co/api/v2/language/4/"}, "version_group": {"name": "ultra-sun-ultra-moon", "url": "https://pokeapi.co/api/v2/version-group/18/"}}, {"flavor_text": "Le lanceur s\u2019enroule sur lui-m\u00eame et se concentre.\nSon Attaque, sa D\u00e9fense et sa Pr\u00e9cision augmentent.", "language": {"name": "fr", "url": "https://pokeapi.co/api/v2/language/5/"}, "version_group": {"name": "ultra-sun-ultra-moon", "url": "https://pokeapi.co/api/v2/version-group/18/"}}, {"flavor_text": "Anwender rollt sich zusammen und sammelt sich.\nDabei werden Angriff, Verteidigung und Genauigkeit\nerh\u00f6ht.", "language": {"name": "de", "url": "https://pokeapi.co/api/v2/language/6/"}, "version_group": {"name": "ultra-sun-ultra-moon", "url": "https://pokeapi.co/api/v2/version-group/18/"}}, {"flavor_text": "El usuario se concentra, lo que le permite aumentar \nsu Ataque, Defensa y Precisi\u00f3n.", "language": {"name": "es", "url": "https://pokeapi.co/api/v2/language/7/"}, "version_group": {"name": "ultra-sun-ultra-moon", "url": "https://pokeapi.co/api/v2/version-group/18/"}}, {"flavor_text": "Chi la usa si concentra aumentando Attacco,\nDifesa e precisione.", "language": {"name": "it", "url": "https://pokeapi.co/api/v2/language/8/"}, "version_group": {"name": "ultra-sun-ultra-moon", "url": "https://pokeapi.co/api/v2/version-group/18/"}}, {"flavor_text": "The user coils up and concentrates. This raises its\nAttack and Defense stats as well as its accuracy.", "language": {"name": "en", "url": "https://pokeapi.co/api/v2/language/9/"}, "version_group": {"name": "ultra-sun-ultra-moon", "url": "https://pokeapi.co/api/v2/version-group/18/"}}, {"flavor_text": "\u3068\u3050\u308d\u3092\u3000\u307e\u3044\u3066\u3000\u96c6\u4e2d\u3059\u308b\u3002\n\u81ea\u5206\u306e\u3000\u653b\u6483\u3068\u3000\u9632\u5fa1\u3068\n\u547d\u4e2d\u7387\u3092\u3000\u3042\u3052\u308b\u3002", "language": {"name": "ja", "url": "https://pokeapi.co/api/v2/language/11/"}, "version_group": {"name": "ultra-sun-ultra-moon", "url": "https://pokeapi.co/api/v2/version-group/18/"}}, {"flavor_text": "\u76d8\u8737\u7740\u96c6\u4e2d\u7cbe\u795e\u3002\n\u63d0\u9ad8\u81ea\u5df1\u7684\u653b\u51fb\u3001\u9632\u5fa1\u548c\u547d\u4e2d\u7387\u3002", "language": {"name": "zh-Hans", "url": "https://pokeapi.co/api/v2/language/12/"}, "version_group": {"name": "ultra-sun-ultra-moon", "url": "https://pokeapi.co/api/v2/version-group/18/"}}, {"flavor_text": "\u3068\u3050\u308d\u3092\u3000\u307e\u3044\u3066\u3000\u3057\u3085\u3046\u3061\u3085\u3046\u3000\u3059\u308b\u3002\n\u3058\u3076\u3093\u306e\u3000\u3053\u3046\u3052\u304d\u3068\u3000\u307c\u3046\u304e\u3087\u3068\n\u3081\u3044\u3061\u3085\u3046\u308a\u3064\u3092\u3000\u3042\u3052\u308b\u3002", "language": {"name": "ja-Hrkt", "url": "https://pokeapi.co/api/v2/language/1/"}, "version_group": {"name": "lets-go-pikachu-lets-go-eevee", "url": "https://pokeapi.co/api/v2/version-group/19/"}}, {"flavor_text": "\ub62c\ub9ac\ub97c \ud2c0\uc5b4\uc11c \uc9d1\uc911\ud55c\ub2e4.\n\uc790\uc2e0\uc758 \uacf5\uaca9\uacfc \ubc29\uc5b4\uc640\n\uba85\uc911\ub960\uc744 \uc62c\ub9b0\ub2e4.", "language": {"name": "ko", "url": "https://pokeapi.co/api/v2/language/3/"}, "version_group": {"name": "lets-go-pikachu-lets-go-eevee", "url": "https://pokeapi.co/api/v2/version-group/19/"}}, {"flavor_text": "\u76e4\u8737\u8eab\u9ad4\u96c6\u4e2d\u7cbe\u795e\u3002\n\u53ef\u63d0\u9ad8\u81ea\u5df1\u7684\u653b\u64ca\u3001\u9632\u79a6\u548c\u547d\u4e2d\u7387\u3002", "language": {"name": "zh-Hant", "url": "https://pokeapi.co/api/v2/language/4/"}, "version_group": {"name": "lets-go-pikachu-lets-go-eevee", "url": "https://pokeapi.co/api/v2/version-group/19/"}}, {"flavor_text": "Le lanceur s\u2019enroule sur lui-m\u00eame et se concentre.\nSon Attaque, sa D\u00e9fense et sa Pr\u00e9cision augmentent.", "language": {"name": "fr", "url": "https://pokeapi.co/api/v2/language/5/"}, "version_group": {"name": "lets-go-pikachu-lets-go-eevee", "url": "https://pokeapi.co/api/v2/version-group/19/"}}, {"flavor_text": "Anwender rollt sich zusammen und sammelt sich.\nDabei werden Angriff, Verteidigung und Genauigkeit\nerh\u00f6ht.", "language": {"name": "de", "url": "https://pokeapi.co/api/v2/language/6/"}, "version_group": {"name": "lets-go-pikachu-lets-go-eevee", "url": "https://pokeapi.co/api/v2/version-group/19/"}}, {"flavor_text": "El usuario se concentra, lo que le permite aumentar \nsu Ataque, Defensa y Precisi\u00f3n.", "language": {"name": "es", "url": "https://pokeapi.co/api/v2/language/7/"}, "version_group": {"name": "lets-go-pikachu-lets-go-eevee", "url": "https://pokeapi.co/api/v2/version-group/19/"}}, {"flavor_text": "Chi la usa si concentra aumentando Attacco,\nDifesa e precisione.", "language": {"name": "it", "url": "https://pokeapi.co/api/v2/language/8/"}, "version_group": {"name": "lets-go-pikachu-lets-go-eevee", "url": "https://pokeapi.co/api/v2/version-group/19/"}}, {"flavor_text": "The user coils up and concentrates. This raises its\nAttack and Defense stats as well as its accuracy.", "language": {"name": "en", "url": "https://pokeapi.co/api/v2/language/9/"}, "version_group": {"name": "lets-go-pikachu-lets-go-eevee", "url": "https://pokeapi.co/api/v2/version-group/19/"}}, {"flavor_text": "\u3068\u3050\u308d\u3092\u3000\u307e\u3044\u3066\u3000\u96c6\u4e2d\u3059\u308b\u3002\n\u81ea\u5206\u306e\u3000\u653b\u6483\u3068\u3000\u9632\u5fa1\u3068\n\u547d\u4e2d\u7387\u3092\u3000\u3042\u3052\u308b\u3002", "language": {"name": "ja", "url": "https://pokeapi.co/api/v2/language/11/"}, "version_group": {"name": "lets-go-pikachu-lets-go-eevee", "url": "https://pokeapi.co/api/v2/version-group/19/"}}, {"flavor_text": "\u76d8\u8737\u7740\u96c6\u4e2d\u7cbe\u795e\u3002\n\u63d0\u9ad8\u81ea\u5df1\u7684\u653b\u51fb\u3001\u9632\u5fa1\u548c\u547d\u4e2d\u7387\u3002", "language": {"name": "zh-Hans", "url": "https://pokeapi.co/api/v2/language/12/"}, "version_group": {"name": "lets-go-pikachu-lets-go-eevee", "url": "https://pokeapi.co/api/v2/version-group/19/"}}, {"flavor_text": "\u3068\u3050\u308d\u3092\u3000\u307e\u3044\u3066\u3000\u3057\u3085\u3046\u3061\u3085\u3046\u3000\u3059\u308b\u3002\n\u3058\u3076\u3093\u306e\u3000\u3053\u3046\u3052\u304d\u3068\u3000\u307c\u3046\u304e\u3087\u3068\n\u3081\u3044\u3061\u3085\u3046\u308a\u3064\u3092\u3000\u3042\u3052\u308b\u3002", "language": {"name": "ja-Hrkt", "url": "https://pokeapi.co/api/v2/language/1/"}, "version_group": {"name": "sword-shield", "url": "https://pokeapi.co/api/v2/version-group/20/"}}, {"flavor_text": "\ub62c\ub9ac\ub97c \ud2c0\uc5b4\uc11c \uc9d1\uc911\ud55c\ub2e4.\n\uc790\uc2e0\uc758 \uacf5\uaca9\uacfc \ubc29\uc5b4\uc640\n\uba85\uc911\ub960\uc744 \uc62c\ub9b0\ub2e4.", "language": {"name": "ko", "url": "https://pokeapi.co/api/v2/language/3/"}, "version_group": {"name": "sword-shield", "url": "https://pokeapi.co/api/v2/version-group/20/"}}, {"flavor_text": "\u76e4\u8737\u8eab\u9ad4\u96c6\u4e2d\u7cbe\u795e\u3002\n\u53ef\u63d0\u9ad8\u81ea\u5df1\u7684\u653b\u64ca\u3001\u9632\u79a6\u548c\u547d\u4e2d\u7387\u3002", "language": {"name": "zh-Hant", "url": "https://pokeapi.co/api/v2/language/4/"}, "version_group": {"name": "sword-shield", "url": "https://pokeapi.co/api/v2/version-group/20/"}}, {"flavor_text": "Le lanceur s\u2019enroule sur lui-m\u00eame et se concentre.\nSon Attaque, sa D\u00e9fense et sa Pr\u00e9cision augmentent.", "language": {"name": "fr", "url": "https://pokeapi.co/api/v2/language/5/"}, "version_group": {"name": "sword-shield", "url": "https://pokeapi.co/api/v2/version-group/20/"}}, {"flavor_text": "Anwender rollt sich zusammen und sammelt sich. Dabei\nwerden Angriff, Verteidigung und Genauigkeit erh\u00f6ht.", "language": {"name": "de", "url": "https://pokeapi.co/api/v2/language/6/"}, "version_group": {"name": "sword-shield", "url": "https://pokeapi.co/api/v2/version-group/20/"}}, {"flavor_text": "El usuario se concentra, lo que le permite aumentar \nsu Ataque, Defensa y Precisi\u00f3n.", "language": {"name": "es", "url": "https://pokeapi.co/api/v2/language/7/"}, "version_group": {"name": "sword-shield", "url": "https://pokeapi.co/api/v2/version-group/20/"}}, {"flavor_text": "Chi la usa si concentra aumentando Attacco,\nDifesa e precisione.", "language": {"name": "it", "url": "https://pokeapi.co/api/v2/language/8/"}, "version_group": {"name": "sword-shield", "url": "https://pokeapi.co/api/v2/version-group/20/"}}, {"flavor_text": "The user coils up and concentrates. This raises its\nAttack and Defense stats as well as its accuracy.", "language": {"name": "en", "url": "https://pokeapi.co/api/v2/language/9/"}, "version_group": {"name": "sword-shield", "url": "https://pokeapi.co/api/v2/version-group/20/"}}, {"flavor_text": "\u3068\u3050\u308d\u3092\u3000\u307e\u3044\u3066\u3000\u96c6\u4e2d\u3059\u308b\u3002\n\u81ea\u5206\u306e\u3000\u653b\u6483\u3068\u3000\u9632\u5fa1\u3068\n\u547d\u4e2d\u7387\u3092\u3000\u3042\u3052\u308b\u3002", "language": {"name": "ja", "url": "https://pokeapi.co/api/v2/language/11/"}, "version_group": {"name": "sword-shield", "url": "https://pokeapi.co/api/v2/version-group/20/"}}, {"flavor_text": "\u76d8\u8737\u7740\u96c6\u4e2d\u7cbe\u795e\u3002\n\u63d0\u9ad8\u81ea\u5df1\u7684\u653b\u51fb\u3001\u9632\u5fa1\u548c\u547d\u4e2d\u7387\u3002", "language": {"name": "zh-Hans", "url": "https://pokeapi.co/api/v2/language/12/"}, "version_group": {"name": "sword-shield", "url": "https://pokeapi.co/api/v2/version-group/20/"}}], "generation": {"name": "generation-v", "url": "https://pokeapi.co/api/v2/generation/5/"}, "id": 489, "learned_by_pokemon": [{"name": "ekans", "url": "https://pokeapi.co/api/v2/pokemon/23/"}, {"name": "arbok", "url": "https://pokeapi.co/api/v2/pokemon/24/"}, {"name": "furret", "url": "https://pokeapi.co/api/v2/pokemon/162/"}, {"name": "dunsparce", "url": "https://pokeapi.co/api/v2/pokemon/206/"}, {"name": "seviper", "url": "https://pokeapi.co/api/v2/pokemon/336/"}, {"name": "milotic", "url": "https://pokeapi.co/api/v2/pokemon/350/"}, {"name": "huntail", "url": "https://pokeapi.co/api/v2/pokemon/367/"}, {"name": "gorebyss", "url": "https://pokeapi.co/api/v2/pokemon/368/"}, {"name": "snivy", "url": "https://pokeapi.co/api/v2/pokemon/495/"}, {"name": "servine", "url": "https://pokeapi.co/api/v2/pokemon/496/"}, {"name": "serperior", "url": "https://pokeapi.co/api/v2/pokemon/497/"}, {"name": "eelektrik", "url": "https://pokeapi.co/api/v2/pokemon/603/"}, {"name": "eelektross", "url": "https://pokeapi.co/api/v2/pokemon/604/"}, {"name": "zygarde-50", "url": "https://pokeapi.co/api/v2/pokemon/718/"}, {"name": "silicobra", "url": "https://pokeapi.co/api/v2/pokemon/843/"}, {"name": "sandaconda", "url": "https://pokeapi.co/api/v2/pokemon/844/"}, {"name": "sizzlipede", "url": "https://pokeapi.co/api/v2/pokemon/850/"}, {"name": "centiskorch", "url": "https://pokeapi.co/api/v2/pokemon/851/"}, {"name": "orthworm", "url": "https://pokeapi.co/api/v2/pokemon/968/"}, {"name": "dudunsparce", "url": "https://pokeapi.co/api/v2/pokemon/982/"}, {"name": "zygarde-10-power-construct", "url": "https://pokeapi.co/api/v2/pokemon/10118/"}, {"name": "zygarde-50-power-construct", "url": "https://pokeapi.co/api/v2/pokemon/10119/"}, {"name": "zygarde-complete", "url": "https://pokeapi.co/api/v2/pokemon/10120/"}, {"name": "zygarde-10", "url": "https://pokeapi.co/api/v2/pokemon/10181/"}, {"name": "dudunsparce-three-segment", "url": "https://pokeapi.co/api/v2/pokemon/10255/"}], "machines": [], "meta": {"ailment": {"name": "none", "url": "https://pokeapi.co/api/v2/move-ailment/0/"}, "ailment_chance": 0, "category": {"name": "net-good-stats", "url": "https://pokeapi.co/api/v2/move-category/2/"}, "crit_rate": 0, "drain": 0, "flinch_chance": 0, "healing": 0, "max_hits": null, "max_turns": null, "min_hits": null, "min_turns": null, "stat_chance": 0}, "name": "coil", "names": [{"language": {"name": "ja-Hrkt", "url": "https://pokeapi.co/api/v2/language/1/"}, "name": "\u3068\u3050\u308d\u3092\u307e\u304f"}, {"language": {"name": "ko", "url": "https://pokeapi.co/api/v2/language/3/"}, "name": "\ub62c\ub9ac\ud2c0\uae30"}, {"language": {"name": "zh-Hant", "url": "https://pokeapi.co/api/v2/language/4/"}, "name": "\u76e4\u8737"}, {"language": {"name": "fr", "url": "https://pokeapi.co/api/v2/language/5/"}, "name": "Enroulement"}, {"language": {"name": "de", "url": "https://pokeapi.co/api/v2/language/6/"}, "name": "Einrollen"}, {"language": {"name": "es", "url": "https://pokeapi.co/api/v2/language/7/"}, "name": "Enrosque"}, {"language": {"name": "it", "url": "https://pokeapi.co/api/v2/language/8/"}, "name": "Arrotola"}, {"language": {"name": "en", "url": "https://pokeapi.co/api/v2/language/9/"}, "name": "Coil"}, {"language": {"name": "ja", "url": "https://pokeapi.co/api/v2/language/11/"}, "name": "\u3068\u3050\u308d\u3092\u307e\u304f"}, {"language": {"name": "zh-Hans", "url": "https://pokeapi.co/api/v2/language/12/"}, "name": "\u76d8\u8737"}], "past_values": [], "power": null, "pp": 20, "priority": 0, "stat_changes": [{"change": 1, "stat": {"name": "attack", "url": "https://pokeapi.co/api/v2/stat/2/"}}, {"change": 1, "stat": {"name": "defense", "url": "https://pokeapi.co/api/v2/stat/3/"}}, {"change": 1, "stat": {"name": "accuracy", "url": "https://pokeapi.co/api/v2/stat/7/"}}], "super_contest_effect": null, "target": {"name": "user", "url": "https://pokeapi.co/api/v2/move-target/7/"}, "type": {"name": "poison", "url": "https://pokeapi.co/api/v2/type/4/"}}