{"accuracy": 100, "contest_combos": null, "contest_effect": null, "contest_type": null, "damage_class": {"name": "status", "url": "https://pokeapi.co/api/v2/move-damage-class/1/"}, "effect_chance": null, "effect_changes": [], "effect_entries": [{"effect": "Inflicts regular damage.", "language": {"name": "en", "url": "https://pokeapi.co/api/v2/language/9/"}, "short_effect": "Inflicts regular damage with no additional effect."}], "flavor_text_entries": [{"flavor_text": "\u3064\u3088\u3044\u3000\u3055\u3093\u305b\u3044\u306e\u3000\u30ac\u30b9\u3067\n\u307e\u308f\u308a\u306b\u3000\u3044\u308b\u3082\u306e\u3092\u3000\u3064\u3064\u307f\u3053\u307f\n\u3082\u3063\u3066\u3044\u308b\u3000\u3069\u3046\u3050\u3092\u3000\u3068\u304b\u3057\u3066\u3057\u307e\u3046\u3002", "language": {"name": "ja-Hrkt", "url": "https://pokeapi.co/api/v2/language/1/"}, "version_group": {"name": "sword-shield", "url": "https://pokeapi.co/api/v2/version-group/20/"}}, {"flavor_text": "\uc8fc\uc704\uc5d0 \uc788\ub294 \ubaa8\ub4e0 \uac83\uc744\n\uac15\ub825\ud55c \uc0b0\uc131 \uac00\uc2a4\ub85c \ub4a4\ub36e\uc5b4\uc11c\n\uc9c0\ub2c8\uace0 \uc788\ub294 \ub3c4\uad6c\ub97c \ub179\uc5ec\ubc84\ub9b0\ub2e4.", "language": {"name": "ko", "url": "https://pokeapi.co/api/v2/language/3/"}, "version_group": {"name": "sword-shield", "url": "https://pokeapi.co/api/v2/version-group/20/"}}, {"flavor_text": "\u7528\u5f37\u70c8\u7684\u9178\u6027\u6c23\u9ad4\n\u5305\u570d\u5468\u570d\u6240\u6709\u7684\u5bf6\u53ef\u5922\uff0c\n\u4e26\u5c07\u651c\u5e36\u7684\u9053\u5177\u878d\u5316\u6389\u3002", "language": {"name": "zh-Hant", "url": "https://pokeapi.co/api/v2/language/4/"}, "version_group": {"name": "sword-shield", "url": "https://pokeapi.co/api/v2/version-group/20/"}}, {"flavor_text": "Un gaz corrosif qui enveloppe tous les Pok\u00e9mon\nalentour et qui dissout les objets qu\u2019ils tiennent.", "language": {"name": "fr", "url": "https://pokeapi.co/api/v2/language/5/"}, "version_group": {"name": "sword-shield", "url": "https://pokeapi.co/api/v2/version-group/20/"}}, {"flavor_text": "Der Anwender greift alle Pok\u00e9mon im Umkreis mit\neinem \u00e4tzenden Gas an. Getragene Items werden\ndadurch zersetzt.", "language": {"name": "de", "url": "https://pokeapi.co/api/v2/language/6/"}, "version_group": {"name": "sword-shield", "url": "https://pokeapi.co/api/v2/version-group/20/"}}, {"flavor_text": "El usuario libera un gas c\u00e1ustico que envuelve a todos\nlos que se encuentren alrededor y derrite por completo\nlos objetos que lleven equipados.", "language": {"name": "es", "url": "https://pokeapi.co/api/v2/language/7/"}, "version_group": {"name": "sword-shield", "url": "https://pokeapi.co/api/v2/version-group/20/"}}, {"flavor_text": "Chi la usa avvolge tutti i Pok\u00e9mon che ha intorno\nin un gas altamente acido, dissolvendo i loro strumenti.", "language": {"name": "it", "url": "https://pokeapi.co/api/v2/language/8/"}, "version_group": {"name": "sword-shield", "url": "https://pokeapi.co/api/v2/version-group/20/"}}, {"flavor_text": "The user surrounds everything around it with\nhighly acidic gas and melts away items they hold.", "language": {"name": "en", "url": "https://pokeapi.co/api/v2/language/9/"}, "version_group": {"name": "sword-shield", "url": "https://pokeapi.co/api/v2/version-group/20/"}}, {"flavor_text": "\u5f37\u3044\u3000\u9178\u6027\u306e\u3000\u30ac\u30b9\u3067\n\u5468\u308a\u306b\u3000\u3044\u308b\u3082\u306e\u3092\u3000\u5305\u307f\u3053\u307f\n\u6301\u3063\u3066\u3044\u308b\u3000\u9053\u5177\u3092\u3000\u6eb6\u304b\u3057\u3066\u3057\u307e\u3046\u3002", "language": {"name": "ja", "url": "https://pokeapi.co/api/v2/language/11/"}, "version_group": {"name": "sword-shield", "url": "https://pokeapi.co/api/v2/version-group/20/"}}, {"flavor_text": "\u7528\u5177\u6709\u5f3a\u9178\u6027\u7684\u6c14\u4f53\n\u5305\u88f9\u4f4f\u81ea\u5df1\u5468\u56f4\u6240\u6709\u7684\u5b9d\u53ef\u68a6\uff0c\n\u5e76\u878d\u5316\u5176\u6240\u643a\u5e26\u7684\u9053\u5177\u3002", "language": {"name": "zh-Hans", "url": "https://pokeapi.co/api/v2/language/12/"}, "version_group": {"name": "sword-shield", "url": "https://pokeapi.co/api/v2/version-group/20/"}}], "generation": {"name": "generation-viii", "url": "https://pokeapi.co/api/v2/generation/8/"}, "id": 810, "learned_by_pokemon": [{"name": "vileplume", "url": "https://pokeapi.co/api/v2/pokemon/45/"}, {"name": "tentacruel", "url": "https://pokeapi.co/api/v2/pokemon/73/"}, {"name": "gastly", "url": "https://pokeapi.co/api/v2/pokemon/92/"}, {"name": "haunter", "url": "https://pokeapi.co/api/v2/pokemon/93/"}, {"name": "gengar", "url": "https://pokeapi.co/api/v2/pokemon/94/"}, {"name": "koffing", "url": "https://pokeapi.co/api/v2/pokemon/109/"}, {"name": "weezing", "url": "https://pokeapi.co/api/v2/pokemon/110/"}, {"name": "mew", "url": "https://pokeapi.co/api/v2/pokemon/151/"}, {"name": "stunky", "url": "https://pokeapi.co/api/v2/pokemon/434/"}, {"name": "skuntank", "url": "https://pokeapi.co/api/v2/pokemon/435/"}, {"name": "toxicroak", "url": "https://pokeapi.co/api/v2/pokemon/454/"}, {"name": "trubbish", "url": "https://pokeapi.co/api/v2/pokemon/568/"}, {"name": "garbodor", "url": "https://pokeapi.co/api/v2/pokemon/569/"}, {"name": "salazzle", "url": "https://pokeapi.co/api/v2/pokemon/758/"}, {"name": "nihilego", "url": "https://pokeapi.co/api/v2/pokemon/793/"}, {"name": "guzzlord", "url": "https://pokeapi.co/api/v2/pokemon/799/"}, {"name": "weezing-galar", "url": "https://pokeapi.co/api/v2/pokemon/10167/"}], "machines": [], "meta": {"ailment": {"name": "none", "url": "https://pokeapi.co/api/v2/move-ailment/0/"}, "ailment_chance": 0, "category": {"name": "unique", "url": "https://pokeapi.co/api/v2/move-category/13/"}, "crit_rate": 0, "drain": 0, "flinch_chance": 0, "healing": 0, "max_hits": null, "max_turns": null, "min_hits": null, "min_turns": null, "stat_chance": 0}, "name": "corrosive-gas", "names": [{"language": {"name": "ja-Hrkt", "url": "https://pokeapi.co/api/v2/language/1/"}, "name": "\u3075\u3057\u3087\u304f\u30ac\u30b9"}, {"language": {"name": "ko", "url": "https://pokeapi.co/api/v2/language/3/"}, "name": "\ubd80\uc2dd\uac00\uc2a4"}, {"language": {"name": "zh-Hant", "url": "https://pokeapi.co/api/v2/language/4/"}, "name": "\u8150\u8755\u6c23\u9ad4"}, {"language": {"name": "fr", "url": "https://pokeapi.co/api/v2/language/5/"}, "name": "Gaz Corrosif"}, {"language": {"name": "de", "url": "https://pokeapi.co/api/v2/language/6/"}, "name": "Korrosionsgas"}, {"language": {"name": "es", "url": "https://pokeapi.co/api/v2/language/7/"}, "name": "Gas Corrosivo"}, {"language": {"name": "it", "url": "https://pokeapi.co/api/v2/language/8/"}, "name": "Gas Corrosivo"}, {"language": {"name": "en", "url": "https://pokeapi.co/api/v2/language/9/"}, "name": "Corrosive Gas"}, {"language": {"name": "ja", "url": "https://pokeapi.co/api/v2/language/11/"}, "name": "\u3075\u3057\u3087\u304f\u30ac\u30b9"}, {"language": {"name": "zh-Hans", "url": "https://pokeapi.co/api/v2/language/12/"}, "name": "\u8150\u8680\u6c14\u4f53"}], "past_values": [], "power": null, "pp": 40, "priority": 0, "stat_changes": [], "super_contest_effect": null, "target": {"name": "all-other-pokemon", "url": "https://pokeapi.co/api/v2/move-target/9/"}, "type": {"name": "poison", "url": "https://pokeapi.co/api/v2/type/4/"}}