{"accuracy": 100, "contest_combos": null, "contest_effect": null, "contest_type": null, "damage_class": {"name": "status", "url": "https://pokeapi.co/api/v2/move-damage-class/1/"}, "effect_chance": null, "effect_changes": [], "effect_entries": [], "flavor_text_entries": [{"flavor_text": "\u3075\u3057\u304e\u306a\u3000\u3061\u304b\u3089\u3067\n\u304a\u305f\u304c\u3044\u306e\u3000\u3070\u306e\u3000\u3053\u3046\u304b\u3092\u3000\u3044\u308c\u304b\u3048\u308b\u3002", "language": {"name": "ja-Hrkt", "url": "https://pokeapi.co/api/v2/language/1/"}, "version_group": {"name": "sword-shield", "url": "https://pokeapi.co/api/v2/version-group/20/"}}, {"flavor_text": "\uc774\uc0c1\ud55c \ud798\uc73c\ub85c\n\uc11c\ub85c\uc758 \ud544\ub4dc \ud6a8\uacfc\ub97c \uad50\uccb4\ud55c\ub2e4.", "language": {"name": "ko", "url": "https://pokeapi.co/api/v2/language/3/"}, "version_group": {"name": "sword-shield", "url": "https://pokeapi.co/api/v2/version-group/20/"}}, {"flavor_text": "\u7528\u795e\u5947\u7684\u529b\u91cf\n\u8207\u5c0d\u624b\u4ea4\u63db\u5834\u5730\u6548\u679c\u3002", "language": {"name": "zh-Hant", "url": "https://pokeapi.co/api/v2/language/4/"}, "version_group": {"name": "sword-shield", "url": "https://pokeapi.co/api/v2/version-group/20/"}}, {"flavor_text": "Une force myst\u00e9rieuse intervertit les effets\naffectant chaque c\u00f4t\u00e9 du terrain.", "language": {"name": "fr", "url": "https://pokeapi.co/api/v2/language/5/"}, "version_group": {"name": "sword-shield", "url": "https://pokeapi.co/api/v2/version-group/20/"}}, {"flavor_text": "Durch eine mysteri\u00f6se Macht werden wirksame Effekte\nauf Mitstreiterseite und gegnerischer Seite getauscht.", "language": {"name": "de", "url": "https://pokeapi.co/api/v2/language/6/"}, "version_group": {"name": "sword-shield", "url": "https://pokeapi.co/api/v2/version-group/20/"}}, {"flavor_text": "Extra\u00f1o poder que intercambia los efectos en el terreno\nde combate de ambos bandos.", "language": {"name": "es", "url": "https://pokeapi.co/api/v2/language/7/"}, "version_group": {"name": "sword-shield", "url": "https://pokeapi.co/api/v2/version-group/20/"}}, {"flavor_text": "Una forza misteriosa inverte gli effetti attivi sul campo\nalleato e sul campo avversario.", "language": {"name": "it", "url": "https://pokeapi.co/api/v2/language/8/"}, "version_group": {"name": "sword-shield", "url": "https://pokeapi.co/api/v2/version-group/20/"}}, {"flavor_text": "With its mysterious power, the user swaps the effects on\neither side of the field.", "language": {"name": "en", "url": "https://pokeapi.co/api/v2/language/9/"}, "version_group": {"name": "sword-shield", "url": "https://pokeapi.co/api/v2/version-group/20/"}}, {"flavor_text": "\u4e0d\u601d\u8b70\u306a\u3000\u529b\u3067\n\u304a\u4e92\u3044\u306e\u3000\u5834\u306e\u3000\u52b9\u679c\u3092\u3000\u5165\u308c\u66ff\u3048\u308b\u3002", "language": {"name": "ja", "url": "https://pokeapi.co/api/v2/language/11/"}, "version_group": {"name": "sword-shield", "url": "https://pokeapi.co/api/v2/version-group/20/"}}, {"flavor_text": "\u7528\u795e\u5947\u7684\u529b\u91cf\n\u4ea4\u6362\u53cc\u65b9\u7684\u573a\u5730\u6548\u679c\u3002", "language": {"name": "zh-Hans", "url": "https://pokeapi.co/api/v2/language/12/"}, "version_group": {"name": "sword-shield", "url": "https://pokeapi.co/api/v2/version-group/20/"}}], "generation": {"name": "generation-viii", "url": "https://pokeapi.co/api/v2/generation/8/"}, "id": 756, "learned_by_pokemon": [{"name": "cinderace", "url": "https://pokeapi.co/api/v2/pokemon/815/"}], "machines": [], "meta": {"ailment": {"name": "none", "url": "https://pokeapi.co/api/v2/move-ailment/0/"}, "ailment_chance": 0, "category": {"name": "unique", "url": "https://pokeapi.co/api/v2/move-category/13/"}, "crit_rate": 0, "drain": 0, "flinch_chance": 0, "healing": 0, "max_hits": null, "max_turns": null, "min_hits": null, "min_turns": null, "stat_chance": 0}, "name": "court-change", "names": [{"language": {"name": "ja-Hrkt", "url": "https://pokeapi.co/api/v2/language/1/"}, "name": "\u30b3\u30fc\u30c8\u30c1\u30a7\u30f3\u30b8"}, {"language": {"name": "ko", "url": "https://pokeapi.co/api/v2/language/3/"}, "name": "\ucf54\ud2b8\uccb4\uc778\uc9c0"}, {"language": {"name": "zh-Hant", "url": "https://pokeapi.co/api/v2/language/4/"}, "name": "\u63db\u5834"}, {"language": {"name": "fr", "url": "https://pokeapi.co/api/v2/language/5/"}, "name": "Change-C\u00f4t\u00e9"}, {"language": {"name": "de", "url": "https://pokeapi.co/api/v2/language/6/"}, "name": "Seitenwechsel"}, {"language": {"name": "es", "url": "https://pokeapi.co/api/v2/language/7/"}, "name": "Cambio de Cancha"}, {"language": {"name": "it", "url": "https://pokeapi.co/api/v2/language/8/"}, "name": "Cambiocampo"}, {"language": {"name": "en", "url": "https://pokeapi.co/api/v2/language/9/"}, "name": "Court Change"}, {"language": {"name": "ja", "url": "https://pokeapi.co/api/v2/language/11/"}, "name": "\u30b3\u30fc\u30c8\u30c1\u30a7\u30f3\u30b8"}, {"language": {"name": "zh-Hans", "url": "https://pokeapi.co/api/v2/language/12/"}, "name": "\u6362\u573a"}], "past_values": [], "power": null, "pp": 10, "priority": 0, "stat_changes": [], "super_contest_effect": null, "target": {"name": "entire-field", "url": "https://pokeapi.co/api/v2/move-target/12/"}, "type": {"name": "normal", "url": "https://pokeapi.co/api/v2/type/1/"}}