{"accuracy": 100, "contest_combos": null, "contest_effect": null, "contest_type": null, "damage_class": {"name": "physical", "url": "https://pokeapi.co/api/v2/move-damage-class/2/"}, "effect_chance": null, "effect_changes": [], "effect_entries": [{"effect": "Inflicts regular damage.  Damage calculation ignores the target's stat modifiers, including evasion.", "language": {"name": "en", "url": "https://pokeapi.co/api/v2/language/9/"}, "short_effect": "Ignores the target's stat modifiers."}], "flavor_text_entries": [{"flavor_text": "\u308a\u3087\u3046\u3046\u3067\u3092\u3000\u307e\u308f\u3057\u3000\u3042\u3044\u3066\u306b\u3000\u3042\u3066\u308b\u3002\n\u3042\u3044\u3066\u306e\u3000\u306e\u3046\u308a\u3087\u304f\u3000\u3078\u3093\u304b\u306b\n\u304b\u3093\u3051\u3044\u306a\u304f\u3000\u30c0\u30e1\u30fc\u30b8\u3092\u3000\u3042\u305f\u3048\u308b\u3002", "language": {"name": "ja-Hrkt", "url": "https://pokeapi.co/api/v2/language/1/"}, "version_group": {"name": "sun-moon", "url": "https://pokeapi.co/api/v2/version-group/17/"}}, {"flavor_text": "\uc591\ud314\uc744 \ub3cc\ub824 \uc0c1\ub300\uc5d0 \ubd80\ub52a\uce5c\ub2e4.\n\uc0c1\ub300\uc758 \ub2a5\ub825 \ubcc0\ud654\uc5d0\n\uc0c1\uad00\uc5c6\uc774 \ub370\ubbf8\uc9c0\ub97c \uc900\ub2e4.", "language": {"name": "ko", "url": "https://pokeapi.co/api/v2/language/3/"}, "version_group": {"name": "sun-moon", "url": "https://pokeapi.co/api/v2/version-group/17/"}}, {"flavor_text": "\u65cb\u8f49\u96d9\u81c2\u4e26\u6253\u5411\u5c0d\u624b\u3002\n\u53ef\u4e0d\u9867\u5c0d\u624b\u7684\u80fd\u529b\u8b8a\u5316\n\u7d66\u4e88\u50b7\u5bb3\u3002", "language": {"name": "zh-Hant", "url": "https://pokeapi.co/api/v2/language/4/"}, "version_group": {"name": "sun-moon", "url": "https://pokeapi.co/api/v2/version-group/17/"}}, {"flavor_text": "Le Pok\u00e9mon \u00e9tend les bras et frappe l\u2019adversaire\nen tournant violemment. Inflige des d\u00e9g\u00e2ts et ignore\nles changements de stats de la cible.", "language": {"name": "fr", "url": "https://pokeapi.co/api/v2/language/5/"}, "version_group": {"name": "sun-moon", "url": "https://pokeapi.co/api/v2/version-group/17/"}}, {"flavor_text": "Der Anwender wirbelt mit beiden Armen und prallt\nso auf das Ziel. Richtet unabh\u00e4ngig von den\nStatusver\u00e4nderungen des Zieles Schaden an.", "language": {"name": "de", "url": "https://pokeapi.co/api/v2/language/6/"}, "version_group": {"name": "sun-moon", "url": "https://pokeapi.co/api/v2/version-group/17/"}}, {"flavor_text": "Gira sobre s\u00ed mismo y golpea al oponente con ambos\nbrazos. Ignora los cambios en las caracter\u00edsticas del\nobjetivo.", "language": {"name": "es", "url": "https://pokeapi.co/api/v2/language/7/"}, "version_group": {"name": "sun-moon", "url": "https://pokeapi.co/api/v2/version-group/17/"}}, {"flavor_text": "Chi la usa attacca il bersaglio mulinando gli arti.\nIl danno inflitto ignora le modifiche alle statistiche\ndel bersaglio.", "language": {"name": "it", "url": "https://pokeapi.co/api/v2/language/8/"}, "version_group": {"name": "sun-moon", "url": "https://pokeapi.co/api/v2/version-group/17/"}}, {"flavor_text": "The user swings both arms and hits the target.\nThe target\u2019s stat changes don\u2019t affect this\nattack\u2019s damage.", "language": {"name": "en", "url": "https://pokeapi.co/api/v2/language/9/"}, "version_group": {"name": "sun-moon", "url": "https://pokeapi.co/api/v2/version-group/17/"}}, {"flavor_text": "\u4e21\u8155\u3092\u3000\u56de\u3057\u3000\u76f8\u624b\u306b\u3000\u5f53\u3066\u308b\u3002\n\u76f8\u624b\u306e\u3000\u80fd\u529b\u5909\u5316\u306b\n\u95a2\u4fc2\u306a\u304f\u3000\u30c0\u30e1\u30fc\u30b8\u3092\u3000\u4e0e\u3048\u308b\u3002", "language": {"name": "ja", "url": "https://pokeapi.co/api/v2/language/11/"}, "version_group": {"name": "sun-moon", "url": "https://pokeapi.co/api/v2/version-group/17/"}}, {"flavor_text": "\u65cb\u8f6c\u53cc\u81c2\u6253\u5411\u5bf9\u624b\u3002\n\u65e0\u89c6\u5bf9\u624b\u7684\u80fd\u529b\u53d8\u5316\uff0c\n\u76f4\u63a5\u7ed9\u4e88\u4f24\u5bb3\u3002", "language": {"name": "zh-Hans", "url": "https://pokeapi.co/api/v2/language/12/"}, "version_group": {"name": "sun-moon", "url": "https://pokeapi.co/api/v2/version-group/17/"}}, {"flavor_text": "\u308a\u3087\u3046\u3046\u3067\u3092\u3000\u307e\u308f\u3057\u3000\u3042\u3044\u3066\u306b\u3000\u3042\u3066\u308b\u3002\n\u3042\u3044\u3066\u306e\u3000\u306e\u3046\u308a\u3087\u304f\u3000\u3078\u3093\u304b\u306b\n\u304b\u3093\u3051\u3044\u306a\u304f\u3000\u30c0\u30e1\u30fc\u30b8\u3092\u3000\u3042\u305f\u3048\u308b\u3002", "language": {"name": "ja-Hrkt", "url": "https://pokeapi.co/api/v2/language/1/"}, "version_group": {"name": "ultra-sun-ultra-moon", "url": "https://pokeapi.co/api/v2/version-group/18/"}}, {"flavor_text": "\uc591\ud314\uc744 \ub3cc\ub824 \uc0c1\ub300\uc5d0 \ubd80\ub52a\uce5c\ub2e4.\n\uc0c1\ub300\uc758 \ub2a5\ub825 \ubcc0\ud654\uc5d0\n\uc0c1\uad00\uc5c6\uc774 \ub370\ubbf8\uc9c0\ub97c \uc900\ub2e4.", "language": {"name": "ko", "url": "https://pokeapi.co/api/v2/language/3/"}, "version_group": {"name": "ultra-sun-ultra-moon", "url": "https://pokeapi.co/api/v2/version-group/18/"}}, {"flavor_text": "\u65cb\u8f49\u96d9\u81c2\u4e26\u6253\u5411\u5c0d\u624b\u3002\n\u53ef\u4e0d\u9867\u5c0d\u624b\u7684\u80fd\u529b\u8b8a\u5316\n\u7d66\u4e88\u50b7\u5bb3\u3002", "language": {"name": "zh-Hant", "url": "https://pokeapi.co/api/v2/language/4/"}, "version_group": {"name": "ultra-sun-ultra-moon", "url": "https://pokeapi.co/api/v2/version-group/18/"}}, {"flavor_text": "Le Pok\u00e9mon \u00e9tend les bras et frappe l\u2019adversaire\nen tournant violemment. Inflige des d\u00e9g\u00e2ts et ignore\nles changements de stats de la cible.", "language": {"name": "fr", "url": "https://pokeapi.co/api/v2/language/5/"}, "version_group": {"name": "ultra-sun-ultra-moon", "url": "https://pokeapi.co/api/v2/version-group/18/"}}, {"flavor_text": "Der Anwender wirbelt mit beiden Armen und prallt\nso auf das Ziel. Richtet unabh\u00e4ngig von den\nStatusver\u00e4nderungen des Zieles Schaden an.", "language": {"name": "de", "url": "https://pokeapi.co/api/v2/language/6/"}, "version_group": {"name": "ultra-sun-ultra-moon", "url": "https://pokeapi.co/api/v2/version-group/18/"}}, {"flavor_text": "Gira sobre s\u00ed mismo y golpea al oponente con ambos\nbrazos. Ignora los cambios en las caracter\u00edsticas del\nobjetivo.", "language": {"name": "es", "url": "https://pokeapi.co/api/v2/language/7/"}, "version_group": {"name": "ultra-sun-ultra-moon", "url": "https://pokeapi.co/api/v2/version-group/18/"}}, {"flavor_text": "Chi la usa attacca il bersaglio mulinando gli arti.\nIl danno inflitto ignora le modifiche alle statistiche\ndel bersaglio.", "language": {"name": "it", "url": "https://pokeapi.co/api/v2/language/8/"}, "version_group": {"name": "ultra-sun-ultra-moon", "url": "https://pokeapi.co/api/v2/version-group/18/"}}, {"flavor_text": "The user swings both arms and hits the target.\nThe target\u2019s stat changes don\u2019t affect this\nattack\u2019s damage.", "language": {"name": "en", "url": "https://pokeapi.co/api/v2/language/9/"}, "version_group": {"name": "ultra-sun-ultra-moon", "url": "https://pokeapi.co/api/v2/version-group/18/"}}, {"flavor_text": "\u4e21\u8155\u3092\u3000\u56de\u3057\u3000\u76f8\u624b\u306b\u3000\u5f53\u3066\u308b\u3002\n\u76f8\u624b\u306e\u3000\u80fd\u529b\u5909\u5316\u306b\n\u95a2\u4fc2\u306a\u304f\u3000\u30c0\u30e1\u30fc\u30b8\u3092\u3000\u4e0e\u3048\u308b\u3002", "language": {"name": "ja", "url": "https://pokeapi.co/api/v2/language/11/"}, "version_group": {"name": "ultra-sun-ultra-moon", "url": "https://pokeapi.co/api/v2/version-group/18/"}}, {"flavor_text": "\u65cb\u8f6c\u53cc\u81c2\u6253\u5411\u5bf9\u624b\u3002\n\u65e0\u89c6\u5bf9\u624b\u7684\u80fd\u529b\u53d8\u5316\uff0c\n\u76f4\u63a5\u7ed9\u4e88\u4f24\u5bb3\u3002", "language": {"name": "zh-Hans", "url": "https://pokeapi.co/api/v2/language/12/"}, "version_group": {"name": "ultra-sun-ultra-moon", "url": "https://pokeapi.co/api/v2/version-group/18/"}}, {"flavor_text": "\u308a\u3087\u3046\u3046\u3067\u3092\u3000\u307e\u308f\u3057\u3000\u3042\u3044\u3066\u306b\u3000\u3042\u3066\u308b\u3002\n\u3042\u3044\u3066\u306e\u3000\u306e\u3046\u308a\u3087\u304f\u3000\u3078\u3093\u304b\u306b\n\u304b\u3093\u3051\u3044\u306a\u304f\u3000\u30c0\u30e1\u30fc\u30b8\u3092\u3000\u3042\u305f\u3048\u308b\u3002", "language": {"name": "ja-Hrkt", "url": "https://pokeapi.co/api/v2/language/1/"}, "version_group": {"name": "lets-go-pikachu-lets-go-eevee", "url": "https://pokeapi.co/api/v2/version-group/19/"}}, {"flavor_text": "\uc591\ud314\uc744 \ub3cc\ub824 \uc0c1\ub300\uc5d0 \ubd80\ub52a\uce5c\ub2e4.\n\uc0c1\ub300\uc758 \ub2a5\ub825 \ubcc0\ud654\uc5d0\n\uc0c1\uad00\uc5c6\uc774 \ub370\ubbf8\uc9c0\ub97c \uc900\ub2e4.", "language": {"name": "ko", "url": "https://pokeapi.co/api/v2/language/3/"}, "version_group": {"name": "lets-go-pikachu-lets-go-eevee", "url": "https://pokeapi.co/api/v2/version-group/19/"}}, {"flavor_text": "\u65cb\u8f49\u96d9\u81c2\u4e26\u6253\u5411\u5c0d\u624b\u3002\n\u53ef\u4e0d\u9867\u5c0d\u624b\u7684\u80fd\u529b\u8b8a\u5316\n\u7d66\u4e88\u50b7\u5bb3\u3002", "language": {"name": "zh-Hant", "url": "https://pokeapi.co/api/v2/language/4/"}, "version_group": {"name": "lets-go-pikachu-lets-go-eevee", "url": "https://pokeapi.co/api/v2/version-group/19/"}}, {"flavor_text": "Le Pok\u00e9mon \u00e9tend les bras et frappe l\u2019adversaire\nen tournant violemment. Inflige des d\u00e9g\u00e2ts et ignore\nles changements de stats de la cible.", "language": {"name": "fr", "url": "https://pokeapi.co/api/v2/language/5/"}, "version_group": {"name": "lets-go-pikachu-lets-go-eevee", "url": "https://pokeapi.co/api/v2/version-group/19/"}}, {"flavor_text": "Der Anwender wirbelt mit beiden Armen und prallt\nso auf das Ziel. Richtet unabh\u00e4ngig von den\nStatusver\u00e4nderungen des Zieles Schaden an.", "language": {"name": "de", "url": "https://pokeapi.co/api/v2/language/6/"}, "version_group": {"name": "lets-go-pikachu-lets-go-eevee", "url": "https://pokeapi.co/api/v2/version-group/19/"}}, {"flavor_text": "Gira sobre s\u00ed mismo y golpea al oponente con ambos\nbrazos. Ignora los cambios en las caracter\u00edsticas del\nobjetivo.", "language": {"name": "es", "url": "https://pokeapi.co/api/v2/language/7/"}, "version_group": {"name": "lets-go-pikachu-lets-go-eevee", "url": "https://pokeapi.co/api/v2/version-group/19/"}}, {"flavor_text": "Chi la usa attacca il bersaglio mulinando gli arti.\nIl danno inflitto ignora le modifiche alle statistiche\ndel bersaglio.", "language": {"name": "it", "url": "https://pokeapi.co/api/v2/language/8/"}, "version_group": {"name": "lets-go-pikachu-lets-go-eevee", "url": "https://pokeapi.co/api/v2/version-group/19/"}}, {"flavor_text": "The user swings both arms and hits the target.\nThe target\u2019s stat changes don\u2019t affect this\nattack\u2019s damage.", "language": {"name": "en", "url": "https://pokeapi.co/api/v2/language/9/"}, "version_group": {"name": "lets-go-pikachu-lets-go-eevee", "url": "https://pokeapi.co/api/v2/version-group/19/"}}, {"flavor_text": "\u4e21\u8155\u3092\u3000\u56de\u3057\u3000\u76f8\u624b\u306b\u3000\u5f53\u3066\u308b\u3002\n\u76f8\u624b\u306e\u3000\u80fd\u529b\u5909\u5316\u306b\n\u95a2\u4fc2\u306a\u304f\u3000\u30c0\u30e1\u30fc\u30b8\u3092\u3000\u4e0e\u3048\u308b\u3002", "language": {"name": "ja", "url": "https://pokeapi.co/api/v2/language/11/"}, "version_group": {"name": "lets-go-pikachu-lets-go-eevee", "url": "https://pokeapi.co/api/v2/version-group/19/"}}, {"flavor_text": "\u65cb\u8f6c\u53cc\u81c2\u6253\u5411\u5bf9\u624b\u3002\n\u65e0\u89c6\u5bf9\u624b\u7684\u80fd\u529b\u53d8\u5316\uff0c\n\u76f4\u63a5\u7ed9\u4e88\u4f24\u5bb3\u3002", "language": {"name": "zh-Hans", "url": "https://pokeapi.co/api/v2/language/12/"}, "version_group": {"name": "lets-go-pikachu-lets-go-eevee", "url": "https://pokeapi.co/api/v2/version-group/19/"}}, {"flavor_text": "\u308a\u3087\u3046\u3046\u3067\u3092\u3000\u307e\u308f\u3057\u3000\u3042\u3044\u3066\u306b\u3000\u3042\u3066\u308b\u3002\n\u3042\u3044\u3066\u306e\u3000\u306e\u3046\u308a\u3087\u304f\u3000\u3078\u3093\u304b\u306b\n\u304b\u3093\u3051\u3044\u306a\u304f\u3000\u30c0\u30e1\u30fc\u30b8\u3092\u3000\u3042\u305f\u3048\u308b\u3002", "language": {"name": "ja-Hrkt", "url": "https://pokeapi.co/api/v2/language/1/"}, "version_group": {"name": "sword-shield", "url": "https://pokeapi.co/api/v2/version-group/20/"}}, {"flavor_text": "\uc591\ud314\uc744 \ub3cc\ub824 \uc0c1\ub300\uc5d0\uac8c \ubd80\ub52a\uce5c\ub2e4.\n\uc0c1\ub300\uc758 \ub2a5\ub825 \ubcc0\ud654\uc5d0\n\uc0c1\uad00\uc5c6\uc774 \ub370\ubbf8\uc9c0\ub97c \uc900\ub2e4.", "language": {"name": "ko", "url": "https://pokeapi.co/api/v2/language/3/"}, "version_group": {"name": "sword-shield", "url": "https://pokeapi.co/api/v2/version-group/20/"}}, {"flavor_text": "\u65cb\u8f49\u96d9\u81c2\u4e26\u6253\u5411\u5c0d\u624b\u3002\n\u53ef\u4e0d\u9867\u5c0d\u624b\u7684\u80fd\u529b\u8b8a\u5316\n\u7d66\u4e88\u50b7\u5bb3\u3002", "language": {"name": "zh-Hant", "url": "https://pokeapi.co/api/v2/language/4/"}, "version_group": {"name": "sword-shield", "url": "https://pokeapi.co/api/v2/version-group/20/"}}, {"flavor_text": "Le Pok\u00e9mon \u00e9tend les bras et frappe l\u2019adversaire\nen tournant violemment. Inflige des d\u00e9g\u00e2ts et ignore\nles changements de stats de la cible.", "language": {"name": "fr", "url": "https://pokeapi.co/api/v2/language/5/"}, "version_group": {"name": "sword-shield", "url": "https://pokeapi.co/api/v2/version-group/20/"}}, {"flavor_text": "Der Anwender wirbelt mit beiden Armen und prallt\nso auf das Ziel. Richtet unabh\u00e4ngig von den\nStatusver\u00e4nderungen des Zieles Schaden an.", "language": {"name": "de", "url": "https://pokeapi.co/api/v2/language/6/"}, "version_group": {"name": "sword-shield", "url": "https://pokeapi.co/api/v2/version-group/20/"}}, {"flavor_text": "Gira sobre s\u00ed mismo y golpea al oponente con ambos\nbrazos. Ignora los cambios en las caracter\u00edsticas del\nobjetivo.", "language": {"name": "es", "url": "https://pokeapi.co/api/v2/language/7/"}, "version_group": {"name": "sword-shield", "url": "https://pokeapi.co/api/v2/version-group/20/"}}, {"flavor_text": "Chi la usa attacca il bersaglio mulinando gli arti.\nIl danno inflitto ignora le modifiche alle statistiche\ndel bersaglio.", "language": {"name": "it", "url": "https://pokeapi.co/api/v2/language/8/"}, "version_group": {"name": "sword-shield", "url": "https://pokeapi.co/api/v2/version-group/20/"}}, {"flavor_text": "The user swings both arms and hits the target.\nThe target\u2019s stat changes don\u2019t affect this\nattack\u2019s damage.", "language": {"name": "en", "url": "https://pokeapi.co/api/v2/language/9/"}, "version_group": {"name": "sword-shield", "url": "https://pokeapi.co/api/v2/version-group/20/"}}, {"flavor_text": "\u4e21\u8155\u3092\u3000\u56de\u3057\u3000\u76f8\u624b\u306b\u3000\u5f53\u3066\u308b\u3002\n\u76f8\u624b\u306e\u3000\u80fd\u529b\u5909\u5316\u306b\n\u95a2\u4fc2\u306a\u304f\u3000\u30c0\u30e1\u30fc\u30b8\u3092\u3000\u4e0e\u3048\u308b\u3002", "language": {"name": "ja", "url": "https://pokeapi.co/api/v2/language/11/"}, "version_group": {"name": "sword-shield", "url": "https://pokeapi.co/api/v2/version-group/20/"}}, {"flavor_text": "\u65cb\u8f6c\u53cc\u81c2\u6253\u5411\u5bf9\u624b\u3002\n\u65e0\u89c6\u5bf9\u624b\u7684\u80fd\u529b\u53d8\u5316\uff0c\n\u76f4\u63a5\u7ed9\u4e88\u4f24\u5bb3\u3002", "language": {"name": "zh-Hans", "url": "https://pokeapi.co/api/v2/language/12/"}, "version_group": {"name": "sword-shield", "url": "https://pokeapi.co/api/v2/version-group/20/"}}], "generation": {"name": "generation-vii", "url": "https://pokeapi.co/api/v2/generation/7/"}, "id": 663, "learned_by_pokemon": [{"name": "poliwrath", "url": "https://pokeapi.co/api/v2/pokemon/62/"}, {"name": "machamp", "url": "https://pokeapi.co/api/v2/pokemon/68/"}, {"name": "snorlax", "url": "https://pokeapi.co/api/v2/pokemon/143/"}, {"name": "mew", "url": "https://pokeapi.co/api/v2/pokemon/151/"}, {"name": "swampert", "url": "https://pokeapi.co/api/v2/pokemon/260/"}, {"name": "electivire", "url": "https://pokeapi.co/api/v2/pokemon/466/"}, {"name": "dusknoir", "url": "https://pokeapi.co/api/v2/pokemon/477/"}, {"name": "regigigas", "url": "https://pokeapi.co/api/v2/pokemon/486/"}, {"name": "krookodile", "url": "https://pokeapi.co/api/v2/pokemon/553/"}, {"name": "golurk", "url": "https://pokeapi.co/api/v2/pokemon/623/"}, {"name": "pangoro", "url": "https://pokeapi.co/api/v2/pokemon/675/"}, {"name": "incineroar", "url": "https://pokeapi.co/api/v2/pokemon/727/"}, {"name": "bewear", "url": "https://pokeapi.co/api/v2/pokemon/760/"}, {"name": "tapu-bulu", "url": "https://pokeapi.co/api/v2/pokemon/787/"}, {"name": "buzzwole", "url": "https://pokeapi.co/api/v2/pokemon/794/"}, {"name": "melmetal", "url": "https://pokeapi.co/api/v2/pokemon/809/"}, {"name": "rillaboom", "url": "https://pokeapi.co/api/v2/pokemon/812/"}, {"name": "grimmsnarl", "url": "https://pokeapi.co/api/v2/pokemon/861/"}, {"name": "urshifu-single-strike", "url": "https://pokeapi.co/api/v2/pokemon/892/"}, {"name": "zarude", "url": "https://pokeapi.co/api/v2/pokemon/893/"}, {"name": "zarude-dada", "url": "https://pokeapi.co/api/v2/pokemon/10192/"}], "machines": [{"machine": {"url": "https://pokeapi.co/api/v2/machine/1682/"}, "version_group": {"name": "sword-shield", "url": "https://pokeapi.co/api/v2/version-group/20/"}}], "meta": {"ailment": {"name": "none", "url": "https://pokeapi.co/api/v2/move-ailment/0/"}, "ailment_chance": 0, "category": {"name": "damage", "url": "https://pokeapi.co/api/v2/move-category/0/"}, "crit_rate": 0, "drain": 0, "flinch_chance": 0, "healing": 0, "max_hits": null, "max_turns": null, "min_hits": null, "min_turns": null, "stat_chance": 0}, "name": "darkest-lariat", "names": [{"language": {"name": "ja-Hrkt", "url": "https://pokeapi.co/api/v2/language/1/"}, "name": "\uff24\uff24\u30e9\u30ea\u30a2\u30c3\u30c8"}, {"language": {"name": "ko", "url": "https://pokeapi.co/api/v2/language/3/"}, "name": "DD\ub798\ub9ac\uc5b4\ud2b8"}, {"language": {"name": "zh-Hant", "url": "https://pokeapi.co/api/v2/language/4/"}, "name": "\uff24\uff24\u91d1\u52fe\u81c2"}, {"language": {"name": "fr", "url": "https://pokeapi.co/api/v2/language/5/"}, "name": "Dark Lariat"}, {"language": {"name": "de", "url": "https://pokeapi.co/api/v2/language/6/"}, "name": "Dark Lariat"}, {"language": {"name": "es", "url": "https://pokeapi.co/api/v2/language/7/"}, "name": "Lariat Oscuro"}, {"language": {"name": "it", "url": "https://pokeapi.co/api/v2/language/8/"}, "name": "Braccioteso"}, {"language": {"name": "en", "url": "https://pokeapi.co/api/v2/language/9/"}, "name": "Darkest Lariat"}, {"language": {"name": "ja", "url": "https://pokeapi.co/api/v2/language/11/"}, "name": "\uff24\uff24\u30e9\u30ea\u30a2\u30c3\u30c8"}, {"language": {"name": "zh-Hans", "url": "https://pokeapi.co/api/v2/language/12/"}, "name": "\uff24\uff24\u91d1\u52fe\u81c2"}], "past_values": [], "power": 85, "pp": 10, "priority": 0, "stat_changes": [], "super_contest_effect": null, "target": {"name": "selected-pokemon", "url": "https://pokeapi.co/api/v2/move-target/10/"}, "type": {"name": "dark", "url": "https://pokeapi.co/api/v2/type/17/"}}