{"accuracy": null, "contest_combos": {"normal": {"use_after": [{"name": "curse", "url": "https://pokeapi.co/api/v2/move/174/"}, {"name": "endure", "url": "https://pokeapi.co/api/v2/move/203/"}, {"name": "mean-look", "url": "https://pokeapi.co/api/v2/move/212/"}], "use_before": null}, "super": {"use_after": null, "use_before": null}}, "contest_effect": {"url": "https://pokeapi.co/api/v2/contest-effect/7/"}, "contest_type": {"name": "smart", "url": "https://pokeapi.co/api/v2/contest-type/4/"}, "damage_class": {"name": "status", "url": "https://pokeapi.co/api/v2/move-damage-class/1/"}, "effect_chance": null, "effect_changes": [], "effect_entries": [{"effect": "If the user faints before its next move, the Pok\u00e9mon that fainted it will automatically faint.  End-of-turn damage is ignored.\n\nThis move cannot be selected by assist or metronome.", "language": {"name": "en", "url": "https://pokeapi.co/api/v2/language/9/"}, "short_effect": "If the user faints this turn, the target automatically will, too."}], "flavor_text_entries": [{"flavor_text": "The foe faints if\nthe user does.", "language": {"name": "en", "url": "https://pokeapi.co/api/v2/language/9/"}, "version_group": {"name": "gold-silver", "url": "https://pokeapi.co/api/v2/version-group/3/"}}, {"flavor_text": "The foe faints if\nthe user does.", "language": {"name": "en", "url": "https://pokeapi.co/api/v2/language/9/"}, "version_group": {"name": "crystal", "url": "https://pokeapi.co/api/v2/version-group/4/"}}, {"flavor_text": "If the user faints, the foe\nis also made to faint.", "language": {"name": "en", "url": "https://pokeapi.co/api/v2/language/9/"}, "version_group": {"name": "ruby-sapphire", "url": "https://pokeapi.co/api/v2/version-group/5/"}}, {"flavor_text": "If the user faints, the foe\nis also made to faint.", "language": {"name": "en", "url": "https://pokeapi.co/api/v2/language/9/"}, "version_group": {"name": "emerald", "url": "https://pokeapi.co/api/v2/version-group/6/"}}, {"flavor_text": "If the user faints,\nthe foe delivering\nthe final hit also\nfaints.", "language": {"name": "en", "url": "https://pokeapi.co/api/v2/language/9/"}, "version_group": {"name": "firered-leafgreen", "url": "https://pokeapi.co/api/v2/version-group/7/"}}, {"flavor_text": "When this move is\nused, if the user\nfaints, the foe that\nlanded the knockout\nhit also faints.", "language": {"name": "en", "url": "https://pokeapi.co/api/v2/language/9/"}, "version_group": {"name": "diamond-pearl", "url": "https://pokeapi.co/api/v2/version-group/8/"}}, {"flavor_text": "When this move is\nused, if the user\nfaints, the foe that\nlanded the knockout\nhit also faints.", "language": {"name": "en", "url": "https://pokeapi.co/api/v2/language/9/"}, "version_group": {"name": "platinum", "url": "https://pokeapi.co/api/v2/version-group/9/"}}, {"flavor_text": "When this move is\nused, if the user\nfaints, the foe that\nlanded the knockout\nhit also faints.", "language": {"name": "en", "url": "https://pokeapi.co/api/v2/language/9/"}, "version_group": {"name": "heartgold-soulsilver", "url": "https://pokeapi.co/api/v2/version-group/10/"}}, {"flavor_text": "Quand cette capacit\u00e9 est activ\u00e9e,\nelle met K.O. un ennemi qui porte\nun coup fatal au lanceur.", "language": {"name": "fr", "url": "https://pokeapi.co/api/v2/language/5/"}, "version_group": {"name": "black-white", "url": "https://pokeapi.co/api/v2/version-group/11/"}}, {"flavor_text": "When this move is used, if the user faints,\nthe Pok\u00e9mon that landed the knockout\nhit also faints.", "language": {"name": "en", "url": "https://pokeapi.co/api/v2/language/9/"}, "version_group": {"name": "black-white", "url": "https://pokeapi.co/api/v2/version-group/11/"}}, {"flavor_text": "When this move is used, if the user faints,\nthe Pok\u00e9mon that landed the knockout\nhit also faints.", "language": {"name": "en", "url": "https://pokeapi.co/api/v2/language/9/"}, "version_group": {"name": "black-2-white-2", "url": "https://pokeapi.co/api/v2/version-group/14/"}}, {"flavor_text": "\u308f\u3056\u3092\u3000\u3060\u3057\u305f\u3042\u3068\u3000\u3053\u3046\u3052\u304d\u3092\u3000\u3046\u3051\u3066\n\u3072\u3093\u3057\u306b\u3000\u306a\u3063\u305f\u3068\u304d\n\u3053\u3046\u3052\u304d\u3000\u3042\u3044\u3066\u3082\u3000\u3072\u3093\u3057\u306b\u3000\u3059\u308b\u3002", "language": {"name": "ja-Hrkt", "url": "https://pokeapi.co/api/v2/language/1/"}, "version_group": {"name": "x-y", "url": "https://pokeapi.co/api/v2/version-group/15/"}}, {"flavor_text": "\uae30\uc220\uc744 \uc4f4 \ub4a4 \uacf5\uaca9\uc744 \ubc1b\uc544\n\uae30\uc808\ud588\uc744 \ub54c\n\uae38\ub3d9\ubb34\uc758 \ub300\uc0c1\ub3c4 \uae30\uc808\ud558\uac8c \ud55c\ub2e4.", "language": {"name": "ko", "url": "https://pokeapi.co/api/v2/language/3/"}, "version_group": {"name": "x-y", "url": "https://pokeapi.co/api/v2/version-group/15/"}}, {"flavor_text": "Quand cette capacit\u00e9 est activ\u00e9e, elle met K.O.\nun ennemi qui porte un coup fatal au lanceur.", "language": {"name": "fr", "url": "https://pokeapi.co/api/v2/language/5/"}, "version_group": {"name": "x-y", "url": "https://pokeapi.co/api/v2/version-group/15/"}}, {"flavor_text": "Wird der Anwender nach Einsatz dieser Attacke\nbesiegt, f\u00fchrt dies auch beim Ziel zum K.O.", "language": {"name": "de", "url": "https://pokeapi.co/api/v2/language/6/"}, "version_group": {"name": "x-y", "url": "https://pokeapi.co/api/v2/version-group/15/"}}, {"flavor_text": "Si el usuario se debilita por un ataque rival antes\nde usar otro movimiento, el Pok\u00e9mon rival se\ndebilitar\u00e1 tambi\u00e9n.", "language": {"name": "es", "url": "https://pokeapi.co/api/v2/language/7/"}, "version_group": {"name": "x-y", "url": "https://pokeapi.co/api/v2/version-group/15/"}}, {"flavor_text": "Se chi la usa va KO prima del turno successivo,\nchi ha sferrato il colpo da KO fa la stessa fine.", "language": {"name": "it", "url": "https://pokeapi.co/api/v2/language/8/"}, "version_group": {"name": "x-y", "url": "https://pokeapi.co/api/v2/version-group/15/"}}, {"flavor_text": "When this move is used, if the user faints,\nthe Pok\u00e9mon that landed the knockout\nhit also faints.", "language": {"name": "en", "url": "https://pokeapi.co/api/v2/language/9/"}, "version_group": {"name": "x-y", "url": "https://pokeapi.co/api/v2/version-group/15/"}}, {"flavor_text": "\u6280\u3092\u3000\u3060\u3057\u305f\u3042\u3068\u3000\u653b\u6483\u3092\u3000\u53d7\u3051\u3066\n\u3072\u3093\u3057\u306b\u3000\u306a\u3063\u305f\u3068\u304d\n\u653b\u6483\u3000\u76f8\u624b\u3082\u3000\u3072\u3093\u3057\u306b\u3000\u3059\u308b\u3002", "language": {"name": "ja", "url": "https://pokeapi.co/api/v2/language/11/"}, "version_group": {"name": "x-y", "url": "https://pokeapi.co/api/v2/version-group/15/"}}, {"flavor_text": "\u308f\u3056\u3092\u3000\u3060\u3057\u305f\u3042\u3068\u3000\u3053\u3046\u3052\u304d\u3092\u3000\u3046\u3051\u3066\n\u3072\u3093\u3057\u306b\u3000\u306a\u3063\u305f\u3068\u304d\n\u3053\u3046\u3052\u304d\u3000\u3042\u3044\u3066\u3082\u3000\u3072\u3093\u3057\u306b\u3000\u3059\u308b\u3002", "language": {"name": "ja-Hrkt", "url": "https://pokeapi.co/api/v2/language/1/"}, "version_group": {"name": "omega-ruby-alpha-sapphire", "url": "https://pokeapi.co/api/v2/version-group/16/"}}, {"flavor_text": "\uae30\uc220\uc744 \uc4f4 \ub4a4 \uacf5\uaca9\uc744 \ubc1b\uc544\n\uae30\uc808\ud588\uc744 \ub54c\n\uacf5\uaca9 \uc0c1\ub300\ub3c4 \uae30\uc808\ud558\uac8c \ud55c\ub2e4.", "language": {"name": "ko", "url": "https://pokeapi.co/api/v2/language/3/"}, "version_group": {"name": "omega-ruby-alpha-sapphire", "url": "https://pokeapi.co/api/v2/version-group/16/"}}, {"flavor_text": "Quand cette capacit\u00e9 est activ\u00e9e, elle met K.O.\nun ennemi qui porte un coup fatal au lanceur.", "language": {"name": "fr", "url": "https://pokeapi.co/api/v2/language/5/"}, "version_group": {"name": "omega-ruby-alpha-sapphire", "url": "https://pokeapi.co/api/v2/version-group/16/"}}, {"flavor_text": "Wird der Anwender nach Einsatz dieser Attacke\nkampfunf\u00e4hig, f\u00fchrt dies auch beim Gegner,\nder ihn besiegt hat, zum K.O.", "language": {"name": "de", "url": "https://pokeapi.co/api/v2/language/6/"}, "version_group": {"name": "omega-ruby-alpha-sapphire", "url": "https://pokeapi.co/api/v2/version-group/16/"}}, {"flavor_text": "Si el usuario se debilita por un ataque rival antes de \nusar otro movimiento, el Pok\u00e9mon rival se debilitar\u00e1 \ntambi\u00e9n.", "language": {"name": "es", "url": "https://pokeapi.co/api/v2/language/7/"}, "version_group": {"name": "omega-ruby-alpha-sapphire", "url": "https://pokeapi.co/api/v2/version-group/16/"}}, {"flavor_text": "Se chi la usa va KO prima del turno successivo,\nchi ha sferrato il colpo da KO fa la stessa fine.", "language": {"name": "it", "url": "https://pokeapi.co/api/v2/language/8/"}, "version_group": {"name": "omega-ruby-alpha-sapphire", "url": "https://pokeapi.co/api/v2/version-group/16/"}}, {"flavor_text": "When this move is used, if the user faints,\nthe Pok\u00e9mon that landed the knockout\nhit also faints.", "language": {"name": "en", "url": "https://pokeapi.co/api/v2/language/9/"}, "version_group": {"name": "omega-ruby-alpha-sapphire", "url": "https://pokeapi.co/api/v2/version-group/16/"}}, {"flavor_text": "\u6280\u3092\u3000\u3060\u3057\u305f\u3042\u3068\u3000\u653b\u6483\u3092\u3000\u53d7\u3051\u3066\n\u3072\u3093\u3057\u306b\u3000\u306a\u3063\u305f\u3068\u304d\n\u653b\u6483\u3000\u76f8\u624b\u3082\u3000\u3072\u3093\u3057\u306b\u3000\u3059\u308b\u3002", "language": {"name": "ja", "url": "https://pokeapi.co/api/v2/language/11/"}, "version_group": {"name": "omega-ruby-alpha-sapphire", "url": "https://pokeapi.co/api/v2/version-group/16/"}}, {"flavor_text": "\u308f\u3056\u306e\u3042\u3068\u3000\u3042\u3044\u3066\u306e\u3000\u3053\u3046\u3052\u304d\u3067\u3000\u3072\u3093\u3057\u306b\n\u306a\u308b\u3068\u3000\u3053\u3046\u3052\u304d\u3000\u3042\u3044\u3066\u3082\u3000\u3072\u3093\u3057\u306b\u3059\u308b\u3002\n\u308c\u3093\u305e\u304f\u3057\u3066\u3000\u3060\u3059\u3068\u3000\u3057\u3063\u3071\u3044\u3059\u308b\u3002", "language": {"name": "ja-Hrkt", "url": "https://pokeapi.co/api/v2/language/1/"}, "version_group": {"name": "sun-moon", "url": "https://pokeapi.co/api/v2/version-group/17/"}}, {"flavor_text": "\uae30\uc220\uc744 \uc4f4 \ub4a4 \uc0c1\ub300\uc758 \uacf5\uaca9\uc73c\ub85c \uae30\uc808\ud588\uc744 \ub54c\n\uacf5\uaca9 \uc0c1\ub300\ub3c4 \uae30\uc808\ud558\uac8c \ud55c\ub2e4.\n\uc5f0\uc18d\uc73c\ub85c \uc4f0\uba74 \uc2e4\ud328\ud55c\ub2e4.", "language": {"name": "ko", "url": "https://pokeapi.co/api/v2/language/3/"}, "version_group": {"name": "sun-moon", "url": "https://pokeapi.co/api/v2/version-group/17/"}}, {"flavor_text": "\u4f7f\u51fa\u62db\u5f0f\u5f8c\uff0c\u7576\u53d7\u5230\u5c0d\u624b\u653b\u64ca\n\u9677\u5165\u7015\u6b7b\u6642\uff0c\u5c0d\u624b\u4e5f\u6703\u4e00\u540c\u9677\u5165\u7015\u6b7b\u3002\n\u9023\u7e8c\u4f7f\u7528\u6642\u6703\u5931\u6557\u3002", "language": {"name": "zh-Hant", "url": "https://pokeapi.co/api/v2/language/4/"}, "version_group": {"name": "sun-moon", "url": "https://pokeapi.co/api/v2/version-group/17/"}}, {"flavor_text": "Quand cette capacit\u00e9 est activ\u00e9e, elle met K.O.\nun ennemi qui porte un coup fatal au lanceur.\nElle \u00e9choue si elle est r\u00e9utilis\u00e9e apr\u00e8s activation.", "language": {"name": "fr", "url": "https://pokeapi.co/api/v2/language/5/"}, "version_group": {"name": "sun-moon", "url": "https://pokeapi.co/api/v2/version-group/17/"}}, {"flavor_text": "Wird der Anwender nach Einsatz dieser Attacke\nkampfunf\u00e4hig, f\u00fchrt dies auch beim Pok\u00e9mon, das\nihn besiegt hat, zum K.O. Scheitert bei Wiederholung.", "language": {"name": "de", "url": "https://pokeapi.co/api/v2/language/6/"}, "version_group": {"name": "sun-moon", "url": "https://pokeapi.co/api/v2/version-group/17/"}}, {"flavor_text": "Si el usuario se debilita por un ataque rival antes de\nusar otro movimiento, el Pok\u00e9mon rival se debilitar\u00e1\ntambi\u00e9n. Puede fallar si se usa repetidamente.", "language": {"name": "es", "url": "https://pokeapi.co/api/v2/language/7/"}, "version_group": {"name": "sun-moon", "url": "https://pokeapi.co/api/v2/version-group/17/"}}, {"flavor_text": "Se chi la usa va KO prima del turno successivo,\nchi ha sferrato il colpo da KO fa la stessa fine.\nSe usata in successione fallisce.", "language": {"name": "it", "url": "https://pokeapi.co/api/v2/language/8/"}, "version_group": {"name": "sun-moon", "url": "https://pokeapi.co/api/v2/version-group/17/"}}, {"flavor_text": "After using this move, if the user faints, the\nPok\u00e9mon that landed the knockout hit also faints.\nIts chance of failing rises if it is used in succession.", "language": {"name": "en", "url": "https://pokeapi.co/api/v2/language/9/"}, "version_group": {"name": "sun-moon", "url": "https://pokeapi.co/api/v2/version-group/17/"}}, {"flavor_text": "\u6280\u306e\u3042\u3068\u3000\u76f8\u624b\u306e\u3000\u653b\u6483\u3067\u3000\u3072\u3093\u3057\u306b\n\u306a\u308b\u3068\u3000\u653b\u6483\u3000\u76f8\u624b\u3082\u3000\u3072\u3093\u3057\u306b\u3059\u308b\u3002\n\u9023\u7d9a\u3057\u3066\u3000\u51fa\u3059\u3068\u3000\u5931\u6557\u3059\u308b\u3002", "language": {"name": "ja", "url": "https://pokeapi.co/api/v2/language/11/"}, "version_group": {"name": "sun-moon", "url": "https://pokeapi.co/api/v2/version-group/17/"}}, {"flavor_text": "\u4f7f\u51fa\u62db\u5f0f\u540e\uff0c\u5f53\u53d7\u5230\u5bf9\u624b\u653b\u51fb\n\u9677\u5165\u6fd2\u6b7b\u65f6\uff0c\u5bf9\u624b\u4e5f\u4f1a\u4e00\u540c\u6fd2\u6b7b\u3002\n\u8fde\u7eed\u4f7f\u51fa\u5219\u4f1a\u5931\u8d25\u3002", "language": {"name": "zh-Hans", "url": "https://pokeapi.co/api/v2/language/12/"}, "version_group": {"name": "sun-moon", "url": "https://pokeapi.co/api/v2/version-group/17/"}}, {"flavor_text": "\u308f\u3056\u306e\u3042\u3068\u3000\u3042\u3044\u3066\u306e\u3000\u3053\u3046\u3052\u304d\u3067\u3000\u3072\u3093\u3057\u306b\n\u306a\u308b\u3068\u3000\u3053\u3046\u3052\u304d\u3000\u3042\u3044\u3066\u3082\u3000\u3072\u3093\u3057\u306b\u3059\u308b\u3002\n\u308c\u3093\u305e\u304f\u3057\u3066\u3000\u3060\u3059\u3068\u3000\u3057\u3063\u3071\u3044\u3059\u308b\u3002", "language": {"name": "ja-Hrkt", "url": "https://pokeapi.co/api/v2/language/1/"}, "version_group": {"name": "ultra-sun-ultra-moon", "url": "https://pokeapi.co/api/v2/version-group/18/"}}, {"flavor_text": "\uae30\uc220\uc744 \uc4f4 \ub4a4 \uc0c1\ub300\uc758 \uacf5\uaca9\uc73c\ub85c \uae30\uc808\ud588\uc744 \ub54c\n\uacf5\uaca9 \uc0c1\ub300\ub3c4 \uae30\uc808\ud558\uac8c \ud55c\ub2e4.\n\uc5f0\uc18d\uc73c\ub85c \uc4f0\uba74 \uc2e4\ud328\ud55c\ub2e4.", "language": {"name": "ko", "url": "https://pokeapi.co/api/v2/language/3/"}, "version_group": {"name": "ultra-sun-ultra-moon", "url": "https://pokeapi.co/api/v2/version-group/18/"}}, {"flavor_text": "\u4f7f\u51fa\u62db\u5f0f\u5f8c\uff0c\u7576\u53d7\u5230\u5c0d\u624b\u653b\u64ca\n\u9677\u5165\u7015\u6b7b\u6642\uff0c\u5c0d\u624b\u4e5f\u6703\u4e00\u540c\u9677\u5165\u7015\u6b7b\u3002\n\u9023\u7e8c\u4f7f\u7528\u6642\u6703\u5931\u6557\u3002", "language": {"name": "zh-Hant", "url": "https://pokeapi.co/api/v2/language/4/"}, "version_group": {"name": "ultra-sun-ultra-moon", "url": "https://pokeapi.co/api/v2/version-group/18/"}}, {"flavor_text": "Quand cette capacit\u00e9 est activ\u00e9e, elle met K.O.\nun ennemi qui porte un coup fatal au lanceur.\nElle \u00e9choue si elle est r\u00e9utilis\u00e9e apr\u00e8s activation.", "language": {"name": "fr", "url": "https://pokeapi.co/api/v2/language/5/"}, "version_group": {"name": "ultra-sun-ultra-moon", "url": "https://pokeapi.co/api/v2/version-group/18/"}}, {"flavor_text": "Wird der Anwender nach Einsatz dieser Attacke\nkampfunf\u00e4hig, f\u00fchrt dies auch beim Pok\u00e9mon, das\nihn besiegt hat, zum K.O. Scheitert bei Wiederholung.", "language": {"name": "de", "url": "https://pokeapi.co/api/v2/language/6/"}, "version_group": {"name": "ultra-sun-ultra-moon", "url": "https://pokeapi.co/api/v2/version-group/18/"}}, {"flavor_text": "Si el usuario se debilita por un ataque rival antes de\nusar otro movimiento, el Pok\u00e9mon rival se debilitar\u00e1\ntambi\u00e9n. Puede fallar si se usa repetidamente.", "language": {"name": "es", "url": "https://pokeapi.co/api/v2/language/7/"}, "version_group": {"name": "ultra-sun-ultra-moon", "url": "https://pokeapi.co/api/v2/version-group/18/"}}, {"flavor_text": "Se chi la usa va KO prima del turno successivo,\nchi ha sferrato il colpo da KO fa la stessa fine.\nSe usata in successione fallisce.", "language": {"name": "it", "url": "https://pokeapi.co/api/v2/language/8/"}, "version_group": {"name": "ultra-sun-ultra-moon", "url": "https://pokeapi.co/api/v2/version-group/18/"}}, {"flavor_text": "After using this move, if the user faints, the\nPok\u00e9mon that landed the knockout hit also faints.\nIts chance of failing rises if it is used in succession.", "language": {"name": "en", "url": "https://pokeapi.co/api/v2/language/9/"}, "version_group": {"name": "ultra-sun-ultra-moon", "url": "https://pokeapi.co/api/v2/version-group/18/"}}, {"flavor_text": "\u6280\u306e\u3042\u3068\u3000\u76f8\u624b\u306e\u3000\u653b\u6483\u3067\u3000\u3072\u3093\u3057\u306b\n\u306a\u308b\u3068\u3000\u653b\u6483\u3000\u76f8\u624b\u3082\u3000\u3072\u3093\u3057\u306b\u3059\u308b\u3002\n\u9023\u7d9a\u3057\u3066\u3000\u51fa\u3059\u3068\u3000\u5931\u6557\u3059\u308b\u3002", "language": {"name": "ja", "url": "https://pokeapi.co/api/v2/language/11/"}, "version_group": {"name": "ultra-sun-ultra-moon", "url": "https://pokeapi.co/api/v2/version-group/18/"}}, {"flavor_text": "\u4f7f\u51fa\u62db\u5f0f\u540e\uff0c\u5f53\u53d7\u5230\u5bf9\u624b\u653b\u51fb\n\u9677\u5165\u6fd2\u6b7b\u65f6\uff0c\u5bf9\u624b\u4e5f\u4f1a\u4e00\u540c\u6fd2\u6b7b\u3002\n\u8fde\u7eed\u4f7f\u51fa\u5219\u4f1a\u5931\u8d25\u3002", "language": {"name": "zh-Hans", "url": "https://pokeapi.co/api/v2/language/12/"}, "version_group": {"name": "ultra-sun-ultra-moon", "url": "https://pokeapi.co/api/v2/version-group/18/"}}, {"flavor_text": "\u308f\u3056\u306e\u3042\u3068\u3000\u3042\u3044\u3066\u306e\u3000\u3053\u3046\u3052\u304d\u3067\u3000\u3072\u3093\u3057\u306b\n\u306a\u308b\u3068\u3000\u3053\u3046\u3052\u304d\u3000\u3042\u3044\u3066\u3082\u3000\u3072\u3093\u3057\u306b\u3059\u308b\u3002\n\u308c\u3093\u305e\u304f\u3057\u3066\u3000\u3060\u3059\u3068\u3000\u3057\u3063\u3071\u3044\u3059\u308b\u3002", "language": {"name": "ja-Hrkt", "url": "https://pokeapi.co/api/v2/language/1/"}, "version_group": {"name": "lets-go-pikachu-lets-go-eevee", "url": "https://pokeapi.co/api/v2/version-group/19/"}}, {"flavor_text": "\uae30\uc220\uc744 \uc4f4 \ub4a4 \uc0c1\ub300\uc758 \uacf5\uaca9\uc73c\ub85c \uae30\uc808\ud588\uc744 \ub54c\n\uacf5\uaca9 \uc0c1\ub300\ub3c4 \uae30\uc808\ud558\uac8c \ud55c\ub2e4.\n\uc5f0\uc18d\uc73c\ub85c \uc4f0\uba74 \uc2e4\ud328\ud55c\ub2e4.", "language": {"name": "ko", "url": "https://pokeapi.co/api/v2/language/3/"}, "version_group": {"name": "lets-go-pikachu-lets-go-eevee", "url": "https://pokeapi.co/api/v2/version-group/19/"}}, {"flavor_text": "\u4f7f\u51fa\u62db\u5f0f\u5f8c\uff0c\u7576\u53d7\u5230\u5c0d\u624b\u653b\u64ca\n\u9677\u5165\u7015\u6b7b\u6642\uff0c\u5c0d\u624b\u4e5f\u6703\u4e00\u540c\u9677\u5165\u7015\u6b7b\u3002\n\u9023\u7e8c\u4f7f\u7528\u6642\u6703\u5931\u6557\u3002", "language": {"name": "zh-Hant", "url": "https://pokeapi.co/api/v2/language/4/"}, "version_group": {"name": "lets-go-pikachu-lets-go-eevee", "url": "https://pokeapi.co/api/v2/version-group/19/"}}, {"flavor_text": "Quand cette capacit\u00e9 est activ\u00e9e, elle met K.O.\nun ennemi qui porte un coup fatal au lanceur.\nElle \u00e9choue si elle est r\u00e9utilis\u00e9e apr\u00e8s activation.", "language": {"name": "fr", "url": "https://pokeapi.co/api/v2/language/5/"}, "version_group": {"name": "lets-go-pikachu-lets-go-eevee", "url": "https://pokeapi.co/api/v2/version-group/19/"}}, {"flavor_text": "Wird der Anwender nach Einsatz dieser Attacke\nkampfunf\u00e4hig, f\u00fchrt dies auch beim Pok\u00e9mon, das\nihn besiegt hat, zum K.O. Scheitert bei Wiederholung.", "language": {"name": "de", "url": "https://pokeapi.co/api/v2/language/6/"}, "version_group": {"name": "lets-go-pikachu-lets-go-eevee", "url": "https://pokeapi.co/api/v2/version-group/19/"}}, {"flavor_text": "Si el usuario se debilita por un ataque rival antes de\nusar otro movimiento, el Pok\u00e9mon rival se debilitar\u00e1\ntambi\u00e9n. Puede fallar si se usa repetidamente.", "language": {"name": "es", "url": "https://pokeapi.co/api/v2/language/7/"}, "version_group": {"name": "lets-go-pikachu-lets-go-eevee", "url": "https://pokeapi.co/api/v2/version-group/19/"}}, {"flavor_text": "Se chi la usa va KO prima del turno successivo,\nchi ha sferrato il colpo da KO fa la stessa fine.\nSe usata in successione fallisce.", "language": {"name": "it", "url": "https://pokeapi.co/api/v2/language/8/"}, "version_group": {"name": "lets-go-pikachu-lets-go-eevee", "url": "https://pokeapi.co/api/v2/version-group/19/"}}, {"flavor_text": "After using this move, if the user faints, the\nPok\u00e9mon that landed the knockout hit also faints.\nIts chance of failing rises if it is used in succession.", "language": {"name": "en", "url": "https://pokeapi.co/api/v2/language/9/"}, "version_group": {"name": "lets-go-pikachu-lets-go-eevee", "url": "https://pokeapi.co/api/v2/version-group/19/"}}, {"flavor_text": "\u6280\u306e\u3042\u3068\u3000\u76f8\u624b\u306e\u3000\u653b\u6483\u3067\u3000\u3072\u3093\u3057\u306b\n\u306a\u308b\u3068\u3000\u653b\u6483\u3000\u76f8\u624b\u3082\u3000\u3072\u3093\u3057\u306b\u3059\u308b\u3002\n\u9023\u7d9a\u3057\u3066\u3000\u51fa\u3059\u3068\u3000\u5931\u6557\u3059\u308b\u3002", "language": {"name": "ja", "url": "https://pokeapi.co/api/v2/language/11/"}, "version_group": {"name": "lets-go-pikachu-lets-go-eevee", "url": "https://pokeapi.co/api/v2/version-group/19/"}}, {"flavor_text": "\u4f7f\u51fa\u62db\u5f0f\u540e\uff0c\u5f53\u53d7\u5230\u5bf9\u624b\u653b\u51fb\n\u9677\u5165\u6fd2\u6b7b\u65f6\uff0c\u5bf9\u624b\u4e5f\u4f1a\u4e00\u540c\u6fd2\u6b7b\u3002\n\u8fde\u7eed\u4f7f\u51fa\u5219\u4f1a\u5931\u8d25\u3002", "language": {"name": "zh-Hans", "url": "https://pokeapi.co/api/v2/language/12/"}, "version_group": {"name": "lets-go-pikachu-lets-go-eevee", "url": "https://pokeapi.co/api/v2/version-group/19/"}}, {"flavor_text": "\u308f\u3056\u306e\u3042\u3068\u3000\u3042\u3044\u3066\u306e\u3000\u3053\u3046\u3052\u304d\u3067\u3000\u3072\u3093\u3057\u306b\n\u306a\u308b\u3068\u3000\u3053\u3046\u3052\u304d\u3000\u3042\u3044\u3066\u3082\u3000\u3072\u3093\u3057\u306b\u3059\u308b\u3002\n\u308c\u3093\u305e\u304f\u3057\u3066\u3000\u3060\u3059\u3068\u3000\u3057\u3063\u3071\u3044\u3059\u308b\u3002", "language": {"name": "ja-Hrkt", "url": "https://pokeapi.co/api/v2/language/1/"}, "version_group": {"name": "sword-shield", "url": "https://pokeapi.co/api/v2/version-group/20/"}}, {"flavor_text": "\uae30\uc220\uc744 \uc4f4 \ub4a4 \uc0c1\ub300\uc758 \uacf5\uaca9\uc73c\ub85c \uae30\uc808\ud588\uc744 \ub54c\n\uacf5\uaca9 \uc0c1\ub300\ub3c4 \uae30\uc808\ud558\uac8c \ud55c\ub2e4.\n\uc5f0\uc18d\uc73c\ub85c \uc4f0\uba74 \uc2e4\ud328\ud55c\ub2e4.", "language": {"name": "ko", "url": "https://pokeapi.co/api/v2/language/3/"}, "version_group": {"name": "sword-shield", "url": "https://pokeapi.co/api/v2/version-group/20/"}}, {"flavor_text": "\u4f7f\u51fa\u62db\u5f0f\u5f8c\uff0c\u7576\u53d7\u5230\u5c0d\u624b\u653b\u64ca\uff0c\n\u9677\u5165\u7015\u6b7b\u6642\uff0c\u5c0d\u624b\u4e5f\u6703\u4e00\u540c\u9677\u5165\u7015\u6b7b\u3002\n\u9023\u7e8c\u4f7f\u7528\u6642\u6703\u5931\u6557\u3002", "language": {"name": "zh-Hant", "url": "https://pokeapi.co/api/v2/language/4/"}, "version_group": {"name": "sword-shield", "url": "https://pokeapi.co/api/v2/version-group/20/"}}, {"flavor_text": "Si un ennemi porte un coup fatal au lanceur apr\u00e8s qu\u2019il\na activ\u00e9 cette capacit\u00e9, ils sont tous les deux mis K.O.\nLa capacit\u00e9 \u00e9choue si elle est imm\u00e9diatement r\u00e9utilis\u00e9e.", "language": {"name": "fr", "url": "https://pokeapi.co/api/v2/language/5/"}, "version_group": {"name": "sword-shield", "url": "https://pokeapi.co/api/v2/version-group/20/"}}, {"flavor_text": "Wird der Anwender nach Einsatz dieser Attacke\nkampfunf\u00e4hig, f\u00fchrt dies auch beim Pok\u00e9mon, das\nihn besiegt hat, zum K.O. Scheitert bei Wiederholung.", "language": {"name": "de", "url": "https://pokeapi.co/api/v2/language/6/"}, "version_group": {"name": "sword-shield", "url": "https://pokeapi.co/api/v2/version-group/20/"}}, {"flavor_text": "Si el usuario se debilita por un ataque rival antes de\nusar otro movimiento, el Pok\u00e9mon rival se debilitar\u00e1\ntambi\u00e9n. Puede fallar si se usa repetidamente.", "language": {"name": "es", "url": "https://pokeapi.co/api/v2/language/7/"}, "version_group": {"name": "sword-shield", "url": "https://pokeapi.co/api/v2/version-group/20/"}}, {"flavor_text": "Se chi la usa va KO a causa di un attacco,\nchi ha sferrato il colpo da KO fa la stessa fine.\nSe usata in successione fallisce.", "language": {"name": "it", "url": "https://pokeapi.co/api/v2/language/8/"}, "version_group": {"name": "sword-shield", "url": "https://pokeapi.co/api/v2/version-group/20/"}}, {"flavor_text": "After using this move, if the user faints, the\nPok\u00e9mon that landed the knockout hit also faints.\nIts chance of failing rises if it is used in succession.", "language": {"name": "en", "url": "https://pokeapi.co/api/v2/language/9/"}, "version_group": {"name": "sword-shield", "url": "https://pokeapi.co/api/v2/version-group/20/"}}, {"flavor_text": "\u6280\u306e\u3042\u3068\u3000\u76f8\u624b\u306e\u3000\u653b\u6483\u3067\u3000\u3072\u3093\u3057\u306b\n\u306a\u308b\u3068\u3000\u653b\u6483\u3000\u76f8\u624b\u3082\u3000\u3072\u3093\u3057\u306b\u3059\u308b\u3002\n\u9023\u7d9a\u3057\u3066\u3000\u51fa\u3059\u3068\u3000\u5931\u6557\u3059\u308b\u3002", "language": {"name": "ja", "url": "https://pokeapi.co/api/v2/language/11/"}, "version_group": {"name": "sword-shield", "url": "https://pokeapi.co/api/v2/version-group/20/"}}, {"flavor_text": "\u4f7f\u51fa\u62db\u5f0f\u540e\uff0c\u5f53\u53d7\u5230\u5bf9\u624b\u653b\u51fb\n\u9677\u5165\u6fd2\u6b7b\u65f6\uff0c\u5bf9\u624b\u4e5f\u4f1a\u4e00\u540c\u6fd2\u6b7b\u3002\n\u8fde\u7eed\u4f7f\u51fa\u5219\u4f1a\u5931\u8d25\u3002", "language": {"name": "zh-Hans", "url": "https://pokeapi.co/api/v2/language/12/"}, "version_group": {"name": "sword-shield", "url": "https://pokeapi.co/api/v2/version-group/20/"}}], "generation": {"name": "generation-ii", "url": "https://pokeapi.co/api/v2/generation/2/"}, "id": 194, "learned_by_pokemon": [{"name": "gastly", "url": "https://pokeapi.co/api/v2/pokemon/92/"}, {"name": "haunter", "url": "https://pokeapi.co/api/v2/pokemon/93/"}, {"name": "gengar", "url": "https://pokeapi.co/api/v2/pokemon/94/"}, {"name": "koffing", "url": "https://pokeapi.co/api/v2/pokemon/109/"}, {"name": "weezing", "url": "https://pokeapi.co/api/v2/pokemon/110/"}, {"name": "misdreavus", "url": "https://pokeapi.co/api/v2/pokemon/200/"}, {"name": "wobbuffet", "url": "https://pokeapi.co/api/v2/pokemon/202/"}, {"name": "qwilfish", "url": "https://pokeapi.co/api/v2/pokemon/211/"}, {"name": "delibird", "url": "https://pokeapi.co/api/v2/pokemon/225/"}, {"name": "houndour", "url": "https://pokeapi.co/api/v2/pokemon/228/"}, {"name": "ralts", "url": "https://pokeapi.co/api/v2/pokemon/280/"}, {"name": "gulpin", "url": "https://pokeapi.co/api/v2/pokemon/316/"}, {"name": "carvanha", "url": "https://pokeapi.co/api/v2/pokemon/318/"}, {"name": "cacnea", "url": "https://pokeapi.co/api/v2/pokemon/331/"}, {"name": "cacturne", "url": "https://pokeapi.co/api/v2/pokemon/332/"}, {"name": "shuppet", "url": "https://pokeapi.co/api/v2/pokemon/353/"}, {"name": "duskull", "url": "https://pokeapi.co/api/v2/pokemon/355/"}, {"name": "wynaut", "url": "https://pokeapi.co/api/v2/pokemon/360/"}, {"name": "vespiquen", "url": "https://pokeapi.co/api/v2/pokemon/416/"}, {"name": "drifloon", "url": "https://pokeapi.co/api/v2/pokemon/425/"}, {"name": "drifblim", "url": "https://pokeapi.co/api/v2/pokemon/426/"}, {"name": "spiritomb", "url": "https://pokeapi.co/api/v2/pokemon/442/"}, {"name": "dusknoir", "url": "https://pokeapi.co/api/v2/pokemon/477/"}, {"name": "froslass", "url": "https://pokeapi.co/api/v2/pokemon/478/"}, {"name": "giratina-altered", "url": "https://pokeapi.co/api/v2/pokemon/487/"}, {"name": "yamask", "url": "https://pokeapi.co/api/v2/pokemon/562/"}, {"name": "cofagrigus", "url": "https://pokeapi.co/api/v2/pokemon/563/"}, {"name": "frillish", "url": "https://pokeapi.co/api/v2/pokemon/592/"}, {"name": "jellicent", "url": "https://pokeapi.co/api/v2/pokemon/593/"}, {"name": "elgyem", "url": "https://pokeapi.co/api/v2/pokemon/605/"}, {"name": "honedge", "url": "https://pokeapi.co/api/v2/pokemon/679/"}, {"name": "inkay", "url": "https://pokeapi.co/api/v2/pokemon/686/"}, {"name": "malamar", "url": "https://pokeapi.co/api/v2/pokemon/687/"}, {"name": "phantump", "url": "https://pokeapi.co/api/v2/pokemon/708/"}, {"name": "trevenant", "url": "https://pokeapi.co/api/v2/pokemon/709/"}, {"name": "pumpkaboo-average", "url": "https://pokeapi.co/api/v2/pokemon/710/"}, {"name": "hoopa", "url": "https://pokeapi.co/api/v2/pokemon/720/"}, {"name": "sandygast", "url": "https://pokeapi.co/api/v2/pokemon/769/"}, {"name": "mimikyu-disguised", "url": "https://pokeapi.co/api/v2/pokemon/778/"}, {"name": "runerigus", "url": "https://pokeapi.co/api/v2/pokemon/867/"}, {"name": "overqwil", "url": "https://pokeapi.co/api/v2/pokemon/904/"}, {"name": "charcadet", "url": "https://pokeapi.co/api/v2/pokemon/935/"}, {"name": "maschiff", "url": "https://pokeapi.co/api/v2/pokemon/942/"}, {"name": "greavard", "url": "https://pokeapi.co/api/v2/pokemon/971/"}, {"name": "iron-valiant", "url": "https://pokeapi.co/api/v2/pokemon/1006/"}, {"name": "pecharunt", "url": "https://pokeapi.co/api/v2/pokemon/1025/"}, {"name": "giratina-origin", "url": "https://pokeapi.co/api/v2/pokemon/10007/"}, {"name": "pumpkaboo-small", "url": "https://pokeapi.co/api/v2/pokemon/10027/"}, {"name": "pumpkaboo-large", "url": "https://pokeapi.co/api/v2/pokemon/10028/"}, {"name": "pumpkaboo-super", "url": "https://pokeapi.co/api/v2/pokemon/10029/"}, {"name": "gengar-mega", "url": "https://pokeapi.co/api/v2/pokemon/10038/"}, {"name": "hoopa-unbound", "url": "https://pokeapi.co/api/v2/pokemon/10086/"}, {"name": "mimikyu-busted", "url": "https://pokeapi.co/api/v2/pokemon/10143/"}, {"name": "weezing-galar", "url": "https://pokeapi.co/api/v2/pokemon/10167/"}, {"name": "corsola-galar", "url": "https://pokeapi.co/api/v2/pokemon/10173/"}, {"name": "yamask-galar", "url": "https://pokeapi.co/api/v2/pokemon/10179/"}, {"name": "qwilfish-hisui", "url": "https://pokeapi.co/api/v2/pokemon/10234/"}], "machines": [], "meta": {"ailment": {"name": "none", "url": "https://pokeapi.co/api/v2/move-ailment/0/"}, "ailment_chance": 0, "category": {"name": "unique", "url": "https://pokeapi.co/api/v2/move-category/13/"}, "crit_rate": 0, "drain": 0, "flinch_chance": 0, "healing": 0, "max_hits": null, "max_turns": null, "min_hits": null, "min_turns": null, "stat_chance": 0}, "name": "destiny-bond", "names": [{"language": {"name": "ja-Hrkt", "url": "https://pokeapi.co/api/v2/language/1/"}, "name": "\u307f\u3061\u3065\u308c"}, {"language": {"name": "ko", "url": "https://pokeapi.co/api/v2/language/3/"}, "name": "\uae38\ub3d9\ubb34"}, {"language": {"name": "zh-Hant", "url": "https://pokeapi.co/api/v2/language/4/"}, "name": "\u540c\u547d"}, {"language": {"name": "fr", "url": "https://pokeapi.co/api/v2/language/5/"}, "name": "Lien du Destin"}, {"language": {"name": "de", "url": "https://pokeapi.co/api/v2/language/6/"}, "name": "Abgangsbund"}, {"language": {"name": "es", "url": "https://pokeapi.co/api/v2/language/7/"}, "name": "Mismo Destino"}, {"language": {"name": "it", "url": "https://pokeapi.co/api/v2/language/8/"}, "name": "Destinobbligato"}, {"language": {"name": "en", "url": "https://pokeapi.co/api/v2/language/9/"}, "name": "Destiny Bond"}, {"language": {"name": "ja", "url": "https://pokeapi.co/api/v2/language/11/"}, "name": "\u307f\u3061\u3065\u308c"}, {"language": {"name": "zh-Hans", "url": "https://pokeapi.co/api/v2/language/12/"}, "name": "\u540c\u547d"}], "past_values": [], "power": null, "pp": 5, "priority": 0, "stat_changes": [], "super_contest_effect": {"url": "https://pokeapi.co/api/v2/super-contest-effect/9/"}, "target": {"name": "user", "url": "https://pokeapi.co/api/v2/move-target/7/"}, "type": {"name": "ghost", "url": "https://pokeapi.co/api/v2/type/8/"}}