{"accuracy": 100, "contest_combos": null, "contest_effect": {"url": "https://pokeapi.co/api/v2/contest-effect/15/"}, "contest_type": {"name": "smart", "url": "https://pokeapi.co/api/v2/contest-type/4/"}, "damage_class": {"name": "physical", "url": "https://pokeapi.co/api/v2/move-damage-class/2/"}, "effect_chance": null, "effect_changes": [{"effect_entries": [{"effect": "swift can hit the user while underground, and no other moves can.  Due to a bug, if the user fails to carry out the move's second turn, e.g. due to paralysis, it remains underground until it switches out or uses Dig again successfully.  It can act as if it were aboveground in the meantime, but moves still miss it.", "language": {"name": "en", "url": "https://pokeapi.co/api/v2/language/9/"}}], "version_group": {"name": "gold-silver", "url": "https://pokeapi.co/api/v2/version-group/3/"}}], "effect_entries": [{"effect": "Inflicts regular damage.  User digs underground for one turn, becoming immune to attack, and hits on the second turn.\n\nDuring the immune turn, earthquake, fissure, and magnitude still hit the user normally, and their power is doubled if appropriate.\n\nThe user may be hit during its immune turn if under the effect of lock on, mind reader, or no guard.\n\nThis move cannot be selected by sleep talk.", "language": {"name": "en", "url": "https://pokeapi.co/api/v2/language/9/"}, "short_effect": "User digs underground, dodging all attacks, and hits next turn."}], "flavor_text_entries": [{"flavor_text": "1st turn: Burrow\n2nd turn: Attack", "language": {"name": "en", "url": "https://pokeapi.co/api/v2/language/9/"}, "version_group": {"name": "crystal", "url": "https://pokeapi.co/api/v2/version-group/4/"}}, {"flavor_text": "Digs underground the first\nturn and strikes next turn.", "language": {"name": "en", "url": "https://pokeapi.co/api/v2/language/9/"}, "version_group": {"name": "ruby-sapphire", "url": "https://pokeapi.co/api/v2/version-group/5/"}}, {"flavor_text": "Digs underground the first\nturn and strikes next turn.", "language": {"name": "en", "url": "https://pokeapi.co/api/v2/language/9/"}, "version_group": {"name": "emerald", "url": "https://pokeapi.co/api/v2/version-group/6/"}}, {"flavor_text": "1st turn: Burrow\n2nd turn: Attack", "language": {"name": "en", "url": "https://pokeapi.co/api/v2/language/9/"}, "version_group": {"name": "gold-silver", "url": "https://pokeapi.co/api/v2/version-group/3/"}}, {"flavor_text": "An attack that hits\non the 2nd turn.\nCan also be used\nto exit dungeons.", "language": {"name": "en", "url": "https://pokeapi.co/api/v2/language/9/"}, "version_group": {"name": "firered-leafgreen", "url": "https://pokeapi.co/api/v2/version-group/7/"}}, {"flavor_text": "The user burrows,\nthen attacks on the\nsecond turn.\nIt can also be used\nto exit dungeons.", "language": {"name": "en", "url": "https://pokeapi.co/api/v2/language/9/"}, "version_group": {"name": "diamond-pearl", "url": "https://pokeapi.co/api/v2/version-group/8/"}}, {"flavor_text": "The user burrows,\nthen attacks on the\nsecond turn.\nIt can also be used\nto exit dungeons.", "language": {"name": "en", "url": "https://pokeapi.co/api/v2/language/9/"}, "version_group": {"name": "platinum", "url": "https://pokeapi.co/api/v2/version-group/9/"}}, {"flavor_text": "The user burrows,\nthen attacks on the\nsecond turn.\nIt can also be used\nto exit dungeons.", "language": {"name": "en", "url": "https://pokeapi.co/api/v2/language/9/"}, "version_group": {"name": "heartgold-soulsilver", "url": "https://pokeapi.co/api/v2/version-group/10/"}}, {"flavor_text": "Le lanceur creuse au 1er tour et\nfrappe au 2\u00e8. Permet aussi de\ns\u2019\u00e9chapper d\u2019un donjon.", "language": {"name": "fr", "url": "https://pokeapi.co/api/v2/language/5/"}, "version_group": {"name": "black-white", "url": "https://pokeapi.co/api/v2/version-group/11/"}}, {"flavor_text": "The user burrows, then attacks\non the second turn.\nIt can also be used to exit dungeons.", "language": {"name": "en", "url": "https://pokeapi.co/api/v2/language/9/"}, "version_group": {"name": "black-white", "url": "https://pokeapi.co/api/v2/version-group/11/"}}, {"flavor_text": "The user burrows, then attacks\non the second turn.\nIt can also be used to exit dungeons.", "language": {"name": "en", "url": "https://pokeapi.co/api/v2/language/9/"}, "version_group": {"name": "black-2-white-2", "url": "https://pokeapi.co/api/v2/version-group/14/"}}, {"flavor_text": "\uff11\u30bf\u30fc\u30f3\u3081\u306b\u3000\u3082\u3050\u308a\u3000\uff12\u30bf\u30fc\u30f3\u3081\u3067\n\u3042\u3044\u3066\u3092\u3000\u3053\u3046\u3052\u304d\u3059\u308b\u3002\u3069\u3046\u304f\u3064\n\u304b\u3089\u306e\u3000\u3060\u3063\u3057\u3085\u3064\u3082\u3000\u3067\u304d\u308b\u3002", "language": {"name": "ja-Hrkt", "url": "https://pokeapi.co/api/v2/language/1/"}, "version_group": {"name": "x-y", "url": "https://pokeapi.co/api/v2/version-group/15/"}}, {"flavor_text": "1\ud134\uc9f8\uc5d0 \ud30c\uace0\ub4e4\uc5b4 2\ud134\uc9f8\uc5d0\n\uc0c1\ub300\ub97c \uacf5\uaca9\ud55c\ub2e4.\n\ub3d9\uad74\uc5d0\uc11c \ud0c8\ucd9c\ud560 \uc218\ub3c4 \uc788\ub2e4.", "language": {"name": "ko", "url": "https://pokeapi.co/api/v2/language/3/"}, "version_group": {"name": "x-y", "url": "https://pokeapi.co/api/v2/version-group/15/"}}, {"flavor_text": "Le lanceur creuse au premier tour et frappe au\nsecond. Permet aussi de sortir des grottes.", "language": {"name": "fr", "url": "https://pokeapi.co/api/v2/language/5/"}, "version_group": {"name": "x-y", "url": "https://pokeapi.co/api/v2/version-group/15/"}}, {"flavor_text": "In Runde 1 gr\u00e4bt sich der Anwender ein und\nin Runde 2 greift er an. Macht Flucht aus\nH\u00f6hlen m\u00f6glich.", "language": {"name": "de", "url": "https://pokeapi.co/api/v2/language/6/"}, "version_group": {"name": "x-y", "url": "https://pokeapi.co/api/v2/version-group/15/"}}, {"flavor_text": "Primer turno: cava. Segundo turno: ataca. Tambi\u00e9n\nsirve para salir de ciertas zonas.", "language": {"name": "es", "url": "https://pokeapi.co/api/v2/language/7/"}, "version_group": {"name": "x-y", "url": "https://pokeapi.co/api/v2/version-group/15/"}}, {"flavor_text": "Chi la usa scava al primo turno e attacca\nal successivo. Fuori dalla lotta fa uscire\nda alcuni luoghi.", "language": {"name": "it", "url": "https://pokeapi.co/api/v2/language/8/"}, "version_group": {"name": "x-y", "url": "https://pokeapi.co/api/v2/version-group/15/"}}, {"flavor_text": "The user burrows, then attacks\non the next turn.\nIt can also be used to exit dungeons.", "language": {"name": "en", "url": "https://pokeapi.co/api/v2/language/9/"}, "version_group": {"name": "x-y", "url": "https://pokeapi.co/api/v2/version-group/15/"}}, {"flavor_text": "\uff11\u30bf\u30fc\u30f3\u76ee\u306b\u3000\u6f5c\u308a\u3000\uff12\u30bf\u30fc\u30f3\u76ee\u3067\n\u76f8\u624b\u3092\u3000\u653b\u6483\u3059\u308b\u3002\n\u6d1e\u7a9f\u304b\u3089\u306e\u3000\u8131\u51fa\u3082\u3000\u3067\u304d\u308b\u3002", "language": {"name": "ja", "url": "https://pokeapi.co/api/v2/language/11/"}, "version_group": {"name": "x-y", "url": "https://pokeapi.co/api/v2/version-group/15/"}}, {"flavor_text": "\uff11\u30bf\u30fc\u30f3\u3081\u306b\u3000\u3082\u3050\u308a\u3000\uff12\u30bf\u30fc\u30f3\u3081\u3067\n\u3042\u3044\u3066\u3092\u3000\u3053\u3046\u3052\u304d\u3059\u308b\u3002\u3069\u3046\u304f\u3064\n\u304b\u3089\u306e\u3000\u3060\u3063\u3057\u3085\u3064\u3082\u3000\u3067\u304d\u308b\u3002", "language": {"name": "ja-Hrkt", "url": "https://pokeapi.co/api/v2/language/1/"}, "version_group": {"name": "omega-ruby-alpha-sapphire", "url": "https://pokeapi.co/api/v2/version-group/16/"}}, {"flavor_text": "1\ud134\uc9f8\uc5d0 \ud30c\uace0\ub4e4\uc5b4 2\ud134\uc9f8\uc5d0\n\uc0c1\ub300\ub97c \uacf5\uaca9\ud55c\ub2e4.\n\ub3d9\uad74\uc5d0\uc11c \ud0c8\ucd9c\ud560 \uc218\ub3c4 \uc788\ub2e4.", "language": {"name": "ko", "url": "https://pokeapi.co/api/v2/language/3/"}, "version_group": {"name": "omega-ruby-alpha-sapphire", "url": "https://pokeapi.co/api/v2/version-group/16/"}}, {"flavor_text": "Le lanceur creuse au premier tour et frappe au\nsecond. Permet aussi de sortir des grottes.", "language": {"name": "fr", "url": "https://pokeapi.co/api/v2/language/5/"}, "version_group": {"name": "omega-ruby-alpha-sapphire", "url": "https://pokeapi.co/api/v2/version-group/16/"}}, {"flavor_text": "In Runde 1 gr\u00e4bt sich der Anwender ein und\nin Runde 2 greift er an. Macht Flucht aus\nH\u00f6hlen m\u00f6glich.", "language": {"name": "de", "url": "https://pokeapi.co/api/v2/language/6/"}, "version_group": {"name": "omega-ruby-alpha-sapphire", "url": "https://pokeapi.co/api/v2/version-group/16/"}}, {"flavor_text": "Primer turno: cava. Segundo turno: ataca. Tambi\u00e9n \nsirve para salir de ciertas zonas.", "language": {"name": "es", "url": "https://pokeapi.co/api/v2/language/7/"}, "version_group": {"name": "omega-ruby-alpha-sapphire", "url": "https://pokeapi.co/api/v2/version-group/16/"}}, {"flavor_text": "Chi la usa scava al primo turno e attacca\nal successivo. Fuori dalla lotta fa uscire\nda alcuni luoghi.", "language": {"name": "it", "url": "https://pokeapi.co/api/v2/language/8/"}, "version_group": {"name": "omega-ruby-alpha-sapphire", "url": "https://pokeapi.co/api/v2/version-group/16/"}}, {"flavor_text": "The user burrows, then attacks\non the next turn.\nIt can also be used to exit dungeons.", "language": {"name": "en", "url": "https://pokeapi.co/api/v2/language/9/"}, "version_group": {"name": "omega-ruby-alpha-sapphire", "url": "https://pokeapi.co/api/v2/version-group/16/"}}, {"flavor_text": "\uff11\u30bf\u30fc\u30f3\u76ee\u306b\u3000\u6f5c\u308a\u3000\uff12\u30bf\u30fc\u30f3\u76ee\u3067\n\u76f8\u624b\u3092\u3000\u653b\u6483\u3059\u308b\u3002\n\u6d1e\u7a9f\u304b\u3089\u306e\u3000\u8131\u51fa\u3082\u3000\u3067\u304d\u308b\u3002", "language": {"name": "ja", "url": "https://pokeapi.co/api/v2/language/11/"}, "version_group": {"name": "omega-ruby-alpha-sapphire", "url": "https://pokeapi.co/api/v2/version-group/16/"}}, {"flavor_text": "\uff11\u30bf\u30fc\u30f3\u3081\u306b\u3000\u3082\u3050\u308a\u3000\uff12\u30bf\u30fc\u30f3\u3081\u3067\n\u3042\u3044\u3066\u3092\u3000\u3053\u3046\u3052\u304d\u3059\u308b\u3002", "language": {"name": "ja-Hrkt", "url": "https://pokeapi.co/api/v2/language/1/"}, "version_group": {"name": "sun-moon", "url": "https://pokeapi.co/api/v2/version-group/17/"}}, {"flavor_text": "1\ud134\uc9f8\uc5d0 \ud30c\uace0\ub4e4\uc5b4 2\ud134\uc9f8\uc5d0\n\uc0c1\ub300\ub97c \uacf5\uaca9\ud55c\ub2e4.", "language": {"name": "ko", "url": "https://pokeapi.co/api/v2/language/3/"}, "version_group": {"name": "sun-moon", "url": "https://pokeapi.co/api/v2/version-group/17/"}}, {"flavor_text": "\u4f7f\u7528\u5f8c\u7684\u7b2c\uff11\u56de\u5408\u6f5b\u5165\u5730\u5e95\uff0c\n\u4e26\u65bc\u7b2c\uff12\u56de\u5408\u653b\u64ca\u5c0d\u624b\u3002", "language": {"name": "zh-Hant", "url": "https://pokeapi.co/api/v2/language/4/"}, "version_group": {"name": "sun-moon", "url": "https://pokeapi.co/api/v2/version-group/17/"}}, {"flavor_text": "Le lanceur creuse au premier tour et frappe au\nsecond.", "language": {"name": "fr", "url": "https://pokeapi.co/api/v2/language/5/"}, "version_group": {"name": "sun-moon", "url": "https://pokeapi.co/api/v2/version-group/17/"}}, {"flavor_text": "In Runde 1 gr\u00e4bt sich der Anwender ein und in\nRunde 2 greift er an.", "language": {"name": "de", "url": "https://pokeapi.co/api/v2/language/6/"}, "version_group": {"name": "sun-moon", "url": "https://pokeapi.co/api/v2/version-group/17/"}}, {"flavor_text": "Primer turno: cava. Segundo turno: ataca.", "language": {"name": "es", "url": "https://pokeapi.co/api/v2/language/7/"}, "version_group": {"name": "sun-moon", "url": "https://pokeapi.co/api/v2/version-group/17/"}}, {"flavor_text": "Chi la usa scava al primo turno e attacca\nal successivo.", "language": {"name": "it", "url": "https://pokeapi.co/api/v2/language/8/"}, "version_group": {"name": "sun-moon", "url": "https://pokeapi.co/api/v2/version-group/17/"}}, {"flavor_text": "The user burrows, then attacks on the next turn.", "language": {"name": "en", "url": "https://pokeapi.co/api/v2/language/9/"}, "version_group": {"name": "sun-moon", "url": "https://pokeapi.co/api/v2/version-group/17/"}}, {"flavor_text": "\uff11\u30bf\u30fc\u30f3\u76ee\u306b\u3000\u6f5c\u308a\u3000\uff12\u30bf\u30fc\u30f3\u76ee\u3067\n\u76f8\u624b\u3092\u3000\u653b\u6483\u3059\u308b\u3002", "language": {"name": "ja", "url": "https://pokeapi.co/api/v2/language/11/"}, "version_group": {"name": "sun-moon", "url": "https://pokeapi.co/api/v2/version-group/17/"}}, {"flavor_text": "\u7b2c\uff11\u56de\u5408\u94bb\u5165\uff0c\n\u7b2c\uff12\u56de\u5408\u653b\u51fb\u5bf9\u624b\u3002", "language": {"name": "zh-Hans", "url": "https://pokeapi.co/api/v2/language/12/"}, "version_group": {"name": "sun-moon", "url": "https://pokeapi.co/api/v2/version-group/17/"}}, {"flavor_text": "\uff11\u30bf\u30fc\u30f3\u3081\u306b\u3000\u3082\u3050\u308a\u3000\uff12\u30bf\u30fc\u30f3\u3081\u3067\n\u3042\u3044\u3066\u3092\u3000\u3053\u3046\u3052\u304d\u3059\u308b\u3002", "language": {"name": "ja-Hrkt", "url": "https://pokeapi.co/api/v2/language/1/"}, "version_group": {"name": "ultra-sun-ultra-moon", "url": "https://pokeapi.co/api/v2/version-group/18/"}}, {"flavor_text": "1\ud134\uc9f8\uc5d0 \ud30c\uace0\ub4e4\uc5b4 2\ud134\uc9f8\uc5d0\n\uc0c1\ub300\ub97c \uacf5\uaca9\ud55c\ub2e4.", "language": {"name": "ko", "url": "https://pokeapi.co/api/v2/language/3/"}, "version_group": {"name": "ultra-sun-ultra-moon", "url": "https://pokeapi.co/api/v2/version-group/18/"}}, {"flavor_text": "\u4f7f\u7528\u5f8c\u7684\u7b2c\uff11\u56de\u5408\u6f5b\u5165\u5730\u5e95\uff0c\n\u4e26\u65bc\u7b2c\uff12\u56de\u5408\u653b\u64ca\u5c0d\u624b\u3002", "language": {"name": "zh-Hant", "url": "https://pokeapi.co/api/v2/language/4/"}, "version_group": {"name": "ultra-sun-ultra-moon", "url": "https://pokeapi.co/api/v2/version-group/18/"}}, {"flavor_text": "Le lanceur creuse au premier tour et frappe au\nsecond.", "language": {"name": "fr", "url": "https://pokeapi.co/api/v2/language/5/"}, "version_group": {"name": "ultra-sun-ultra-moon", "url": "https://pokeapi.co/api/v2/version-group/18/"}}, {"flavor_text": "In Runde 1 gr\u00e4bt sich der Anwender ein und in\nRunde 2 greift er an.", "language": {"name": "de", "url": "https://pokeapi.co/api/v2/language/6/"}, "version_group": {"name": "ultra-sun-ultra-moon", "url": "https://pokeapi.co/api/v2/version-group/18/"}}, {"flavor_text": "Primer turno: cava. Segundo turno: ataca.", "language": {"name": "es", "url": "https://pokeapi.co/api/v2/language/7/"}, "version_group": {"name": "ultra-sun-ultra-moon", "url": "https://pokeapi.co/api/v2/version-group/18/"}}, {"flavor_text": "Chi la usa scava al primo turno e attacca\nal successivo.", "language": {"name": "it", "url": "https://pokeapi.co/api/v2/language/8/"}, "version_group": {"name": "ultra-sun-ultra-moon", "url": "https://pokeapi.co/api/v2/version-group/18/"}}, {"flavor_text": "The user burrows, then attacks on the next turn.", "language": {"name": "en", "url": "https://pokeapi.co/api/v2/language/9/"}, "version_group": {"name": "ultra-sun-ultra-moon", "url": "https://pokeapi.co/api/v2/version-group/18/"}}, {"flavor_text": "\uff11\u30bf\u30fc\u30f3\u76ee\u306b\u3000\u6f5c\u308a\u3000\uff12\u30bf\u30fc\u30f3\u76ee\u3067\n\u76f8\u624b\u3092\u3000\u653b\u6483\u3059\u308b\u3002", "language": {"name": "ja", "url": "https://pokeapi.co/api/v2/language/11/"}, "version_group": {"name": "ultra-sun-ultra-moon", "url": "https://pokeapi.co/api/v2/version-group/18/"}}, {"flavor_text": "\u7b2c\uff11\u56de\u5408\u94bb\u5165\uff0c\n\u7b2c\uff12\u56de\u5408\u653b\u51fb\u5bf9\u624b\u3002", "language": {"name": "zh-Hans", "url": "https://pokeapi.co/api/v2/language/12/"}, "version_group": {"name": "ultra-sun-ultra-moon", "url": "https://pokeapi.co/api/v2/version-group/18/"}}, {"flavor_text": "\uff11\u30bf\u30fc\u30f3\u3081\u306b\u3000\u3082\u3050\u308a\u3000\uff12\u30bf\u30fc\u30f3\u3081\u3067\n\u3042\u3044\u3066\u3092\u3000\u3053\u3046\u3052\u304d\u3059\u308b\u3002", "language": {"name": "ja-Hrkt", "url": "https://pokeapi.co/api/v2/language/1/"}, "version_group": {"name": "lets-go-pikachu-lets-go-eevee", "url": "https://pokeapi.co/api/v2/version-group/19/"}}, {"flavor_text": "1\ud134\uc9f8\uc5d0 \ud30c\uace0\ub4e4\uc5b4 2\ud134\uc9f8\uc5d0\n\uc0c1\ub300\ub97c \uacf5\uaca9\ud55c\ub2e4.", "language": {"name": "ko", "url": "https://pokeapi.co/api/v2/language/3/"}, "version_group": {"name": "lets-go-pikachu-lets-go-eevee", "url": "https://pokeapi.co/api/v2/version-group/19/"}}, {"flavor_text": "\u4f7f\u7528\u5f8c\u7684\u7b2c\uff11\u56de\u5408\u6f5b\u5165\u5730\u5e95\uff0c\n\u4e26\u65bc\u7b2c\uff12\u56de\u5408\u653b\u64ca\u5c0d\u624b\u3002", "language": {"name": "zh-Hant", "url": "https://pokeapi.co/api/v2/language/4/"}, "version_group": {"name": "lets-go-pikachu-lets-go-eevee", "url": "https://pokeapi.co/api/v2/version-group/19/"}}, {"flavor_text": "Le lanceur creuse au premier tour et frappe au second.", "language": {"name": "fr", "url": "https://pokeapi.co/api/v2/language/5/"}, "version_group": {"name": "lets-go-pikachu-lets-go-eevee", "url": "https://pokeapi.co/api/v2/version-group/19/"}}, {"flavor_text": "In Runde 1 gr\u00e4bt sich der Anwender ein und in\nRunde 2 greift er an.", "language": {"name": "de", "url": "https://pokeapi.co/api/v2/language/6/"}, "version_group": {"name": "lets-go-pikachu-lets-go-eevee", "url": "https://pokeapi.co/api/v2/version-group/19/"}}, {"flavor_text": "Primer turno: cava. Segundo turno: ataca.", "language": {"name": "es", "url": "https://pokeapi.co/api/v2/language/7/"}, "version_group": {"name": "lets-go-pikachu-lets-go-eevee", "url": "https://pokeapi.co/api/v2/version-group/19/"}}, {"flavor_text": "Chi la usa scava al primo turno e attacca\nal successivo.", "language": {"name": "it", "url": "https://pokeapi.co/api/v2/language/8/"}, "version_group": {"name": "lets-go-pikachu-lets-go-eevee", "url": "https://pokeapi.co/api/v2/version-group/19/"}}, {"flavor_text": "The user burrows into the ground, then attacks on\nthe next turn.", "language": {"name": "en", "url": "https://pokeapi.co/api/v2/language/9/"}, "version_group": {"name": "lets-go-pikachu-lets-go-eevee", "url": "https://pokeapi.co/api/v2/version-group/19/"}}, {"flavor_text": "\uff11\u30bf\u30fc\u30f3\u76ee\u306b\u3000\u6f5c\u308a\u3000\uff12\u30bf\u30fc\u30f3\u76ee\u3067\n\u76f8\u624b\u3092\u3000\u653b\u6483\u3059\u308b\u3002", "language": {"name": "ja", "url": "https://pokeapi.co/api/v2/language/11/"}, "version_group": {"name": "lets-go-pikachu-lets-go-eevee", "url": "https://pokeapi.co/api/v2/version-group/19/"}}, {"flavor_text": "\u7b2c\uff11\u56de\u5408\u94bb\u5165\uff0c\n\u7b2c\uff12\u56de\u5408\u653b\u51fb\u5bf9\u624b\u3002", "language": {"name": "zh-Hans", "url": "https://pokeapi.co/api/v2/language/12/"}, "version_group": {"name": "lets-go-pikachu-lets-go-eevee", "url": "https://pokeapi.co/api/v2/version-group/19/"}}, {"flavor_text": "\uff11\u30bf\u30fc\u30f3\u3081\u306b\u3000\u3082\u3050\u308a\u3000\uff12\u30bf\u30fc\u30f3\u3081\u3067\n\u3042\u3044\u3066\u3092\u3000\u3053\u3046\u3052\u304d\u3059\u308b\u3002", "language": {"name": "ja-Hrkt", "url": "https://pokeapi.co/api/v2/language/1/"}, "version_group": {"name": "sword-shield", "url": "https://pokeapi.co/api/v2/version-group/20/"}}, {"flavor_text": "1\ud134\uc9f8\uc5d0 \ud30c\uace0\ub4e4\uc5b4 2\ud134\uc9f8\uc5d0\n\uc0c1\ub300\ub97c \uacf5\uaca9\ud55c\ub2e4.", "language": {"name": "ko", "url": "https://pokeapi.co/api/v2/language/3/"}, "version_group": {"name": "sword-shield", "url": "https://pokeapi.co/api/v2/version-group/20/"}}, {"flavor_text": "\u4f7f\u7528\u5f8c\u7684\u7b2c\uff11\u56de\u5408\u6f5b\u5165\u5730\u5e95\uff0c\n\u4e26\u65bc\u7b2c\uff12\u56de\u5408\u653b\u64ca\u5c0d\u624b\u3002", "language": {"name": "zh-Hant", "url": "https://pokeapi.co/api/v2/language/4/"}, "version_group": {"name": "sword-shield", "url": "https://pokeapi.co/api/v2/version-group/20/"}}, {"flavor_text": "Le lanceur creuse au premier tour et frappe au second.", "language": {"name": "fr", "url": "https://pokeapi.co/api/v2/language/5/"}, "version_group": {"name": "sword-shield", "url": "https://pokeapi.co/api/v2/version-group/20/"}}, {"flavor_text": "In Runde 1 gr\u00e4bt sich der Anwender ein und in Runde 2\ngreift er an.", "language": {"name": "de", "url": "https://pokeapi.co/api/v2/language/6/"}, "version_group": {"name": "sword-shield", "url": "https://pokeapi.co/api/v2/version-group/20/"}}, {"flavor_text": "El usuario cava durante el primer turno y ataca en el\nsegundo.", "language": {"name": "es", "url": "https://pokeapi.co/api/v2/language/7/"}, "version_group": {"name": "sword-shield", "url": "https://pokeapi.co/api/v2/version-group/20/"}}, {"flavor_text": "Chi la usa scava al primo turno e attacca\nal successivo.", "language": {"name": "it", "url": "https://pokeapi.co/api/v2/language/8/"}, "version_group": {"name": "sword-shield", "url": "https://pokeapi.co/api/v2/version-group/20/"}}, {"flavor_text": "The user burrows into the ground, then attacks on\nthe next turn.", "language": {"name": "en", "url": "https://pokeapi.co/api/v2/language/9/"}, "version_group": {"name": "sword-shield", "url": "https://pokeapi.co/api/v2/version-group/20/"}}, {"flavor_text": "\uff11\u30bf\u30fc\u30f3\u76ee\u306b\u3000\u6f5c\u308a\u3000\uff12\u30bf\u30fc\u30f3\u76ee\u3067\n\u76f8\u624b\u3092\u3000\u653b\u6483\u3059\u308b\u3002", "language": {"name": "ja", "url": "https://pokeapi.co/api/v2/language/11/"}, "version_group": {"name": "sword-shield", "url": "https://pokeapi.co/api/v2/version-group/20/"}}, {"flavor_text": "\u7b2c\uff11\u56de\u5408\u94bb\u5165\uff0c\n\u7b2c\uff12\u56de\u5408\u653b\u51fb\u5bf9\u624b\u3002", "language": {"name": "zh-Hans", "url": "https://pokeapi.co/api/v2/language/12/"}, "version_group": {"name": "sword-shield", "url": "https://pokeapi.co/api/v2/version-group/20/"}}], "generation": {"name": "generation-i", "url": "https://pokeapi.co/api/v2/generation/1/"}, "id": 91, "learned_by_pokemon": [{"name": "charmander", "url": "https://pokeapi.co/api/v2/pokemon/4/"}, {"name": "charmeleon", "url": "https://pokeapi.co/api/v2/pokemon/5/"}, {"name": "charizard", "url": "https://pokeapi.co/api/v2/pokemon/6/"}, {"name": "squirtle", "url": "https://pokeapi.co/api/v2/pokemon/7/"}, {"name": "wartortle", "url": "https://pokeapi.co/api/v2/pokemon/8/"}, {"name": "blastoise", "url": "https://pokeapi.co/api/v2/pokemon/9/"}, {"name": "rattata", "url": "https://pokeapi.co/api/v2/pokemon/19/"}, {"name": "raticate", "url": "https://pokeapi.co/api/v2/pokemon/20/"}, {"name": "ekans", "url": "https://pokeapi.co/api/v2/pokemon/23/"}, {"name": "arbok", "url": "https://pokeapi.co/api/v2/pokemon/24/"}, {"name": "pikachu", "url": "https://pokeapi.co/api/v2/pokemon/25/"}, {"name": "raichu", "url": "https://pokeapi.co/api/v2/pokemon/26/"}, {"name": "sandshrew", "url": "https://pokeapi.co/api/v2/pokemon/27/"}, {"name": "sandslash", "url": "https://pokeapi.co/api/v2/pokemon/28/"}, {"name": "nidoran-f", "url": "https://pokeapi.co/api/v2/pokemon/29/"}, {"name": "nidorina", "url": "https://pokeapi.co/api/v2/pokemon/30/"}, {"name": "nidoqueen", "url": "https://pokeapi.co/api/v2/pokemon/31/"}, {"name": "nidoran-m", "url": "https://pokeapi.co/api/v2/pokemon/32/"}, {"name": "nidorino", "url": "https://pokeapi.co/api/v2/pokemon/33/"}, {"name": "nidoking", "url": "https://pokeapi.co/api/v2/pokemon/34/"}, {"name": "clefairy", "url": "https://pokeapi.co/api/v2/pokemon/35/"}, {"name": "clefable", "url": "https://pokeapi.co/api/v2/pokemon/36/"}, {"name": "vulpix", "url": "https://pokeapi.co/api/v2/pokemon/37/"}, {"name": "ninetales", "url": "https://pokeapi.co/api/v2/pokemon/38/"}, {"name": "jigglypuff", "url": "https://pokeapi.co/api/v2/pokemon/39/"}, {"name": "wigglytuff", "url": "https://pokeapi.co/api/v2/pokemon/40/"}, {"name": "paras", "url": "https://pokeapi.co/api/v2/pokemon/46/"}, {"name": "parasect", "url": "https://pokeapi.co/api/v2/pokemon/47/"}, {"name": "diglett", "url": "https://pokeapi.co/api/v2/pokemon/50/"}, {"name": "dugtrio", "url": "https://pokeapi.co/api/v2/pokemon/51/"}, {"name": "meowth", "url": "https://pokeapi.co/api/v2/pokemon/52/"}, {"name": "persian", "url": "https://pokeapi.co/api/v2/pokemon/53/"}, {"name": "psyduck", "url": "https://pokeapi.co/api/v2/pokemon/54/"}, {"name": "golduck", "url": "https://pokeapi.co/api/v2/pokemon/55/"}, {"name": "mankey", "url": "https://pokeapi.co/api/v2/pokemon/56/"}, {"name": "primeape", "url": "https://pokeapi.co/api/v2/pokemon/57/"}, {"name": "growlithe", "url": "https://pokeapi.co/api/v2/pokemon/58/"}, {"name": "arcanine", "url": "https://pokeapi.co/api/v2/pokemon/59/"}, {"name": "poliwag", "url": "https://pokeapi.co/api/v2/pokemon/60/"}, {"name": "poliwhirl", "url": "https://pokeapi.co/api/v2/pokemon/61/"}, {"name": "poliwrath", "url": "https://pokeapi.co/api/v2/pokemon/62/"}, {"name": "kadabra", "url": "https://pokeapi.co/api/v2/pokemon/64/"}, {"name": "alakazam", "url": "https://pokeapi.co/api/v2/pokemon/65/"}, {"name": "machop", "url": "https://pokeapi.co/api/v2/pokemon/66/"}, {"name": "machoke", "url": "https://pokeapi.co/api/v2/pokemon/67/"}, {"name": "machamp", "url": "https://pokeapi.co/api/v2/pokemon/68/"}, {"name": "geodude", "url": "https://pokeapi.co/api/v2/pokemon/74/"}, {"name": "graveler", "url": "https://pokeapi.co/api/v2/pokemon/75/"}, {"name": "golem", "url": "https://pokeapi.co/api/v2/pokemon/76/"}, {"name": "slowpoke", "url": "https://pokeapi.co/api/v2/pokemon/79/"}, {"name": "slowbro", "url": "https://pokeapi.co/api/v2/pokemon/80/"}, {"name": "grimer", "url": "https://pokeapi.co/api/v2/pokemon/88/"}, {"name": "muk", "url": "https://pokeapi.co/api/v2/pokemon/89/"}, {"name": "onix", "url": "https://pokeapi.co/api/v2/pokemon/95/"}, {"name": "krabby", "url": "https://pokeapi.co/api/v2/pokemon/98/"}, {"name": "kingler", "url": "https://pokeapi.co/api/v2/pokemon/99/"}, {"name": "cubone", "url": "https://pokeapi.co/api/v2/pokemon/104/"}, {"name": "marowak", "url": "https://pokeapi.co/api/v2/pokemon/105/"}, {"name": "lickitung", "url": "https://pokeapi.co/api/v2/pokemon/108/"}, {"name": "rhyhorn", "url": "https://pokeapi.co/api/v2/pokemon/111/"}, {"name": "rhydon", "url": "https://pokeapi.co/api/v2/pokemon/112/"}, {"name": "kangaskhan", "url": "https://pokeapi.co/api/v2/pokemon/115/"}, {"name": "pinsir", "url": "https://pokeapi.co/api/v2/pokemon/127/"}, {"name": "tauros", "url": "https://pokeapi.co/api/v2/pokemon/128/"}, {"name": "eevee", "url": "https://pokeapi.co/api/v2/pokemon/133/"}, {"name": "vaporeon", "url": "https://pokeapi.co/api/v2/pokemon/134/"}, {"name": "jolteon", "url": "https://pokeapi.co/api/v2/pokemon/135/"}, {"name": "flareon", "url": "https://pokeapi.co/api/v2/pokemon/136/"}, {"name": "kabuto", "url": "https://pokeapi.co/api/v2/pokemon/140/"}, {"name": "kabutops", "url": "https://pokeapi.co/api/v2/pokemon/141/"}, {"name": "snorlax", "url": "https://pokeapi.co/api/v2/pokemon/143/"}, {"name": "mew", "url": "https://pokeapi.co/api/v2/pokemon/151/"}, {"name": "cyndaquil", "url": "https://pokeapi.co/api/v2/pokemon/155/"}, {"name": "quilava", "url": "https://pokeapi.co/api/v2/pokemon/156/"}, {"name": "typhlosion", "url": "https://pokeapi.co/api/v2/pokemon/157/"}, {"name": "totodile", "url": "https://pokeapi.co/api/v2/pokemon/158/"}, {"name": "croconaw", "url": "https://pokeapi.co/api/v2/pokemon/159/"}, {"name": "feraligatr", "url": "https://pokeapi.co/api/v2/pokemon/160/"}, {"name": "sentret", "url": "https://pokeapi.co/api/v2/pokemon/161/"}, {"name": "furret", "url": "https://pokeapi.co/api/v2/pokemon/162/"}, {"name": "ledyba", "url": "https://pokeapi.co/api/v2/pokemon/165/"}, {"name": "ledian", "url": "https://pokeapi.co/api/v2/pokemon/166/"}, {"name": "spinarak", "url": "https://pokeapi.co/api/v2/pokemon/167/"}, {"name": "ariados", "url": "https://pokeapi.co/api/v2/pokemon/168/"}, {"name": "cleffa", "url": "https://pokeapi.co/api/v2/pokemon/173/"}, {"name": "igglybuff", "url": "https://pokeapi.co/api/v2/pokemon/174/"}, {"name": "mareep", "url": "https://pokeapi.co/api/v2/pokemon/179/"}, {"name": "flaaffy", "url": "https://pokeapi.co/api/v2/pokemon/180/"}, {"name": "ampharos", "url": "https://pokeapi.co/api/v2/pokemon/181/"}, {"name": "marill", "url": "https://pokeapi.co/api/v2/pokemon/183/"}, {"name": "azumarill", "url": "https://pokeapi.co/api/v2/pokemon/184/"}, {"name": "sudowoodo", "url": "https://pokeapi.co/api/v2/pokemon/185/"}, {"name": "politoed", "url": "https://pokeapi.co/api/v2/pokemon/186/"}, {"name": "aipom", "url": "https://pokeapi.co/api/v2/pokemon/190/"}, {"name": "wooper", "url": "https://pokeapi.co/api/v2/pokemon/194/"}, {"name": "quagsire", "url": "https://pokeapi.co/api/v2/pokemon/195/"}, {"name": "espeon", "url": "https://pokeapi.co/api/v2/pokemon/196/"}, {"name": "umbreon", "url": "https://pokeapi.co/api/v2/pokemon/197/"}, {"name": "slowking", "url": "https://pokeapi.co/api/v2/pokemon/199/"}, {"name": "pineco", "url": "https://pokeapi.co/api/v2/pokemon/204/"}, {"name": "forretress", "url": "https://pokeapi.co/api/v2/pokemon/205/"}, {"name": "dunsparce", "url": "https://pokeapi.co/api/v2/pokemon/206/"}, {"name": "gligar", "url": "https://pokeapi.co/api/v2/pokemon/207/"}, {"name": "steelix", "url": "https://pokeapi.co/api/v2/pokemon/208/"}, {"name": "snubbull", "url": "https://pokeapi.co/api/v2/pokemon/209/"}, {"name": "granbull", "url": "https://pokeapi.co/api/v2/pokemon/210/"}, {"name": "shuckle", "url": "https://pokeapi.co/api/v2/pokemon/213/"}, {"name": "heracross", "url": "https://pokeapi.co/api/v2/pokemon/214/"}, {"name": "sneasel", "url": "https://pokeapi.co/api/v2/pokemon/215/"}, {"name": "teddiursa", "url": "https://pokeapi.co/api/v2/pokemon/216/"}, {"name": "ursaring", "url": "https://pokeapi.co/api/v2/pokemon/217/"}, {"name": "swinub", "url": "https://pokeapi.co/api/v2/pokemon/220/"}, {"name": "piloswine", "url": "https://pokeapi.co/api/v2/pokemon/221/"}, {"name": "corsola", "url": "https://pokeapi.co/api/v2/pokemon/222/"}, {"name": "phanpy", "url": "https://pokeapi.co/api/v2/pokemon/231/"}, {"name": "donphan", "url": "https://pokeapi.co/api/v2/pokemon/232/"}, {"name": "stantler", "url": "https://pokeapi.co/api/v2/pokemon/234/"}, {"name": "hitmontop", "url": "https://pokeapi.co/api/v2/pokemon/237/"}, {"name": "raikou", "url": "https://pokeapi.co/api/v2/pokemon/243/"}, {"name": "entei", "url": "https://pokeapi.co/api/v2/pokemon/244/"}, {"name": "suicune", "url": "https://pokeapi.co/api/v2/pokemon/245/"}, {"name": "larvitar", "url": "https://pokeapi.co/api/v2/pokemon/246/"}, {"name": "pupitar", "url": "https://pokeapi.co/api/v2/pokemon/247/"}, {"name": "tyranitar", "url": "https://pokeapi.co/api/v2/pokemon/248/"}, {"name": "treecko", "url": "https://pokeapi.co/api/v2/pokemon/252/"}, {"name": "grovyle", "url": "https://pokeapi.co/api/v2/pokemon/253/"}, {"name": "sceptile", "url": "https://pokeapi.co/api/v2/pokemon/254/"}, {"name": "torchic", "url": "https://pokeapi.co/api/v2/pokemon/255/"}, {"name": "combusken", "url": "https://pokeapi.co/api/v2/pokemon/256/"}, {"name": "blaziken", "url": "https://pokeapi.co/api/v2/pokemon/257/"}, {"name": "mudkip", "url": "https://pokeapi.co/api/v2/pokemon/258/"}, {"name": "marshtomp", "url": "https://pokeapi.co/api/v2/pokemon/259/"}, {"name": "swampert", "url": "https://pokeapi.co/api/v2/pokemon/260/"}, {"name": "poochyena", "url": "https://pokeapi.co/api/v2/pokemon/261/"}, {"name": "mightyena", "url": "https://pokeapi.co/api/v2/pokemon/262/"}, {"name": "zigzagoon", "url": "https://pokeapi.co/api/v2/pokemon/263/"}, {"name": "linoone", "url": "https://pokeapi.co/api/v2/pokemon/264/"}, {"name": "seedot", "url": "https://pokeapi.co/api/v2/pokemon/273/"}, {"name": "nuzleaf", "url": "https://pokeapi.co/api/v2/pokemon/274/"}, {"name": "shiftry", "url": "https://pokeapi.co/api/v2/pokemon/275/"}, {"name": "breloom", "url": "https://pokeapi.co/api/v2/pokemon/286/"}, {"name": "vigoroth", "url": "https://pokeapi.co/api/v2/pokemon/288/"}, {"name": "slaking", "url": "https://pokeapi.co/api/v2/pokemon/289/"}, {"name": "nincada", "url": "https://pokeapi.co/api/v2/pokemon/290/"}, {"name": "ninjask", "url": "https://pokeapi.co/api/v2/pokemon/291/"}, {"name": "shedinja", "url": "https://pokeapi.co/api/v2/pokemon/292/"}, {"name": "makuhita", "url": "https://pokeapi.co/api/v2/pokemon/296/"}, {"name": "hariyama", "url": "https://pokeapi.co/api/v2/pokemon/297/"}, {"name": "skitty", "url": "https://pokeapi.co/api/v2/pokemon/300/"}, {"name": "delcatty", "url": "https://pokeapi.co/api/v2/pokemon/301/"}, {"name": "sableye", "url": "https://pokeapi.co/api/v2/pokemon/302/"}, {"name": "aron", "url": "https://pokeapi.co/api/v2/pokemon/304/"}, {"name": "lairon", "url": "https://pokeapi.co/api/v2/pokemon/305/"}, {"name": "aggron", "url": "https://pokeapi.co/api/v2/pokemon/306/"}, {"name": "numel", "url": "https://pokeapi.co/api/v2/pokemon/322/"}, {"name": "camerupt", "url": "https://pokeapi.co/api/v2/pokemon/323/"}, {"name": "grumpig", "url": "https://pokeapi.co/api/v2/pokemon/326/"}, {"name": "spinda", "url": "https://pokeapi.co/api/v2/pokemon/327/"}, {"name": "trapinch", "url": "https://pokeapi.co/api/v2/pokemon/328/"}, {"name": "vibrava", "url": "https://pokeapi.co/api/v2/pokemon/329/"}, {"name": "flygon", "url": "https://pokeapi.co/api/v2/pokemon/330/"}, {"name": "cacnea", "url": "https://pokeapi.co/api/v2/pokemon/331/"}, {"name": "cacturne", "url": "https://pokeapi.co/api/v2/pokemon/332/"}, {"name": "zangoose", "url": "https://pokeapi.co/api/v2/pokemon/335/"}, {"name": "seviper", "url": "https://pokeapi.co/api/v2/pokemon/336/"}, {"name": "corphish", "url": "https://pokeapi.co/api/v2/pokemon/341/"}, {"name": "crawdaunt", "url": "https://pokeapi.co/api/v2/pokemon/342/"}, {"name": "baltoy", "url": "https://pokeapi.co/api/v2/pokemon/343/"}, {"name": "claydol", "url": "https://pokeapi.co/api/v2/pokemon/344/"}, {"name": "cradily", "url": "https://pokeapi.co/api/v2/pokemon/346/"}, {"name": "anorith", "url": "https://pokeapi.co/api/v2/pokemon/347/"}, {"name": "armaldo", "url": "https://pokeapi.co/api/v2/pokemon/348/"}, {"name": "kecleon", "url": "https://pokeapi.co/api/v2/pokemon/352/"}, {"name": "regirock", "url": "https://pokeapi.co/api/v2/pokemon/377/"}, {"name": "groudon", "url": "https://pokeapi.co/api/v2/pokemon/383/"}, {"name": "chimchar", "url": "https://pokeapi.co/api/v2/pokemon/390/"}, {"name": "monferno", "url": "https://pokeapi.co/api/v2/pokemon/391/"}, {"name": "infernape", "url": "https://pokeapi.co/api/v2/pokemon/392/"}, {"name": "piplup", "url": "https://pokeapi.co/api/v2/pokemon/393/"}, {"name": "prinplup", "url": "https://pokeapi.co/api/v2/pokemon/394/"}, {"name": "empoleon", "url": "https://pokeapi.co/api/v2/pokemon/395/"}, {"name": "bidoof", "url": "https://pokeapi.co/api/v2/pokemon/399/"}, {"name": "bibarel", "url": "https://pokeapi.co/api/v2/pokemon/400/"}, {"name": "cranidos", "url": "https://pokeapi.co/api/v2/pokemon/408/"}, {"name": "rampardos", "url": "https://pokeapi.co/api/v2/pokemon/409/"}, {"name": "shieldon", "url": "https://pokeapi.co/api/v2/pokemon/410/"}, {"name": "bastiodon", "url": "https://pokeapi.co/api/v2/pokemon/411/"}, {"name": "wormadam-plant", "url": "https://pokeapi.co/api/v2/pokemon/413/"}, {"name": "pachirisu", "url": "https://pokeapi.co/api/v2/pokemon/417/"}, {"name": "buizel", "url": "https://pokeapi.co/api/v2/pokemon/418/"}, {"name": "floatzel", "url": "https://pokeapi.co/api/v2/pokemon/419/"}, {"name": "gastrodon", "url": "https://pokeapi.co/api/v2/pokemon/423/"}, {"name": "ambipom", "url": "https://pokeapi.co/api/v2/pokemon/424/"}, {"name": "buneary", "url": "https://pokeapi.co/api/v2/pokemon/427/"}, {"name": "lopunny", "url": "https://pokeapi.co/api/v2/pokemon/428/"}, {"name": "glameow", "url": "https://pokeapi.co/api/v2/pokemon/431/"}, {"name": "purugly", "url": "https://pokeapi.co/api/v2/pokemon/432/"}, {"name": "stunky", "url": "https://pokeapi.co/api/v2/pokemon/434/"}, {"name": "skuntank", "url": "https://pokeapi.co/api/v2/pokemon/435/"}, {"name": "bonsly", "url": "https://pokeapi.co/api/v2/pokemon/438/"}, {"name": "gible", "url": "https://pokeapi.co/api/v2/pokemon/443/"}, {"name": "gabite", "url": "https://pokeapi.co/api/v2/pokemon/444/"}, {"name": "garchomp", "url": "https://pokeapi.co/api/v2/pokemon/445/"}, {"name": "munchlax", "url": "https://pokeapi.co/api/v2/pokemon/446/"}, {"name": "riolu", "url": "https://pokeapi.co/api/v2/pokemon/447/"}, {"name": "lucario", "url": "https://pokeapi.co/api/v2/pokemon/448/"}, {"name": "hippopotas", "url": "https://pokeapi.co/api/v2/pokemon/449/"}, {"name": "hippowdon", "url": "https://pokeapi.co/api/v2/pokemon/450/"}, {"name": "skorupi", "url": "https://pokeapi.co/api/v2/pokemon/451/"}, {"name": "drapion", "url": "https://pokeapi.co/api/v2/pokemon/452/"}, {"name": "croagunk", "url": "https://pokeapi.co/api/v2/pokemon/453/"}, {"name": "toxicroak", "url": "https://pokeapi.co/api/v2/pokemon/454/"}, {"name": "weavile", "url": "https://pokeapi.co/api/v2/pokemon/461/"}, {"name": "lickilicky", "url": "https://pokeapi.co/api/v2/pokemon/463/"}, {"name": "rhyperior", "url": "https://pokeapi.co/api/v2/pokemon/464/"}, {"name": "electivire", "url": "https://pokeapi.co/api/v2/pokemon/466/"}, {"name": "leafeon", "url": "https://pokeapi.co/api/v2/pokemon/470/"}, {"name": "glaceon", "url": "https://pokeapi.co/api/v2/pokemon/471/"}, {"name": "gliscor", "url": "https://pokeapi.co/api/v2/pokemon/472/"}, {"name": "mamoswine", "url": "https://pokeapi.co/api/v2/pokemon/473/"}, {"name": "heatran", "url": "https://pokeapi.co/api/v2/pokemon/485/"}, {"name": "tepig", "url": "https://pokeapi.co/api/v2/pokemon/498/"}, {"name": "pignite", "url": "https://pokeapi.co/api/v2/pokemon/499/"}, {"name": "emboar", "url": "https://pokeapi.co/api/v2/pokemon/500/"}, {"name": "oshawott", "url": "https://pokeapi.co/api/v2/pokemon/501/"}, {"name": "dewott", "url": "https://pokeapi.co/api/v2/pokemon/502/"}, {"name": "samurott", "url": "https://pokeapi.co/api/v2/pokemon/503/"}, {"name": "patrat", "url": "https://pokeapi.co/api/v2/pokemon/504/"}, {"name": "watchog", "url": "https://pokeapi.co/api/v2/pokemon/505/"}, {"name": "lillipup", "url": "https://pokeapi.co/api/v2/pokemon/506/"}, {"name": "herdier", "url": "https://pokeapi.co/api/v2/pokemon/507/"}, {"name": "stoutland", "url": "https://pokeapi.co/api/v2/pokemon/508/"}, {"name": "pansage", "url": "https://pokeapi.co/api/v2/pokemon/511/"}, {"name": "simisage", "url": "https://pokeapi.co/api/v2/pokemon/512/"}, {"name": "pansear", "url": "https://pokeapi.co/api/v2/pokemon/513/"}, {"name": "simisear", "url": "https://pokeapi.co/api/v2/pokemon/514/"}, {"name": "panpour", "url": "https://pokeapi.co/api/v2/pokemon/515/"}, {"name": "simipour", "url": "https://pokeapi.co/api/v2/pokemon/516/"}, {"name": "drilbur", "url": "https://pokeapi.co/api/v2/pokemon/529/"}, {"name": "excadrill", "url": "https://pokeapi.co/api/v2/pokemon/530/"}, {"name": "audino", "url": "https://pokeapi.co/api/v2/pokemon/531/"}, {"name": "timburr", "url": "https://pokeapi.co/api/v2/pokemon/532/"}, {"name": "gurdurr", "url": "https://pokeapi.co/api/v2/pokemon/533/"}, {"name": "conkeldurr", "url": "https://pokeapi.co/api/v2/pokemon/534/"}, {"name": "seismitoad", "url": "https://pokeapi.co/api/v2/pokemon/537/"}, {"name": "throh", "url": "https://pokeapi.co/api/v2/pokemon/538/"}, {"name": "sawk", "url": "https://pokeapi.co/api/v2/pokemon/539/"}, {"name": "scolipede", "url": "https://pokeapi.co/api/v2/pokemon/545/"}, {"name": "sandile", "url": "https://pokeapi.co/api/v2/pokemon/551/"}, {"name": "krokorok", "url": "https://pokeapi.co/api/v2/pokemon/552/"}, {"name": "krookodile", "url": "https://pokeapi.co/api/v2/pokemon/553/"}, {"name": "darumaka", "url": "https://pokeapi.co/api/v2/pokemon/554/"}, {"name": "darmanitan-standard", "url": "https://pokeapi.co/api/v2/pokemon/555/"}, {"name": "dwebble", "url": "https://pokeapi.co/api/v2/pokemon/557/"}, {"name": "crustle", "url": "https://pokeapi.co/api/v2/pokemon/558/"}, {"name": "scraggy", "url": "https://pokeapi.co/api/v2/pokemon/559/"}, {"name": "scrafty", "url": "https://pokeapi.co/api/v2/pokemon/560/"}, {"name": "tirtouga", "url": "https://pokeapi.co/api/v2/pokemon/564/"}, {"name": "carracosta", "url": "https://pokeapi.co/api/v2/pokemon/565/"}, {"name": "archen", "url": "https://pokeapi.co/api/v2/pokemon/566/"}, {"name": "archeops", "url": "https://pokeapi.co/api/v2/pokemon/567/"}, {"name": "zorua", "url": "https://pokeapi.co/api/v2/pokemon/570/"}, {"name": "zoroark", "url": "https://pokeapi.co/api/v2/pokemon/571/"}, {"name": "minccino", "url": "https://pokeapi.co/api/v2/pokemon/572/"}, {"name": "cinccino", "url": "https://pokeapi.co/api/v2/pokemon/573/"}, {"name": "deerling", "url": "https://pokeapi.co/api/v2/pokemon/585/"}, {"name": "sawsbuck", "url": "https://pokeapi.co/api/v2/pokemon/586/"}, {"name": "axew", "url": "https://pokeapi.co/api/v2/pokemon/610/"}, {"name": "fraxure", "url": "https://pokeapi.co/api/v2/pokemon/611/"}, {"name": "haxorus", "url": "https://pokeapi.co/api/v2/pokemon/612/"}, {"name": "cubchoo", "url": "https://pokeapi.co/api/v2/pokemon/613/"}, {"name": "beartic", "url": "https://pokeapi.co/api/v2/pokemon/614/"}, {"name": "stunfisk", "url": "https://pokeapi.co/api/v2/pokemon/618/"}, {"name": "mienfoo", "url": "https://pokeapi.co/api/v2/pokemon/619/"}, {"name": "mienshao", "url": "https://pokeapi.co/api/v2/pokemon/620/"}, {"name": "druddigon", "url": "https://pokeapi.co/api/v2/pokemon/621/"}, {"name": "golett", "url": "https://pokeapi.co/api/v2/pokemon/622/"}, {"name": "golurk", "url": "https://pokeapi.co/api/v2/pokemon/623/"}, {"name": "pawniard", "url": "https://pokeapi.co/api/v2/pokemon/624/"}, {"name": "bisharp", "url": "https://pokeapi.co/api/v2/pokemon/625/"}, {"name": "heatmor", "url": "https://pokeapi.co/api/v2/pokemon/631/"}, {"name": "durant", "url": "https://pokeapi.co/api/v2/pokemon/632/"}, {"name": "landorus-incarnate", "url": "https://pokeapi.co/api/v2/pokemon/645/"}, {"name": "chespin", "url": "https://pokeapi.co/api/v2/pokemon/650/"}, {"name": "quilladin", "url": "https://pokeapi.co/api/v2/pokemon/651/"}, {"name": "chesnaught", "url": "https://pokeapi.co/api/v2/pokemon/652/"}, {"name": "froakie", "url": "https://pokeapi.co/api/v2/pokemon/656/"}, {"name": "frogadier", "url": "https://pokeapi.co/api/v2/pokemon/657/"}, {"name": "greninja", "url": "https://pokeapi.co/api/v2/pokemon/658/"}, {"name": "bunnelby", "url": "https://pokeapi.co/api/v2/pokemon/659/"}, {"name": "diggersby", "url": "https://pokeapi.co/api/v2/pokemon/660/"}, {"name": "litleo", "url": "https://pokeapi.co/api/v2/pokemon/667/"}, {"name": "pyroar", "url": "https://pokeapi.co/api/v2/pokemon/668/"}, {"name": "skiddo", "url": "https://pokeapi.co/api/v2/pokemon/672/"}, {"name": "gogoat", "url": "https://pokeapi.co/api/v2/pokemon/673/"}, {"name": "pancham", "url": "https://pokeapi.co/api/v2/pokemon/674/"}, {"name": "pangoro", "url": "https://pokeapi.co/api/v2/pokemon/675/"}, {"name": "furfrou", "url": "https://pokeapi.co/api/v2/pokemon/676/"}, {"name": "meowstic-male", "url": "https://pokeapi.co/api/v2/pokemon/678/"}, {"name": "binacle", "url": "https://pokeapi.co/api/v2/pokemon/688/"}, {"name": "barbaracle", "url": "https://pokeapi.co/api/v2/pokemon/689/"}, {"name": "helioptile", "url": "https://pokeapi.co/api/v2/pokemon/694/"}, {"name": "heliolisk", "url": "https://pokeapi.co/api/v2/pokemon/695/"}, {"name": "tyrunt", "url": "https://pokeapi.co/api/v2/pokemon/696/"}, {"name": "tyrantrum", "url": "https://pokeapi.co/api/v2/pokemon/697/"}, {"name": "sylveon", "url": "https://pokeapi.co/api/v2/pokemon/700/"}, {"name": "hawlucha", "url": "https://pokeapi.co/api/v2/pokemon/701/"}, {"name": "dedenne", "url": "https://pokeapi.co/api/v2/pokemon/702/"}, {"name": "phantump", "url": "https://pokeapi.co/api/v2/pokemon/708/"}, {"name": "trevenant", "url": "https://pokeapi.co/api/v2/pokemon/709/"}, {"name": "zygarde-50", "url": "https://pokeapi.co/api/v2/pokemon/718/"}, {"name": "volcanion", "url": "https://pokeapi.co/api/v2/pokemon/721/"}, {"name": "yungoos", "url": "https://pokeapi.co/api/v2/pokemon/734/"}, {"name": "gumshoos", "url": "https://pokeapi.co/api/v2/pokemon/735/"}, {"name": "grubbin", "url": "https://pokeapi.co/api/v2/pokemon/736/"}, {"name": "charjabug", "url": "https://pokeapi.co/api/v2/pokemon/737/"}, {"name": "vikavolt", "url": "https://pokeapi.co/api/v2/pokemon/738/"}, {"name": "crabrawler", "url": "https://pokeapi.co/api/v2/pokemon/739/"}, {"name": "crabominable", "url": "https://pokeapi.co/api/v2/pokemon/740/"}, {"name": "rockruff", "url": "https://pokeapi.co/api/v2/pokemon/744/"}, {"name": "lycanroc-midday", "url": "https://pokeapi.co/api/v2/pokemon/745/"}, {"name": "skwovet", "url": "https://pokeapi.co/api/v2/pokemon/819/"}, {"name": "greedent", "url": "https://pokeapi.co/api/v2/pokemon/820/"}, {"name": "nickit", "url": "https://pokeapi.co/api/v2/pokemon/827/"}, {"name": "thievul", "url": "https://pokeapi.co/api/v2/pokemon/828/"}, {"name": "drednaw", "url": "https://pokeapi.co/api/v2/pokemon/834/"}, {"name": "yamper", "url": "https://pokeapi.co/api/v2/pokemon/835/"}, {"name": "boltund", "url": "https://pokeapi.co/api/v2/pokemon/836/"}, {"name": "rolycoly", "url": "https://pokeapi.co/api/v2/pokemon/837/"}, {"name": "carkol", "url": "https://pokeapi.co/api/v2/pokemon/838/"}, {"name": "coalossal", "url": "https://pokeapi.co/api/v2/pokemon/839/"}, {"name": "silicobra", "url": "https://pokeapi.co/api/v2/pokemon/843/"}, {"name": "sandaconda", "url": "https://pokeapi.co/api/v2/pokemon/844/"}, {"name": "grapploct", "url": "https://pokeapi.co/api/v2/pokemon/853/"}, {"name": "obstagoon", "url": "https://pokeapi.co/api/v2/pokemon/862/"}, {"name": "perrserker", "url": "https://pokeapi.co/api/v2/pokemon/863/"}, {"name": "cursola", "url": "https://pokeapi.co/api/v2/pokemon/864/"}, {"name": "cufant", "url": "https://pokeapi.co/api/v2/pokemon/878/"}, {"name": "copperajah", "url": "https://pokeapi.co/api/v2/pokemon/879/"}, {"name": "zacian", "url": "https://pokeapi.co/api/v2/pokemon/888/"}, {"name": "zamazenta", "url": "https://pokeapi.co/api/v2/pokemon/889/"}, {"name": "kubfu", "url": "https://pokeapi.co/api/v2/pokemon/891/"}, {"name": "urshifu-single-strike", "url": "https://pokeapi.co/api/v2/pokemon/892/"}, {"name": "zarude", "url": "https://pokeapi.co/api/v2/pokemon/893/"}, {"name": "wyrdeer", "url": "https://pokeapi.co/api/v2/pokemon/899/"}, {"name": "ursaluna", "url": "https://pokeapi.co/api/v2/pokemon/901/"}, {"name": "sneasler", "url": "https://pokeapi.co/api/v2/pokemon/903/"}, {"name": "fuecoco", "url": "https://pokeapi.co/api/v2/pokemon/909/"}, {"name": "crocalor", "url": "https://pokeapi.co/api/v2/pokemon/910/"}, {"name": "skeledirge", "url": "https://pokeapi.co/api/v2/pokemon/911/"}, {"name": "lechonk", "url": "https://pokeapi.co/api/v2/pokemon/915/"}, {"name": "oinkologne", "url": "https://pokeapi.co/api/v2/pokemon/916/"}, {"name": "pawmi", "url": "https://pokeapi.co/api/v2/pokemon/921/"}, {"name": "pawmo", "url": "https://pokeapi.co/api/v2/pokemon/922/"}, {"name": "pawmot", "url": "https://pokeapi.co/api/v2/pokemon/923/"}, {"name": "tandemaus", "url": "https://pokeapi.co/api/v2/pokemon/924/"}, {"name": "maushold", "url": "https://pokeapi.co/api/v2/pokemon/925/"}, {"name": "fidough", "url": "https://pokeapi.co/api/v2/pokemon/926/"}, {"name": "dachsbun", "url": "https://pokeapi.co/api/v2/pokemon/927/"}, {"name": "nacli", "url": "https://pokeapi.co/api/v2/pokemon/932/"}, {"name": "naclstack", "url": "https://pokeapi.co/api/v2/pokemon/933/"}, {"name": "garganacl", "url": "https://pokeapi.co/api/v2/pokemon/934/"}, {"name": "maschiff", "url": "https://pokeapi.co/api/v2/pokemon/942/"}, {"name": "mabosstiff", "url": "https://pokeapi.co/api/v2/pokemon/943/"}, {"name": "shroodle", "url": "https://pokeapi.co/api/v2/pokemon/944/"}, {"name": "grafaiai", "url": "https://pokeapi.co/api/v2/pokemon/945/"}, {"name": "klawf", "url": "https://pokeapi.co/api/v2/pokemon/950/"}, {"name": "rellor", "url": "https://pokeapi.co/api/v2/pokemon/953/"}, {"name": "rabsca", "url": "https://pokeapi.co/api/v2/pokemon/954/"}, {"name": "wiglett", "url": "https://pokeapi.co/api/v2/pokemon/960/"}, {"name": "wugtrio", "url": "https://pokeapi.co/api/v2/pokemon/961/"}, {"name": "orthworm", "url": "https://pokeapi.co/api/v2/pokemon/968/"}, {"name": "greavard", "url": "https://pokeapi.co/api/v2/pokemon/971/"}, {"name": "houndstone", "url": "https://pokeapi.co/api/v2/pokemon/972/"}, {"name": "annihilape", "url": "https://pokeapi.co/api/v2/pokemon/979/"}, {"name": "clodsire", "url": "https://pokeapi.co/api/v2/pokemon/980/"}, {"name": "dudunsparce", "url": "https://pokeapi.co/api/v2/pokemon/982/"}, {"name": "kingambit", "url": "https://pokeapi.co/api/v2/pokemon/983/"}, {"name": "great-tusk", "url": "https://pokeapi.co/api/v2/pokemon/984/"}, {"name": "scream-tail", "url": "https://pokeapi.co/api/v2/pokemon/985/"}, {"name": "iron-thorns", "url": "https://pokeapi.co/api/v2/pokemon/995/"}, {"name": "frigibax", "url": "https://pokeapi.co/api/v2/pokemon/996/"}, {"name": "arctibax", "url": "https://pokeapi.co/api/v2/pokemon/997/"}, {"name": "baxcalibur", "url": "https://pokeapi.co/api/v2/pokemon/998/"}, {"name": "ting-lu", "url": "https://pokeapi.co/api/v2/pokemon/1003/"}, {"name": "roaring-moon", "url": "https://pokeapi.co/api/v2/pokemon/1005/"}, {"name": "koraidon", "url": "https://pokeapi.co/api/v2/pokemon/1007/"}, {"name": "okidogi", "url": "https://pokeapi.co/api/v2/pokemon/1014/"}, {"name": "wormadam-sandy", "url": "https://pokeapi.co/api/v2/pokemon/10004/"}, {"name": "wormadam-trash", "url": "https://pokeapi.co/api/v2/pokemon/10005/"}, {"name": "darmanitan-zen", "url": "https://pokeapi.co/api/v2/pokemon/10017/"}, {"name": "landorus-therian", "url": "https://pokeapi.co/api/v2/pokemon/10021/"}, {"name": "meowstic-female", "url": "https://pokeapi.co/api/v2/pokemon/10025/"}, {"name": "charizard-mega-x", "url": "https://pokeapi.co/api/v2/pokemon/10034/"}, {"name": "charizard-mega-y", "url": "https://pokeapi.co/api/v2/pokemon/10035/"}, {"name": "blastoise-mega", "url": "https://pokeapi.co/api/v2/pokemon/10036/"}, {"name": "alakazam-mega", "url": "https://pokeapi.co/api/v2/pokemon/10037/"}, {"name": "kangaskhan-mega", "url": "https://pokeapi.co/api/v2/pokemon/10039/"}, {"name": "pinsir-mega", "url": "https://pokeapi.co/api/v2/pokemon/10040/"}, {"name": "heracross-mega", "url": "https://pokeapi.co/api/v2/pokemon/10047/"}, {"name": "tyranitar-mega", "url": "https://pokeapi.co/api/v2/pokemon/10049/"}, {"name": "blaziken-mega", "url": "https://pokeapi.co/api/v2/pokemon/10050/"}, {"name": "aggron-mega", "url": "https://pokeapi.co/api/v2/pokemon/10053/"}, {"name": "garchomp-mega", "url": "https://pokeapi.co/api/v2/pokemon/10058/"}, {"name": "lucario-mega", "url": "https://pokeapi.co/api/v2/pokemon/10059/"}, {"name": "swampert-mega", "url": "https://pokeapi.co/api/v2/pokemon/10064/"}, {"name": "sceptile-mega", "url": "https://pokeapi.co/api/v2/pokemon/10065/"}, {"name": "sableye-mega", "url": "https://pokeapi.co/api/v2/pokemon/10066/"}, {"name": "audino-mega", "url": "https://pokeapi.co/api/v2/pokemon/10069/"}, {"name": "slowbro-mega", "url": "https://pokeapi.co/api/v2/pokemon/10071/"}, {"name": "steelix-mega", "url": "https://pokeapi.co/api/v2/pokemon/10072/"}, {"name": "groudon-primal", "url": "https://pokeapi.co/api/v2/pokemon/10078/"}, {"name": "pikachu-rock-star", "url": "https://pokeapi.co/api/v2/pokemon/10080/"}, {"name": "pikachu-belle", "url": "https://pokeapi.co/api/v2/pokemon/10081/"}, {"name": "pikachu-pop-star", "url": "https://pokeapi.co/api/v2/pokemon/10082/"}, {"name": "pikachu-phd", "url": "https://pokeapi.co/api/v2/pokemon/10083/"}, {"name": "pikachu-libre", "url": "https://pokeapi.co/api/v2/pokemon/10084/"}, {"name": "pikachu-cosplay", "url": "https://pokeapi.co/api/v2/pokemon/10085/"}, {"name": "camerupt-mega", "url": "https://pokeapi.co/api/v2/pokemon/10087/"}, {"name": "lopunny-mega", "url": "https://pokeapi.co/api/v2/pokemon/10088/"}, {"name": "rattata-alola", "url": "https://pokeapi.co/api/v2/pokemon/10091/"}, {"name": "raticate-alola", "url": "https://pokeapi.co/api/v2/pokemon/10092/"}, {"name": "pikachu-original-cap", "url": "https://pokeapi.co/api/v2/pokemon/10094/"}, {"name": "pikachu-hoenn-cap", "url": "https://pokeapi.co/api/v2/pokemon/10095/"}, {"name": "pikachu-sinnoh-cap", "url": "https://pokeapi.co/api/v2/pokemon/10096/"}, {"name": "pikachu-unova-cap", "url": "https://pokeapi.co/api/v2/pokemon/10097/"}, {"name": "pikachu-kalos-cap", "url": "https://pokeapi.co/api/v2/pokemon/10098/"}, {"name": "pikachu-alola-cap", "url": "https://pokeapi.co/api/v2/pokemon/10099/"}, {"name": "raichu-alola", "url": "https://pokeapi.co/api/v2/pokemon/10100/"}, {"name": "sandshrew-alola", "url": "https://pokeapi.co/api/v2/pokemon/10101/"}, {"name": "sandslash-alola", "url": "https://pokeapi.co/api/v2/pokemon/10102/"}, {"name": "vulpix-alola", "url": "https://pokeapi.co/api/v2/pokemon/10103/"}, {"name": "ninetales-alola", "url": "https://pokeapi.co/api/v2/pokemon/10104/"}, {"name": "diglett-alola", "url": "https://pokeapi.co/api/v2/pokemon/10105/"}, {"name": "dugtrio-alola", "url": "https://pokeapi.co/api/v2/pokemon/10106/"}, {"name": "meowth-alola", "url": "https://pokeapi.co/api/v2/pokemon/10107/"}, {"name": "persian-alola", "url": "https://pokeapi.co/api/v2/pokemon/10108/"}, {"name": "geodude-alola", "url": "https://pokeapi.co/api/v2/pokemon/10109/"}, {"name": "graveler-alola", "url": "https://pokeapi.co/api/v2/pokemon/10110/"}, {"name": "golem-alola", "url": "https://pokeapi.co/api/v2/pokemon/10111/"}, {"name": "grimer-alola", "url": "https://pokeapi.co/api/v2/pokemon/10112/"}, {"name": "muk-alola", "url": "https://pokeapi.co/api/v2/pokemon/10113/"}, {"name": "marowak-alola", "url": "https://pokeapi.co/api/v2/pokemon/10115/"}, {"name": "greninja-ash", "url": "https://pokeapi.co/api/v2/pokemon/10117/"}, {"name": "zygarde-10-power-construct", "url": "https://pokeapi.co/api/v2/pokemon/10118/"}, {"name": "zygarde-50-power-construct", "url": "https://pokeapi.co/api/v2/pokemon/10119/"}, {"name": "zygarde-complete", "url": "https://pokeapi.co/api/v2/pokemon/10120/"}, {"name": "vikavolt-totem", "url": "https://pokeapi.co/api/v2/pokemon/10122/"}, {"name": "lycanroc-midnight", "url": "https://pokeapi.co/api/v2/pokemon/10126/"}, {"name": "pikachu-partner-cap", "url": "https://pokeapi.co/api/v2/pokemon/10148/"}, {"name": "rockruff-own-tempo", "url": "https://pokeapi.co/api/v2/pokemon/10151/"}, {"name": "lycanroc-dusk", "url": "https://pokeapi.co/api/v2/pokemon/10152/"}, {"name": "pikachu-starter", "url": "https://pokeapi.co/api/v2/pokemon/10158/"}, {"name": "eevee-starter", "url": "https://pokeapi.co/api/v2/pokemon/10159/"}, {"name": "pikachu-world-cap", "url": "https://pokeapi.co/api/v2/pokemon/10160/"}, {"name": "meowth-galar", "url": "https://pokeapi.co/api/v2/pokemon/10161/"}, {"name": "slowpoke-galar", "url": "https://pokeapi.co/api/v2/pokemon/10164/"}, {"name": "slowbro-galar", "url": "https://pokeapi.co/api/v2/pokemon/10165/"}, {"name": "slowking-galar", "url": "https://pokeapi.co/api/v2/pokemon/10172/"}, {"name": "corsola-galar", "url": "https://pokeapi.co/api/v2/pokemon/10173/"}, {"name": "zigzagoon-galar", "url": "https://pokeapi.co/api/v2/pokemon/10174/"}, {"name": "linoone-galar", "url": "https://pokeapi.co/api/v2/pokemon/10175/"}, {"name": "darumaka-galar", "url": "https://pokeapi.co/api/v2/pokemon/10176/"}, {"name": "darmanitan-galar-standard", "url": "https://pokeapi.co/api/v2/pokemon/10177/"}, {"name": "darmanitan-galar-zen", "url": "https://pokeapi.co/api/v2/pokemon/10178/"}, {"name": "stunfisk-galar", "url": "https://pokeapi.co/api/v2/pokemon/10180/"}, {"name": "zygarde-10", "url": "https://pokeapi.co/api/v2/pokemon/10181/"}, {"name": "zacian-crowned", "url": "https://pokeapi.co/api/v2/pokemon/10188/"}, {"name": "zamazenta-crowned", "url": "https://pokeapi.co/api/v2/pokemon/10189/"}, {"name": "urshifu-rapid-strike", "url": "https://pokeapi.co/api/v2/pokemon/10191/"}, {"name": "zarude-dada", "url": "https://pokeapi.co/api/v2/pokemon/10192/"}, {"name": "growlithe-hisui", "url": "https://pokeapi.co/api/v2/pokemon/10229/"}, {"name": "arcanine-hisui", "url": "https://pokeapi.co/api/v2/pokemon/10230/"}, {"name": "typhlosion-hisui", "url": "https://pokeapi.co/api/v2/pokemon/10233/"}, {"name": "sneasel-hisui", "url": "https://pokeapi.co/api/v2/pokemon/10235/"}, {"name": "samurott-hisui", "url": "https://pokeapi.co/api/v2/pokemon/10236/"}, {"name": "zorua-hisui", "url": "https://pokeapi.co/api/v2/pokemon/10238/"}, {"name": "zoroark-hisui", "url": "https://pokeapi.co/api/v2/pokemon/10239/"}, {"name": "avalugg-hisui", "url": "https://pokeapi.co/api/v2/pokemon/10243/"}, {"name": "tauros-paldea-combat-breed", "url": "https://pokeapi.co/api/v2/pokemon/10250/"}, {"name": "tauros-paldea-blaze-breed", "url": "https://pokeapi.co/api/v2/pokemon/10251/"}, {"name": "tauros-paldea-aqua-breed", "url": "https://pokeapi.co/api/v2/pokemon/10252/"}, {"name": "wooper-paldea", "url": "https://pokeapi.co/api/v2/pokemon/10253/"}, {"name": "oinkologne-female", "url": "https://pokeapi.co/api/v2/pokemon/10254/"}, {"name": "dudunsparce-three-segment", "url": "https://pokeapi.co/api/v2/pokemon/10255/"}, {"name": "maushold-family-of-three", "url": "https://pokeapi.co/api/v2/pokemon/10257/"}, {"name": "koraidon-limited-build", "url": "https://pokeapi.co/api/v2/pokemon/10264/"}, {"name": "koraidon-sprinting-build", "url": "https://pokeapi.co/api/v2/pokemon/10265/"}, {"name": "koraidon-swimming-build", "url": "https://pokeapi.co/api/v2/pokemon/10266/"}, {"name": "koraidon-gliding-build", "url": "https://pokeapi.co/api/v2/pokemon/10267/"}, {"name": "ursaluna-bloodmoon", "url": "https://pokeapi.co/api/v2/pokemon/10272/"}], "machines": [{"machine": {"url": "https://pokeapi.co/api/v2/machine/200/"}, "version_group": {"name": "lets-go-pikachu-lets-go-eevee", "url": "https://pokeapi.co/api/v2/version-group/19/"}}, {"machine": {"url": "https://pokeapi.co/api/v2/machine/301/"}, "version_group": {"name": "sword-shield", "url": "https://pokeapi.co/api/v2/version-group/20/"}}, {"machine": {"url": "https://pokeapi.co/api/v2/machine/542/"}, "version_group": {"name": "red-blue", "url": "https://pokeapi.co/api/v2/version-group/1/"}}, {"machine": {"url": "https://pokeapi.co/api/v2/machine/543/"}, "version_group": {"name": "yellow", "url": "https://pokeapi.co/api/v2/version-group/2/"}}, {"machine": {"url": "https://pokeapi.co/api/v2/machine/544/"}, "version_group": {"name": "gold-silver", "url": "https://pokeapi.co/api/v2/version-group/3/"}}, {"machine": {"url": "https://pokeapi.co/api/v2/machine/545/"}, "version_group": {"name": "crystal", "url": "https://pokeapi.co/api/v2/version-group/4/"}}, {"machine": {"url": "https://pokeapi.co/api/v2/machine/546/"}, "version_group": {"name": "ruby-sapphire", "url": "https://pokeapi.co/api/v2/version-group/5/"}}, {"machine": {"url": "https://pokeapi.co/api/v2/machine/547/"}, "version_group": {"name": "emerald", "url": "https://pokeapi.co/api/v2/version-group/6/"}}, {"machine": {"url": "https://pokeapi.co/api/v2/machine/548/"}, "version_group": {"name": "firered-leafgreen", "url": "https://pokeapi.co/api/v2/version-group/7/"}}, {"machine": {"url": "https://pokeapi.co/api/v2/machine/549/"}, "version_group": {"name": "diamond-pearl", "url": "https://pokeapi.co/api/v2/version-group/8/"}}, {"machine": {"url": "https://pokeapi.co/api/v2/machine/550/"}, "version_group": {"name": "platinum", "url": "https://pokeapi.co/api/v2/version-group/9/"}}, {"machine": {"url": "https://pokeapi.co/api/v2/machine/551/"}, "version_group": {"name": "heartgold-soulsilver", "url": "https://pokeapi.co/api/v2/version-group/10/"}}, {"machine": {"url": "https://pokeapi.co/api/v2/machine/552/"}, "version_group": {"name": "black-white", "url": "https://pokeapi.co/api/v2/version-group/11/"}}, {"machine": {"url": "https://pokeapi.co/api/v2/machine/553/"}, "version_group": {"name": "colosseum", "url": "https://pokeapi.co/api/v2/version-group/12/"}}, {"machine": {"url": "https://pokeapi.co/api/v2/machine/554/"}, "version_group": {"name": "xd", "url": "https://pokeapi.co/api/v2/version-group/13/"}}, {"machine": {"url": "https://pokeapi.co/api/v2/machine/555/"}, "version_group": {"name": "black-2-white-2", "url": "https://pokeapi.co/api/v2/version-group/14/"}}, {"machine": {"url": "https://pokeapi.co/api/v2/machine/556/"}, "version_group": {"name": "x-y", "url": "https://pokeapi.co/api/v2/version-group/15/"}}, {"machine": {"url": "https://pokeapi.co/api/v2/machine/557/"}, "version_group": {"name": "omega-ruby-alpha-sapphire", "url": "https://pokeapi.co/api/v2/version-group/16/"}}, {"machine": {"url": "https://pokeapi.co/api/v2/machine/1760/"}, "version_group": {"name": "scarlet-violet", "url": "https://pokeapi.co/api/v2/version-group/25/"}}], "meta": {"ailment": {"name": "none", "url": "https://pokeapi.co/api/v2/move-ailment/0/"}, "ailment_chance": 0, "category": {"name": "damage", "url": "https://pokeapi.co/api/v2/move-category/0/"}, "crit_rate": 0, "drain": 0, "flinch_chance": 0, "healing": 0, "max_hits": null, "max_turns": null, "min_hits": null, "min_turns": null, "stat_chance": 0}, "name": "dig", "names": [{"language": {"name": "ja-Hrkt", "url": "https://pokeapi.co/api/v2/language/1/"}, "name": "\u3042\u306a\u3092\u307b\u308b"}, {"language": {"name": "ko", "url": "https://pokeapi.co/api/v2/language/3/"}, "name": "\uad6c\uba4d\ud30c\uae30"}, {"language": {"name": "zh-Hant", "url": "https://pokeapi.co/api/v2/language/4/"}, "name": "\u6316\u6d1e"}, {"language": {"name": "fr", "url": "https://pokeapi.co/api/v2/language/5/"}, "name": "Tunnel"}, {"language": {"name": "de", "url": "https://pokeapi.co/api/v2/language/6/"}, "name": "Schaufler"}, {"language": {"name": "es", "url": "https://pokeapi.co/api/v2/language/7/"}, "name": "Excavar"}, {"language": {"name": "it", "url": "https://pokeapi.co/api/v2/language/8/"}, "name": "Fossa"}, {"language": {"name": "en", "url": "https://pokeapi.co/api/v2/language/9/"}, "name": "Dig"}, {"language": {"name": "ja", "url": "https://pokeapi.co/api/v2/language/11/"}, "name": "\u3042\u306a\u3092\u307b\u308b"}, {"language": {"name": "zh-Hans", "url": "https://pokeapi.co/api/v2/language/12/"}, "name": "\u6316\u6d1e"}], "past_values": [{"accuracy": null, "effect_chance": null, "effect_entries": [], "power": 100, "pp": null, "type": null, "version_group": {"name": "gold-silver", "url": "https://pokeapi.co/api/v2/version-group/3/"}}, {"accuracy": null, "effect_chance": null, "effect_entries": [], "power": 60, "pp": null, "type": null, "version_group": {"name": "diamond-pearl", "url": "https://pokeapi.co/api/v2/version-group/8/"}}], "power": 80, "pp": 10, "priority": 0, "stat_changes": [], "super_contest_effect": {"url": "https://pokeapi.co/api/v2/super-contest-effect/6/"}, "target": {"name": "selected-pokemon", "url": "https://pokeapi.co/api/v2/move-target/10/"}, "type": {"name": "ground", "url": "https://pokeapi.co/api/v2/type/5/"}}