{"accuracy": null, "contest_combos": null, "contest_effect": null, "contest_type": null, "damage_class": {"name": "special", "url": "https://pokeapi.co/api/v2/move-damage-class/3/"}, "effect_chance": null, "effect_changes": [], "effect_entries": [{"effect": "Inflicts regular damage.  Ignores accuracy and evasion.", "language": {"name": "en", "url": "https://pokeapi.co/api/v2/language/9/"}, "short_effect": "Never misses."}], "flavor_text_entries": [{"flavor_text": "\u307f\u308f\u304f\u306e\u3000\u306a\u304d\u3054\u3048\u3092\u3000\u3060\u3057\u3066\u3000\u3042\u3044\u3066\u306b\n\u305b\u3044\u3057\u3093\u3066\u304d\u306a\u3000\u30c0\u30e1\u30fc\u30b8\u3092\u3000\u3042\u305f\u3048\u308b\u3002\n\u3053\u3046\u3052\u304d\u306f\u3000\u304b\u306a\u3089\u305a\u3000\u3081\u3044\u3061\u3085\u3046\u3000\u3059\u308b\u3002", "language": {"name": "ja-Hrkt", "url": "https://pokeapi.co/api/v2/language/1/"}, "version_group": {"name": "x-y", "url": "https://pokeapi.co/api/v2/version-group/15/"}}, {"flavor_text": "\ub9e4\ud639\uc801\uc778 \uc6b8\uc74c\uc18c\ub9ac\ub97c \ub0b4\uc5b4\n\uc0c1\ub300\uc5d0\uac8c \uc815\uc2e0\uc801 \ub370\ubbf8\uc9c0\ub97c \uc900\ub2e4.\n\uacf5\uaca9\uc740 \ubc18\ub4dc\uc2dc \uba85\uc911\ud55c\ub2e4.", "language": {"name": "ko", "url": "https://pokeapi.co/api/v2/language/3/"}, "version_group": {"name": "x-y", "url": "https://pokeapi.co/api/v2/version-group/15/"}}, {"flavor_text": "Laisse s\u2019\u00e9chapper une voix enchanteresse qui\ninflige des d\u00e9g\u00e2ts psychiques \u00e0 l\u2019ennemi.\nTouche \u00e0 coup s\u00fbr.", "language": {"name": "fr", "url": "https://pokeapi.co/api/v2/language/5/"}, "version_group": {"name": "x-y", "url": "https://pokeapi.co/api/v2/version-group/15/"}}, {"flavor_text": "Der Anwender st\u00f6\u00dft einen bezirzenden Ruf aus,\nmit dem er das Ziel in seinen Bann schl\u00e4gt und\nihm immer mentalen Schaden zuf\u00fcgt.", "language": {"name": "de", "url": "https://pokeapi.co/api/v2/language/6/"}, "version_group": {"name": "x-y", "url": "https://pokeapi.co/api/v2/version-group/15/"}}, {"flavor_text": "Obnubila a los oponentes con su fascinante voz y\nles provoca da\u00f1os emocionales. Siempre acierta\nal objetivo.", "language": {"name": "es", "url": "https://pokeapi.co/api/v2/language/7/"}, "version_group": {"name": "x-y", "url": "https://pokeapi.co/api/v2/version-group/15/"}}, {"flavor_text": "Chi la usa infligge un danno spirituale ai nemici nei\nparaggi con una voce suadente. L\u2019attacco andr\u00e0\nimmancabilmente a segno.", "language": {"name": "it", "url": "https://pokeapi.co/api/v2/language/8/"}, "version_group": {"name": "x-y", "url": "https://pokeapi.co/api/v2/version-group/15/"}}, {"flavor_text": "Letting out a charming cry, the user does\nemotional damage to opposing Pok\u00e9mon.\nThis attack never misses.", "language": {"name": "en", "url": "https://pokeapi.co/api/v2/language/9/"}, "version_group": {"name": "x-y", "url": "https://pokeapi.co/api/v2/version-group/15/"}}, {"flavor_text": "\u9b45\u60d1\u306e\u3000\u9cf4\u304d\u58f0\u3092\u3000\u3060\u3057\u3066\u3000\u76f8\u624b\u306b\n\u7cbe\u795e\u7684\u306a\u3000\u30c0\u30e1\u30fc\u30b8\u3092\u3000\u4e0e\u3048\u308b\u3002\n\u653b\u6483\u306f\u3000\u5fc5\u305a\u3000\u547d\u4e2d\u3000\u3059\u308b\u3002", "language": {"name": "ja", "url": "https://pokeapi.co/api/v2/language/11/"}, "version_group": {"name": "x-y", "url": "https://pokeapi.co/api/v2/version-group/15/"}}, {"flavor_text": "\u202f\u308f\u304f\u306e\u3000\u306a\u304d\u3054\u3048\u3092\u3000\u3060\u3057\u3066\u3000\u3042\u3044\u3066\u306b\n\u305b\u3044\u3057\u3093\u3066\u304d\u306a\u3000\u30c0\u30e1\u30fc\u30b8\u3092\u3000\u3042\u305f\u3048\u308b\u3002\n\u3053\u3046\u3052\u304d\u306f\u3000\u304b\u306a\u3089\u305a\u3000\u3081\u3044\u3061\u3085\u3046\u3000\u3059\u308b\u3002", "language": {"name": "ja-Hrkt", "url": "https://pokeapi.co/api/v2/language/1/"}, "version_group": {"name": "omega-ruby-alpha-sapphire", "url": "https://pokeapi.co/api/v2/version-group/16/"}}, {"flavor_text": "\ub9e4\ud639\uc801\uc778 \uc6b8\uc74c\uc18c\ub9ac\ub97c \ub0b4\uc5b4\n\uc0c1\ub300\uc5d0\uac8c \uc815\uc2e0\uc801 \ub370\ubbf8\uc9c0\ub97c \uc900\ub2e4.\n\uacf5\uaca9\uc740 \ubc18\ub4dc\uc2dc \uba85\uc911\ud55c\ub2e4.", "language": {"name": "ko", "url": "https://pokeapi.co/api/v2/language/3/"}, "version_group": {"name": "omega-ruby-alpha-sapphire", "url": "https://pokeapi.co/api/v2/version-group/16/"}}, {"flavor_text": "Laisse s\u2019\u00e9chapper une voix enchanteresse qui\ninflige des d\u00e9g\u00e2ts psychiques \u00e0 l\u2019ennemi.\nTouche \u00e0 coup s\u00fbr.", "language": {"name": "fr", "url": "https://pokeapi.co/api/v2/language/5/"}, "version_group": {"name": "omega-ruby-alpha-sapphire", "url": "https://pokeapi.co/api/v2/version-group/16/"}}, {"flavor_text": "Der Anwender st\u00f6\u00dft einen bezirzenden Ruf aus,\nmit dem er das Ziel in seinen Bann schl\u00e4gt und\nihm immer mentalen Schaden zuf\u00fcgt.", "language": {"name": "de", "url": "https://pokeapi.co/api/v2/language/6/"}, "version_group": {"name": "omega-ruby-alpha-sapphire", "url": "https://pokeapi.co/api/v2/version-group/16/"}}, {"flavor_text": "Obnubila a los oponentes con su fascinante voz y \nles provoca da\u00f1os emocionales. Siempre acierta\nal objetivo.", "language": {"name": "es", "url": "https://pokeapi.co/api/v2/language/7/"}, "version_group": {"name": "omega-ruby-alpha-sapphire", "url": "https://pokeapi.co/api/v2/version-group/16/"}}, {"flavor_text": "Chi la usa infligge un danno spirituale ai nemici nei\nparaggi con una voce suadente. L\u2019attacco andr\u00e0\nimmancabilmente a segno.", "language": {"name": "it", "url": "https://pokeapi.co/api/v2/language/8/"}, "version_group": {"name": "omega-ruby-alpha-sapphire", "url": "https://pokeapi.co/api/v2/version-group/16/"}}, {"flavor_text": "Letting out a charming cry, the user does\nemotional damage to opposing Pok\u00e9mon.\nThis attack never misses.", "language": {"name": "en", "url": "https://pokeapi.co/api/v2/language/9/"}, "version_group": {"name": "omega-ruby-alpha-sapphire", "url": "https://pokeapi.co/api/v2/version-group/16/"}}, {"flavor_text": "\u9b45\u60d1\u306e\u3000\u9cf4\u304d\u58f0\u3092\u3000\u3060\u3057\u3066\u3000\u76f8\u624b\u306b\n\u7cbe\u795e\u7684\u306a\u3000\u30c0\u30e1\u30fc\u30b8\u3092\u3000\u4e0e\u3048\u308b\u3002\n\u653b\u6483\u306f\u3000\u5fc5\u305a\u3000\u547d\u4e2d\u3000\u3059\u308b\u3002", "language": {"name": "ja", "url": "https://pokeapi.co/api/v2/language/11/"}, "version_group": {"name": "omega-ruby-alpha-sapphire", "url": "https://pokeapi.co/api/v2/version-group/16/"}}, {"flavor_text": "\u307f\u308f\u304f\u306e\u3000\u306a\u304d\u3054\u3048\u3092\u3000\u3060\u3057\u3066\u3000\u3042\u3044\u3066\u306b\n\u305b\u3044\u3057\u3093\u3066\u304d\u306a\u3000\u30c0\u30e1\u30fc\u30b8\u3092\u3000\u3042\u305f\u3048\u308b\u3002\n\u3053\u3046\u3052\u304d\u306f\u3000\u304b\u306a\u3089\u305a\u3000\u3081\u3044\u3061\u3085\u3046\u3000\u3059\u308b\u3002", "language": {"name": "ja-Hrkt", "url": "https://pokeapi.co/api/v2/language/1/"}, "version_group": {"name": "sun-moon", "url": "https://pokeapi.co/api/v2/version-group/17/"}}, {"flavor_text": "\ub9e4\ud639\uc801\uc778 \uc6b8\uc74c\uc18c\ub9ac\ub97c \ub0b4\uc5b4\n\uc0c1\ub300\uc5d0\uac8c \uc815\uc2e0\uc801 \ub370\ubbf8\uc9c0\ub97c \uc900\ub2e4.\n\uacf5\uaca9\uc740 \ubc18\ub4dc\uc2dc \uba85\uc911\ud55c\ub2e4.", "language": {"name": "ko", "url": "https://pokeapi.co/api/v2/language/3/"}, "version_group": {"name": "sun-moon", "url": "https://pokeapi.co/api/v2/version-group/17/"}}, {"flavor_text": "\u767c\u51fa\u8ff7\u4eba\u7684\u53eb\u8072\uff0c\n\u7d66\u4e88\u5c0d\u624b\u7cbe\u795e\u4e0a\u7684\u50b7\u5bb3\u3002\n\u653b\u64ca\u5fc5\u5b9a\u6703\u547d\u4e2d\u3002", "language": {"name": "zh-Hant", "url": "https://pokeapi.co/api/v2/language/4/"}, "version_group": {"name": "sun-moon", "url": "https://pokeapi.co/api/v2/version-group/17/"}}, {"flavor_text": "Laisse s\u2019\u00e9chapper une voix enchanteresse qui\ninflige des d\u00e9g\u00e2ts psychiques \u00e0 l\u2019ennemi.\nTouche \u00e0 coup s\u00fbr.", "language": {"name": "fr", "url": "https://pokeapi.co/api/v2/language/5/"}, "version_group": {"name": "sun-moon", "url": "https://pokeapi.co/api/v2/version-group/17/"}}, {"flavor_text": "Der Anwender st\u00f6\u00dft einen bezirzenden Ruf aus, mit\ndem er das Ziel in seinen Bann schl\u00e4gt und ihm\nimmer mentalen Schaden zuf\u00fcgt.", "language": {"name": "de", "url": "https://pokeapi.co/api/v2/language/6/"}, "version_group": {"name": "sun-moon", "url": "https://pokeapi.co/api/v2/version-group/17/"}}, {"flavor_text": "Obnubila a los oponentes con su fascinante voz y \nles provoca da\u00f1os emocionales. Siempre acierta\nal objetivo.", "language": {"name": "es", "url": "https://pokeapi.co/api/v2/language/7/"}, "version_group": {"name": "sun-moon", "url": "https://pokeapi.co/api/v2/version-group/17/"}}, {"flavor_text": "Chi la usa infligge un danno spirituale ai nemici nei\nparaggi con una voce suadente. L\u2019attacco andr\u00e0\nimmancabilmente a segno.", "language": {"name": "it", "url": "https://pokeapi.co/api/v2/language/8/"}, "version_group": {"name": "sun-moon", "url": "https://pokeapi.co/api/v2/version-group/17/"}}, {"flavor_text": "Letting out a charming cry, the user does emotional\ndamage to opposing Pok\u00e9mon. This attack\nnever misses.", "language": {"name": "en", "url": "https://pokeapi.co/api/v2/language/9/"}, "version_group": {"name": "sun-moon", "url": "https://pokeapi.co/api/v2/version-group/17/"}}, {"flavor_text": "\u9b45\u60d1\u306e\u3000\u9cf4\u304d\u58f0\u3092\u3000\u3060\u3057\u3066\u3000\u76f8\u624b\u306b\n\u7cbe\u795e\u7684\u306a\u3000\u30c0\u30e1\u30fc\u30b8\u3092\u3000\u4e0e\u3048\u308b\u3002\n\u653b\u6483\u306f\u3000\u5fc5\u305a\u3000\u547d\u4e2d\u3000\u3059\u308b\u3002", "language": {"name": "ja", "url": "https://pokeapi.co/api/v2/language/11/"}, "version_group": {"name": "sun-moon", "url": "https://pokeapi.co/api/v2/version-group/17/"}}, {"flavor_text": "\u53d1\u51fa\u9b45\u60d1\u7684\u53eb\u58f0\uff0c\n\u7ed9\u4e88\u5bf9\u624b\u7cbe\u795e\u4e0a\u7684\u4f24\u5bb3\u3002\n\u653b\u51fb\u5fc5\u5b9a\u4f1a\u547d\u4e2d\u3002", "language": {"name": "zh-Hans", "url": "https://pokeapi.co/api/v2/language/12/"}, "version_group": {"name": "sun-moon", "url": "https://pokeapi.co/api/v2/version-group/17/"}}, {"flavor_text": "\u307f\u308f\u304f\u306e\u3000\u306a\u304d\u3054\u3048\u3092\u3000\u3060\u3057\u3066\u3000\u3042\u3044\u3066\u306b\n\u305b\u3044\u3057\u3093\u3066\u304d\u306a\u3000\u30c0\u30e1\u30fc\u30b8\u3092\u3000\u3042\u305f\u3048\u308b\u3002\n\u3053\u3046\u3052\u304d\u306f\u3000\u304b\u306a\u3089\u305a\u3000\u3081\u3044\u3061\u3085\u3046\u3000\u3059\u308b\u3002", "language": {"name": "ja-Hrkt", "url": "https://pokeapi.co/api/v2/language/1/"}, "version_group": {"name": "ultra-sun-ultra-moon", "url": "https://pokeapi.co/api/v2/version-group/18/"}}, {"flavor_text": "\ub9e4\ud639\uc801\uc778 \uc6b8\uc74c\uc18c\ub9ac\ub97c \ub0b4\uc5b4\n\uc0c1\ub300\uc5d0\uac8c \uc815\uc2e0\uc801 \ub370\ubbf8\uc9c0\ub97c \uc900\ub2e4.\n\uacf5\uaca9\uc740 \ubc18\ub4dc\uc2dc \uba85\uc911\ud55c\ub2e4.", "language": {"name": "ko", "url": "https://pokeapi.co/api/v2/language/3/"}, "version_group": {"name": "ultra-sun-ultra-moon", "url": "https://pokeapi.co/api/v2/version-group/18/"}}, {"flavor_text": "\u767c\u51fa\u8ff7\u4eba\u7684\u53eb\u8072\uff0c\n\u7d66\u4e88\u5c0d\u624b\u7cbe\u795e\u4e0a\u7684\u50b7\u5bb3\u3002\n\u653b\u64ca\u5fc5\u5b9a\u6703\u547d\u4e2d\u3002", "language": {"name": "zh-Hant", "url": "https://pokeapi.co/api/v2/language/4/"}, "version_group": {"name": "ultra-sun-ultra-moon", "url": "https://pokeapi.co/api/v2/version-group/18/"}}, {"flavor_text": "Laisse s\u2019\u00e9chapper une voix enchanteresse qui\ninflige des d\u00e9g\u00e2ts psychiques \u00e0 l\u2019ennemi.\nTouche \u00e0 coup s\u00fbr.", "language": {"name": "fr", "url": "https://pokeapi.co/api/v2/language/5/"}, "version_group": {"name": "ultra-sun-ultra-moon", "url": "https://pokeapi.co/api/v2/version-group/18/"}}, {"flavor_text": "Der Anwender st\u00f6\u00dft einen bezirzenden Ruf aus, mit\ndem er das Ziel in seinen Bann schl\u00e4gt und ihm\nimmer mentalen Schaden zuf\u00fcgt.", "language": {"name": "de", "url": "https://pokeapi.co/api/v2/language/6/"}, "version_group": {"name": "ultra-sun-ultra-moon", "url": "https://pokeapi.co/api/v2/version-group/18/"}}, {"flavor_text": "Obnubila a los oponentes con su fascinante voz y \nles provoca da\u00f1os emocionales. Siempre acierta\nal objetivo.", "language": {"name": "es", "url": "https://pokeapi.co/api/v2/language/7/"}, "version_group": {"name": "ultra-sun-ultra-moon", "url": "https://pokeapi.co/api/v2/version-group/18/"}}, {"flavor_text": "Chi la usa infligge un danno spirituale ai nemici nei\nparaggi con una voce suadente. L\u2019attacco andr\u00e0\nimmancabilmente a segno.", "language": {"name": "it", "url": "https://pokeapi.co/api/v2/language/8/"}, "version_group": {"name": "ultra-sun-ultra-moon", "url": "https://pokeapi.co/api/v2/version-group/18/"}}, {"flavor_text": "Letting out a charming cry, the user does emotional\ndamage to opposing Pok\u00e9mon. This attack\nnever misses.", "language": {"name": "en", "url": "https://pokeapi.co/api/v2/language/9/"}, "version_group": {"name": "ultra-sun-ultra-moon", "url": "https://pokeapi.co/api/v2/version-group/18/"}}, {"flavor_text": "\u9b45\u60d1\u306e\u3000\u9cf4\u304d\u58f0\u3092\u3000\u3060\u3057\u3066\u3000\u76f8\u624b\u306b\n\u7cbe\u795e\u7684\u306a\u3000\u30c0\u30e1\u30fc\u30b8\u3092\u3000\u4e0e\u3048\u308b\u3002\n\u653b\u6483\u306f\u3000\u5fc5\u305a\u3000\u547d\u4e2d\u3000\u3059\u308b\u3002", "language": {"name": "ja", "url": "https://pokeapi.co/api/v2/language/11/"}, "version_group": {"name": "ultra-sun-ultra-moon", "url": "https://pokeapi.co/api/v2/version-group/18/"}}, {"flavor_text": "\u53d1\u51fa\u9b45\u60d1\u7684\u53eb\u58f0\uff0c\n\u7ed9\u4e88\u5bf9\u624b\u7cbe\u795e\u4e0a\u7684\u4f24\u5bb3\u3002\n\u653b\u51fb\u5fc5\u5b9a\u4f1a\u547d\u4e2d\u3002", "language": {"name": "zh-Hans", "url": "https://pokeapi.co/api/v2/language/12/"}, "version_group": {"name": "ultra-sun-ultra-moon", "url": "https://pokeapi.co/api/v2/version-group/18/"}}, {"flavor_text": "\u307f\u308f\u304f\u306e\u3000\u306a\u304d\u3054\u3048\u3092\u3000\u3060\u3057\u3066\u3000\u3042\u3044\u3066\u306b\n\u305b\u3044\u3057\u3093\u3066\u304d\u306a\u3000\u30c0\u30e1\u30fc\u30b8\u3092\u3000\u3042\u305f\u3048\u308b\u3002\n\u3053\u3046\u3052\u304d\u306f\u3000\u304b\u306a\u3089\u305a\u3000\u3081\u3044\u3061\u3085\u3046\u3000\u3059\u308b\u3002", "language": {"name": "ja-Hrkt", "url": "https://pokeapi.co/api/v2/language/1/"}, "version_group": {"name": "lets-go-pikachu-lets-go-eevee", "url": "https://pokeapi.co/api/v2/version-group/19/"}}, {"flavor_text": "\ub9e4\ud639\uc801\uc778 \uc6b8\uc74c\uc18c\ub9ac\ub97c \ub0b4\uc5b4\n\uc0c1\ub300\uc5d0\uac8c \uc815\uc2e0\uc801 \ub370\ubbf8\uc9c0\ub97c \uc900\ub2e4.\n\uacf5\uaca9\uc740 \ubc18\ub4dc\uc2dc \uba85\uc911\ud55c\ub2e4.", "language": {"name": "ko", "url": "https://pokeapi.co/api/v2/language/3/"}, "version_group": {"name": "lets-go-pikachu-lets-go-eevee", "url": "https://pokeapi.co/api/v2/version-group/19/"}}, {"flavor_text": "\u767c\u51fa\u8ff7\u4eba\u7684\u53eb\u8072\uff0c\n\u7d66\u4e88\u5c0d\u624b\u7cbe\u795e\u4e0a\u7684\u50b7\u5bb3\u3002\n\u653b\u64ca\u5fc5\u5b9a\u6703\u547d\u4e2d\u3002", "language": {"name": "zh-Hant", "url": "https://pokeapi.co/api/v2/language/4/"}, "version_group": {"name": "lets-go-pikachu-lets-go-eevee", "url": "https://pokeapi.co/api/v2/version-group/19/"}}, {"flavor_text": "Laisse s\u2019\u00e9chapper une voix enchanteresse qui inflige\ndes d\u00e9g\u00e2ts psychiques \u00e0 l\u2019ennemi. Touche \u00e0 coup s\u00fbr.", "language": {"name": "fr", "url": "https://pokeapi.co/api/v2/language/5/"}, "version_group": {"name": "lets-go-pikachu-lets-go-eevee", "url": "https://pokeapi.co/api/v2/version-group/19/"}}, {"flavor_text": "Der Anwender st\u00f6\u00dft einen bezirzenden Ruf aus, mit\ndem er das Ziel in seinen Bann schl\u00e4gt und ihm\nimmer mentalen Schaden zuf\u00fcgt.", "language": {"name": "de", "url": "https://pokeapi.co/api/v2/language/6/"}, "version_group": {"name": "lets-go-pikachu-lets-go-eevee", "url": "https://pokeapi.co/api/v2/version-group/19/"}}, {"flavor_text": "Obnubila a los oponentes con su fascinante voz y \nles provoca da\u00f1os emocionales. Siempre acierta\nal objetivo.", "language": {"name": "es", "url": "https://pokeapi.co/api/v2/language/7/"}, "version_group": {"name": "lets-go-pikachu-lets-go-eevee", "url": "https://pokeapi.co/api/v2/version-group/19/"}}, {"flavor_text": "Chi la usa infligge un danno spirituale ai nemici nei\nparaggi con una voce suadente. L\u2019attacco andr\u00e0\nimmancabilmente a segno.", "language": {"name": "it", "url": "https://pokeapi.co/api/v2/language/8/"}, "version_group": {"name": "lets-go-pikachu-lets-go-eevee", "url": "https://pokeapi.co/api/v2/version-group/19/"}}, {"flavor_text": "Letting out a charming cry, the user does emotional\ndamage to opposing Pok\u00e9mon. This attack\nnever misses.", "language": {"name": "en", "url": "https://pokeapi.co/api/v2/language/9/"}, "version_group": {"name": "lets-go-pikachu-lets-go-eevee", "url": "https://pokeapi.co/api/v2/version-group/19/"}}, {"flavor_text": "\u9b45\u60d1\u306e\u3000\u9cf4\u304d\u58f0\u3092\u3000\u3060\u3057\u3066\u3000\u76f8\u624b\u306b\n\u7cbe\u795e\u7684\u306a\u3000\u30c0\u30e1\u30fc\u30b8\u3092\u3000\u4e0e\u3048\u308b\u3002\n\u653b\u6483\u306f\u3000\u5fc5\u305a\u3000\u547d\u4e2d\u3000\u3059\u308b\u3002", "language": {"name": "ja", "url": "https://pokeapi.co/api/v2/language/11/"}, "version_group": {"name": "lets-go-pikachu-lets-go-eevee", "url": "https://pokeapi.co/api/v2/version-group/19/"}}, {"flavor_text": "\u53d1\u51fa\u9b45\u60d1\u7684\u53eb\u58f0\uff0c\n\u7ed9\u4e88\u5bf9\u624b\u7cbe\u795e\u4e0a\u7684\u4f24\u5bb3\u3002\n\u653b\u51fb\u5fc5\u5b9a\u4f1a\u547d\u4e2d\u3002", "language": {"name": "zh-Hans", "url": "https://pokeapi.co/api/v2/language/12/"}, "version_group": {"name": "lets-go-pikachu-lets-go-eevee", "url": "https://pokeapi.co/api/v2/version-group/19/"}}, {"flavor_text": "\u307f\u308f\u304f\u306e\u3000\u306a\u304d\u3054\u3048\u3092\u3000\u3060\u3057\u3066\u3000\u3042\u3044\u3066\u306b\n\u305b\u3044\u3057\u3093\u3066\u304d\u306a\u3000\u30c0\u30e1\u30fc\u30b8\u3092\u3000\u3042\u305f\u3048\u308b\u3002\n\u3053\u3046\u3052\u304d\u306f\u3000\u304b\u306a\u3089\u305a\u3000\u3081\u3044\u3061\u3085\u3046\u3000\u3059\u308b\u3002", "language": {"name": "ja-Hrkt", "url": "https://pokeapi.co/api/v2/language/1/"}, "version_group": {"name": "sword-shield", "url": "https://pokeapi.co/api/v2/version-group/20/"}}, {"flavor_text": "\ub9e4\ud639\uc801\uc778 \uc6b8\uc74c\uc18c\ub9ac\ub97c \ub0b4\uc5b4\n\uc0c1\ub300\uc5d0\uac8c \uc815\uc2e0\uc801 \ub370\ubbf8\uc9c0\ub97c \uc900\ub2e4.\n\uacf5\uaca9\uc740 \ubc18\ub4dc\uc2dc \uba85\uc911\ud55c\ub2e4.", "language": {"name": "ko", "url": "https://pokeapi.co/api/v2/language/3/"}, "version_group": {"name": "sword-shield", "url": "https://pokeapi.co/api/v2/version-group/20/"}}, {"flavor_text": "\u767c\u51fa\u8ff7\u4eba\u7684\u53eb\u8072\uff0c\n\u7d66\u4e88\u5c0d\u624b\u7cbe\u795e\u4e0a\u7684\u50b7\u5bb3\u3002\n\u653b\u64ca\u5fc5\u5b9a\u6703\u547d\u4e2d\u3002", "language": {"name": "zh-Hant", "url": "https://pokeapi.co/api/v2/language/4/"}, "version_group": {"name": "sword-shield", "url": "https://pokeapi.co/api/v2/version-group/20/"}}, {"flavor_text": "Laisse s\u2019\u00e9chapper une voix enchanteresse qui inflige\ndes d\u00e9g\u00e2ts psychiques \u00e0 l\u2019ennemi.\nTouche \u00e0 coup s\u00fbr.", "language": {"name": "fr", "url": "https://pokeapi.co/api/v2/language/5/"}, "version_group": {"name": "sword-shield", "url": "https://pokeapi.co/api/v2/version-group/20/"}}, {"flavor_text": "Der Anwender st\u00f6\u00dft einen bezirzenden Ruf aus, mit\ndem er gegnerische Pok\u00e9mon in seinen Bann schl\u00e4gt\nund ihnen mentalen Schaden zuf\u00fcgt. Trifft garantiert.", "language": {"name": "de", "url": "https://pokeapi.co/api/v2/language/6/"}, "version_group": {"name": "sword-shield", "url": "https://pokeapi.co/api/v2/version-group/20/"}}, {"flavor_text": "Obnubila a los oponentes con su fascinante voz y les\nprovoca da\u00f1os emocionales. Siempre acierta al objetivo.", "language": {"name": "es", "url": "https://pokeapi.co/api/v2/language/7/"}, "version_group": {"name": "sword-shield", "url": "https://pokeapi.co/api/v2/version-group/20/"}}, {"flavor_text": "Chi la usa infligge un danno spirituale ai nemici nei\nparaggi con una voce suadente. L\u2019attacco andr\u00e0\nimmancabilmente a segno.", "language": {"name": "it", "url": "https://pokeapi.co/api/v2/language/8/"}, "version_group": {"name": "sword-shield", "url": "https://pokeapi.co/api/v2/version-group/20/"}}, {"flavor_text": "Letting out a charming cry, the user does emotional\ndamage to opposing Pok\u00e9mon. This attack\nnever misses.", "language": {"name": "en", "url": "https://pokeapi.co/api/v2/language/9/"}, "version_group": {"name": "sword-shield", "url": "https://pokeapi.co/api/v2/version-group/20/"}}, {"flavor_text": "\u9b45\u60d1\u306e\u3000\u9cf4\u304d\u58f0\u3092\u3000\u3060\u3057\u3066\u3000\u76f8\u624b\u306b\n\u7cbe\u795e\u7684\u306a\u3000\u30c0\u30e1\u30fc\u30b8\u3092\u3000\u4e0e\u3048\u308b\u3002\n\u653b\u6483\u306f\u3000\u5fc5\u305a\u3000\u547d\u4e2d\u3000\u3059\u308b\u3002", "language": {"name": "ja", "url": "https://pokeapi.co/api/v2/language/11/"}, "version_group": {"name": "sword-shield", "url": "https://pokeapi.co/api/v2/version-group/20/"}}, {"flavor_text": "\u53d1\u51fa\u9b45\u60d1\u7684\u53eb\u58f0\uff0c\n\u7ed9\u4e88\u5bf9\u624b\u7cbe\u795e\u4e0a\u7684\u4f24\u5bb3\u3002\n\u653b\u51fb\u5fc5\u5b9a\u4f1a\u547d\u4e2d\u3002", "language": {"name": "zh-Hans", "url": "https://pokeapi.co/api/v2/language/12/"}, "version_group": {"name": "sword-shield", "url": "https://pokeapi.co/api/v2/version-group/20/"}}], "generation": {"name": "generation-vi", "url": "https://pokeapi.co/api/v2/generation/6/"}, "id": 574, "learned_by_pokemon": [{"name": "pikachu", "url": "https://pokeapi.co/api/v2/pokemon/25/"}, {"name": "raichu", "url": "https://pokeapi.co/api/v2/pokemon/26/"}, {"name": "clefairy", "url": "https://pokeapi.co/api/v2/pokemon/35/"}, {"name": "clefable", "url": "https://pokeapi.co/api/v2/pokemon/36/"}, {"name": "jigglypuff", "url": "https://pokeapi.co/api/v2/pokemon/39/"}, {"name": "wigglytuff", "url": "https://pokeapi.co/api/v2/pokemon/40/"}, {"name": "chansey", "url": "https://pokeapi.co/api/v2/pokemon/113/"}, {"name": "lapras", "url": "https://pokeapi.co/api/v2/pokemon/131/"}, {"name": "mew", "url": "https://pokeapi.co/api/v2/pokemon/151/"}, {"name": "pichu", "url": "https://pokeapi.co/api/v2/pokemon/172/"}, {"name": "cleffa", "url": "https://pokeapi.co/api/v2/pokemon/173/"}, {"name": "igglybuff", "url": "https://pokeapi.co/api/v2/pokemon/174/"}, {"name": "marill", "url": "https://pokeapi.co/api/v2/pokemon/183/"}, {"name": "azumarill", "url": "https://pokeapi.co/api/v2/pokemon/184/"}, {"name": "blissey", "url": "https://pokeapi.co/api/v2/pokemon/242/"}, {"name": "lotad", "url": "https://pokeapi.co/api/v2/pokemon/270/"}, {"name": "lombre", "url": "https://pokeapi.co/api/v2/pokemon/271/"}, {"name": "ludicolo", "url": "https://pokeapi.co/api/v2/pokemon/272/"}, {"name": "ralts", "url": "https://pokeapi.co/api/v2/pokemon/280/"}, {"name": "kirlia", "url": "https://pokeapi.co/api/v2/pokemon/281/"}, {"name": "gardevoir", "url": "https://pokeapi.co/api/v2/pokemon/282/"}, {"name": "whismur", "url": "https://pokeapi.co/api/v2/pokemon/293/"}, {"name": "skitty", "url": "https://pokeapi.co/api/v2/pokemon/300/"}, {"name": "delcatty", "url": "https://pokeapi.co/api/v2/pokemon/301/"}, {"name": "illumise", "url": "https://pokeapi.co/api/v2/pokemon/314/"}, {"name": "swablu", "url": "https://pokeapi.co/api/v2/pokemon/333/"}, {"name": "altaria", "url": "https://pokeapi.co/api/v2/pokemon/334/"}, {"name": "milotic", "url": "https://pokeapi.co/api/v2/pokemon/350/"}, {"name": "chimecho", "url": "https://pokeapi.co/api/v2/pokemon/358/"}, {"name": "latias", "url": "https://pokeapi.co/api/v2/pokemon/380/"}, {"name": "piplup", "url": "https://pokeapi.co/api/v2/pokemon/393/"}, {"name": "prinplup", "url": "https://pokeapi.co/api/v2/pokemon/394/"}, {"name": "empoleon", "url": "https://pokeapi.co/api/v2/pokemon/395/"}, {"name": "happiny", "url": "https://pokeapi.co/api/v2/pokemon/440/"}, {"name": "gallade", "url": "https://pokeapi.co/api/v2/pokemon/475/"}, {"name": "phione", "url": "https://pokeapi.co/api/v2/pokemon/489/"}, {"name": "manaphy", "url": "https://pokeapi.co/api/v2/pokemon/490/"}, {"name": "shaymin-land", "url": "https://pokeapi.co/api/v2/pokemon/492/"}, {"name": "pansage", "url": "https://pokeapi.co/api/v2/pokemon/511/"}, {"name": "pansear", "url": "https://pokeapi.co/api/v2/pokemon/513/"}, {"name": "panpour", "url": "https://pokeapi.co/api/v2/pokemon/515/"}, {"name": "audino", "url": "https://pokeapi.co/api/v2/pokemon/531/"}, {"name": "ducklett", "url": "https://pokeapi.co/api/v2/pokemon/580/"}, {"name": "swanna", "url": "https://pokeapi.co/api/v2/pokemon/581/"}, {"name": "meloetta-aria", "url": "https://pokeapi.co/api/v2/pokemon/648/"}, {"name": "flabebe", "url": "https://pokeapi.co/api/v2/pokemon/669/"}, {"name": "floette", "url": "https://pokeapi.co/api/v2/pokemon/670/"}, {"name": "florges", "url": "https://pokeapi.co/api/v2/pokemon/671/"}, {"name": "espurr", "url": "https://pokeapi.co/api/v2/pokemon/677/"}, {"name": "meowstic-male", "url": "https://pokeapi.co/api/v2/pokemon/678/"}, {"name": "spritzee", "url": "https://pokeapi.co/api/v2/pokemon/682/"}, {"name": "aromatisse", "url": "https://pokeapi.co/api/v2/pokemon/683/"}, {"name": "sylveon", "url": "https://pokeapi.co/api/v2/pokemon/700/"}, {"name": "popplio", "url": "https://pokeapi.co/api/v2/pokemon/728/"}, {"name": "brionne", "url": "https://pokeapi.co/api/v2/pokemon/729/"}, {"name": "primarina", "url": "https://pokeapi.co/api/v2/pokemon/730/"}, {"name": "comfey", "url": "https://pokeapi.co/api/v2/pokemon/764/"}, {"name": "togedemaru", "url": "https://pokeapi.co/api/v2/pokemon/777/"}, {"name": "tapu-fini", "url": "https://pokeapi.co/api/v2/pokemon/788/"}, {"name": "magearna", "url": "https://pokeapi.co/api/v2/pokemon/801/"}, {"name": "hatenna", "url": "https://pokeapi.co/api/v2/pokemon/856/"}, {"name": "hattrem", "url": "https://pokeapi.co/api/v2/pokemon/857/"}, {"name": "hatterene", "url": "https://pokeapi.co/api/v2/pokemon/858/"}, {"name": "alcremie", "url": "https://pokeapi.co/api/v2/pokemon/869/"}, {"name": "indeedee-male", "url": "https://pokeapi.co/api/v2/pokemon/876/"}, {"name": "enamorus-incarnate", "url": "https://pokeapi.co/api/v2/pokemon/905/"}, {"name": "sprigatito", "url": "https://pokeapi.co/api/v2/pokemon/906/"}, {"name": "floragato", "url": "https://pokeapi.co/api/v2/pokemon/907/"}, {"name": "meowscarada", "url": "https://pokeapi.co/api/v2/pokemon/908/"}, {"name": "fuecoco", "url": "https://pokeapi.co/api/v2/pokemon/909/"}, {"name": "crocalor", "url": "https://pokeapi.co/api/v2/pokemon/910/"}, {"name": "skeledirge", "url": "https://pokeapi.co/api/v2/pokemon/911/"}, {"name": "quaxly", "url": "https://pokeapi.co/api/v2/pokemon/912/"}, {"name": "quaxwell", "url": "https://pokeapi.co/api/v2/pokemon/913/"}, {"name": "quaquaval", "url": "https://pokeapi.co/api/v2/pokemon/914/"}, {"name": "lechonk", "url": "https://pokeapi.co/api/v2/pokemon/915/"}, {"name": "oinkologne", "url": "https://pokeapi.co/api/v2/pokemon/916/"}, {"name": "flittle", "url": "https://pokeapi.co/api/v2/pokemon/955/"}, {"name": "espathra", "url": "https://pokeapi.co/api/v2/pokemon/956/"}, {"name": "finizen", "url": "https://pokeapi.co/api/v2/pokemon/963/"}, {"name": "palafin", "url": "https://pokeapi.co/api/v2/pokemon/964/"}, {"name": "flutter-mane", "url": "https://pokeapi.co/api/v2/pokemon/987/"}, {"name": "fezandipiti", "url": "https://pokeapi.co/api/v2/pokemon/1016/"}, {"name": "shaymin-sky", "url": "https://pokeapi.co/api/v2/pokemon/10006/"}, {"name": "meloetta-pirouette", "url": "https://pokeapi.co/api/v2/pokemon/10018/"}, {"name": "meowstic-female", "url": "https://pokeapi.co/api/v2/pokemon/10025/"}, {"name": "gardevoir-mega", "url": "https://pokeapi.co/api/v2/pokemon/10051/"}, {"name": "altaria-mega", "url": "https://pokeapi.co/api/v2/pokemon/10067/"}, {"name": "audino-mega", "url": "https://pokeapi.co/api/v2/pokemon/10069/"}, {"name": "pikachu-original-cap", "url": "https://pokeapi.co/api/v2/pokemon/10094/"}, {"name": "pikachu-hoenn-cap", "url": "https://pokeapi.co/api/v2/pokemon/10095/"}, {"name": "pikachu-sinnoh-cap", "url": "https://pokeapi.co/api/v2/pokemon/10096/"}, {"name": "pikachu-unova-cap", "url": "https://pokeapi.co/api/v2/pokemon/10097/"}, {"name": "pikachu-kalos-cap", "url": "https://pokeapi.co/api/v2/pokemon/10098/"}, {"name": "pikachu-alola-cap", "url": "https://pokeapi.co/api/v2/pokemon/10099/"}, {"name": "vulpix-alola", "url": "https://pokeapi.co/api/v2/pokemon/10103/"}, {"name": "ninetales-alola", "url": "https://pokeapi.co/api/v2/pokemon/10104/"}, {"name": "magearna-original", "url": "https://pokeapi.co/api/v2/pokemon/10147/"}, {"name": "pikachu-partner-cap", "url": "https://pokeapi.co/api/v2/pokemon/10148/"}, {"name": "togedemaru-totem", "url": "https://pokeapi.co/api/v2/pokemon/10154/"}, {"name": "pikachu-world-cap", "url": "https://pokeapi.co/api/v2/pokemon/10160/"}, {"name": "indeedee-female", "url": "https://pokeapi.co/api/v2/pokemon/10186/"}, {"name": "enamorus-therian", "url": "https://pokeapi.co/api/v2/pokemon/10249/"}, {"name": "oinkologne-female", "url": "https://pokeapi.co/api/v2/pokemon/10254/"}, {"name": "palafin-hero", "url": "https://pokeapi.co/api/v2/pokemon/10256/"}], "machines": [{"machine": {"url": "https://pokeapi.co/api/v2/machine/1724/"}, "version_group": {"name": "scarlet-violet", "url": "https://pokeapi.co/api/v2/version-group/25/"}}], "meta": {"ailment": {"name": "none", "url": "https://pokeapi.co/api/v2/move-ailment/0/"}, "ailment_chance": 0, "category": {"name": "damage", "url": "https://pokeapi.co/api/v2/move-category/0/"}, "crit_rate": 0, "drain": 0, "flinch_chance": 0, "healing": 0, "max_hits": null, "max_turns": null, "min_hits": null, "min_turns": null, "stat_chance": 0}, "name": "disarming-voice", "names": [{"language": {"name": "ja-Hrkt", "url": "https://pokeapi.co/api/v2/language/1/"}, "name": "\u30c1\u30e3\u30fc\u30e0\u30dc\u30a4\u30b9"}, {"language": {"name": "ko", "url": "https://pokeapi.co/api/v2/language/3/"}, "name": "\ucc28\ubc0d\ubcf4\uc774\uc2a4"}, {"language": {"name": "zh-Hant", "url": "https://pokeapi.co/api/v2/language/4/"}, "name": "\u9b45\u60d1\u4e4b\u8072"}, {"language": {"name": "fr", "url": "https://pokeapi.co/api/v2/language/5/"}, "name": "Voix Enj\u00f4leuse"}, {"language": {"name": "de", "url": "https://pokeapi.co/api/v2/language/6/"}, "name": "S\u00e4uselstimme"}, {"language": {"name": "es", "url": "https://pokeapi.co/api/v2/language/7/"}, "name": "Voz Cautivadora"}, {"language": {"name": "it", "url": "https://pokeapi.co/api/v2/language/8/"}, "name": "Incantavoce"}, {"language": {"name": "en", "url": "https://pokeapi.co/api/v2/language/9/"}, "name": "Disarming Voice"}, {"language": {"name": "ja", "url": "https://pokeapi.co/api/v2/language/11/"}, "name": "\u30c1\u30e3\u30fc\u30e0\u30dc\u30a4\u30b9"}, {"language": {"name": "zh-Hans", "url": "https://pokeapi.co/api/v2/language/12/"}, "name": "\u9b45\u60d1\u4e4b\u58f0"}], "past_values": [], "power": 40, "pp": 15, "priority": 0, "stat_changes": [], "super_contest_effect": null, "target": {"name": "all-opponents", "url": "https://pokeapi.co/api/v2/move-target/11/"}, "type": {"name": "fairy", "url": "https://pokeapi.co/api/v2/type/18/"}}