{"accuracy": 100, "contest_combos": null, "contest_effect": null, "contest_type": null, "damage_class": {"name": "physical", "url": "https://pokeapi.co/api/v2/move-damage-class/2/"}, "effect_chance": null, "effect_changes": [], "effect_entries": [], "flavor_text_entries": [], "generation": {"name": "generation-ix", "url": "https://pokeapi.co/api/v2/generation/9/"}, "id": 892, "learned_by_pokemon": [{"name": "pawmot", "url": "https://pokeapi.co/api/v2/pokemon/923/"}], "machines": [], "meta": null, "name": "double-shock", "names": [{"language": {"name": "ja-Hrkt", "url": "https://pokeapi.co/api/v2/language/1/"}, "name": "\u3067\u3093\u3053\u3046\u305d\u3046\u3052\u304d"}, {"language": {"name": "zh-Hant", "url": "https://pokeapi.co/api/v2/language/4/"}, "name": "\u7535\u5149\u53cc\u51fb"}, {"language": {"name": "it", "url": "https://pokeapi.co/api/v2/language/8/"}, "name": "Doppiolampo"}, {"language": {"name": "en", "url": "https://pokeapi.co/api/v2/language/9/"}, "name": "Double Shock"}, {"language": {"name": "ja", "url": "https://pokeapi.co/api/v2/language/11/"}, "name": "\u3067\u3093\u3053\u3046\u305d\u3046\u3052\u304d"}], "past_values": [], "power": 120, "pp": 5, "priority": 0, "stat_changes": [], "super_contest_effect": null, "target": {"name": "selected-pokemon", "url": "https://pokeapi.co/api/v2/move-target/10/"}, "type": {"name": "electric", "url": "https://pokeapi.co/api/v2/type/13/"}}