{"accuracy": 100, "contest_combos": null, "contest_effect": null, "contest_type": null, "damage_class": {"name": "physical", "url": "https://pokeapi.co/api/v2/move-damage-class/2/"}, "effect_chance": null, "effect_changes": [], "effect_entries": [{"effect": "Inflicts regular damage.", "language": {"name": "en", "url": "https://pokeapi.co/api/v2/language/9/"}, "short_effect": "Inflicts regular damage with no additional effect."}], "flavor_text_entries": [{"flavor_text": "\u304b\u3089\u3060\u3092\u3000\u30cf\u30f3\u30de\u30fc\u306e\u3088\u3046\u306b\n\u3064\u304b\u3063\u3066\u3000\u3042\u3044\u3066\u306b\u3000\u304a\u305d\u3044\u304b\u304b\u308a\n\u30c0\u30e1\u30fc\u30b8\u3092\u3000\u3042\u305f\u3048\u308b\u3002", "language": {"name": "ja-Hrkt", "url": "https://pokeapi.co/api/v2/language/1/"}, "version_group": {"name": "sun-moon", "url": "https://pokeapi.co/api/v2/version-group/17/"}}, {"flavor_text": "\ubab8\uc744 \ud574\uba38\ucc98\ub7fc\n\uc368\uc11c \uc0c1\ub300\ub97c \ub36e\uccd0\n\ub370\ubbf8\uc9c0\ub97c \uc900\ub2e4.", "language": {"name": "ko", "url": "https://pokeapi.co/api/v2/language/3/"}, "version_group": {"name": "sun-moon", "url": "https://pokeapi.co/api/v2/version-group/17/"}}, {"flavor_text": "\u50cf\u9318\u5b50\u822c\u5730\u4f7f\u7528\u8eab\u9ad4\n\u5411\u5c0d\u624b\u767c\u52d5\u8972\u64ca\uff0c\n\u7d66\u4e88\u50b7\u5bb3\u3002", "language": {"name": "zh-Hant", "url": "https://pokeapi.co/api/v2/language/4/"}, "version_group": {"name": "sun-moon", "url": "https://pokeapi.co/api/v2/version-group/17/"}}, {"flavor_text": "Le lanceur utilise son corps comme un v\u00e9ritable\nmarteau pour \u00e9craser la cible.", "language": {"name": "fr", "url": "https://pokeapi.co/api/v2/language/5/"}, "version_group": {"name": "sun-moon", "url": "https://pokeapi.co/api/v2/version-group/17/"}}, {"flavor_text": "Der Anwender nutzt seinen K\u00f6rper wie einen\nHammer und st\u00fcrzt sich auf das Ziel, wodurch\ndieses Schaden erleidet.", "language": {"name": "de", "url": "https://pokeapi.co/api/v2/language/6/"}, "version_group": {"name": "sun-moon", "url": "https://pokeapi.co/api/v2/version-group/17/"}}, {"flavor_text": "Usa el cuerpo como un martillo para abalanzarse\nsobre su rival y causarle da\u00f1o.", "language": {"name": "es", "url": "https://pokeapi.co/api/v2/language/7/"}, "version_group": {"name": "sun-moon", "url": "https://pokeapi.co/api/v2/version-group/17/"}}, {"flavor_text": "Chi la usa infligge danni al bersaglio usando\nil proprio corpo come se fosse un martello.", "language": {"name": "it", "url": "https://pokeapi.co/api/v2/language/8/"}, "version_group": {"name": "sun-moon", "url": "https://pokeapi.co/api/v2/version-group/17/"}}, {"flavor_text": "The user uses its body like a hammer to attack the\ntarget and inflict damage.", "language": {"name": "en", "url": "https://pokeapi.co/api/v2/language/9/"}, "version_group": {"name": "sun-moon", "url": "https://pokeapi.co/api/v2/version-group/17/"}}, {"flavor_text": "\u4f53\u3092\u3000\u30cf\u30f3\u30de\u30fc\u306e\u3088\u3046\u306b\n\u4f7f\u3063\u3066\u3000\u76f8\u624b\u306b\u3000\u8972\u3044\u304b\u304b\u308a\n\u30c0\u30e1\u30fc\u30b8\u3092\u3000\u4e0e\u3048\u308b\u3002", "language": {"name": "ja", "url": "https://pokeapi.co/api/v2/language/11/"}, "version_group": {"name": "sun-moon", "url": "https://pokeapi.co/api/v2/version-group/17/"}}, {"flavor_text": "\u5c06\u8eab\u4f53\u5f53\u4f5c\u9524\u5b50\uff0c\n\u5411\u5bf9\u624b\u53d1\u52a8\u88ad\u51fb\uff0c\n\u7ed9\u4e88\u4f24\u5bb3\u3002", "language": {"name": "zh-Hans", "url": "https://pokeapi.co/api/v2/language/12/"}, "version_group": {"name": "sun-moon", "url": "https://pokeapi.co/api/v2/version-group/17/"}}, {"flavor_text": "\u304b\u3089\u3060\u3092\u3000\u30cf\u30f3\u30de\u30fc\u306e\u3088\u3046\u306b\n\u3064\u304b\u3063\u3066\u3000\u3042\u3044\u3066\u306b\u3000\u304a\u305d\u3044\u304b\u304b\u308a\n\u30c0\u30e1\u30fc\u30b8\u3092\u3000\u3042\u305f\u3048\u308b\u3002", "language": {"name": "ja-Hrkt", "url": "https://pokeapi.co/api/v2/language/1/"}, "version_group": {"name": "ultra-sun-ultra-moon", "url": "https://pokeapi.co/api/v2/version-group/18/"}}, {"flavor_text": "\ubab8\uc744 \ud574\uba38\ucc98\ub7fc\n\uc368\uc11c \uc0c1\ub300\ub97c \ub36e\uccd0\n\ub370\ubbf8\uc9c0\ub97c \uc900\ub2e4.", "language": {"name": "ko", "url": "https://pokeapi.co/api/v2/language/3/"}, "version_group": {"name": "ultra-sun-ultra-moon", "url": "https://pokeapi.co/api/v2/version-group/18/"}}, {"flavor_text": "\u50cf\u9318\u5b50\u822c\u5730\u4f7f\u7528\u8eab\u9ad4\n\u5411\u5c0d\u624b\u767c\u52d5\u8972\u64ca\uff0c\n\u7d66\u4e88\u50b7\u5bb3\u3002", "language": {"name": "zh-Hant", "url": "https://pokeapi.co/api/v2/language/4/"}, "version_group": {"name": "ultra-sun-ultra-moon", "url": "https://pokeapi.co/api/v2/version-group/18/"}}, {"flavor_text": "Le lanceur utilise son corps comme un v\u00e9ritable\nmarteau pour \u00e9craser la cible.", "language": {"name": "fr", "url": "https://pokeapi.co/api/v2/language/5/"}, "version_group": {"name": "ultra-sun-ultra-moon", "url": "https://pokeapi.co/api/v2/version-group/18/"}}, {"flavor_text": "Der Anwender nutzt seinen K\u00f6rper wie einen\nHammer und st\u00fcrzt sich auf das Ziel, wodurch\ndieses Schaden erleidet.", "language": {"name": "de", "url": "https://pokeapi.co/api/v2/language/6/"}, "version_group": {"name": "ultra-sun-ultra-moon", "url": "https://pokeapi.co/api/v2/version-group/18/"}}, {"flavor_text": "Usa el cuerpo como un martillo para abalanzarse\nsobre su rival y causarle da\u00f1o.", "language": {"name": "es", "url": "https://pokeapi.co/api/v2/language/7/"}, "version_group": {"name": "ultra-sun-ultra-moon", "url": "https://pokeapi.co/api/v2/version-group/18/"}}, {"flavor_text": "Chi la usa infligge danni al bersaglio usando\nil proprio corpo come se fosse un martello.", "language": {"name": "it", "url": "https://pokeapi.co/api/v2/language/8/"}, "version_group": {"name": "ultra-sun-ultra-moon", "url": "https://pokeapi.co/api/v2/version-group/18/"}}, {"flavor_text": "The user uses its body like a hammer to attack the\ntarget and inflict damage.", "language": {"name": "en", "url": "https://pokeapi.co/api/v2/language/9/"}, "version_group": {"name": "ultra-sun-ultra-moon", "url": "https://pokeapi.co/api/v2/version-group/18/"}}, {"flavor_text": "\u4f53\u3092\u3000\u30cf\u30f3\u30de\u30fc\u306e\u3088\u3046\u306b\n\u4f7f\u3063\u3066\u3000\u76f8\u624b\u306b\u3000\u8972\u3044\u304b\u304b\u308a\n\u30c0\u30e1\u30fc\u30b8\u3092\u3000\u4e0e\u3048\u308b\u3002", "language": {"name": "ja", "url": "https://pokeapi.co/api/v2/language/11/"}, "version_group": {"name": "ultra-sun-ultra-moon", "url": "https://pokeapi.co/api/v2/version-group/18/"}}, {"flavor_text": "\u5c06\u8eab\u4f53\u5f53\u4f5c\u9524\u5b50\uff0c\n\u5411\u5bf9\u624b\u53d1\u52a8\u88ad\u51fb\uff0c\n\u7ed9\u4e88\u4f24\u5bb3\u3002", "language": {"name": "zh-Hans", "url": "https://pokeapi.co/api/v2/language/12/"}, "version_group": {"name": "ultra-sun-ultra-moon", "url": "https://pokeapi.co/api/v2/version-group/18/"}}, {"flavor_text": "\u304b\u3089\u3060\u3092\u3000\u30cf\u30f3\u30de\u30fc\u306e\u3088\u3046\u306b\n\u3064\u304b\u3063\u3066\u3000\u3042\u3044\u3066\u306b\u3000\u304a\u305d\u3044\u304b\u304b\u308a\n\u30c0\u30e1\u30fc\u30b8\u3092\u3000\u3042\u305f\u3048\u308b\u3002", "language": {"name": "ja-Hrkt", "url": "https://pokeapi.co/api/v2/language/1/"}, "version_group": {"name": "lets-go-pikachu-lets-go-eevee", "url": "https://pokeapi.co/api/v2/version-group/19/"}}, {"flavor_text": "\ubab8\uc744 \ud574\uba38\ucc98\ub7fc\n\uc368\uc11c \uc0c1\ub300\ub97c \ub36e\uccd0\n\ub370\ubbf8\uc9c0\ub97c \uc900\ub2e4.", "language": {"name": "ko", "url": "https://pokeapi.co/api/v2/language/3/"}, "version_group": {"name": "lets-go-pikachu-lets-go-eevee", "url": "https://pokeapi.co/api/v2/version-group/19/"}}, {"flavor_text": "\u50cf\u9318\u5b50\u822c\u5730\u4f7f\u7528\u8eab\u9ad4\n\u5411\u5c0d\u624b\u767c\u52d5\u8972\u64ca\uff0c\n\u7d66\u4e88\u50b7\u5bb3\u3002", "language": {"name": "zh-Hant", "url": "https://pokeapi.co/api/v2/language/4/"}, "version_group": {"name": "lets-go-pikachu-lets-go-eevee", "url": "https://pokeapi.co/api/v2/version-group/19/"}}, {"flavor_text": "Le lanceur utilise son corps comme un v\u00e9ritable marteau\npour \u00e9craser la cible.", "language": {"name": "fr", "url": "https://pokeapi.co/api/v2/language/5/"}, "version_group": {"name": "lets-go-pikachu-lets-go-eevee", "url": "https://pokeapi.co/api/v2/version-group/19/"}}, {"flavor_text": "Der Anwender nutzt seinen K\u00f6rper wie einen\nHammer und st\u00fcrzt sich auf das Ziel, wodurch\ndieses Schaden erleidet.", "language": {"name": "de", "url": "https://pokeapi.co/api/v2/language/6/"}, "version_group": {"name": "lets-go-pikachu-lets-go-eevee", "url": "https://pokeapi.co/api/v2/version-group/19/"}}, {"flavor_text": "Usa el cuerpo como un martillo para abalanzarse\nsobre su rival y causarle da\u00f1o.", "language": {"name": "es", "url": "https://pokeapi.co/api/v2/language/7/"}, "version_group": {"name": "lets-go-pikachu-lets-go-eevee", "url": "https://pokeapi.co/api/v2/version-group/19/"}}, {"flavor_text": "Chi la usa infligge danni al bersaglio usando\nil proprio corpo come se fosse un martello.", "language": {"name": "it", "url": "https://pokeapi.co/api/v2/language/8/"}, "version_group": {"name": "lets-go-pikachu-lets-go-eevee", "url": "https://pokeapi.co/api/v2/version-group/19/"}}, {"flavor_text": "The user uses its body like a hammer to attack the\ntarget and inflict damage.", "language": {"name": "en", "url": "https://pokeapi.co/api/v2/language/9/"}, "version_group": {"name": "lets-go-pikachu-lets-go-eevee", "url": "https://pokeapi.co/api/v2/version-group/19/"}}, {"flavor_text": "\u4f53\u3092\u3000\u30cf\u30f3\u30de\u30fc\u306e\u3088\u3046\u306b\n\u4f7f\u3063\u3066\u3000\u76f8\u624b\u306b\u3000\u8972\u3044\u304b\u304b\u308a\n\u30c0\u30e1\u30fc\u30b8\u3092\u3000\u4e0e\u3048\u308b\u3002", "language": {"name": "ja", "url": "https://pokeapi.co/api/v2/language/11/"}, "version_group": {"name": "lets-go-pikachu-lets-go-eevee", "url": "https://pokeapi.co/api/v2/version-group/19/"}}, {"flavor_text": "\u5c06\u8eab\u4f53\u5f53\u4f5c\u9524\u5b50\uff0c\n\u5411\u5bf9\u624b\u53d1\u52a8\u88ad\u51fb\uff0c\n\u7ed9\u4e88\u4f24\u5bb3\u3002", "language": {"name": "zh-Hans", "url": "https://pokeapi.co/api/v2/language/12/"}, "version_group": {"name": "lets-go-pikachu-lets-go-eevee", "url": "https://pokeapi.co/api/v2/version-group/19/"}}, {"flavor_text": "\u304b\u3089\u3060\u3092\u3000\u30cf\u30f3\u30de\u30fc\u306e\u3088\u3046\u306b\n\u3064\u304b\u3063\u3066\u3000\u3042\u3044\u3066\u306b\u3000\u304a\u305d\u3044\u304b\u304b\u308a\n\u30c0\u30e1\u30fc\u30b8\u3092\u3000\u3042\u305f\u3048\u308b\u3002", "language": {"name": "ja-Hrkt", "url": "https://pokeapi.co/api/v2/language/1/"}, "version_group": {"name": "sword-shield", "url": "https://pokeapi.co/api/v2/version-group/20/"}}, {"flavor_text": "\ubab8\uc744 \ud574\uba38\ucc98\ub7fc\n\uc368\uc11c \uc0c1\ub300\ub97c \ub36e\uccd0\n\ub370\ubbf8\uc9c0\ub97c \uc900\ub2e4.", "language": {"name": "ko", "url": "https://pokeapi.co/api/v2/language/3/"}, "version_group": {"name": "sword-shield", "url": "https://pokeapi.co/api/v2/version-group/20/"}}, {"flavor_text": "\u50cf\u9318\u5b50\u822c\u5730\u4f7f\u7528\u8eab\u9ad4\n\u5411\u5c0d\u624b\u767c\u52d5\u8972\u64ca\uff0c\n\u7d66\u4e88\u50b7\u5bb3\u3002", "language": {"name": "zh-Hant", "url": "https://pokeapi.co/api/v2/language/4/"}, "version_group": {"name": "sword-shield", "url": "https://pokeapi.co/api/v2/version-group/20/"}}, {"flavor_text": "Le lanceur utilise son corps comme un v\u00e9ritable\nmarteau pour \u00e9craser la cible.", "language": {"name": "fr", "url": "https://pokeapi.co/api/v2/language/5/"}, "version_group": {"name": "sword-shield", "url": "https://pokeapi.co/api/v2/version-group/20/"}}, {"flavor_text": "Der Anwender nutzt seinen K\u00f6rper wie einen Hammer\nund st\u00fcrzt sich auf das Ziel, wodurch dieses Schaden\nerleidet.", "language": {"name": "de", "url": "https://pokeapi.co/api/v2/language/6/"}, "version_group": {"name": "sword-shield", "url": "https://pokeapi.co/api/v2/version-group/20/"}}, {"flavor_text": "Usa el cuerpo como un martillo para abalanzarse sobre\nsu rival y causarle da\u00f1o.", "language": {"name": "es", "url": "https://pokeapi.co/api/v2/language/7/"}, "version_group": {"name": "sword-shield", "url": "https://pokeapi.co/api/v2/version-group/20/"}}, {"flavor_text": "Chi la usa infligge danni al bersaglio usando\nil proprio corpo come se fosse un martello.", "language": {"name": "it", "url": "https://pokeapi.co/api/v2/language/8/"}, "version_group": {"name": "sword-shield", "url": "https://pokeapi.co/api/v2/version-group/20/"}}, {"flavor_text": "The user uses its body like a hammer to attack the\ntarget and inflict damage.", "language": {"name": "en", "url": "https://pokeapi.co/api/v2/language/9/"}, "version_group": {"name": "sword-shield", "url": "https://pokeapi.co/api/v2/version-group/20/"}}, {"flavor_text": "\u4f53\u3092\u3000\u30cf\u30f3\u30de\u30fc\u306e\u3088\u3046\u306b\n\u4f7f\u3063\u3066\u3000\u76f8\u624b\u306b\u3000\u8972\u3044\u304b\u304b\u308a\n\u30c0\u30e1\u30fc\u30b8\u3092\u3000\u4e0e\u3048\u308b\u3002", "language": {"name": "ja", "url": "https://pokeapi.co/api/v2/language/11/"}, "version_group": {"name": "sword-shield", "url": "https://pokeapi.co/api/v2/version-group/20/"}}, {"flavor_text": "\u5c06\u8eab\u4f53\u5f53\u4f5c\u9524\u5b50\uff0c\n\u5411\u5bf9\u624b\u53d1\u52a8\u88ad\u51fb\uff0c\n\u7ed9\u4e88\u4f24\u5bb3\u3002", "language": {"name": "zh-Hans", "url": "https://pokeapi.co/api/v2/language/12/"}, "version_group": {"name": "sword-shield", "url": "https://pokeapi.co/api/v2/version-group/20/"}}], "generation": {"name": "generation-vii", "url": "https://pokeapi.co/api/v2/generation/7/"}, "id": 692, "learned_by_pokemon": [{"name": "tropius", "url": "https://pokeapi.co/api/v2/pokemon/357/"}, {"name": "raging-bolt", "url": "https://pokeapi.co/api/v2/pokemon/1021/"}, {"name": "exeggutor-alola", "url": "https://pokeapi.co/api/v2/pokemon/10114/"}], "machines": [], "meta": {"ailment": {"name": "none", "url": "https://pokeapi.co/api/v2/move-ailment/0/"}, "ailment_chance": 0, "category": {"name": "damage", "url": "https://pokeapi.co/api/v2/move-category/0/"}, "crit_rate": 0, "drain": 0, "flinch_chance": 0, "healing": 0, "max_hits": null, "max_turns": null, "min_hits": null, "min_turns": null, "stat_chance": 0}, "name": "dragon-hammer", "names": [{"language": {"name": "ja-Hrkt", "url": "https://pokeapi.co/api/v2/language/1/"}, "name": "\u30c9\u30e9\u30b4\u30f3\u30cf\u30f3\u30de\u30fc"}, {"language": {"name": "ko", "url": "https://pokeapi.co/api/v2/language/3/"}, "name": "\ub4dc\ub798\uace4\ud574\uba38"}, {"language": {"name": "zh-Hant", "url": "https://pokeapi.co/api/v2/language/4/"}, "name": "\u9f8d\u9318"}, {"language": {"name": "fr", "url": "https://pokeapi.co/api/v2/language/5/"}, "name": "Draco-Marteau"}, {"language": {"name": "de", "url": "https://pokeapi.co/api/v2/language/6/"}, "name": "Drachenhammer"}, {"language": {"name": "es", "url": "https://pokeapi.co/api/v2/language/7/"}, "name": "Martillo Drag\u00f3n"}, {"language": {"name": "it", "url": "https://pokeapi.co/api/v2/language/8/"}, "name": "Marteldrago"}, {"language": {"name": "en", "url": "https://pokeapi.co/api/v2/language/9/"}, "name": "Dragon Hammer"}, {"language": {"name": "ja", "url": "https://pokeapi.co/api/v2/language/11/"}, "name": "\u30c9\u30e9\u30b4\u30f3\u30cf\u30f3\u30de\u30fc"}, {"language": {"name": "zh-Hans", "url": "https://pokeapi.co/api/v2/language/12/"}, "name": "\u9f99\u9524"}], "past_values": [], "power": 90, "pp": 15, "priority": 0, "stat_changes": [], "super_contest_effect": null, "target": {"name": "selected-pokemon", "url": "https://pokeapi.co/api/v2/move-target/10/"}, "type": {"name": "dragon", "url": "https://pokeapi.co/api/v2/type/16/"}}