{"accuracy": 100, "contest_combos": null, "contest_effect": null, "contest_type": null, "damage_class": {"name": "special", "url": "https://pokeapi.co/api/v2/move-damage-class/3/"}, "effect_chance": null, "effect_changes": [], "effect_entries": [{"effect": "Inflicts regular damage.", "language": {"name": "en", "url": "https://pokeapi.co/api/v2/language/9/"}, "short_effect": "Inflicts regular damage with no additional effect."}], "flavor_text_entries": [{"flavor_text": "\u305b\u3044\u3081\u3044\u308a\u3087\u304f\u3092\u3000\u30d1\u30ef\u30fc\u306b\u3000\u304b\u3048\u3000\u3042\u3044\u3066\u3092\n\u3053\u3046\u3052\u304d\u3059\u308b\u3002\u3000\u3058\u3076\u3093\u306e\u3000\uff28\uff30\u304c\u3000\u3059\u304f\u306a\u3044\u307b\u3069\n\u308f\u3056\u306e\u3000\u3044\u308a\u3087\u304f\u306f\u3000\u3055\u304c\u308b\u3002", "language": {"name": "ja-Hrkt", "url": "https://pokeapi.co/api/v2/language/1/"}, "version_group": {"name": "sword-shield", "url": "https://pokeapi.co/api/v2/version-group/20/"}}, {"flavor_text": "\uc0dd\uba85\ub825\uc744 \ud30c\uc6cc\ub85c \ubc14\uafd4\uc11c \uc0c1\ub300\ub97c \uacf5\uaca9\ud55c\ub2e4.\n\uc790\uc2e0\uc758 HP\uac00 \uc801\uc744\uc218\ub85d\n\uae30\uc220\uc758 \uc704\ub825\uc774 \ub5a8\uc5b4\uc9c4\ub2e4.", "language": {"name": "ko", "url": "https://pokeapi.co/api/v2/language/3/"}, "version_group": {"name": "sword-shield", "url": "https://pokeapi.co/api/v2/version-group/20/"}}, {"flavor_text": "\u5c07\u751f\u547d\u529b\u5316\u70ba\u529b\u91cf\u653b\u64ca\u5c0d\u624b\u3002\n\u81ea\u5df1\u7684\uff28\uff30\u8d8a\u5c11\uff0c\u62db\u5f0f\u7684\u5a01\u529b\u8d8a\u5c0f\u3002", "language": {"name": "zh-Hant", "url": "https://pokeapi.co/api/v2/language/4/"}, "version_group": {"name": "sword-shield", "url": "https://pokeapi.co/api/v2/version-group/20/"}}, {"flavor_text": "Le lanceur utilise son \u00e9nergie vitale pour attaquer\nl\u2019ennemi. Moins il a de PV, moins l\u2019attaque est puissante.", "language": {"name": "fr", "url": "https://pokeapi.co/api/v2/language/5/"}, "version_group": {"name": "sword-shield", "url": "https://pokeapi.co/api/v2/version-group/20/"}}, {"flavor_text": "Der Anwender wandelt seine Lebenskraft in Energie um\nund greift gegnerische Pok\u00e9mon an. Je h\u00f6her seine\nKP sind, desto mehr Schaden wird angerichtet.", "language": {"name": "de", "url": "https://pokeapi.co/api/v2/language/6/"}, "version_group": {"name": "sword-shield", "url": "https://pokeapi.co/api/v2/version-group/20/"}}, {"flavor_text": "El usuario convierte su fuerza vital en una energ\u00eda con\nla que ataca al objetivo. Cuantos menos PS tenga el\nusuario, menor ser\u00e1 la potencia del movimiento.", "language": {"name": "es", "url": "https://pokeapi.co/api/v2/language/7/"}, "version_group": {"name": "sword-shield", "url": "https://pokeapi.co/api/v2/version-group/20/"}}, {"flavor_text": "Il Pok\u00e9mon attacca i nemici convertendo la propria\nforza vitale in energia. La potenza della mossa cala\nman mano che i PS diminuiscono.", "language": {"name": "it", "url": "https://pokeapi.co/api/v2/language/8/"}, "version_group": {"name": "sword-shield", "url": "https://pokeapi.co/api/v2/version-group/20/"}}, {"flavor_text": "Converting its life-force into power, the user attacks\nopposing Pok\u00e9mon. The lower the user\u2019s HP, the lower\nthe move\u2019s power.", "language": {"name": "en", "url": "https://pokeapi.co/api/v2/language/9/"}, "version_group": {"name": "sword-shield", "url": "https://pokeapi.co/api/v2/version-group/20/"}}, {"flavor_text": "\u751f\u547d\u529b\u3092\u3000\u30d1\u30ef\u30fc\u306b\u3000\u5909\u3048\u3000\u76f8\u624b\u3092\n\u653b\u6483\u3059\u308b\u3002\u3000\u81ea\u5206\u306e\u3000\uff28\uff30\u304c\u3000\u5c11\u306a\u3044\u307b\u3069\n\u6280\u306e\u3000\u5a01\u529b\u306f\u3000\u3055\u304c\u308b\u3002", "language": {"name": "ja", "url": "https://pokeapi.co/api/v2/language/11/"}, "version_group": {"name": "sword-shield", "url": "https://pokeapi.co/api/v2/version-group/20/"}}, {"flavor_text": "\u628a\u751f\u547d\u529b\u8f6c\u6362\u4e3a\u529b\u91cf\u653b\u51fb\u5bf9\u624b\u3002\n\u81ea\u5df1\u7684\uff28\uff30\u8d8a\u5c11\uff0c\u62db\u5f0f\u7684\u5a01\u529b\u8d8a\u5c0f\u3002", "language": {"name": "zh-Hans", "url": "https://pokeapi.co/api/v2/language/12/"}, "version_group": {"name": "sword-shield", "url": "https://pokeapi.co/api/v2/version-group/20/"}}], "generation": {"name": "generation-viii", "url": "https://pokeapi.co/api/v2/generation/8/"}, "id": 820, "learned_by_pokemon": [{"name": "regidrago", "url": "https://pokeapi.co/api/v2/pokemon/895/"}], "machines": [], "meta": {"ailment": {"name": "none", "url": "https://pokeapi.co/api/v2/move-ailment/0/"}, "ailment_chance": 0, "category": {"name": "damage", "url": "https://pokeapi.co/api/v2/move-category/0/"}, "crit_rate": 0, "drain": 0, "flinch_chance": 0, "healing": 0, "max_hits": null, "max_turns": null, "min_hits": null, "min_turns": null, "stat_chance": 0}, "name": "dragon-energy", "names": [{"language": {"name": "ja-Hrkt", "url": "https://pokeapi.co/api/v2/language/1/"}, "name": "\u30c9\u30e9\u30b4\u30f3\u30a8\u30ca\u30b8\u30fc"}, {"language": {"name": "ko", "url": "https://pokeapi.co/api/v2/language/3/"}, "name": "\ub4dc\ub798\uace4\uc5d0\ub108\uc9c0"}, {"language": {"name": "zh-Hant", "url": "https://pokeapi.co/api/v2/language/4/"}, "name": "\u5de8\u9f8d\u5a01\u80fd"}, {"language": {"name": "fr", "url": "https://pokeapi.co/api/v2/language/5/"}, "name": "Draco-\u00c9nergie"}, {"language": {"name": "de", "url": "https://pokeapi.co/api/v2/language/6/"}, "name": "Drachenkr\u00e4fte"}, {"language": {"name": "es", "url": "https://pokeapi.co/api/v2/language/7/"}, "name": "Dracoenerg\u00eda"}, {"language": {"name": "it", "url": "https://pokeapi.co/api/v2/language/8/"}, "name": "Dragoenergia"}, {"language": {"name": "en", "url": "https://pokeapi.co/api/v2/language/9/"}, "name": "Dragon Energy"}, {"language": {"name": "ja", "url": "https://pokeapi.co/api/v2/language/11/"}, "name": "\u30c9\u30e9\u30b4\u30f3\u30a8\u30ca\u30b8\u30fc"}, {"language": {"name": "zh-Hans", "url": "https://pokeapi.co/api/v2/language/12/"}, "name": "\u5de8\u9f99\u5a01\u80fd"}], "past_values": [], "power": 150, "pp": 5, "priority": 0, "stat_changes": [], "super_contest_effect": null, "target": {"name": "all-opponents", "url": "https://pokeapi.co/api/v2/move-target/11/"}, "type": {"name": "dragon", "url": "https://pokeapi.co/api/v2/type/16/"}}