{"accuracy": 100, "contest_combos": {"normal": {"use_after": null, "use_before": [{"name": "fissure", "url": "https://pokeapi.co/api/v2/move/90/"}, {"name": "eruption", "url": "https://pokeapi.co/api/v2/move/284/"}]}, "super": {"use_after": null, "use_before": null}}, "contest_effect": {"url": "https://pokeapi.co/api/v2/contest-effect/5/"}, "contest_type": {"name": "tough", "url": "https://pokeapi.co/api/v2/contest-type/5/"}, "damage_class": {"name": "physical", "url": "https://pokeapi.co/api/v2/move-damage-class/2/"}, "effect_chance": null, "effect_changes": [{"effect_entries": [{"effect": "Does not hit Pok\u00e9mon under the effects of dig.", "language": {"name": "en", "url": "https://pokeapi.co/api/v2/language/9/"}}], "version_group": {"name": "gold-silver", "url": "https://pokeapi.co/api/v2/version-group/3/"}}], "effect_entries": [{"effect": "Inflicts regular damage.\n\nIf the target is in the first turn of dig, this move will hit with double power.", "language": {"name": "en", "url": "https://pokeapi.co/api/v2/language/9/"}, "short_effect": "Inflicts regular damage and can hit Dig users."}], "flavor_text_entries": [{"flavor_text": "Tough but useless\nvs. flying foes.", "language": {"name": "en", "url": "https://pokeapi.co/api/v2/language/9/"}, "version_group": {"name": "gold-silver", "url": "https://pokeapi.co/api/v2/version-group/3/"}}, {"flavor_text": "Tough but useless\nvs. flying foes.", "language": {"name": "en", "url": "https://pokeapi.co/api/v2/language/9/"}, "version_group": {"name": "crystal", "url": "https://pokeapi.co/api/v2/version-group/4/"}}, {"flavor_text": "A powerful quake, but has\nno effect on flying foes.", "language": {"name": "en", "url": "https://pokeapi.co/api/v2/language/9/"}, "version_group": {"name": "ruby-sapphire", "url": "https://pokeapi.co/api/v2/version-group/5/"}}, {"flavor_text": "A powerful quake, but has\nno effect on flying foes.", "language": {"name": "en", "url": "https://pokeapi.co/api/v2/language/9/"}, "version_group": {"name": "emerald", "url": "https://pokeapi.co/api/v2/version-group/6/"}}, {"flavor_text": "An earthquake that\nstrikes all POK\u00e9MON\nin battle excluding\nthe user.", "language": {"name": "en", "url": "https://pokeapi.co/api/v2/language/9/"}, "version_group": {"name": "firered-leafgreen", "url": "https://pokeapi.co/api/v2/version-group/7/"}}, {"flavor_text": "The user sets off an\nearthquake that hits\nall the Pok\u00e9mon in\nthe battle.\n", "language": {"name": "en", "url": "https://pokeapi.co/api/v2/language/9/"}, "version_group": {"name": "diamond-pearl", "url": "https://pokeapi.co/api/v2/version-group/8/"}}, {"flavor_text": "The user sets off an\nearthquake that hits\nall the Pok\u00e9mon in\nthe battle.\n", "language": {"name": "en", "url": "https://pokeapi.co/api/v2/language/9/"}, "version_group": {"name": "platinum", "url": "https://pokeapi.co/api/v2/version-group/9/"}}, {"flavor_text": "The user sets off an\nearthquake that hits\nall the Pok\u00e9mon in\nthe battle.\n", "language": {"name": "en", "url": "https://pokeapi.co/api/v2/language/9/"}, "version_group": {"name": "heartgold-soulsilver", "url": "https://pokeapi.co/api/v2/version-group/10/"}}, {"flavor_text": "Le lanceur provoque un tremblement\nde terre touchant tous les Pok\u00e9mon\nautour de lui.", "language": {"name": "fr", "url": "https://pokeapi.co/api/v2/language/5/"}, "version_group": {"name": "black-white", "url": "https://pokeapi.co/api/v2/version-group/11/"}}, {"flavor_text": "The user sets off an earthquake that\nstrikes those around it.", "language": {"name": "en", "url": "https://pokeapi.co/api/v2/language/9/"}, "version_group": {"name": "black-white", "url": "https://pokeapi.co/api/v2/version-group/11/"}}, {"flavor_text": "The user sets off an earthquake that\nstrikes those around it.", "language": {"name": "en", "url": "https://pokeapi.co/api/v2/language/9/"}, "version_group": {"name": "black-2-white-2", "url": "https://pokeapi.co/api/v2/version-group/14/"}}, {"flavor_text": "\u3058\u3057\u3093\u306e\u3000\u3057\u3087\u3046\u3052\u304d\u3067\u3000\u3058\u3076\u3093\u306e\n\u307e\u308f\u308a\u306b\u3000\u3044\u308b\u3082\u306e\u3092\u3000\u3053\u3046\u3052\u304d\u3059\u308b\u3002\n", "language": {"name": "ja-Hrkt", "url": "https://pokeapi.co/api/v2/language/1/"}, "version_group": {"name": "x-y", "url": "https://pokeapi.co/api/v2/version-group/15/"}}, {"flavor_text": "\uc9c0\uc9c4\uc758 \ucda9\uaca9\uc73c\ub85c \uc790\uc2e0\uc758\n\uc8fc\uc704\uc5d0 \uc788\ub294 \ud3ec\ucf13\ubaac\uc744 \uacf5\uaca9\ud55c\ub2e4.", "language": {"name": "ko", "url": "https://pokeapi.co/api/v2/language/3/"}, "version_group": {"name": "x-y", "url": "https://pokeapi.co/api/v2/version-group/15/"}}, {"flavor_text": "Le lanceur provoque un tremblement de terre\ntouchant tous les Pok\u00e9mon autour de lui.", "language": {"name": "fr", "url": "https://pokeapi.co/api/v2/language/5/"}, "version_group": {"name": "x-y", "url": "https://pokeapi.co/api/v2/version-group/15/"}}, {"flavor_text": "Ein m\u00e4chtiges Beben, das die anderen Pok\u00e9mon\nin der N\u00e4he des Anwenders trifft.", "language": {"name": "de", "url": "https://pokeapi.co/api/v2/language/6/"}, "version_group": {"name": "x-y", "url": "https://pokeapi.co/api/v2/version-group/15/"}}, {"flavor_text": "Un terremoto que afecta a los Pok\u00e9mon de\nalrededor en combate.", "language": {"name": "es", "url": "https://pokeapi.co/api/v2/language/7/"}, "version_group": {"name": "x-y", "url": "https://pokeapi.co/api/v2/version-group/15/"}}, {"flavor_text": "Chi la usa provoca un potente sisma che colpisce\ni Pok\u00e9mon che ha intorno.", "language": {"name": "it", "url": "https://pokeapi.co/api/v2/language/8/"}, "version_group": {"name": "x-y", "url": "https://pokeapi.co/api/v2/version-group/15/"}}, {"flavor_text": "The user sets off an earthquake that\nstrikes every Pok\u00e9mon around it.\n", "language": {"name": "en", "url": "https://pokeapi.co/api/v2/language/9/"}, "version_group": {"name": "x-y", "url": "https://pokeapi.co/api/v2/version-group/15/"}}, {"flavor_text": "\u5730\u9707\u306e\u3000\u885d\u6483\u3067\u3000\u81ea\u5206\u306e\n\u5468\u308a\u306b\u3000\u3044\u308b\u3082\u306e\u3092\u3000\u653b\u6483\u3059\u308b\u3002\n", "language": {"name": "ja", "url": "https://pokeapi.co/api/v2/language/11/"}, "version_group": {"name": "x-y", "url": "https://pokeapi.co/api/v2/version-group/15/"}}, {"flavor_text": "\u3058\u3057\u3093\u306e\u3000\u3057\u3087\u3046\u3052\u304d\u3067\u3000\u3058\u3076\u3093\u306e\n\u307e\u308f\u308a\u306b\u3000\u3044\u308b\u3082\u306e\u3092\u3000\u3053\u3046\u3052\u304d\u3059\u308b\u3002\n", "language": {"name": "ja-Hrkt", "url": "https://pokeapi.co/api/v2/language/1/"}, "version_group": {"name": "omega-ruby-alpha-sapphire", "url": "https://pokeapi.co/api/v2/version-group/16/"}}, {"flavor_text": "\uc9c0\uc9c4\uc758 \ucda9\uaca9\uc73c\ub85c \uc790\uc2e0\uc758\n\uc8fc\uc704\uc5d0 \uc788\ub294 \ud3ec\ucf13\ubaac\uc744 \uacf5\uaca9\ud55c\ub2e4.", "language": {"name": "ko", "url": "https://pokeapi.co/api/v2/language/3/"}, "version_group": {"name": "omega-ruby-alpha-sapphire", "url": "https://pokeapi.co/api/v2/version-group/16/"}}, {"flavor_text": "Le lanceur provoque un tremblement de terre\ntouchant tous les Pok\u00e9mon autour de lui.", "language": {"name": "fr", "url": "https://pokeapi.co/api/v2/language/5/"}, "version_group": {"name": "omega-ruby-alpha-sapphire", "url": "https://pokeapi.co/api/v2/version-group/16/"}}, {"flavor_text": "Ein m\u00e4chtiges Beben, das die anderen Pok\u00e9mon\nin der N\u00e4he des Anwenders trifft.", "language": {"name": "de", "url": "https://pokeapi.co/api/v2/language/6/"}, "version_group": {"name": "omega-ruby-alpha-sapphire", "url": "https://pokeapi.co/api/v2/version-group/16/"}}, {"flavor_text": "Un terremoto que afecta a los Pok\u00e9mon de alrededor \nen combate.", "language": {"name": "es", "url": "https://pokeapi.co/api/v2/language/7/"}, "version_group": {"name": "omega-ruby-alpha-sapphire", "url": "https://pokeapi.co/api/v2/version-group/16/"}}, {"flavor_text": "Chi la usa provoca un potente sisma che colpisce\ni Pok\u00e9mon che ha intorno.", "language": {"name": "it", "url": "https://pokeapi.co/api/v2/language/8/"}, "version_group": {"name": "omega-ruby-alpha-sapphire", "url": "https://pokeapi.co/api/v2/version-group/16/"}}, {"flavor_text": "The user sets off an earthquake that\nstrikes every Pok\u00e9mon around it.\n", "language": {"name": "en", "url": "https://pokeapi.co/api/v2/language/9/"}, "version_group": {"name": "omega-ruby-alpha-sapphire", "url": "https://pokeapi.co/api/v2/version-group/16/"}}, {"flavor_text": "\u5730\u9707\u306e\u3000\u885d\u6483\u3067\u3000\u81ea\u5206\u306e\n\u5468\u308a\u306b\u3000\u3044\u308b\u3082\u306e\u3092\u3000\u653b\u6483\u3059\u308b\u3002\n", "language": {"name": "ja", "url": "https://pokeapi.co/api/v2/language/11/"}, "version_group": {"name": "omega-ruby-alpha-sapphire", "url": "https://pokeapi.co/api/v2/version-group/16/"}}, {"flavor_text": "\u3058\u3057\u3093\u306e\u3000\u3057\u3087\u3046\u3052\u304d\u3067\u3000\u3058\u3076\u3093\u306e\n\u307e\u308f\u308a\u306b\u3000\u3044\u308b\u3082\u306e\u3092\u3000\u3053\u3046\u3052\u304d\u3059\u308b\u3002", "language": {"name": "ja-Hrkt", "url": "https://pokeapi.co/api/v2/language/1/"}, "version_group": {"name": "sun-moon", "url": "https://pokeapi.co/api/v2/version-group/17/"}}, {"flavor_text": "\uc9c0\uc9c4\uc758 \ucda9\uaca9\uc73c\ub85c \uc790\uc2e0\uc758\n\uc8fc\uc704\uc5d0 \uc788\ub294 \ud3ec\ucf13\ubaac\uc744 \uacf5\uaca9\ud55c\ub2e4.", "language": {"name": "ko", "url": "https://pokeapi.co/api/v2/language/3/"}, "version_group": {"name": "sun-moon", "url": "https://pokeapi.co/api/v2/version-group/17/"}}, {"flavor_text": "\u7528\u5730\u9707\u7684\u885d\u64ca\uff0c\n\u653b\u64ca\u81ea\u5df1\u5468\u570d\u6240\u6709\u7684\u5bf6\u53ef\u5922\u3002", "language": {"name": "zh-Hant", "url": "https://pokeapi.co/api/v2/language/4/"}, "version_group": {"name": "sun-moon", "url": "https://pokeapi.co/api/v2/version-group/17/"}}, {"flavor_text": "Le lanceur provoque un tremblement de terre\ntouchant tous les Pok\u00e9mon autour de lui.", "language": {"name": "fr", "url": "https://pokeapi.co/api/v2/language/5/"}, "version_group": {"name": "sun-moon", "url": "https://pokeapi.co/api/v2/version-group/17/"}}, {"flavor_text": "Ein m\u00e4chtiges Beben, das die anderen Pok\u00e9mon in\nder N\u00e4he des Anwenders trifft.", "language": {"name": "de", "url": "https://pokeapi.co/api/v2/language/6/"}, "version_group": {"name": "sun-moon", "url": "https://pokeapi.co/api/v2/version-group/17/"}}, {"flavor_text": "Un terremoto que afecta a los Pok\u00e9mon de alrededor \nen combate.", "language": {"name": "es", "url": "https://pokeapi.co/api/v2/language/7/"}, "version_group": {"name": "sun-moon", "url": "https://pokeapi.co/api/v2/version-group/17/"}}, {"flavor_text": "Chi la usa provoca un potente sisma che colpisce\ni Pok\u00e9mon che ha intorno.", "language": {"name": "it", "url": "https://pokeapi.co/api/v2/language/8/"}, "version_group": {"name": "sun-moon", "url": "https://pokeapi.co/api/v2/version-group/17/"}}, {"flavor_text": "The user sets off an earthquake that strikes every\nPok\u00e9mon around it.", "language": {"name": "en", "url": "https://pokeapi.co/api/v2/language/9/"}, "version_group": {"name": "sun-moon", "url": "https://pokeapi.co/api/v2/version-group/17/"}}, {"flavor_text": "\u5730\u9707\u306e\u3000\u885d\u6483\u3067\u3000\u81ea\u5206\u306e\n\u5468\u308a\u306b\u3000\u3044\u308b\u3082\u306e\u3092\u3000\u653b\u6483\u3059\u308b\u3002", "language": {"name": "ja", "url": "https://pokeapi.co/api/v2/language/11/"}, "version_group": {"name": "sun-moon", "url": "https://pokeapi.co/api/v2/version-group/17/"}}, {"flavor_text": "\u5229\u7528\u5730\u9707\u7684\u51b2\u51fb\uff0c\n\u653b\u51fb\u81ea\u5df1\u5468\u56f4\u6240\u6709\u7684\u5b9d\u53ef\u68a6\u3002", "language": {"name": "zh-Hans", "url": "https://pokeapi.co/api/v2/language/12/"}, "version_group": {"name": "sun-moon", "url": "https://pokeapi.co/api/v2/version-group/17/"}}, {"flavor_text": "\u3058\u3057\u3093\u306e\u3000\u3057\u3087\u3046\u3052\u304d\u3067\u3000\u3058\u3076\u3093\u306e\n\u307e\u308f\u308a\u306b\u3000\u3044\u308b\u3082\u306e\u3092\u3000\u3053\u3046\u3052\u304d\u3059\u308b\u3002", "language": {"name": "ja-Hrkt", "url": "https://pokeapi.co/api/v2/language/1/"}, "version_group": {"name": "ultra-sun-ultra-moon", "url": "https://pokeapi.co/api/v2/version-group/18/"}}, {"flavor_text": "\uc9c0\uc9c4\uc758 \ucda9\uaca9\uc73c\ub85c \uc790\uc2e0\uc758\n\uc8fc\uc704\uc5d0 \uc788\ub294 \ud3ec\ucf13\ubaac\uc744 \uacf5\uaca9\ud55c\ub2e4.", "language": {"name": "ko", "url": "https://pokeapi.co/api/v2/language/3/"}, "version_group": {"name": "ultra-sun-ultra-moon", "url": "https://pokeapi.co/api/v2/version-group/18/"}}, {"flavor_text": "\u7528\u5730\u9707\u7684\u885d\u64ca\uff0c\n\u653b\u64ca\u81ea\u5df1\u5468\u570d\u6240\u6709\u7684\u5bf6\u53ef\u5922\u3002", "language": {"name": "zh-Hant", "url": "https://pokeapi.co/api/v2/language/4/"}, "version_group": {"name": "ultra-sun-ultra-moon", "url": "https://pokeapi.co/api/v2/version-group/18/"}}, {"flavor_text": "Le lanceur provoque un tremblement de terre\ntouchant tous les Pok\u00e9mon autour de lui.", "language": {"name": "fr", "url": "https://pokeapi.co/api/v2/language/5/"}, "version_group": {"name": "ultra-sun-ultra-moon", "url": "https://pokeapi.co/api/v2/version-group/18/"}}, {"flavor_text": "Ein m\u00e4chtiges Beben, das die anderen Pok\u00e9mon in\nder N\u00e4he des Anwenders trifft.", "language": {"name": "de", "url": "https://pokeapi.co/api/v2/language/6/"}, "version_group": {"name": "ultra-sun-ultra-moon", "url": "https://pokeapi.co/api/v2/version-group/18/"}}, {"flavor_text": "Un terremoto que afecta a los Pok\u00e9mon de alrededor \nen combate.", "language": {"name": "es", "url": "https://pokeapi.co/api/v2/language/7/"}, "version_group": {"name": "ultra-sun-ultra-moon", "url": "https://pokeapi.co/api/v2/version-group/18/"}}, {"flavor_text": "Chi la usa provoca un potente sisma che colpisce\ni Pok\u00e9mon che ha intorno.", "language": {"name": "it", "url": "https://pokeapi.co/api/v2/language/8/"}, "version_group": {"name": "ultra-sun-ultra-moon", "url": "https://pokeapi.co/api/v2/version-group/18/"}}, {"flavor_text": "The user sets off an earthquake that strikes every\nPok\u00e9mon around it.", "language": {"name": "en", "url": "https://pokeapi.co/api/v2/language/9/"}, "version_group": {"name": "ultra-sun-ultra-moon", "url": "https://pokeapi.co/api/v2/version-group/18/"}}, {"flavor_text": "\u5730\u9707\u306e\u3000\u885d\u6483\u3067\u3000\u81ea\u5206\u306e\n\u5468\u308a\u306b\u3000\u3044\u308b\u3082\u306e\u3092\u3000\u653b\u6483\u3059\u308b\u3002", "language": {"name": "ja", "url": "https://pokeapi.co/api/v2/language/11/"}, "version_group": {"name": "ultra-sun-ultra-moon", "url": "https://pokeapi.co/api/v2/version-group/18/"}}, {"flavor_text": "\u5229\u7528\u5730\u9707\u7684\u51b2\u51fb\uff0c\n\u653b\u51fb\u81ea\u5df1\u5468\u56f4\u6240\u6709\u7684\u5b9d\u53ef\u68a6\u3002", "language": {"name": "zh-Hans", "url": "https://pokeapi.co/api/v2/language/12/"}, "version_group": {"name": "ultra-sun-ultra-moon", "url": "https://pokeapi.co/api/v2/version-group/18/"}}, {"flavor_text": "\u3058\u3057\u3093\u306e\u3000\u3057\u3087\u3046\u3052\u304d\u3067\u3000\u3058\u3076\u3093\u306e\n\u307e\u308f\u308a\u306b\u3000\u3044\u308b\u3082\u306e\u3092\u3000\u3053\u3046\u3052\u304d\u3059\u308b\u3002", "language": {"name": "ja-Hrkt", "url": "https://pokeapi.co/api/v2/language/1/"}, "version_group": {"name": "lets-go-pikachu-lets-go-eevee", "url": "https://pokeapi.co/api/v2/version-group/19/"}}, {"flavor_text": "\uc9c0\uc9c4\uc758 \ucda9\uaca9\uc73c\ub85c \uc790\uc2e0\uc758\n\uc8fc\uc704\uc5d0 \uc788\ub294 \ud3ec\ucf13\ubaac\uc744 \uacf5\uaca9\ud55c\ub2e4.", "language": {"name": "ko", "url": "https://pokeapi.co/api/v2/language/3/"}, "version_group": {"name": "lets-go-pikachu-lets-go-eevee", "url": "https://pokeapi.co/api/v2/version-group/19/"}}, {"flavor_text": "\u7528\u5730\u9707\u7684\u885d\u64ca\uff0c\n\u653b\u64ca\u81ea\u5df1\u5468\u570d\u6240\u6709\u7684\u5bf6\u53ef\u5922\u3002", "language": {"name": "zh-Hant", "url": "https://pokeapi.co/api/v2/language/4/"}, "version_group": {"name": "lets-go-pikachu-lets-go-eevee", "url": "https://pokeapi.co/api/v2/version-group/19/"}}, {"flavor_text": "Le lanceur provoque un tremblement de terre\ntouchant tous les Pok\u00e9mon autour de lui.", "language": {"name": "fr", "url": "https://pokeapi.co/api/v2/language/5/"}, "version_group": {"name": "lets-go-pikachu-lets-go-eevee", "url": "https://pokeapi.co/api/v2/version-group/19/"}}, {"flavor_text": "Ein m\u00e4chtiges Beben, das die anderen Pok\u00e9mon in\nder N\u00e4he des Anwenders trifft.", "language": {"name": "de", "url": "https://pokeapi.co/api/v2/language/6/"}, "version_group": {"name": "lets-go-pikachu-lets-go-eevee", "url": "https://pokeapi.co/api/v2/version-group/19/"}}, {"flavor_text": "Un terremoto que afecta a los Pok\u00e9mon de alrededor \nen combate.", "language": {"name": "es", "url": "https://pokeapi.co/api/v2/language/7/"}, "version_group": {"name": "lets-go-pikachu-lets-go-eevee", "url": "https://pokeapi.co/api/v2/version-group/19/"}}, {"flavor_text": "Chi la usa provoca un potente sisma che colpisce\ni Pok\u00e9mon che ha intorno.", "language": {"name": "it", "url": "https://pokeapi.co/api/v2/language/8/"}, "version_group": {"name": "lets-go-pikachu-lets-go-eevee", "url": "https://pokeapi.co/api/v2/version-group/19/"}}, {"flavor_text": "The user sets off an earthquake that strikes every\nPok\u00e9mon around it.", "language": {"name": "en", "url": "https://pokeapi.co/api/v2/language/9/"}, "version_group": {"name": "lets-go-pikachu-lets-go-eevee", "url": "https://pokeapi.co/api/v2/version-group/19/"}}, {"flavor_text": "\u5730\u9707\u306e\u3000\u885d\u6483\u3067\u3000\u81ea\u5206\u306e\n\u5468\u308a\u306b\u3000\u3044\u308b\u3082\u306e\u3092\u3000\u653b\u6483\u3059\u308b\u3002", "language": {"name": "ja", "url": "https://pokeapi.co/api/v2/language/11/"}, "version_group": {"name": "lets-go-pikachu-lets-go-eevee", "url": "https://pokeapi.co/api/v2/version-group/19/"}}, {"flavor_text": "\u5229\u7528\u5730\u9707\u7684\u51b2\u51fb\uff0c\n\u653b\u51fb\u81ea\u5df1\u5468\u56f4\u6240\u6709\u7684\u5b9d\u53ef\u68a6\u3002", "language": {"name": "zh-Hans", "url": "https://pokeapi.co/api/v2/language/12/"}, "version_group": {"name": "lets-go-pikachu-lets-go-eevee", "url": "https://pokeapi.co/api/v2/version-group/19/"}}, {"flavor_text": "\u3058\u3057\u3093\u306e\u3000\u3057\u3087\u3046\u3052\u304d\u3067\u3000\u3058\u3076\u3093\u306e\n\u307e\u308f\u308a\u306b\u3000\u3044\u308b\u3082\u306e\u3092\u3000\u3053\u3046\u3052\u304d\u3059\u308b\u3002", "language": {"name": "ja-Hrkt", "url": "https://pokeapi.co/api/v2/language/1/"}, "version_group": {"name": "sword-shield", "url": "https://pokeapi.co/api/v2/version-group/20/"}}, {"flavor_text": "\uc9c0\uc9c4\uc758 \ucda9\uaca9\uc73c\ub85c \uc790\uc2e0\uc758\n\uc8fc\uc704\uc5d0 \uc788\ub294 \ud3ec\ucf13\ubaac\uc744 \uacf5\uaca9\ud55c\ub2e4.", "language": {"name": "ko", "url": "https://pokeapi.co/api/v2/language/3/"}, "version_group": {"name": "sword-shield", "url": "https://pokeapi.co/api/v2/version-group/20/"}}, {"flavor_text": "\u7528\u5730\u9707\u7684\u885d\u64ca\uff0c\n\u653b\u64ca\u81ea\u5df1\u5468\u570d\u6240\u6709\u7684\u5bf6\u53ef\u5922\u3002", "language": {"name": "zh-Hant", "url": "https://pokeapi.co/api/v2/language/4/"}, "version_group": {"name": "sword-shield", "url": "https://pokeapi.co/api/v2/version-group/20/"}}, {"flavor_text": "Le lanceur provoque un tremblement de terre\ntouchant tous les Pok\u00e9mon autour de lui.", "language": {"name": "fr", "url": "https://pokeapi.co/api/v2/language/5/"}, "version_group": {"name": "sword-shield", "url": "https://pokeapi.co/api/v2/version-group/20/"}}, {"flavor_text": "Ein m\u00e4chtiges Beben, das alle Pok\u00e9mon im Umkreis\ntrifft.", "language": {"name": "de", "url": "https://pokeapi.co/api/v2/language/6/"}, "version_group": {"name": "sword-shield", "url": "https://pokeapi.co/api/v2/version-group/20/"}}, {"flavor_text": "Un terremoto que afecta a todos los Pok\u00e9mon que\nest\u00e9n a su alrededor.", "language": {"name": "es", "url": "https://pokeapi.co/api/v2/language/7/"}, "version_group": {"name": "sword-shield", "url": "https://pokeapi.co/api/v2/version-group/20/"}}, {"flavor_text": "Chi la usa provoca un potente sisma che colpisce\ni Pok\u00e9mon che ha intorno.", "language": {"name": "it", "url": "https://pokeapi.co/api/v2/language/8/"}, "version_group": {"name": "sword-shield", "url": "https://pokeapi.co/api/v2/version-group/20/"}}, {"flavor_text": "The user sets off an earthquake that strikes every\nPok\u00e9mon around it.", "language": {"name": "en", "url": "https://pokeapi.co/api/v2/language/9/"}, "version_group": {"name": "sword-shield", "url": "https://pokeapi.co/api/v2/version-group/20/"}}, {"flavor_text": "\u5730\u9707\u306e\u3000\u885d\u6483\u3067\u3000\u81ea\u5206\u306e\n\u5468\u308a\u306b\u3000\u3044\u308b\u3082\u306e\u3092\u3000\u653b\u6483\u3059\u308b\u3002", "language": {"name": "ja", "url": "https://pokeapi.co/api/v2/language/11/"}, "version_group": {"name": "sword-shield", "url": "https://pokeapi.co/api/v2/version-group/20/"}}, {"flavor_text": "\u5229\u7528\u5730\u9707\u7684\u51b2\u51fb\uff0c\n\u653b\u51fb\u81ea\u5df1\u5468\u56f4\u6240\u6709\u7684\u5b9d\u53ef\u68a6\u3002", "language": {"name": "zh-Hans", "url": "https://pokeapi.co/api/v2/language/12/"}, "version_group": {"name": "sword-shield", "url": "https://pokeapi.co/api/v2/version-group/20/"}}], "generation": {"name": "generation-i", "url": "https://pokeapi.co/api/v2/generation/1/"}, "id": 89, "learned_by_pokemon": [{"name": "venusaur", "url": "https://pokeapi.co/api/v2/pokemon/3/"}, {"name": "charizard", "url": "https://pokeapi.co/api/v2/pokemon/6/"}, {"name": "blastoise", "url": "https://pokeapi.co/api/v2/pokemon/9/"}, {"name": "ekans", "url": "https://pokeapi.co/api/v2/pokemon/23/"}, {"name": "arbok", "url": "https://pokeapi.co/api/v2/pokemon/24/"}, {"name": "sandshrew", "url": "https://pokeapi.co/api/v2/pokemon/27/"}, {"name": "sandslash", "url": "https://pokeapi.co/api/v2/pokemon/28/"}, {"name": "nidoqueen", "url": "https://pokeapi.co/api/v2/pokemon/31/"}, {"name": "nidoking", "url": "https://pokeapi.co/api/v2/pokemon/34/"}, {"name": "diglett", "url": "https://pokeapi.co/api/v2/pokemon/50/"}, {"name": "dugtrio", "url": "https://pokeapi.co/api/v2/pokemon/51/"}, {"name": "mankey", "url": "https://pokeapi.co/api/v2/pokemon/56/"}, {"name": "primeape", "url": "https://pokeapi.co/api/v2/pokemon/57/"}, {"name": "poliwhirl", "url": "https://pokeapi.co/api/v2/pokemon/61/"}, {"name": "poliwrath", "url": "https://pokeapi.co/api/v2/pokemon/62/"}, {"name": "machop", "url": "https://pokeapi.co/api/v2/pokemon/66/"}, {"name": "machoke", "url": "https://pokeapi.co/api/v2/pokemon/67/"}, {"name": "machamp", "url": "https://pokeapi.co/api/v2/pokemon/68/"}, {"name": "geodude", "url": "https://pokeapi.co/api/v2/pokemon/74/"}, {"name": "graveler", "url": "https://pokeapi.co/api/v2/pokemon/75/"}, {"name": "golem", "url": "https://pokeapi.co/api/v2/pokemon/76/"}, {"name": "slowpoke", "url": "https://pokeapi.co/api/v2/pokemon/79/"}, {"name": "slowbro", "url": "https://pokeapi.co/api/v2/pokemon/80/"}, {"name": "onix", "url": "https://pokeapi.co/api/v2/pokemon/95/"}, {"name": "exeggutor", "url": "https://pokeapi.co/api/v2/pokemon/103/"}, {"name": "cubone", "url": "https://pokeapi.co/api/v2/pokemon/104/"}, {"name": "marowak", "url": "https://pokeapi.co/api/v2/pokemon/105/"}, {"name": "hitmonlee", "url": "https://pokeapi.co/api/v2/pokemon/106/"}, {"name": "hitmonchan", "url": "https://pokeapi.co/api/v2/pokemon/107/"}, {"name": "lickitung", "url": "https://pokeapi.co/api/v2/pokemon/108/"}, {"name": "rhyhorn", "url": "https://pokeapi.co/api/v2/pokemon/111/"}, {"name": "rhydon", "url": "https://pokeapi.co/api/v2/pokemon/112/"}, {"name": "chansey", "url": "https://pokeapi.co/api/v2/pokemon/113/"}, {"name": "kangaskhan", "url": "https://pokeapi.co/api/v2/pokemon/115/"}, {"name": "pinsir", "url": "https://pokeapi.co/api/v2/pokemon/127/"}, {"name": "tauros", "url": "https://pokeapi.co/api/v2/pokemon/128/"}, {"name": "gyarados", "url": "https://pokeapi.co/api/v2/pokemon/130/"}, {"name": "lapras", "url": "https://pokeapi.co/api/v2/pokemon/131/"}, {"name": "aerodactyl", "url": "https://pokeapi.co/api/v2/pokemon/142/"}, {"name": "snorlax", "url": "https://pokeapi.co/api/v2/pokemon/143/"}, {"name": "dragonite", "url": "https://pokeapi.co/api/v2/pokemon/149/"}, {"name": "mewtwo", "url": "https://pokeapi.co/api/v2/pokemon/150/"}, {"name": "mew", "url": "https://pokeapi.co/api/v2/pokemon/151/"}, {"name": "meganium", "url": "https://pokeapi.co/api/v2/pokemon/154/"}, {"name": "typhlosion", "url": "https://pokeapi.co/api/v2/pokemon/157/"}, {"name": "feraligatr", "url": "https://pokeapi.co/api/v2/pokemon/160/"}, {"name": "sudowoodo", "url": "https://pokeapi.co/api/v2/pokemon/185/"}, {"name": "politoed", "url": "https://pokeapi.co/api/v2/pokemon/186/"}, {"name": "wooper", "url": "https://pokeapi.co/api/v2/pokemon/194/"}, {"name": "quagsire", "url": "https://pokeapi.co/api/v2/pokemon/195/"}, {"name": "slowking", "url": "https://pokeapi.co/api/v2/pokemon/199/"}, {"name": "girafarig", "url": "https://pokeapi.co/api/v2/pokemon/203/"}, {"name": "pineco", "url": "https://pokeapi.co/api/v2/pokemon/204/"}, {"name": "forretress", "url": "https://pokeapi.co/api/v2/pokemon/205/"}, {"name": "dunsparce", "url": "https://pokeapi.co/api/v2/pokemon/206/"}, {"name": "gligar", "url": "https://pokeapi.co/api/v2/pokemon/207/"}, {"name": "steelix", "url": "https://pokeapi.co/api/v2/pokemon/208/"}, {"name": "snubbull", "url": "https://pokeapi.co/api/v2/pokemon/209/"}, {"name": "granbull", "url": "https://pokeapi.co/api/v2/pokemon/210/"}, {"name": "shuckle", "url": "https://pokeapi.co/api/v2/pokemon/213/"}, {"name": "heracross", "url": "https://pokeapi.co/api/v2/pokemon/214/"}, {"name": "teddiursa", "url": "https://pokeapi.co/api/v2/pokemon/216/"}, {"name": "ursaring", "url": "https://pokeapi.co/api/v2/pokemon/217/"}, {"name": "slugma", "url": "https://pokeapi.co/api/v2/pokemon/218/"}, {"name": "magcargo", "url": "https://pokeapi.co/api/v2/pokemon/219/"}, {"name": "swinub", "url": "https://pokeapi.co/api/v2/pokemon/220/"}, {"name": "piloswine", "url": "https://pokeapi.co/api/v2/pokemon/221/"}, {"name": "corsola", "url": "https://pokeapi.co/api/v2/pokemon/222/"}, {"name": "mantine", "url": "https://pokeapi.co/api/v2/pokemon/226/"}, {"name": "phanpy", "url": "https://pokeapi.co/api/v2/pokemon/231/"}, {"name": "donphan", "url": "https://pokeapi.co/api/v2/pokemon/232/"}, {"name": "stantler", "url": "https://pokeapi.co/api/v2/pokemon/234/"}, {"name": "tyrogue", "url": "https://pokeapi.co/api/v2/pokemon/236/"}, {"name": "hitmontop", "url": "https://pokeapi.co/api/v2/pokemon/237/"}, {"name": "miltank", "url": "https://pokeapi.co/api/v2/pokemon/241/"}, {"name": "blissey", "url": "https://pokeapi.co/api/v2/pokemon/242/"}, {"name": "larvitar", "url": "https://pokeapi.co/api/v2/pokemon/246/"}, {"name": "pupitar", "url": "https://pokeapi.co/api/v2/pokemon/247/"}, {"name": "tyranitar", "url": "https://pokeapi.co/api/v2/pokemon/248/"}, {"name": "lugia", "url": "https://pokeapi.co/api/v2/pokemon/249/"}, {"name": "ho-oh", "url": "https://pokeapi.co/api/v2/pokemon/250/"}, {"name": "sceptile", "url": "https://pokeapi.co/api/v2/pokemon/254/"}, {"name": "blaziken", "url": "https://pokeapi.co/api/v2/pokemon/257/"}, {"name": "marshtomp", "url": "https://pokeapi.co/api/v2/pokemon/259/"}, {"name": "swampert", "url": "https://pokeapi.co/api/v2/pokemon/260/"}, {"name": "vigoroth", "url": "https://pokeapi.co/api/v2/pokemon/288/"}, {"name": "slaking", "url": "https://pokeapi.co/api/v2/pokemon/289/"}, {"name": "loudred", "url": "https://pokeapi.co/api/v2/pokemon/294/"}, {"name": "exploud", "url": "https://pokeapi.co/api/v2/pokemon/295/"}, {"name": "makuhita", "url": "https://pokeapi.co/api/v2/pokemon/296/"}, {"name": "hariyama", "url": "https://pokeapi.co/api/v2/pokemon/297/"}, {"name": "nosepass", "url": "https://pokeapi.co/api/v2/pokemon/299/"}, {"name": "aron", "url": "https://pokeapi.co/api/v2/pokemon/304/"}, {"name": "lairon", "url": "https://pokeapi.co/api/v2/pokemon/305/"}, {"name": "aggron", "url": "https://pokeapi.co/api/v2/pokemon/306/"}, {"name": "swalot", "url": "https://pokeapi.co/api/v2/pokemon/317/"}, {"name": "sharpedo", "url": "https://pokeapi.co/api/v2/pokemon/319/"}, {"name": "wailmer", "url": "https://pokeapi.co/api/v2/pokemon/320/"}, {"name": "wailord", "url": "https://pokeapi.co/api/v2/pokemon/321/"}, {"name": "numel", "url": "https://pokeapi.co/api/v2/pokemon/322/"}, {"name": "camerupt", "url": "https://pokeapi.co/api/v2/pokemon/323/"}, {"name": "torkoal", "url": "https://pokeapi.co/api/v2/pokemon/324/"}, {"name": "trapinch", "url": "https://pokeapi.co/api/v2/pokemon/328/"}, {"name": "vibrava", "url": "https://pokeapi.co/api/v2/pokemon/329/"}, {"name": "flygon", "url": "https://pokeapi.co/api/v2/pokemon/330/"}, {"name": "altaria", "url": "https://pokeapi.co/api/v2/pokemon/334/"}, {"name": "seviper", "url": "https://pokeapi.co/api/v2/pokemon/336/"}, {"name": "lunatone", "url": "https://pokeapi.co/api/v2/pokemon/337/"}, {"name": "solrock", "url": "https://pokeapi.co/api/v2/pokemon/338/"}, {"name": "barboach", "url": "https://pokeapi.co/api/v2/pokemon/339/"}, {"name": "whiscash", "url": "https://pokeapi.co/api/v2/pokemon/340/"}, {"name": "baltoy", "url": "https://pokeapi.co/api/v2/pokemon/343/"}, {"name": "claydol", "url": "https://pokeapi.co/api/v2/pokemon/344/"}, {"name": "cradily", "url": "https://pokeapi.co/api/v2/pokemon/346/"}, {"name": "armaldo", "url": "https://pokeapi.co/api/v2/pokemon/348/"}, {"name": "dusclops", "url": "https://pokeapi.co/api/v2/pokemon/356/"}, {"name": "tropius", "url": "https://pokeapi.co/api/v2/pokemon/357/"}, {"name": "glalie", "url": "https://pokeapi.co/api/v2/pokemon/362/"}, {"name": "spheal", "url": "https://pokeapi.co/api/v2/pokemon/363/"}, {"name": "sealeo", "url": "https://pokeapi.co/api/v2/pokemon/364/"}, {"name": "walrein", "url": "https://pokeapi.co/api/v2/pokemon/365/"}, {"name": "relicanth", "url": "https://pokeapi.co/api/v2/pokemon/369/"}, {"name": "salamence", "url": "https://pokeapi.co/api/v2/pokemon/373/"}, {"name": "metang", "url": "https://pokeapi.co/api/v2/pokemon/375/"}, {"name": "metagross", "url": "https://pokeapi.co/api/v2/pokemon/376/"}, {"name": "regirock", "url": "https://pokeapi.co/api/v2/pokemon/377/"}, {"name": "regice", "url": "https://pokeapi.co/api/v2/pokemon/378/"}, {"name": "registeel", "url": "https://pokeapi.co/api/v2/pokemon/379/"}, {"name": "latias", "url": "https://pokeapi.co/api/v2/pokemon/380/"}, {"name": "latios", "url": "https://pokeapi.co/api/v2/pokemon/381/"}, {"name": "kyogre", "url": "https://pokeapi.co/api/v2/pokemon/382/"}, {"name": "groudon", "url": "https://pokeapi.co/api/v2/pokemon/383/"}, {"name": "rayquaza", "url": "https://pokeapi.co/api/v2/pokemon/384/"}, {"name": "torterra", "url": "https://pokeapi.co/api/v2/pokemon/389/"}, {"name": "infernape", "url": "https://pokeapi.co/api/v2/pokemon/392/"}, {"name": "empoleon", "url": "https://pokeapi.co/api/v2/pokemon/395/"}, {"name": "cranidos", "url": "https://pokeapi.co/api/v2/pokemon/408/"}, {"name": "rampardos", "url": "https://pokeapi.co/api/v2/pokemon/409/"}, {"name": "shieldon", "url": "https://pokeapi.co/api/v2/pokemon/410/"}, {"name": "bastiodon", "url": "https://pokeapi.co/api/v2/pokemon/411/"}, {"name": "gastrodon", "url": "https://pokeapi.co/api/v2/pokemon/423/"}, {"name": "bronzor", "url": "https://pokeapi.co/api/v2/pokemon/436/"}, {"name": "bronzong", "url": "https://pokeapi.co/api/v2/pokemon/437/"}, {"name": "bonsly", "url": "https://pokeapi.co/api/v2/pokemon/438/"}, {"name": "gible", "url": "https://pokeapi.co/api/v2/pokemon/443/"}, {"name": "gabite", "url": "https://pokeapi.co/api/v2/pokemon/444/"}, {"name": "garchomp", "url": "https://pokeapi.co/api/v2/pokemon/445/"}, {"name": "munchlax", "url": "https://pokeapi.co/api/v2/pokemon/446/"}, {"name": "riolu", "url": "https://pokeapi.co/api/v2/pokemon/447/"}, {"name": "lucario", "url": "https://pokeapi.co/api/v2/pokemon/448/"}, {"name": "hippopotas", "url": "https://pokeapi.co/api/v2/pokemon/449/"}, {"name": "hippowdon", "url": "https://pokeapi.co/api/v2/pokemon/450/"}, {"name": "drapion", "url": "https://pokeapi.co/api/v2/pokemon/452/"}, {"name": "croagunk", "url": "https://pokeapi.co/api/v2/pokemon/453/"}, {"name": "toxicroak", "url": "https://pokeapi.co/api/v2/pokemon/454/"}, {"name": "mantyke", "url": "https://pokeapi.co/api/v2/pokemon/458/"}, {"name": "abomasnow", "url": "https://pokeapi.co/api/v2/pokemon/460/"}, {"name": "lickilicky", "url": "https://pokeapi.co/api/v2/pokemon/463/"}, {"name": "rhyperior", "url": "https://pokeapi.co/api/v2/pokemon/464/"}, {"name": "tangrowth", "url": "https://pokeapi.co/api/v2/pokemon/465/"}, {"name": "electivire", "url": "https://pokeapi.co/api/v2/pokemon/466/"}, {"name": "magmortar", "url": "https://pokeapi.co/api/v2/pokemon/467/"}, {"name": "gliscor", "url": "https://pokeapi.co/api/v2/pokemon/472/"}, {"name": "mamoswine", "url": "https://pokeapi.co/api/v2/pokemon/473/"}, {"name": "gallade", "url": "https://pokeapi.co/api/v2/pokemon/475/"}, {"name": "probopass", "url": "https://pokeapi.co/api/v2/pokemon/476/"}, {"name": "dusknoir", "url": "https://pokeapi.co/api/v2/pokemon/477/"}, {"name": "dialga", "url": "https://pokeapi.co/api/v2/pokemon/483/"}, {"name": "palkia", "url": "https://pokeapi.co/api/v2/pokemon/484/"}, {"name": "heatran", "url": "https://pokeapi.co/api/v2/pokemon/485/"}, {"name": "regigigas", "url": "https://pokeapi.co/api/v2/pokemon/486/"}, {"name": "giratina-altered", "url": "https://pokeapi.co/api/v2/pokemon/487/"}, {"name": "arceus", "url": "https://pokeapi.co/api/v2/pokemon/493/"}, {"name": "emboar", "url": "https://pokeapi.co/api/v2/pokemon/500/"}, {"name": "roggenrola", "url": "https://pokeapi.co/api/v2/pokemon/524/"}, {"name": "boldore", "url": "https://pokeapi.co/api/v2/pokemon/525/"}, {"name": "gigalith", "url": "https://pokeapi.co/api/v2/pokemon/526/"}, {"name": "drilbur", "url": "https://pokeapi.co/api/v2/pokemon/529/"}, {"name": "excadrill", "url": "https://pokeapi.co/api/v2/pokemon/530/"}, {"name": "conkeldurr", "url": "https://pokeapi.co/api/v2/pokemon/534/"}, {"name": "seismitoad", "url": "https://pokeapi.co/api/v2/pokemon/537/"}, {"name": "throh", "url": "https://pokeapi.co/api/v2/pokemon/538/"}, {"name": "sawk", "url": "https://pokeapi.co/api/v2/pokemon/539/"}, {"name": "scolipede", "url": "https://pokeapi.co/api/v2/pokemon/545/"}, {"name": "sandile", "url": "https://pokeapi.co/api/v2/pokemon/551/"}, {"name": "krokorok", "url": "https://pokeapi.co/api/v2/pokemon/552/"}, {"name": "krookodile", "url": "https://pokeapi.co/api/v2/pokemon/553/"}, {"name": "darmanitan-standard", "url": "https://pokeapi.co/api/v2/pokemon/555/"}, {"name": "dwebble", "url": "https://pokeapi.co/api/v2/pokemon/557/"}, {"name": "crustle", "url": "https://pokeapi.co/api/v2/pokemon/558/"}, {"name": "tirtouga", "url": "https://pokeapi.co/api/v2/pokemon/564/"}, {"name": "carracosta", "url": "https://pokeapi.co/api/v2/pokemon/565/"}, {"name": "archen", "url": "https://pokeapi.co/api/v2/pokemon/566/"}, {"name": "archeops", "url": "https://pokeapi.co/api/v2/pokemon/567/"}, {"name": "haxorus", "url": "https://pokeapi.co/api/v2/pokemon/612/"}, {"name": "beartic", "url": "https://pokeapi.co/api/v2/pokemon/614/"}, {"name": "stunfisk", "url": "https://pokeapi.co/api/v2/pokemon/618/"}, {"name": "druddigon", "url": "https://pokeapi.co/api/v2/pokemon/621/"}, {"name": "golett", "url": "https://pokeapi.co/api/v2/pokemon/622/"}, {"name": "golurk", "url": "https://pokeapi.co/api/v2/pokemon/623/"}, {"name": "bouffalant", "url": "https://pokeapi.co/api/v2/pokemon/626/"}, {"name": "hydreigon", "url": "https://pokeapi.co/api/v2/pokemon/635/"}, {"name": "terrakion", "url": "https://pokeapi.co/api/v2/pokemon/639/"}, {"name": "landorus-incarnate", "url": "https://pokeapi.co/api/v2/pokemon/645/"}, {"name": "chesnaught", "url": "https://pokeapi.co/api/v2/pokemon/652/"}, {"name": "bunnelby", "url": "https://pokeapi.co/api/v2/pokemon/659/"}, {"name": "diggersby", "url": "https://pokeapi.co/api/v2/pokemon/660/"}, {"name": "gogoat", "url": "https://pokeapi.co/api/v2/pokemon/673/"}, {"name": "pangoro", "url": "https://pokeapi.co/api/v2/pokemon/675/"}, {"name": "binacle", "url": "https://pokeapi.co/api/v2/pokemon/688/"}, {"name": "barbaracle", "url": "https://pokeapi.co/api/v2/pokemon/689/"}, {"name": "tyrunt", "url": "https://pokeapi.co/api/v2/pokemon/696/"}, {"name": "tyrantrum", "url": "https://pokeapi.co/api/v2/pokemon/697/"}, {"name": "aurorus", "url": "https://pokeapi.co/api/v2/pokemon/699/"}, {"name": "goodra", "url": "https://pokeapi.co/api/v2/pokemon/706/"}, {"name": "trevenant", "url": "https://pokeapi.co/api/v2/pokemon/709/"}, {"name": "avalugg", "url": "https://pokeapi.co/api/v2/pokemon/713/"}, {"name": "zygarde-50", "url": "https://pokeapi.co/api/v2/pokemon/718/"}, {"name": "volcanion", "url": "https://pokeapi.co/api/v2/pokemon/721/"}, {"name": "incineroar", "url": "https://pokeapi.co/api/v2/pokemon/727/"}, {"name": "yungoos", "url": "https://pokeapi.co/api/v2/pokemon/734/"}, {"name": "gumshoos", "url": "https://pokeapi.co/api/v2/pokemon/735/"}, {"name": "crabrawler", "url": "https://pokeapi.co/api/v2/pokemon/739/"}, {"name": "crabominable", "url": "https://pokeapi.co/api/v2/pokemon/740/"}, {"name": "wishiwashi-solo", "url": "https://pokeapi.co/api/v2/pokemon/746/"}, {"name": "mudbray", "url": "https://pokeapi.co/api/v2/pokemon/749/"}, {"name": "mudsdale", "url": "https://pokeapi.co/api/v2/pokemon/750/"}, {"name": "stufful", "url": "https://pokeapi.co/api/v2/pokemon/759/"}, {"name": "bewear", "url": "https://pokeapi.co/api/v2/pokemon/760/"}, {"name": "oranguru", "url": "https://pokeapi.co/api/v2/pokemon/765/"}, {"name": "passimian", "url": "https://pokeapi.co/api/v2/pokemon/766/"}, {"name": "sandygast", "url": "https://pokeapi.co/api/v2/pokemon/769/"}, {"name": "palossand", "url": "https://pokeapi.co/api/v2/pokemon/770/"}, {"name": "minior-red-meteor", "url": "https://pokeapi.co/api/v2/pokemon/774/"}, {"name": "komala", "url": "https://pokeapi.co/api/v2/pokemon/775/"}, {"name": "turtonator", "url": "https://pokeapi.co/api/v2/pokemon/776/"}, {"name": "drampa", "url": "https://pokeapi.co/api/v2/pokemon/780/"}, {"name": "dhelmise", "url": "https://pokeapi.co/api/v2/pokemon/781/"}, {"name": "jangmo-o", "url": "https://pokeapi.co/api/v2/pokemon/782/"}, {"name": "hakamo-o", "url": "https://pokeapi.co/api/v2/pokemon/783/"}, {"name": "kommo-o", "url": "https://pokeapi.co/api/v2/pokemon/784/"}, {"name": "solgaleo", "url": "https://pokeapi.co/api/v2/pokemon/791/"}, {"name": "buzzwole", "url": "https://pokeapi.co/api/v2/pokemon/794/"}, {"name": "celesteela", "url": "https://pokeapi.co/api/v2/pokemon/797/"}, {"name": "guzzlord", "url": "https://pokeapi.co/api/v2/pokemon/799/"}, {"name": "necrozma", "url": "https://pokeapi.co/api/v2/pokemon/800/"}, {"name": "stakataka", "url": "https://pokeapi.co/api/v2/pokemon/805/"}, {"name": "melmetal", "url": "https://pokeapi.co/api/v2/pokemon/809/"}, {"name": "rillaboom", "url": "https://pokeapi.co/api/v2/pokemon/812/"}, {"name": "greedent", "url": "https://pokeapi.co/api/v2/pokemon/820/"}, {"name": "drednaw", "url": "https://pokeapi.co/api/v2/pokemon/834/"}, {"name": "coalossal", "url": "https://pokeapi.co/api/v2/pokemon/839/"}, {"name": "appletun", "url": "https://pokeapi.co/api/v2/pokemon/842/"}, {"name": "silicobra", "url": "https://pokeapi.co/api/v2/pokemon/843/"}, {"name": "sandaconda", "url": "https://pokeapi.co/api/v2/pokemon/844/"}, {"name": "cursola", "url": "https://pokeapi.co/api/v2/pokemon/864/"}, {"name": "runerigus", "url": "https://pokeapi.co/api/v2/pokemon/867/"}, {"name": "stonjourner", "url": "https://pokeapi.co/api/v2/pokemon/874/"}, {"name": "cufant", "url": "https://pokeapi.co/api/v2/pokemon/878/"}, {"name": "copperajah", "url": "https://pokeapi.co/api/v2/pokemon/879/"}, {"name": "dracozolt", "url": "https://pokeapi.co/api/v2/pokemon/880/"}, {"name": "dracovish", "url": "https://pokeapi.co/api/v2/pokemon/882/"}, {"name": "regidrago", "url": "https://pokeapi.co/api/v2/pokemon/895/"}, {"name": "wyrdeer", "url": "https://pokeapi.co/api/v2/pokemon/899/"}, {"name": "ursaluna", "url": "https://pokeapi.co/api/v2/pokemon/901/"}, {"name": "skeledirge", "url": "https://pokeapi.co/api/v2/pokemon/911/"}, {"name": "nacli", "url": "https://pokeapi.co/api/v2/pokemon/932/"}, {"name": "naclstack", "url": "https://pokeapi.co/api/v2/pokemon/933/"}, {"name": "garganacl", "url": "https://pokeapi.co/api/v2/pokemon/934/"}, {"name": "orthworm", "url": "https://pokeapi.co/api/v2/pokemon/968/"}, {"name": "cetoddle", "url": "https://pokeapi.co/api/v2/pokemon/974/"}, {"name": "cetitan", "url": "https://pokeapi.co/api/v2/pokemon/975/"}, {"name": "dondozo", "url": "https://pokeapi.co/api/v2/pokemon/977/"}, {"name": "annihilape", "url": "https://pokeapi.co/api/v2/pokemon/979/"}, {"name": "clodsire", "url": "https://pokeapi.co/api/v2/pokemon/980/"}, {"name": "farigiraf", "url": "https://pokeapi.co/api/v2/pokemon/981/"}, {"name": "dudunsparce", "url": "https://pokeapi.co/api/v2/pokemon/982/"}, {"name": "great-tusk", "url": "https://pokeapi.co/api/v2/pokemon/984/"}, {"name": "slither-wing", "url": "https://pokeapi.co/api/v2/pokemon/988/"}, {"name": "sandy-shocks", "url": "https://pokeapi.co/api/v2/pokemon/989/"}, {"name": "iron-treads", "url": "https://pokeapi.co/api/v2/pokemon/990/"}, {"name": "iron-hands", "url": "https://pokeapi.co/api/v2/pokemon/992/"}, {"name": "iron-thorns", "url": "https://pokeapi.co/api/v2/pokemon/995/"}, {"name": "baxcalibur", "url": "https://pokeapi.co/api/v2/pokemon/998/"}, {"name": "ting-lu", "url": "https://pokeapi.co/api/v2/pokemon/1003/"}, {"name": "roaring-moon", "url": "https://pokeapi.co/api/v2/pokemon/1005/"}, {"name": "archaludon", "url": "https://pokeapi.co/api/v2/pokemon/1018/"}, {"name": "hydrapple", "url": "https://pokeapi.co/api/v2/pokemon/1019/"}, {"name": "gouging-fire", "url": "https://pokeapi.co/api/v2/pokemon/1020/"}, {"name": "raging-bolt", "url": "https://pokeapi.co/api/v2/pokemon/1021/"}, {"name": "iron-boulder", "url": "https://pokeapi.co/api/v2/pokemon/1022/"}, {"name": "terapagos", "url": "https://pokeapi.co/api/v2/pokemon/1024/"}, {"name": "wormadam-sandy", "url": "https://pokeapi.co/api/v2/pokemon/10004/"}, {"name": "wormadam-trash", "url": "https://pokeapi.co/api/v2/pokemon/10005/"}, {"name": "giratina-origin", "url": "https://pokeapi.co/api/v2/pokemon/10007/"}, {"name": "darmanitan-zen", "url": "https://pokeapi.co/api/v2/pokemon/10017/"}, {"name": "landorus-therian", "url": "https://pokeapi.co/api/v2/pokemon/10021/"}, {"name": "venusaur-mega", "url": "https://pokeapi.co/api/v2/pokemon/10033/"}, {"name": "charizard-mega-x", "url": "https://pokeapi.co/api/v2/pokemon/10034/"}, {"name": "charizard-mega-y", "url": "https://pokeapi.co/api/v2/pokemon/10035/"}, {"name": "blastoise-mega", "url": "https://pokeapi.co/api/v2/pokemon/10036/"}, {"name": "kangaskhan-mega", "url": "https://pokeapi.co/api/v2/pokemon/10039/"}, {"name": "pinsir-mega", "url": "https://pokeapi.co/api/v2/pokemon/10040/"}, {"name": "gyarados-mega", "url": "https://pokeapi.co/api/v2/pokemon/10041/"}, {"name": "aerodactyl-mega", "url": "https://pokeapi.co/api/v2/pokemon/10042/"}, {"name": "mewtwo-mega-x", "url": "https://pokeapi.co/api/v2/pokemon/10043/"}, {"name": "mewtwo-mega-y", "url": "https://pokeapi.co/api/v2/pokemon/10044/"}, {"name": "heracross-mega", "url": "https://pokeapi.co/api/v2/pokemon/10047/"}, {"name": "tyranitar-mega", "url": "https://pokeapi.co/api/v2/pokemon/10049/"}, {"name": "blaziken-mega", "url": "https://pokeapi.co/api/v2/pokemon/10050/"}, {"name": "aggron-mega", "url": "https://pokeapi.co/api/v2/pokemon/10053/"}, {"name": "garchomp-mega", "url": "https://pokeapi.co/api/v2/pokemon/10058/"}, {"name": "lucario-mega", "url": "https://pokeapi.co/api/v2/pokemon/10059/"}, {"name": "abomasnow-mega", "url": "https://pokeapi.co/api/v2/pokemon/10060/"}, {"name": "latias-mega", "url": "https://pokeapi.co/api/v2/pokemon/10062/"}, {"name": "latios-mega", "url": "https://pokeapi.co/api/v2/pokemon/10063/"}, {"name": "swampert-mega", "url": "https://pokeapi.co/api/v2/pokemon/10064/"}, {"name": "sceptile-mega", "url": "https://pokeapi.co/api/v2/pokemon/10065/"}, {"name": "altaria-mega", "url": "https://pokeapi.co/api/v2/pokemon/10067/"}, {"name": "gallade-mega", "url": "https://pokeapi.co/api/v2/pokemon/10068/"}, {"name": "sharpedo-mega", "url": "https://pokeapi.co/api/v2/pokemon/10070/"}, {"name": "slowbro-mega", "url": "https://pokeapi.co/api/v2/pokemon/10071/"}, {"name": "steelix-mega", "url": "https://pokeapi.co/api/v2/pokemon/10072/"}, {"name": "glalie-mega", "url": "https://pokeapi.co/api/v2/pokemon/10074/"}, {"name": "metagross-mega", "url": "https://pokeapi.co/api/v2/pokemon/10076/"}, {"name": "kyogre-primal", "url": "https://pokeapi.co/api/v2/pokemon/10077/"}, {"name": "groudon-primal", "url": "https://pokeapi.co/api/v2/pokemon/10078/"}, {"name": "rayquaza-mega", "url": "https://pokeapi.co/api/v2/pokemon/10079/"}, {"name": "camerupt-mega", "url": "https://pokeapi.co/api/v2/pokemon/10087/"}, {"name": "salamence-mega", "url": "https://pokeapi.co/api/v2/pokemon/10089/"}, {"name": "sandshrew-alola", "url": "https://pokeapi.co/api/v2/pokemon/10101/"}, {"name": "sandslash-alola", "url": "https://pokeapi.co/api/v2/pokemon/10102/"}, {"name": "diglett-alola", "url": "https://pokeapi.co/api/v2/pokemon/10105/"}, {"name": "dugtrio-alola", "url": "https://pokeapi.co/api/v2/pokemon/10106/"}, {"name": "geodude-alola", "url": "https://pokeapi.co/api/v2/pokemon/10109/"}, {"name": "graveler-alola", "url": "https://pokeapi.co/api/v2/pokemon/10110/"}, {"name": "golem-alola", "url": "https://pokeapi.co/api/v2/pokemon/10111/"}, {"name": "exeggutor-alola", "url": "https://pokeapi.co/api/v2/pokemon/10114/"}, {"name": "marowak-alola", "url": "https://pokeapi.co/api/v2/pokemon/10115/"}, {"name": "zygarde-10-power-construct", "url": "https://pokeapi.co/api/v2/pokemon/10118/"}, {"name": "zygarde-50-power-construct", "url": "https://pokeapi.co/api/v2/pokemon/10119/"}, {"name": "zygarde-complete", "url": "https://pokeapi.co/api/v2/pokemon/10120/"}, {"name": "gumshoos-totem", "url": "https://pokeapi.co/api/v2/pokemon/10121/"}, {"name": "wishiwashi-school", "url": "https://pokeapi.co/api/v2/pokemon/10127/"}, {"name": "minior-orange-meteor", "url": "https://pokeapi.co/api/v2/pokemon/10130/"}, {"name": "minior-yellow-meteor", "url": "https://pokeapi.co/api/v2/pokemon/10131/"}, {"name": "minior-green-meteor", "url": "https://pokeapi.co/api/v2/pokemon/10132/"}, {"name": "minior-blue-meteor", "url": "https://pokeapi.co/api/v2/pokemon/10133/"}, {"name": "minior-indigo-meteor", "url": "https://pokeapi.co/api/v2/pokemon/10134/"}, {"name": "minior-violet-meteor", "url": "https://pokeapi.co/api/v2/pokemon/10135/"}, {"name": "minior-red", "url": "https://pokeapi.co/api/v2/pokemon/10136/"}, {"name": "minior-orange", "url": "https://pokeapi.co/api/v2/pokemon/10137/"}, {"name": "minior-yellow", "url": "https://pokeapi.co/api/v2/pokemon/10138/"}, {"name": "minior-green", "url": "https://pokeapi.co/api/v2/pokemon/10139/"}, {"name": "minior-blue", "url": "https://pokeapi.co/api/v2/pokemon/10140/"}, {"name": "minior-indigo", "url": "https://pokeapi.co/api/v2/pokemon/10141/"}, {"name": "minior-violet", "url": "https://pokeapi.co/api/v2/pokemon/10142/"}, {"name": "kommo-o-totem", "url": "https://pokeapi.co/api/v2/pokemon/10146/"}, {"name": "marowak-totem", "url": "https://pokeapi.co/api/v2/pokemon/10149/"}, {"name": "necrozma-dusk", "url": "https://pokeapi.co/api/v2/pokemon/10155/"}, {"name": "necrozma-dawn", "url": "https://pokeapi.co/api/v2/pokemon/10156/"}, {"name": "necrozma-ultra", "url": "https://pokeapi.co/api/v2/pokemon/10157/"}, {"name": "slowpoke-galar", "url": "https://pokeapi.co/api/v2/pokemon/10164/"}, {"name": "slowbro-galar", "url": "https://pokeapi.co/api/v2/pokemon/10165/"}, {"name": "slowking-galar", "url": "https://pokeapi.co/api/v2/pokemon/10172/"}, {"name": "corsola-galar", "url": "https://pokeapi.co/api/v2/pokemon/10173/"}, {"name": "darmanitan-galar-standard", "url": "https://pokeapi.co/api/v2/pokemon/10177/"}, {"name": "darmanitan-galar-zen", "url": "https://pokeapi.co/api/v2/pokemon/10178/"}, {"name": "yamask-galar", "url": "https://pokeapi.co/api/v2/pokemon/10179/"}, {"name": "stunfisk-galar", "url": "https://pokeapi.co/api/v2/pokemon/10180/"}, {"name": "zygarde-10", "url": "https://pokeapi.co/api/v2/pokemon/10181/"}, {"name": "typhlosion-hisui", "url": "https://pokeapi.co/api/v2/pokemon/10233/"}, {"name": "goodra-hisui", "url": "https://pokeapi.co/api/v2/pokemon/10242/"}, {"name": "avalugg-hisui", "url": "https://pokeapi.co/api/v2/pokemon/10243/"}, {"name": "dialga-origin", "url": "https://pokeapi.co/api/v2/pokemon/10245/"}, {"name": "palkia-origin", "url": "https://pokeapi.co/api/v2/pokemon/10246/"}, {"name": "tauros-paldea-combat-breed", "url": "https://pokeapi.co/api/v2/pokemon/10250/"}, {"name": "tauros-paldea-blaze-breed", "url": "https://pokeapi.co/api/v2/pokemon/10251/"}, {"name": "tauros-paldea-aqua-breed", "url": "https://pokeapi.co/api/v2/pokemon/10252/"}, {"name": "wooper-paldea", "url": "https://pokeapi.co/api/v2/pokemon/10253/"}, {"name": "dudunsparce-three-segment", "url": "https://pokeapi.co/api/v2/pokemon/10255/"}, {"name": "ursaluna-bloodmoon", "url": "https://pokeapi.co/api/v2/pokemon/10272/"}, {"name": "terapagos-terastal", "url": "https://pokeapi.co/api/v2/pokemon/10276/"}, {"name": "terapagos-stellar", "url": "https://pokeapi.co/api/v2/pokemon/10277/"}], "machines": [{"machine": {"url": "https://pokeapi.co/api/v2/machine/502/"}, "version_group": {"name": "red-blue", "url": "https://pokeapi.co/api/v2/version-group/1/"}}, {"machine": {"url": "https://pokeapi.co/api/v2/machine/503/"}, "version_group": {"name": "yellow", "url": "https://pokeapi.co/api/v2/version-group/2/"}}, {"machine": {"url": "https://pokeapi.co/api/v2/machine/504/"}, "version_group": {"name": "gold-silver", "url": "https://pokeapi.co/api/v2/version-group/3/"}}, {"machine": {"url": "https://pokeapi.co/api/v2/machine/505/"}, "version_group": {"name": "crystal", "url": "https://pokeapi.co/api/v2/version-group/4/"}}, {"machine": {"url": "https://pokeapi.co/api/v2/machine/506/"}, "version_group": {"name": "ruby-sapphire", "url": "https://pokeapi.co/api/v2/version-group/5/"}}, {"machine": {"url": "https://pokeapi.co/api/v2/machine/507/"}, "version_group": {"name": "emerald", "url": "https://pokeapi.co/api/v2/version-group/6/"}}, {"machine": {"url": "https://pokeapi.co/api/v2/machine/508/"}, "version_group": {"name": "firered-leafgreen", "url": "https://pokeapi.co/api/v2/version-group/7/"}}, {"machine": {"url": "https://pokeapi.co/api/v2/machine/509/"}, "version_group": {"name": "diamond-pearl", "url": "https://pokeapi.co/api/v2/version-group/8/"}}, {"machine": {"url": "https://pokeapi.co/api/v2/machine/510/"}, "version_group": {"name": "platinum", "url": "https://pokeapi.co/api/v2/version-group/9/"}}, {"machine": {"url": "https://pokeapi.co/api/v2/machine/511/"}, "version_group": {"name": "heartgold-soulsilver", "url": "https://pokeapi.co/api/v2/version-group/10/"}}, {"machine": {"url": "https://pokeapi.co/api/v2/machine/512/"}, "version_group": {"name": "black-white", "url": "https://pokeapi.co/api/v2/version-group/11/"}}, {"machine": {"url": "https://pokeapi.co/api/v2/machine/513/"}, "version_group": {"name": "colosseum", "url": "https://pokeapi.co/api/v2/version-group/12/"}}, {"machine": {"url": "https://pokeapi.co/api/v2/machine/514/"}, "version_group": {"name": "xd", "url": "https://pokeapi.co/api/v2/version-group/13/"}}, {"machine": {"url": "https://pokeapi.co/api/v2/machine/515/"}, "version_group": {"name": "black-2-white-2", "url": "https://pokeapi.co/api/v2/version-group/14/"}}, {"machine": {"url": "https://pokeapi.co/api/v2/machine/516/"}, "version_group": {"name": "x-y", "url": "https://pokeapi.co/api/v2/version-group/15/"}}, {"machine": {"url": "https://pokeapi.co/api/v2/machine/517/"}, "version_group": {"name": "omega-ruby-alpha-sapphire", "url": "https://pokeapi.co/api/v2/version-group/16/"}}, {"machine": {"url": "https://pokeapi.co/api/v2/machine/518/"}, "version_group": {"name": "sun-moon", "url": "https://pokeapi.co/api/v2/version-group/17/"}}, {"machine": {"url": "https://pokeapi.co/api/v2/machine/519/"}, "version_group": {"name": "ultra-sun-ultra-moon", "url": "https://pokeapi.co/api/v2/version-group/18/"}}, {"machine": {"url": "https://pokeapi.co/api/v2/machine/820/"}, "version_group": {"name": "lets-go-pikachu-lets-go-eevee", "url": "https://pokeapi.co/api/v2/version-group/19/"}}, {"machine": {"url": "https://pokeapi.co/api/v2/machine/1599/"}, "version_group": {"name": "sword-shield", "url": "https://pokeapi.co/api/v2/version-group/20/"}}, {"machine": {"url": "https://pokeapi.co/api/v2/machine/1854/"}, "version_group": {"name": "scarlet-violet", "url": "https://pokeapi.co/api/v2/version-group/25/"}}, {"machine": {"url": "https://pokeapi.co/api/v2/machine/2044/"}, "version_group": {"name": "the-indigo-disk", "url": "https://pokeapi.co/api/v2/version-group/27/"}}], "meta": {"ailment": {"name": "none", "url": "https://pokeapi.co/api/v2/move-ailment/0/"}, "ailment_chance": 0, "category": {"name": "damage", "url": "https://pokeapi.co/api/v2/move-category/0/"}, "crit_rate": 0, "drain": 0, "flinch_chance": 0, "healing": 0, "max_hits": null, "max_turns": null, "min_hits": null, "min_turns": null, "stat_chance": 0}, "name": "earthquake", "names": [{"language": {"name": "ja-Hrkt", "url": "https://pokeapi.co/api/v2/language/1/"}, "name": "\u3058\u3057\u3093"}, {"language": {"name": "ko", "url": "https://pokeapi.co/api/v2/language/3/"}, "name": "\uc9c0\uc9c4"}, {"language": {"name": "zh-Hant", "url": "https://pokeapi.co/api/v2/language/4/"}, "name": "\u5730\u9707"}, {"language": {"name": "fr", "url": "https://pokeapi.co/api/v2/language/5/"}, "name": "S\u00e9isme"}, {"language": {"name": "de", "url": "https://pokeapi.co/api/v2/language/6/"}, "name": "Erdbeben"}, {"language": {"name": "es", "url": "https://pokeapi.co/api/v2/language/7/"}, "name": "Terremoto"}, {"language": {"name": "it", "url": "https://pokeapi.co/api/v2/language/8/"}, "name": "Terremoto"}, {"language": {"name": "en", "url": "https://pokeapi.co/api/v2/language/9/"}, "name": "Earthquake"}, {"language": {"name": "ja", "url": "https://pokeapi.co/api/v2/language/11/"}, "name": "\u3058\u3057\u3093"}, {"language": {"name": "zh-Hans", "url": "https://pokeapi.co/api/v2/language/12/"}, "name": "\u5730\u9707"}], "past_values": [], "power": 100, "pp": 10, "priority": 0, "stat_changes": [], "super_contest_effect": {"url": "https://pokeapi.co/api/v2/super-contest-effect/18/"}, "target": {"name": "all-other-pokemon", "url": "https://pokeapi.co/api/v2/move-target/9/"}, "type": {"name": "ground", "url": "https://pokeapi.co/api/v2/type/5/"}}