{"accuracy": 100, "contest_combos": null, "contest_effect": null, "contest_type": {"name": "beauty", "url": "https://pokeapi.co/api/v2/contest-type/2/"}, "damage_class": {"name": "special", "url": "https://pokeapi.co/api/v2/move-damage-class/3/"}, "effect_chance": 10, "effect_changes": [], "effect_entries": [{"effect": "Inflicts regular damage.  Has a 10% chance to lower the target's Special Defense by one stage.", "language": {"name": "en", "url": "https://pokeapi.co/api/v2/language/9/"}, "short_effect": "Has a 10% chance to lower the target's Special Defense by one stage."}], "flavor_text_entries": [{"flavor_text": "The user draws power\nfrom nature and\nfires it at the foe.\nIt may also lower the\ntarget\u2019s Sp. Def.", "language": {"name": "en", "url": "https://pokeapi.co/api/v2/language/9/"}, "version_group": {"name": "diamond-pearl", "url": "https://pokeapi.co/api/v2/version-group/8/"}}, {"flavor_text": "The user draws power\nfrom nature and\nfires it at the foe.\nIt may also lower the\ntarget\u2019s Sp. Def.", "language": {"name": "en", "url": "https://pokeapi.co/api/v2/language/9/"}, "version_group": {"name": "platinum", "url": "https://pokeapi.co/api/v2/version-group/9/"}}, {"flavor_text": "The user draws power\nfrom nature and\nfires it at the foe.\nIt may also lower the\ntarget\u2019s Sp. Def.", "language": {"name": "en", "url": "https://pokeapi.co/api/v2/language/9/"}, "version_group": {"name": "heartgold-soulsilver", "url": "https://pokeapi.co/api/v2/version-group/10/"}}, {"flavor_text": "Utilise les pouvoirs de la nature pour\nattaquer l\u2019ennemi. Peut aussi baisser\nla D\u00e9fense Sp\u00e9ciale de l\u2019ennemi.", "language": {"name": "fr", "url": "https://pokeapi.co/api/v2/language/5/"}, "version_group": {"name": "black-white", "url": "https://pokeapi.co/api/v2/version-group/11/"}}, {"flavor_text": "The user draws power from nature and\nfires it at the target.\nIt may also lower the target\u2019s Sp. Def.", "language": {"name": "en", "url": "https://pokeapi.co/api/v2/language/9/"}, "version_group": {"name": "black-white", "url": "https://pokeapi.co/api/v2/version-group/11/"}}, {"flavor_text": "The user draws power from nature and\nfires it at the target.\nIt may also lower the target\u2019s Sp. Def.", "language": {"name": "en", "url": "https://pokeapi.co/api/v2/language/9/"}, "version_group": {"name": "black-2-white-2", "url": "https://pokeapi.co/api/v2/version-group/14/"}}, {"flavor_text": "\u3057\u305c\u3093\u304b\u3089\u3000\u3042\u3064\u3081\u305f\n\u3044\u306e\u3061\u306e\u3000\u3061\u304b\u3089\u3092\u3000\u306f\u3063\u3057\u3083\u3059\u308b\u3002\n\u3042\u3044\u3066\u306e\u3000\u3068\u304f\u307c\u3046\u3092\u3000\u3055\u3052\u308b\u3053\u3068\u304c\u3042\u308b\u3002", "language": {"name": "ja-Hrkt", "url": "https://pokeapi.co/api/v2/language/1/"}, "version_group": {"name": "x-y", "url": "https://pokeapi.co/api/v2/version-group/15/"}}, {"flavor_text": "\uc790\uc5f0\uc73c\ub85c\ubd80\ud130 \ubaa8\uc740\n\uc0dd\uba85\uc758 \ud798\uc744 \ubc1c\uc0ac\ud55c\ub2e4.\n\uc0c1\ub300\uc758 \ud2b9\uc218\ubc29\uc5b4\ub97c \ub5a8\uc5b4\ub728\ub9b4 \ub54c\uac00 \uc788\ub2e4.", "language": {"name": "ko", "url": "https://pokeapi.co/api/v2/language/3/"}, "version_group": {"name": "x-y", "url": "https://pokeapi.co/api/v2/version-group/15/"}}, {"flavor_text": "Utilise les pouvoirs de la nature pour attaquer\nl\u2019ennemi. Peut aussi baisser sa D\u00e9fense Sp\u00e9ciale.", "language": {"name": "fr", "url": "https://pokeapi.co/api/v2/language/5/"}, "version_group": {"name": "x-y", "url": "https://pokeapi.co/api/v2/version-group/15/"}}, {"flavor_text": "Anwender zieht Kraft aus der Natur\nund feuert sie auf das Ziel. Senkt eventuell\nSpezial-Verteidigung des Zieles.", "language": {"name": "de", "url": "https://pokeapi.co/api/v2/language/6/"}, "version_group": {"name": "x-y", "url": "https://pokeapi.co/api/v2/version-group/15/"}}, {"flavor_text": "A\u00fana fuerzas de la naturaleza y libera su ataque.\nPuede disminuir la Defensa Especial del objetivo.", "language": {"name": "es", "url": "https://pokeapi.co/api/v2/language/7/"}, "version_group": {"name": "x-y", "url": "https://pokeapi.co/api/v2/version-group/15/"}}, {"flavor_text": "Chi la usa attinge energia dalla natura e la\nscaglia contro il bersaglio. Pu\u00f2 anche ridurne\nla Difesa Speciale.", "language": {"name": "it", "url": "https://pokeapi.co/api/v2/language/8/"}, "version_group": {"name": "x-y", "url": "https://pokeapi.co/api/v2/version-group/15/"}}, {"flavor_text": "The user draws power from nature and\nfires it at the target.\nThis may also lower the target\u2019s Sp. Def.", "language": {"name": "en", "url": "https://pokeapi.co/api/v2/language/9/"}, "version_group": {"name": "x-y", "url": "https://pokeapi.co/api/v2/version-group/15/"}}, {"flavor_text": "\u81ea\u7136\u304b\u3089\u3000\u96c6\u3081\u305f\n\u547d\u306e\u529b\u3092\u3000\u767a\u5c04\u3059\u308b\u3002\n\u76f8\u624b\u306e\u3000\u7279\u9632\u3092\u3000\u3055\u3052\u308b\u3053\u3068\u304c\u3042\u308b\u3002", "language": {"name": "ja", "url": "https://pokeapi.co/api/v2/language/11/"}, "version_group": {"name": "x-y", "url": "https://pokeapi.co/api/v2/version-group/15/"}}, {"flavor_text": "\u3057\u305c\u3093\u304b\u3089\u3000\u3042\u3064\u3081\u305f\n\u3044\u306e\u3061\u306e\u3000\u3061\u304b\u3089\u3092\u3000\u306f\u3063\u3057\u3083\u3059\u308b\u3002\n\u3042\u3044\u3066\u306e\u3000\u3068\u304f\u307c\u3046\u3092\u3000\u3055\u3052\u308b\u3053\u3068\u304c\u3042\u308b\u3002", "language": {"name": "ja-Hrkt", "url": "https://pokeapi.co/api/v2/language/1/"}, "version_group": {"name": "omega-ruby-alpha-sapphire", "url": "https://pokeapi.co/api/v2/version-group/16/"}}, {"flavor_text": "\uc790\uc5f0\uc73c\ub85c\ubd80\ud130 \ubaa8\uc740\n\uc0dd\uba85\uc758 \ud798\uc744 \ubc1c\uc0ac\ud55c\ub2e4.\n\uc0c1\ub300\uc758 \ud2b9\uc218\ubc29\uc5b4\ub97c \ub5a8\uc5b4\ub728\ub9b4 \ub54c\uac00 \uc788\ub2e4.", "language": {"name": "ko", "url": "https://pokeapi.co/api/v2/language/3/"}, "version_group": {"name": "omega-ruby-alpha-sapphire", "url": "https://pokeapi.co/api/v2/version-group/16/"}}, {"flavor_text": "Utilise les pouvoirs de la nature pour attaquer\nl\u2019ennemi. Peut aussi baisser sa D\u00e9fense Sp\u00e9ciale.", "language": {"name": "fr", "url": "https://pokeapi.co/api/v2/language/5/"}, "version_group": {"name": "omega-ruby-alpha-sapphire", "url": "https://pokeapi.co/api/v2/version-group/16/"}}, {"flavor_text": "Anwender zieht Kraft aus der Natur\nund feuert sie auf das Ziel. Senkt eventuell\nSpezial-Verteidigung des Zieles.", "language": {"name": "de", "url": "https://pokeapi.co/api/v2/language/6/"}, "version_group": {"name": "omega-ruby-alpha-sapphire", "url": "https://pokeapi.co/api/v2/version-group/16/"}}, {"flavor_text": "A\u00fana fuerzas de la naturaleza y libera su ataque. \nPuede disminuir la Defensa Especial del objetivo.", "language": {"name": "es", "url": "https://pokeapi.co/api/v2/language/7/"}, "version_group": {"name": "omega-ruby-alpha-sapphire", "url": "https://pokeapi.co/api/v2/version-group/16/"}}, {"flavor_text": "Chi la usa attinge energia dalla natura e la\nscaglia contro il bersaglio. Pu\u00f2 anche ridurne\nla Difesa Speciale.", "language": {"name": "it", "url": "https://pokeapi.co/api/v2/language/8/"}, "version_group": {"name": "omega-ruby-alpha-sapphire", "url": "https://pokeapi.co/api/v2/version-group/16/"}}, {"flavor_text": "The user draws power from nature and\nfires it at the target.\nThis may also lower the target\u2019s Sp. Def.", "language": {"name": "en", "url": "https://pokeapi.co/api/v2/language/9/"}, "version_group": {"name": "omega-ruby-alpha-sapphire", "url": "https://pokeapi.co/api/v2/version-group/16/"}}, {"flavor_text": "\u81ea\u7136\u304b\u3089\u3000\u96c6\u3081\u305f\n\u547d\u306e\u529b\u3092\u3000\u767a\u5c04\u3059\u308b\u3002\n\u76f8\u624b\u306e\u3000\u7279\u9632\u3092\u3000\u3055\u3052\u308b\u3053\u3068\u304c\u3042\u308b\u3002", "language": {"name": "ja", "url": "https://pokeapi.co/api/v2/language/11/"}, "version_group": {"name": "omega-ruby-alpha-sapphire", "url": "https://pokeapi.co/api/v2/version-group/16/"}}, {"flavor_text": "\u3057\u305c\u3093\u304b\u3089\u3000\u3042\u3064\u3081\u305f\n\u3044\u306e\u3061\u306e\u3000\u3061\u304b\u3089\u3092\u3000\u306f\u3063\u3057\u3083\u3059\u308b\u3002\n\u3042\u3044\u3066\u306e\u3000\u3068\u304f\u307c\u3046\u3092\u3000\u3055\u3052\u308b\u3053\u3068\u304c\u3042\u308b\u3002", "language": {"name": "ja-Hrkt", "url": "https://pokeapi.co/api/v2/language/1/"}, "version_group": {"name": "sun-moon", "url": "https://pokeapi.co/api/v2/version-group/17/"}}, {"flavor_text": "\uc790\uc5f0\uc73c\ub85c\ubd80\ud130 \ubaa8\uc740\n\uc0dd\uba85\uc758 \ud798\uc744 \ubc1c\uc0ac\ud55c\ub2e4.\n\uc0c1\ub300\uc758 \ud2b9\uc218\ubc29\uc5b4\ub97c \ub5a8\uc5b4\ub728\ub9b4 \ub54c\uac00 \uc788\ub2e4.", "language": {"name": "ko", "url": "https://pokeapi.co/api/v2/language/3/"}, "version_group": {"name": "sun-moon", "url": "https://pokeapi.co/api/v2/version-group/17/"}}, {"flavor_text": "\u767c\u5c04\u5f9e\u5927\u81ea\u7136\u532f\u805a\u800c\u4f86\u7684\u751f\u547d\u529b\u91cf\u3002\n\u6709\u6642\u6703\u964d\u4f4e\u5c0d\u624b\u7684\u7279\u9632\u3002", "language": {"name": "zh-Hant", "url": "https://pokeapi.co/api/v2/language/4/"}, "version_group": {"name": "sun-moon", "url": "https://pokeapi.co/api/v2/version-group/17/"}}, {"flavor_text": "Utilise les pouvoirs de la nature pour attaquer\nl\u2019ennemi. Peut aussi baisser sa D\u00e9fense Sp\u00e9ciale.", "language": {"name": "fr", "url": "https://pokeapi.co/api/v2/language/5/"}, "version_group": {"name": "sun-moon", "url": "https://pokeapi.co/api/v2/version-group/17/"}}, {"flavor_text": "Anwender zieht Kraft aus der Natur und feuert sie\nauf das Ziel. Senkt eventuell Spezial-Verteidigung\ndes Zieles.", "language": {"name": "de", "url": "https://pokeapi.co/api/v2/language/6/"}, "version_group": {"name": "sun-moon", "url": "https://pokeapi.co/api/v2/version-group/17/"}}, {"flavor_text": "A\u00fana fuerzas de la naturaleza y libera su ataque. \nPuede disminuir la Defensa Especial del objetivo.", "language": {"name": "es", "url": "https://pokeapi.co/api/v2/language/7/"}, "version_group": {"name": "sun-moon", "url": "https://pokeapi.co/api/v2/version-group/17/"}}, {"flavor_text": "Chi la usa attinge energia dalla natura e la\nscaglia contro il bersaglio. Pu\u00f2 anche ridurne\nla Difesa Speciale.", "language": {"name": "it", "url": "https://pokeapi.co/api/v2/language/8/"}, "version_group": {"name": "sun-moon", "url": "https://pokeapi.co/api/v2/version-group/17/"}}, {"flavor_text": "The user draws power from nature and fires it at the\ntarget. This may also lower the target\u2019s Sp. Def stat.", "language": {"name": "en", "url": "https://pokeapi.co/api/v2/language/9/"}, "version_group": {"name": "sun-moon", "url": "https://pokeapi.co/api/v2/version-group/17/"}}, {"flavor_text": "\u81ea\u7136\u304b\u3089\u3000\u96c6\u3081\u305f\n\u547d\u306e\u529b\u3092\u3000\u767a\u5c04\u3059\u308b\u3002\n\u76f8\u624b\u306e\u3000\u7279\u9632\u3092\u3000\u3055\u3052\u308b\u3053\u3068\u304c\u3042\u308b\u3002", "language": {"name": "ja", "url": "https://pokeapi.co/api/v2/language/11/"}, "version_group": {"name": "sun-moon", "url": "https://pokeapi.co/api/v2/version-group/17/"}}, {"flavor_text": "\u53d1\u5c04\u4ece\u81ea\u7136\u6536\u96c6\u7684\u751f\u547d\u529b\u91cf\u3002\n\u6709\u65f6\u4f1a\u964d\u4f4e\u5bf9\u624b\u7684\u7279\u9632\u3002", "language": {"name": "zh-Hans", "url": "https://pokeapi.co/api/v2/language/12/"}, "version_group": {"name": "sun-moon", "url": "https://pokeapi.co/api/v2/version-group/17/"}}, {"flavor_text": "\u3057\u305c\u3093\u304b\u3089\u3000\u3042\u3064\u3081\u305f\n\u3044\u306e\u3061\u306e\u3000\u3061\u304b\u3089\u3092\u3000\u306f\u3063\u3057\u3083\u3059\u308b\u3002\n\u3042\u3044\u3066\u306e\u3000\u3068\u304f\u307c\u3046\u3092\u3000\u3055\u3052\u308b\u3053\u3068\u304c\u3042\u308b\u3002", "language": {"name": "ja-Hrkt", "url": "https://pokeapi.co/api/v2/language/1/"}, "version_group": {"name": "ultra-sun-ultra-moon", "url": "https://pokeapi.co/api/v2/version-group/18/"}}, {"flavor_text": "\uc790\uc5f0\uc73c\ub85c\ubd80\ud130 \ubaa8\uc740\n\uc0dd\uba85\uc758 \ud798\uc744 \ubc1c\uc0ac\ud55c\ub2e4.\n\uc0c1\ub300\uc758 \ud2b9\uc218\ubc29\uc5b4\ub97c \ub5a8\uc5b4\ub728\ub9b4 \ub54c\uac00 \uc788\ub2e4.", "language": {"name": "ko", "url": "https://pokeapi.co/api/v2/language/3/"}, "version_group": {"name": "ultra-sun-ultra-moon", "url": "https://pokeapi.co/api/v2/version-group/18/"}}, {"flavor_text": "\u767c\u5c04\u5f9e\u5927\u81ea\u7136\u532f\u805a\u800c\u4f86\u7684\u751f\u547d\u529b\u91cf\u3002\n\u6709\u6642\u6703\u964d\u4f4e\u5c0d\u624b\u7684\u7279\u9632\u3002", "language": {"name": "zh-Hant", "url": "https://pokeapi.co/api/v2/language/4/"}, "version_group": {"name": "ultra-sun-ultra-moon", "url": "https://pokeapi.co/api/v2/version-group/18/"}}, {"flavor_text": "Utilise les pouvoirs de la nature pour attaquer\nl\u2019ennemi. Peut aussi baisser sa D\u00e9fense Sp\u00e9ciale.", "language": {"name": "fr", "url": "https://pokeapi.co/api/v2/language/5/"}, "version_group": {"name": "ultra-sun-ultra-moon", "url": "https://pokeapi.co/api/v2/version-group/18/"}}, {"flavor_text": "Anwender zieht Kraft aus der Natur und feuert sie\nauf das Ziel. Senkt eventuell Spezial-Verteidigung\ndes Zieles.", "language": {"name": "de", "url": "https://pokeapi.co/api/v2/language/6/"}, "version_group": {"name": "ultra-sun-ultra-moon", "url": "https://pokeapi.co/api/v2/version-group/18/"}}, {"flavor_text": "A\u00fana fuerzas de la naturaleza y libera su ataque. \nPuede disminuir la Defensa Especial del objetivo.", "language": {"name": "es", "url": "https://pokeapi.co/api/v2/language/7/"}, "version_group": {"name": "ultra-sun-ultra-moon", "url": "https://pokeapi.co/api/v2/version-group/18/"}}, {"flavor_text": "Chi la usa attinge energia dalla natura e la\nscaglia contro il bersaglio. Pu\u00f2 anche ridurne\nla Difesa Speciale.", "language": {"name": "it", "url": "https://pokeapi.co/api/v2/language/8/"}, "version_group": {"name": "ultra-sun-ultra-moon", "url": "https://pokeapi.co/api/v2/version-group/18/"}}, {"flavor_text": "The user draws power from nature and fires it at the\ntarget. This may also lower the target\u2019s Sp. Def stat.", "language": {"name": "en", "url": "https://pokeapi.co/api/v2/language/9/"}, "version_group": {"name": "ultra-sun-ultra-moon", "url": "https://pokeapi.co/api/v2/version-group/18/"}}, {"flavor_text": "\u81ea\u7136\u304b\u3089\u3000\u96c6\u3081\u305f\n\u547d\u306e\u529b\u3092\u3000\u767a\u5c04\u3059\u308b\u3002\n\u76f8\u624b\u306e\u3000\u7279\u9632\u3092\u3000\u3055\u3052\u308b\u3053\u3068\u304c\u3042\u308b\u3002", "language": {"name": "ja", "url": "https://pokeapi.co/api/v2/language/11/"}, "version_group": {"name": "ultra-sun-ultra-moon", "url": "https://pokeapi.co/api/v2/version-group/18/"}}, {"flavor_text": "\u53d1\u5c04\u4ece\u81ea\u7136\u6536\u96c6\u7684\u751f\u547d\u529b\u91cf\u3002\n\u6709\u65f6\u4f1a\u964d\u4f4e\u5bf9\u624b\u7684\u7279\u9632\u3002", "language": {"name": "zh-Hans", "url": "https://pokeapi.co/api/v2/language/12/"}, "version_group": {"name": "ultra-sun-ultra-moon", "url": "https://pokeapi.co/api/v2/version-group/18/"}}, {"flavor_text": "\u3057\u305c\u3093\u304b\u3089\u3000\u3042\u3064\u3081\u305f\n\u3044\u306e\u3061\u306e\u3000\u3061\u304b\u3089\u3092\u3000\u306f\u3063\u3057\u3083\u3059\u308b\u3002\n\u3042\u3044\u3066\u306e\u3000\u3068\u304f\u307c\u3046\u3092\u3000\u3055\u3052\u308b\u3053\u3068\u304c\u3042\u308b\u3002", "language": {"name": "ja-Hrkt", "url": "https://pokeapi.co/api/v2/language/1/"}, "version_group": {"name": "lets-go-pikachu-lets-go-eevee", "url": "https://pokeapi.co/api/v2/version-group/19/"}}, {"flavor_text": "\uc790\uc5f0\uc73c\ub85c\ubd80\ud130 \ubaa8\uc740\n\uc0dd\uba85\uc758 \ud798\uc744 \ubc1c\uc0ac\ud55c\ub2e4.\n\uc0c1\ub300\uc758 \ud2b9\uc218\ubc29\uc5b4\ub97c \ub5a8\uc5b4\ub728\ub9b4 \ub54c\uac00 \uc788\ub2e4.", "language": {"name": "ko", "url": "https://pokeapi.co/api/v2/language/3/"}, "version_group": {"name": "lets-go-pikachu-lets-go-eevee", "url": "https://pokeapi.co/api/v2/version-group/19/"}}, {"flavor_text": "\u767c\u5c04\u5f9e\u5927\u81ea\u7136\u532f\u805a\u800c\u4f86\u7684\u751f\u547d\u529b\u91cf\u3002\n\u6709\u6642\u6703\u964d\u4f4e\u5c0d\u624b\u7684\u7279\u9632\u3002", "language": {"name": "zh-Hant", "url": "https://pokeapi.co/api/v2/language/4/"}, "version_group": {"name": "lets-go-pikachu-lets-go-eevee", "url": "https://pokeapi.co/api/v2/version-group/19/"}}, {"flavor_text": "Utilise les pouvoirs de la nature pour attaquer l\u2019ennemi.\nPeut aussi baisser sa D\u00e9fense Sp\u00e9ciale.", "language": {"name": "fr", "url": "https://pokeapi.co/api/v2/language/5/"}, "version_group": {"name": "lets-go-pikachu-lets-go-eevee", "url": "https://pokeapi.co/api/v2/version-group/19/"}}, {"flavor_text": "Anwender zieht Kraft aus der Natur und feuert sie\nauf das Ziel. Senkt eventuell Spezial-Verteidigung\ndes Zieles.", "language": {"name": "de", "url": "https://pokeapi.co/api/v2/language/6/"}, "version_group": {"name": "lets-go-pikachu-lets-go-eevee", "url": "https://pokeapi.co/api/v2/version-group/19/"}}, {"flavor_text": "A\u00fana fuerzas de la naturaleza y libera su ataque. \nPuede disminuir la Defensa Especial del objetivo.", "language": {"name": "es", "url": "https://pokeapi.co/api/v2/language/7/"}, "version_group": {"name": "lets-go-pikachu-lets-go-eevee", "url": "https://pokeapi.co/api/v2/version-group/19/"}}, {"flavor_text": "Chi la usa attinge energia dalla natura e la\nscaglia contro il bersaglio. Pu\u00f2 anche ridurne\nla Difesa Speciale.", "language": {"name": "it", "url": "https://pokeapi.co/api/v2/language/8/"}, "version_group": {"name": "lets-go-pikachu-lets-go-eevee", "url": "https://pokeapi.co/api/v2/version-group/19/"}}, {"flavor_text": "The user draws power from nature and fires it at the\ntarget. This may also lower the target\u2019s Sp. Def stat.", "language": {"name": "en", "url": "https://pokeapi.co/api/v2/language/9/"}, "version_group": {"name": "lets-go-pikachu-lets-go-eevee", "url": "https://pokeapi.co/api/v2/version-group/19/"}}, {"flavor_text": "\u81ea\u7136\u304b\u3089\u3000\u96c6\u3081\u305f\n\u547d\u306e\u529b\u3092\u3000\u767a\u5c04\u3059\u308b\u3002\n\u76f8\u624b\u306e\u3000\u7279\u9632\u3092\u3000\u3055\u3052\u308b\u3053\u3068\u304c\u3042\u308b\u3002", "language": {"name": "ja", "url": "https://pokeapi.co/api/v2/language/11/"}, "version_group": {"name": "lets-go-pikachu-lets-go-eevee", "url": "https://pokeapi.co/api/v2/version-group/19/"}}, {"flavor_text": "\u53d1\u5c04\u4ece\u81ea\u7136\u6536\u96c6\u7684\u751f\u547d\u529b\u91cf\u3002\n\u6709\u65f6\u4f1a\u964d\u4f4e\u5bf9\u624b\u7684\u7279\u9632\u3002", "language": {"name": "zh-Hans", "url": "https://pokeapi.co/api/v2/language/12/"}, "version_group": {"name": "lets-go-pikachu-lets-go-eevee", "url": "https://pokeapi.co/api/v2/version-group/19/"}}, {"flavor_text": "\u3057\u305c\u3093\u304b\u3089\u3000\u3042\u3064\u3081\u305f\n\u3044\u306e\u3061\u306e\u3000\u3061\u304b\u3089\u3092\u3000\u306f\u3063\u3057\u3083\u3059\u308b\u3002\n\u3042\u3044\u3066\u306e\u3000\u3068\u304f\u307c\u3046\u3092\u3000\u3055\u3052\u308b\u3053\u3068\u304c\u3042\u308b\u3002", "language": {"name": "ja-Hrkt", "url": "https://pokeapi.co/api/v2/language/1/"}, "version_group": {"name": "sword-shield", "url": "https://pokeapi.co/api/v2/version-group/20/"}}, {"flavor_text": "\uc790\uc5f0\uc73c\ub85c\ubd80\ud130 \ubaa8\uc740\n\uc0dd\uba85\uc758 \ud798\uc744 \ubc1c\uc0ac\ud55c\ub2e4.\n\uc0c1\ub300\uc758 \ud2b9\uc218\ubc29\uc5b4\ub97c \ub5a8\uc5b4\ub728\ub9b4 \ub54c\uac00 \uc788\ub2e4.", "language": {"name": "ko", "url": "https://pokeapi.co/api/v2/language/3/"}, "version_group": {"name": "sword-shield", "url": "https://pokeapi.co/api/v2/version-group/20/"}}, {"flavor_text": "\u767c\u5c04\u5f9e\u5927\u81ea\u7136\u532f\u805a\u800c\u4f86\u7684\u751f\u547d\u529b\u91cf\u3002\n\u6709\u6642\u6703\u964d\u4f4e\u5c0d\u624b\u7684\u7279\u9632\u3002", "language": {"name": "zh-Hant", "url": "https://pokeapi.co/api/v2/language/4/"}, "version_group": {"name": "sword-shield", "url": "https://pokeapi.co/api/v2/version-group/20/"}}, {"flavor_text": "Utilise les pouvoirs de la nature pour attaquer l\u2019ennemi.\nPeut aussi baisser sa D\u00e9fense Sp\u00e9ciale.", "language": {"name": "fr", "url": "https://pokeapi.co/api/v2/language/5/"}, "version_group": {"name": "sword-shield", "url": "https://pokeapi.co/api/v2/version-group/20/"}}, {"flavor_text": "Anwender zieht Kraft aus der Natur und feuert sie auf\ndas Ziel. Senkt eventuell Spezial-Verteidigung des\nZieles.", "language": {"name": "de", "url": "https://pokeapi.co/api/v2/language/6/"}, "version_group": {"name": "sword-shield", "url": "https://pokeapi.co/api/v2/version-group/20/"}}, {"flavor_text": "A\u00fana fuerzas de la naturaleza y libera su ataque. \nPuede disminuir la Defensa Especial del objetivo.", "language": {"name": "es", "url": "https://pokeapi.co/api/v2/language/7/"}, "version_group": {"name": "sword-shield", "url": "https://pokeapi.co/api/v2/version-group/20/"}}, {"flavor_text": "Chi la usa attinge energia dalla natura e la\nscaglia contro il bersaglio. Pu\u00f2 anche ridurne\nla Difesa Speciale.", "language": {"name": "it", "url": "https://pokeapi.co/api/v2/language/8/"}, "version_group": {"name": "sword-shield", "url": "https://pokeapi.co/api/v2/version-group/20/"}}, {"flavor_text": "The user draws power from nature and fires it at the\ntarget. This may also lower the target\u2019s Sp. Def stat.", "language": {"name": "en", "url": "https://pokeapi.co/api/v2/language/9/"}, "version_group": {"name": "sword-shield", "url": "https://pokeapi.co/api/v2/version-group/20/"}}, {"flavor_text": "\u81ea\u7136\u304b\u3089\u3000\u96c6\u3081\u305f\n\u547d\u306e\u529b\u3092\u3000\u767a\u5c04\u3059\u308b\u3002\n\u76f8\u624b\u306e\u3000\u7279\u9632\u3092\u3000\u3055\u3052\u308b\u3053\u3068\u304c\u3042\u308b\u3002", "language": {"name": "ja", "url": "https://pokeapi.co/api/v2/language/11/"}, "version_group": {"name": "sword-shield", "url": "https://pokeapi.co/api/v2/version-group/20/"}}, {"flavor_text": "\u53d1\u5c04\u4ece\u81ea\u7136\u6536\u96c6\u7684\u751f\u547d\u529b\u91cf\u3002\n\u6709\u65f6\u4f1a\u964d\u4f4e\u5bf9\u624b\u7684\u7279\u9632\u3002", "language": {"name": "zh-Hans", "url": "https://pokeapi.co/api/v2/language/12/"}, "version_group": {"name": "sword-shield", "url": "https://pokeapi.co/api/v2/version-group/20/"}}], "generation": {"name": "generation-iv", "url": "https://pokeapi.co/api/v2/generation/4/"}, "id": 412, "learned_by_pokemon": [{"name": "bulbasaur", "url": "https://pokeapi.co/api/v2/pokemon/1/"}, {"name": "ivysaur", "url": "https://pokeapi.co/api/v2/pokemon/2/"}, {"name": "venusaur", "url": "https://pokeapi.co/api/v2/pokemon/3/"}, {"name": "butterfree", "url": "https://pokeapi.co/api/v2/pokemon/12/"}, {"name": "vulpix", "url": "https://pokeapi.co/api/v2/pokemon/37/"}, {"name": "ninetales", "url": "https://pokeapi.co/api/v2/pokemon/38/"}, {"name": "jigglypuff", "url": "https://pokeapi.co/api/v2/pokemon/39/"}, {"name": "wigglytuff", "url": "https://pokeapi.co/api/v2/pokemon/40/"}, {"name": "oddish", "url": "https://pokeapi.co/api/v2/pokemon/43/"}, {"name": "gloom", "url": "https://pokeapi.co/api/v2/pokemon/44/"}, {"name": "vileplume", "url": "https://pokeapi.co/api/v2/pokemon/45/"}, {"name": "paras", "url": "https://pokeapi.co/api/v2/pokemon/46/"}, {"name": "parasect", "url": "https://pokeapi.co/api/v2/pokemon/47/"}, {"name": "venonat", "url": "https://pokeapi.co/api/v2/pokemon/48/"}, {"name": "venomoth", "url": "https://pokeapi.co/api/v2/pokemon/49/"}, {"name": "abra", "url": "https://pokeapi.co/api/v2/pokemon/63/"}, {"name": "kadabra", "url": "https://pokeapi.co/api/v2/pokemon/64/"}, {"name": "alakazam", "url": "https://pokeapi.co/api/v2/pokemon/65/"}, {"name": "bellsprout", "url": "https://pokeapi.co/api/v2/pokemon/69/"}, {"name": "weepinbell", "url": "https://pokeapi.co/api/v2/pokemon/70/"}, {"name": "victreebel", "url": "https://pokeapi.co/api/v2/pokemon/71/"}, {"name": "gastly", "url": "https://pokeapi.co/api/v2/pokemon/92/"}, {"name": "haunter", "url": "https://pokeapi.co/api/v2/pokemon/93/"}, {"name": "gengar", "url": "https://pokeapi.co/api/v2/pokemon/94/"}, {"name": "exeggcute", "url": "https://pokeapi.co/api/v2/pokemon/102/"}, {"name": "exeggutor", "url": "https://pokeapi.co/api/v2/pokemon/103/"}, {"name": "tangela", "url": "https://pokeapi.co/api/v2/pokemon/114/"}, {"name": "mr-mime", "url": "https://pokeapi.co/api/v2/pokemon/122/"}, {"name": "jynx", "url": "https://pokeapi.co/api/v2/pokemon/124/"}, {"name": "mewtwo", "url": "https://pokeapi.co/api/v2/pokemon/150/"}, {"name": "mew", "url": "https://pokeapi.co/api/v2/pokemon/151/"}, {"name": "chikorita", "url": "https://pokeapi.co/api/v2/pokemon/152/"}, {"name": "bayleef", "url": "https://pokeapi.co/api/v2/pokemon/153/"}, {"name": "meganium", "url": "https://pokeapi.co/api/v2/pokemon/154/"}, {"name": "bellossom", "url": "https://pokeapi.co/api/v2/pokemon/182/"}, {"name": "hoppip", "url": "https://pokeapi.co/api/v2/pokemon/187/"}, {"name": "skiploom", "url": "https://pokeapi.co/api/v2/pokemon/188/"}, {"name": "jumpluff", "url": "https://pokeapi.co/api/v2/pokemon/189/"}, {"name": "sunkern", "url": "https://pokeapi.co/api/v2/pokemon/191/"}, {"name": "sunflora", "url": "https://pokeapi.co/api/v2/pokemon/192/"}, {"name": "misdreavus", "url": "https://pokeapi.co/api/v2/pokemon/200/"}, {"name": "girafarig", "url": "https://pokeapi.co/api/v2/pokemon/203/"}, {"name": "octillery", "url": "https://pokeapi.co/api/v2/pokemon/224/"}, {"name": "stantler", "url": "https://pokeapi.co/api/v2/pokemon/234/"}, {"name": "celebi", "url": "https://pokeapi.co/api/v2/pokemon/251/"}, {"name": "treecko", "url": "https://pokeapi.co/api/v2/pokemon/252/"}, {"name": "grovyle", "url": "https://pokeapi.co/api/v2/pokemon/253/"}, {"name": "sceptile", "url": "https://pokeapi.co/api/v2/pokemon/254/"}, {"name": "beautifly", "url": "https://pokeapi.co/api/v2/pokemon/267/"}, {"name": "dustox", "url": "https://pokeapi.co/api/v2/pokemon/269/"}, {"name": "lotad", "url": "https://pokeapi.co/api/v2/pokemon/270/"}, {"name": "lombre", "url": "https://pokeapi.co/api/v2/pokemon/271/"}, {"name": "ludicolo", "url": "https://pokeapi.co/api/v2/pokemon/272/"}, {"name": "seedot", "url": "https://pokeapi.co/api/v2/pokemon/273/"}, {"name": "nuzleaf", "url": "https://pokeapi.co/api/v2/pokemon/274/"}, {"name": "shiftry", "url": "https://pokeapi.co/api/v2/pokemon/275/"}, {"name": "gardevoir", "url": "https://pokeapi.co/api/v2/pokemon/282/"}, {"name": "masquerain", "url": "https://pokeapi.co/api/v2/pokemon/284/"}, {"name": "shroomish", "url": "https://pokeapi.co/api/v2/pokemon/285/"}, {"name": "breloom", "url": "https://pokeapi.co/api/v2/pokemon/286/"}, {"name": "sableye", "url": "https://pokeapi.co/api/v2/pokemon/302/"}, {"name": "medicham", "url": "https://pokeapi.co/api/v2/pokemon/308/"}, {"name": "roselia", "url": "https://pokeapi.co/api/v2/pokemon/315/"}, {"name": "grumpig", "url": "https://pokeapi.co/api/v2/pokemon/326/"}, {"name": "cacnea", "url": "https://pokeapi.co/api/v2/pokemon/331/"}, {"name": "cacturne", "url": "https://pokeapi.co/api/v2/pokemon/332/"}, {"name": "lileep", "url": "https://pokeapi.co/api/v2/pokemon/345/"}, {"name": "cradily", "url": "https://pokeapi.co/api/v2/pokemon/346/"}, {"name": "castform", "url": "https://pokeapi.co/api/v2/pokemon/351/"}, {"name": "tropius", "url": "https://pokeapi.co/api/v2/pokemon/357/"}, {"name": "chimecho", "url": "https://pokeapi.co/api/v2/pokemon/358/"}, {"name": "latias", "url": "https://pokeapi.co/api/v2/pokemon/380/"}, {"name": "latios", "url": "https://pokeapi.co/api/v2/pokemon/381/"}, {"name": "rayquaza", "url": "https://pokeapi.co/api/v2/pokemon/384/"}, {"name": "jirachi", "url": "https://pokeapi.co/api/v2/pokemon/385/"}, {"name": "deoxys-normal", "url": "https://pokeapi.co/api/v2/pokemon/386/"}, {"name": "turtwig", "url": "https://pokeapi.co/api/v2/pokemon/387/"}, {"name": "grotle", "url": "https://pokeapi.co/api/v2/pokemon/388/"}, {"name": "torterra", "url": "https://pokeapi.co/api/v2/pokemon/389/"}, {"name": "budew", "url": "https://pokeapi.co/api/v2/pokemon/406/"}, {"name": "roserade", "url": "https://pokeapi.co/api/v2/pokemon/407/"}, {"name": "wormadam-plant", "url": "https://pokeapi.co/api/v2/pokemon/413/"}, {"name": "mothim", "url": "https://pokeapi.co/api/v2/pokemon/414/"}, {"name": "cherubi", "url": "https://pokeapi.co/api/v2/pokemon/420/"}, {"name": "cherrim", "url": "https://pokeapi.co/api/v2/pokemon/421/"}, {"name": "mismagius", "url": "https://pokeapi.co/api/v2/pokemon/429/"}, {"name": "chingling", "url": "https://pokeapi.co/api/v2/pokemon/433/"}, {"name": "carnivine", "url": "https://pokeapi.co/api/v2/pokemon/455/"}, {"name": "snover", "url": "https://pokeapi.co/api/v2/pokemon/459/"}, {"name": "abomasnow", "url": "https://pokeapi.co/api/v2/pokemon/460/"}, {"name": "tangrowth", "url": "https://pokeapi.co/api/v2/pokemon/465/"}, {"name": "leafeon", "url": "https://pokeapi.co/api/v2/pokemon/470/"}, {"name": "gallade", "url": "https://pokeapi.co/api/v2/pokemon/475/"}, {"name": "uxie", "url": "https://pokeapi.co/api/v2/pokemon/480/"}, {"name": "mesprit", "url": "https://pokeapi.co/api/v2/pokemon/481/"}, {"name": "azelf", "url": "https://pokeapi.co/api/v2/pokemon/482/"}, {"name": "giratina-altered", "url": "https://pokeapi.co/api/v2/pokemon/487/"}, {"name": "cresselia", "url": "https://pokeapi.co/api/v2/pokemon/488/"}, {"name": "manaphy", "url": "https://pokeapi.co/api/v2/pokemon/490/"}, {"name": "shaymin-land", "url": "https://pokeapi.co/api/v2/pokemon/492/"}, {"name": "arceus", "url": "https://pokeapi.co/api/v2/pokemon/493/"}, {"name": "victini", "url": "https://pokeapi.co/api/v2/pokemon/494/"}, {"name": "snivy", "url": "https://pokeapi.co/api/v2/pokemon/495/"}, {"name": "servine", "url": "https://pokeapi.co/api/v2/pokemon/496/"}, {"name": "serperior", "url": "https://pokeapi.co/api/v2/pokemon/497/"}, {"name": "pansage", "url": "https://pokeapi.co/api/v2/pokemon/511/"}, {"name": "simisage", "url": "https://pokeapi.co/api/v2/pokemon/512/"}, {"name": "munna", "url": "https://pokeapi.co/api/v2/pokemon/517/"}, {"name": "musharna", "url": "https://pokeapi.co/api/v2/pokemon/518/"}, {"name": "woobat", "url": "https://pokeapi.co/api/v2/pokemon/527/"}, {"name": "swoobat", "url": "https://pokeapi.co/api/v2/pokemon/528/"}, {"name": "sewaddle", "url": "https://pokeapi.co/api/v2/pokemon/540/"}, {"name": "swadloon", "url": "https://pokeapi.co/api/v2/pokemon/541/"}, {"name": "leavanny", "url": "https://pokeapi.co/api/v2/pokemon/542/"}, {"name": "cottonee", "url": "https://pokeapi.co/api/v2/pokemon/546/"}, {"name": "whimsicott", "url": "https://pokeapi.co/api/v2/pokemon/547/"}, {"name": "petilil", "url": "https://pokeapi.co/api/v2/pokemon/548/"}, {"name": "lilligant", "url": "https://pokeapi.co/api/v2/pokemon/549/"}, {"name": "maractus", "url": "https://pokeapi.co/api/v2/pokemon/556/"}, {"name": "sigilyph", "url": "https://pokeapi.co/api/v2/pokemon/561/"}, {"name": "yamask", "url": "https://pokeapi.co/api/v2/pokemon/562/"}, {"name": "cofagrigus", "url": "https://pokeapi.co/api/v2/pokemon/563/"}, {"name": "gothita", "url": "https://pokeapi.co/api/v2/pokemon/574/"}, {"name": "gothorita", "url": "https://pokeapi.co/api/v2/pokemon/575/"}, {"name": "gothitelle", "url": "https://pokeapi.co/api/v2/pokemon/576/"}, {"name": "solosis", "url": "https://pokeapi.co/api/v2/pokemon/577/"}, {"name": "duosion", "url": "https://pokeapi.co/api/v2/pokemon/578/"}, {"name": "reuniclus", "url": "https://pokeapi.co/api/v2/pokemon/579/"}, {"name": "deerling", "url": "https://pokeapi.co/api/v2/pokemon/585/"}, {"name": "sawsbuck", "url": "https://pokeapi.co/api/v2/pokemon/586/"}, {"name": "emolga", "url": "https://pokeapi.co/api/v2/pokemon/587/"}, {"name": "karrablast", "url": "https://pokeapi.co/api/v2/pokemon/588/"}, {"name": "escavalier", "url": "https://pokeapi.co/api/v2/pokemon/589/"}, {"name": "foongus", "url": "https://pokeapi.co/api/v2/pokemon/590/"}, {"name": "amoonguss", "url": "https://pokeapi.co/api/v2/pokemon/591/"}, {"name": "frillish", "url": "https://pokeapi.co/api/v2/pokemon/592/"}, {"name": "jellicent", "url": "https://pokeapi.co/api/v2/pokemon/593/"}, {"name": "joltik", "url": "https://pokeapi.co/api/v2/pokemon/595/"}, {"name": "galvantula", "url": "https://pokeapi.co/api/v2/pokemon/596/"}, {"name": "ferroseed", "url": "https://pokeapi.co/api/v2/pokemon/597/"}, {"name": "ferrothorn", "url": "https://pokeapi.co/api/v2/pokemon/598/"}, {"name": "elgyem", "url": "https://pokeapi.co/api/v2/pokemon/605/"}, {"name": "beheeyem", "url": "https://pokeapi.co/api/v2/pokemon/606/"}, {"name": "litwick", "url": "https://pokeapi.co/api/v2/pokemon/607/"}, {"name": "lampent", "url": "https://pokeapi.co/api/v2/pokemon/608/"}, {"name": "chandelure", "url": "https://pokeapi.co/api/v2/pokemon/609/"}, {"name": "shelmet", "url": "https://pokeapi.co/api/v2/pokemon/616/"}, {"name": "accelgor", "url": "https://pokeapi.co/api/v2/pokemon/617/"}, {"name": "durant", "url": "https://pokeapi.co/api/v2/pokemon/632/"}, {"name": "virizion", "url": "https://pokeapi.co/api/v2/pokemon/640/"}, {"name": "meloetta-aria", "url": "https://pokeapi.co/api/v2/pokemon/648/"}, {"name": "genesect", "url": "https://pokeapi.co/api/v2/pokemon/649/"}, {"name": "chespin", "url": "https://pokeapi.co/api/v2/pokemon/650/"}, {"name": "quilladin", "url": "https://pokeapi.co/api/v2/pokemon/651/"}, {"name": "chesnaught", "url": "https://pokeapi.co/api/v2/pokemon/652/"}, {"name": "vivillon", "url": "https://pokeapi.co/api/v2/pokemon/666/"}, {"name": "flabebe", "url": "https://pokeapi.co/api/v2/pokemon/669/"}, {"name": "floette", "url": "https://pokeapi.co/api/v2/pokemon/670/"}, {"name": "florges", "url": "https://pokeapi.co/api/v2/pokemon/671/"}, {"name": "skiddo", "url": "https://pokeapi.co/api/v2/pokemon/672/"}, {"name": "gogoat", "url": "https://pokeapi.co/api/v2/pokemon/673/"}, {"name": "espurr", "url": "https://pokeapi.co/api/v2/pokemon/677/"}, {"name": "meowstic-male", "url": "https://pokeapi.co/api/v2/pokemon/678/"}, {"name": "spritzee", "url": "https://pokeapi.co/api/v2/pokemon/682/"}, {"name": "aromatisse", "url": "https://pokeapi.co/api/v2/pokemon/683/"}, {"name": "swirlix", "url": "https://pokeapi.co/api/v2/pokemon/684/"}, {"name": "slurpuff", "url": "https://pokeapi.co/api/v2/pokemon/685/"}, {"name": "phantump", "url": "https://pokeapi.co/api/v2/pokemon/708/"}, {"name": "trevenant", "url": "https://pokeapi.co/api/v2/pokemon/709/"}, {"name": "pumpkaboo-average", "url": "https://pokeapi.co/api/v2/pokemon/710/"}, {"name": "gourgeist-average", "url": "https://pokeapi.co/api/v2/pokemon/711/"}, {"name": "hoopa", "url": "https://pokeapi.co/api/v2/pokemon/720/"}, {"name": "rowlet", "url": "https://pokeapi.co/api/v2/pokemon/722/"}, {"name": "dartrix", "url": "https://pokeapi.co/api/v2/pokemon/723/"}, {"name": "decidueye", "url": "https://pokeapi.co/api/v2/pokemon/724/"}, {"name": "primarina", "url": "https://pokeapi.co/api/v2/pokemon/730/"}, {"name": "vikavolt", "url": "https://pokeapi.co/api/v2/pokemon/738/"}, {"name": "cutiefly", "url": "https://pokeapi.co/api/v2/pokemon/742/"}, {"name": "ribombee", "url": "https://pokeapi.co/api/v2/pokemon/743/"}, {"name": "fomantis", "url": "https://pokeapi.co/api/v2/pokemon/753/"}, {"name": "lurantis", "url": "https://pokeapi.co/api/v2/pokemon/754/"}, {"name": "morelull", "url": "https://pokeapi.co/api/v2/pokemon/755/"}, {"name": "shiinotic", "url": "https://pokeapi.co/api/v2/pokemon/756/"}, {"name": "bounsweet", "url": "https://pokeapi.co/api/v2/pokemon/761/"}, {"name": "steenee", "url": "https://pokeapi.co/api/v2/pokemon/762/"}, {"name": "tsareena", "url": "https://pokeapi.co/api/v2/pokemon/763/"}, {"name": "comfey", "url": "https://pokeapi.co/api/v2/pokemon/764/"}, {"name": "oranguru", "url": "https://pokeapi.co/api/v2/pokemon/765/"}, {"name": "passimian", "url": "https://pokeapi.co/api/v2/pokemon/766/"}, {"name": "sandygast", "url": "https://pokeapi.co/api/v2/pokemon/769/"}, {"name": "palossand", "url": "https://pokeapi.co/api/v2/pokemon/770/"}, {"name": "drampa", "url": "https://pokeapi.co/api/v2/pokemon/780/"}, {"name": "dhelmise", "url": "https://pokeapi.co/api/v2/pokemon/781/"}, {"name": "tapu-lele", "url": "https://pokeapi.co/api/v2/pokemon/786/"}, {"name": "tapu-bulu", "url": "https://pokeapi.co/api/v2/pokemon/787/"}, {"name": "xurkitree", "url": "https://pokeapi.co/api/v2/pokemon/796/"}, {"name": "celesteela", "url": "https://pokeapi.co/api/v2/pokemon/797/"}, {"name": "magearna", "url": "https://pokeapi.co/api/v2/pokemon/801/"}, {"name": "grookey", "url": "https://pokeapi.co/api/v2/pokemon/810/"}, {"name": "thwackey", "url": "https://pokeapi.co/api/v2/pokemon/811/"}, {"name": "rillaboom", "url": "https://pokeapi.co/api/v2/pokemon/812/"}, {"name": "dottler", "url": "https://pokeapi.co/api/v2/pokemon/825/"}, {"name": "orbeetle", "url": "https://pokeapi.co/api/v2/pokemon/826/"}, {"name": "gossifleur", "url": "https://pokeapi.co/api/v2/pokemon/829/"}, {"name": "eldegoss", "url": "https://pokeapi.co/api/v2/pokemon/830/"}, {"name": "flapple", "url": "https://pokeapi.co/api/v2/pokemon/841/"}, {"name": "appletun", "url": "https://pokeapi.co/api/v2/pokemon/842/"}, {"name": "mr-rime", "url": "https://pokeapi.co/api/v2/pokemon/866/"}, {"name": "runerigus", "url": "https://pokeapi.co/api/v2/pokemon/867/"}, {"name": "alcremie", "url": "https://pokeapi.co/api/v2/pokemon/869/"}, {"name": "indeedee-male", "url": "https://pokeapi.co/api/v2/pokemon/876/"}, {"name": "zarude", "url": "https://pokeapi.co/api/v2/pokemon/893/"}, {"name": "calyrex", "url": "https://pokeapi.co/api/v2/pokemon/898/"}, {"name": "wyrdeer", "url": "https://pokeapi.co/api/v2/pokemon/899/"}, {"name": "sprigatito", "url": "https://pokeapi.co/api/v2/pokemon/906/"}, {"name": "floragato", "url": "https://pokeapi.co/api/v2/pokemon/907/"}, {"name": "meowscarada", "url": "https://pokeapi.co/api/v2/pokemon/908/"}, {"name": "oinkologne", "url": "https://pokeapi.co/api/v2/pokemon/916/"}, {"name": "smoliv", "url": "https://pokeapi.co/api/v2/pokemon/928/"}, {"name": "dolliv", "url": "https://pokeapi.co/api/v2/pokemon/929/"}, {"name": "arboliva", "url": "https://pokeapi.co/api/v2/pokemon/930/"}, {"name": "armarouge", "url": "https://pokeapi.co/api/v2/pokemon/936/"}, {"name": "bramblin", "url": "https://pokeapi.co/api/v2/pokemon/946/"}, {"name": "brambleghast", "url": "https://pokeapi.co/api/v2/pokemon/947/"}, {"name": "toedscool", "url": "https://pokeapi.co/api/v2/pokemon/948/"}, {"name": "toedscruel", "url": "https://pokeapi.co/api/v2/pokemon/949/"}, {"name": "capsakid", "url": "https://pokeapi.co/api/v2/pokemon/951/"}, {"name": "scovillain", "url": "https://pokeapi.co/api/v2/pokemon/952/"}, {"name": "rabsca", "url": "https://pokeapi.co/api/v2/pokemon/954/"}, {"name": "espathra", "url": "https://pokeapi.co/api/v2/pokemon/956/"}, {"name": "glimmora", "url": "https://pokeapi.co/api/v2/pokemon/970/"}, {"name": "farigiraf", "url": "https://pokeapi.co/api/v2/pokemon/981/"}, {"name": "brute-bonnet", "url": "https://pokeapi.co/api/v2/pokemon/986/"}, {"name": "flutter-mane", "url": "https://pokeapi.co/api/v2/pokemon/987/"}, {"name": "iron-moth", "url": "https://pokeapi.co/api/v2/pokemon/994/"}, {"name": "wo-chien", "url": "https://pokeapi.co/api/v2/pokemon/1001/"}, {"name": "iron-valiant", "url": "https://pokeapi.co/api/v2/pokemon/1006/"}, {"name": "iron-leaves", "url": "https://pokeapi.co/api/v2/pokemon/1010/"}, {"name": "dipplin", "url": "https://pokeapi.co/api/v2/pokemon/1011/"}, {"name": "poltchageist", "url": "https://pokeapi.co/api/v2/pokemon/1012/"}, {"name": "sinistcha", "url": "https://pokeapi.co/api/v2/pokemon/1013/"}, {"name": "ogerpon", "url": "https://pokeapi.co/api/v2/pokemon/1017/"}, {"name": "hydrapple", "url": "https://pokeapi.co/api/v2/pokemon/1019/"}, {"name": "terapagos", "url": "https://pokeapi.co/api/v2/pokemon/1024/"}, {"name": "deoxys-attack", "url": "https://pokeapi.co/api/v2/pokemon/10001/"}, {"name": "deoxys-defense", "url": "https://pokeapi.co/api/v2/pokemon/10002/"}, {"name": "deoxys-speed", "url": "https://pokeapi.co/api/v2/pokemon/10003/"}, {"name": "shaymin-sky", "url": "https://pokeapi.co/api/v2/pokemon/10006/"}, {"name": "giratina-origin", "url": "https://pokeapi.co/api/v2/pokemon/10007/"}, {"name": "castform-sunny", "url": "https://pokeapi.co/api/v2/pokemon/10013/"}, {"name": "castform-rainy", "url": "https://pokeapi.co/api/v2/pokemon/10014/"}, {"name": "castform-snowy", "url": "https://pokeapi.co/api/v2/pokemon/10015/"}, {"name": "meloetta-pirouette", "url": "https://pokeapi.co/api/v2/pokemon/10018/"}, {"name": "meowstic-female", "url": "https://pokeapi.co/api/v2/pokemon/10025/"}, {"name": "pumpkaboo-small", "url": "https://pokeapi.co/api/v2/pokemon/10027/"}, {"name": "pumpkaboo-large", "url": "https://pokeapi.co/api/v2/pokemon/10028/"}, {"name": "pumpkaboo-super", "url": "https://pokeapi.co/api/v2/pokemon/10029/"}, {"name": "gourgeist-small", "url": "https://pokeapi.co/api/v2/pokemon/10030/"}, {"name": "gourgeist-large", "url": "https://pokeapi.co/api/v2/pokemon/10031/"}, {"name": "gourgeist-super", "url": "https://pokeapi.co/api/v2/pokemon/10032/"}, {"name": "venusaur-mega", "url": "https://pokeapi.co/api/v2/pokemon/10033/"}, {"name": "alakazam-mega", "url": "https://pokeapi.co/api/v2/pokemon/10037/"}, {"name": "gengar-mega", "url": "https://pokeapi.co/api/v2/pokemon/10038/"}, {"name": "mewtwo-mega-x", "url": "https://pokeapi.co/api/v2/pokemon/10043/"}, {"name": "mewtwo-mega-y", "url": "https://pokeapi.co/api/v2/pokemon/10044/"}, {"name": "gardevoir-mega", "url": "https://pokeapi.co/api/v2/pokemon/10051/"}, {"name": "medicham-mega", "url": "https://pokeapi.co/api/v2/pokemon/10054/"}, {"name": "abomasnow-mega", "url": "https://pokeapi.co/api/v2/pokemon/10060/"}, {"name": "floette-eternal", "url": "https://pokeapi.co/api/v2/pokemon/10061/"}, {"name": "latias-mega", "url": "https://pokeapi.co/api/v2/pokemon/10062/"}, {"name": "latios-mega", "url": "https://pokeapi.co/api/v2/pokemon/10063/"}, {"name": "sceptile-mega", "url": "https://pokeapi.co/api/v2/pokemon/10065/"}, {"name": "rayquaza-mega", "url": "https://pokeapi.co/api/v2/pokemon/10079/"}, {"name": "hoopa-unbound", "url": "https://pokeapi.co/api/v2/pokemon/10086/"}, {"name": "exeggutor-alola", "url": "https://pokeapi.co/api/v2/pokemon/10114/"}, {"name": "vikavolt-totem", "url": "https://pokeapi.co/api/v2/pokemon/10122/"}, {"name": "lurantis-totem", "url": "https://pokeapi.co/api/v2/pokemon/10128/"}, {"name": "magearna-original", "url": "https://pokeapi.co/api/v2/pokemon/10147/"}, {"name": "ribombee-totem", "url": "https://pokeapi.co/api/v2/pokemon/10150/"}, {"name": "mr-mime-galar", "url": "https://pokeapi.co/api/v2/pokemon/10168/"}, {"name": "yamask-galar", "url": "https://pokeapi.co/api/v2/pokemon/10179/"}, {"name": "indeedee-female", "url": "https://pokeapi.co/api/v2/pokemon/10186/"}, {"name": "zarude-dada", "url": "https://pokeapi.co/api/v2/pokemon/10192/"}, {"name": "calyrex-ice", "url": "https://pokeapi.co/api/v2/pokemon/10193/"}, {"name": "calyrex-shadow", "url": "https://pokeapi.co/api/v2/pokemon/10194/"}, {"name": "voltorb-hisui", "url": "https://pokeapi.co/api/v2/pokemon/10231/"}, {"name": "electrode-hisui", "url": "https://pokeapi.co/api/v2/pokemon/10232/"}, {"name": "lilligant-hisui", "url": "https://pokeapi.co/api/v2/pokemon/10237/"}, {"name": "decidueye-hisui", "url": "https://pokeapi.co/api/v2/pokemon/10244/"}, {"name": "oinkologne-female", "url": "https://pokeapi.co/api/v2/pokemon/10254/"}, {"name": "ogerpon-wellspring-mask", "url": "https://pokeapi.co/api/v2/pokemon/10273/"}, {"name": "ogerpon-hearthflame-mask", "url": "https://pokeapi.co/api/v2/pokemon/10274/"}, {"name": "ogerpon-cornerstone-mask", "url": "https://pokeapi.co/api/v2/pokemon/10275/"}, {"name": "terapagos-terastal", "url": "https://pokeapi.co/api/v2/pokemon/10276/"}, {"name": "terapagos-stellar", "url": "https://pokeapi.co/api/v2/pokemon/10277/"}], "machines": [{"machine": {"url": "https://pokeapi.co/api/v2/machine/1024/"}, "version_group": {"name": "diamond-pearl", "url": "https://pokeapi.co/api/v2/version-group/8/"}}, {"machine": {"url": "https://pokeapi.co/api/v2/machine/1025/"}, "version_group": {"name": "platinum", "url": "https://pokeapi.co/api/v2/version-group/9/"}}, {"machine": {"url": "https://pokeapi.co/api/v2/machine/1026/"}, "version_group": {"name": "heartgold-soulsilver", "url": "https://pokeapi.co/api/v2/version-group/10/"}}, {"machine": {"url": "https://pokeapi.co/api/v2/machine/1027/"}, "version_group": {"name": "black-white", "url": "https://pokeapi.co/api/v2/version-group/11/"}}, {"machine": {"url": "https://pokeapi.co/api/v2/machine/1028/"}, "version_group": {"name": "black-2-white-2", "url": "https://pokeapi.co/api/v2/version-group/14/"}}, {"machine": {"url": "https://pokeapi.co/api/v2/machine/1029/"}, "version_group": {"name": "x-y", "url": "https://pokeapi.co/api/v2/version-group/15/"}}, {"machine": {"url": "https://pokeapi.co/api/v2/machine/1030/"}, "version_group": {"name": "omega-ruby-alpha-sapphire", "url": "https://pokeapi.co/api/v2/version-group/16/"}}, {"machine": {"url": "https://pokeapi.co/api/v2/machine/1031/"}, "version_group": {"name": "sun-moon", "url": "https://pokeapi.co/api/v2/version-group/17/"}}, {"machine": {"url": "https://pokeapi.co/api/v2/machine/1032/"}, "version_group": {"name": "ultra-sun-ultra-moon", "url": "https://pokeapi.co/api/v2/version-group/18/"}}, {"machine": {"url": "https://pokeapi.co/api/v2/machine/1654/"}, "version_group": {"name": "sword-shield", "url": "https://pokeapi.co/api/v2/version-group/20/"}}, {"machine": {"url": "https://pokeapi.co/api/v2/machine/1824/"}, "version_group": {"name": "scarlet-violet", "url": "https://pokeapi.co/api/v2/version-group/25/"}}, {"machine": {"url": "https://pokeapi.co/api/v2/machine/2020/"}, "version_group": {"name": "the-indigo-disk", "url": "https://pokeapi.co/api/v2/version-group/27/"}}], "meta": {"ailment": {"name": "none", "url": "https://pokeapi.co/api/v2/move-ailment/0/"}, "ailment_chance": 0, "category": {"name": "damage+lower", "url": "https://pokeapi.co/api/v2/move-category/6/"}, "crit_rate": 0, "drain": 0, "flinch_chance": 0, "healing": 0, "max_hits": null, "max_turns": null, "min_hits": null, "min_turns": null, "stat_chance": 10}, "name": "energy-ball", "names": [{"language": {"name": "ja-Hrkt", "url": "https://pokeapi.co/api/v2/language/1/"}, "name": "\u30a8\u30ca\u30b8\u30fc\u30dc\u30fc\u30eb"}, {"language": {"name": "ko", "url": "https://pokeapi.co/api/v2/language/3/"}, "name": "\uc5d0\ub108\uc9c0\ubcfc"}, {"language": {"name": "zh-Hant", "url": "https://pokeapi.co/api/v2/language/4/"}, "name": "\u80fd\u91cf\u7403"}, {"language": {"name": "fr", "url": "https://pokeapi.co/api/v2/language/5/"}, "name": "\u00c9co-Sph\u00e8re"}, {"language": {"name": "de", "url": "https://pokeapi.co/api/v2/language/6/"}, "name": "Energieball"}, {"language": {"name": "es", "url": "https://pokeapi.co/api/v2/language/7/"}, "name": "Energibola"}, {"language": {"name": "it", "url": "https://pokeapi.co/api/v2/language/8/"}, "name": "Energipalla"}, {"language": {"name": "en", "url": "https://pokeapi.co/api/v2/language/9/"}, "name": "Energy Ball"}, {"language": {"name": "ja", "url": "https://pokeapi.co/api/v2/language/11/"}, "name": "\u30a8\u30ca\u30b8\u30fc\u30dc\u30fc\u30eb"}, {"language": {"name": "zh-Hans", "url": "https://pokeapi.co/api/v2/language/12/"}, "name": "\u80fd\u91cf\u7403"}], "past_values": [{"accuracy": null, "effect_chance": null, "effect_entries": [], "power": 80, "pp": null, "type": null, "version_group": {"name": "x-y", "url": "https://pokeapi.co/api/v2/version-group/15/"}}], "power": 90, "pp": 10, "priority": 0, "stat_changes": [{"change": -1, "stat": {"name": "special-defense", "url": "https://pokeapi.co/api/v2/stat/5/"}}], "super_contest_effect": {"url": "https://pokeapi.co/api/v2/super-contest-effect/17/"}, "target": {"name": "selected-pokemon", "url": "https://pokeapi.co/api/v2/move-target/10/"}, "type": {"name": "grass", "url": "https://pokeapi.co/api/v2/type/12/"}}