{"accuracy": 100, "contest_combos": null, "contest_effect": null, "contest_type": {"name": "beauty", "url": "https://pokeapi.co/api/v2/contest-type/2/"}, "damage_class": {"name": "physical", "url": "https://pokeapi.co/api/v2/move-damage-class/2/"}, "effect_chance": null, "effect_changes": [{"effect_entries": [{"effect": "If the target is not under the effect of detect or protect, this move will fail.", "language": {"name": "en", "url": "https://pokeapi.co/api/v2/language/9/"}}], "version_group": {"name": "black-white", "url": "https://pokeapi.co/api/v2/version-group/11/"}}], "effect_entries": [{"effect": "Inflicts regular damage.  Removes the effects of detect or protect from the target before hitting.\n\nThis move cannot be copied by mirror move, nor selected by assist or metronome.", "language": {"name": "en", "url": "https://pokeapi.co/api/v2/language/9/"}, "short_effect": "Hits through Protect and Detect."}], "flavor_text_entries": [{"flavor_text": "An attack that hits a\nfoe using Protect or\nDetect. It also lifts\nthe effects of those\nmoves.", "language": {"name": "en", "url": "https://pokeapi.co/api/v2/language/9/"}, "version_group": {"name": "diamond-pearl", "url": "https://pokeapi.co/api/v2/version-group/8/"}}, {"flavor_text": "An attack that hits a\nfoe using Protect or\nDetect. It also lifts\nthe effects of those\nmoves.", "language": {"name": "en", "url": "https://pokeapi.co/api/v2/language/9/"}, "version_group": {"name": "platinum", "url": "https://pokeapi.co/api/v2/version-group/9/"}}, {"flavor_text": "An attack that hits a\nfoe using Protect or\nDetect. It also lifts\nthe effects of those\nmoves.", "language": {"name": "en", "url": "https://pokeapi.co/api/v2/language/9/"}, "version_group": {"name": "heartgold-soulsilver", "url": "https://pokeapi.co/api/v2/version-group/10/"}}, {"flavor_text": "Une attaque capable de toucher un ennemi\nqui utilise D\u00e9tection ou Abri. Annule aussi\nleur effet.", "language": {"name": "fr", "url": "https://pokeapi.co/api/v2/language/5/"}, "version_group": {"name": "black-white", "url": "https://pokeapi.co/api/v2/version-group/11/"}}, {"flavor_text": "An attack that hits a target using\nProtect or Detect. It also lifts\nthe effects of those moves.", "language": {"name": "en", "url": "https://pokeapi.co/api/v2/language/9/"}, "version_group": {"name": "black-white", "url": "https://pokeapi.co/api/v2/version-group/11/"}}, {"flavor_text": "An attack that hits a target using\nProtect or Detect. It also lifts\nthe effects of those moves.", "language": {"name": "en", "url": "https://pokeapi.co/api/v2/language/9/"}, "version_group": {"name": "black-2-white-2", "url": "https://pokeapi.co/api/v2/version-group/14/"}}, {"flavor_text": "\u307e\u3082\u308b\u3084\u3000\u307f\u304d\u308a\u3092\u3000\u3057\u3066\u3044\u308b\n\u3042\u3044\u3066\u306b\u3000\u3053\u3046\u3052\u304d\u304c\u3000\u3067\u304d\u308b\u3002\n\u307e\u3082\u308a\u306e\u3000\u3053\u3046\u304b\u3092\u3000\u304b\u3044\u3058\u3087\u3000\u3055\u305b\u308b\u3002", "language": {"name": "ja-Hrkt", "url": "https://pokeapi.co/api/v2/language/1/"}, "version_group": {"name": "x-y", "url": "https://pokeapi.co/api/v2/version-group/15/"}}, {"flavor_text": "\ubc29\uc5b4\ub098 \ud310\ubcc4\uc744 \ud558\uace0 \uc788\ub294\n\uc0c1\ub300\uc5d0\uac8c \uacf5\uaca9\ud560 \uc218 \uc788\ub2e4.\n\ubc29\uc5b4 \ud6a8\uacfc\ub97c \ud574\uc81c\uc2dc\ud0a8\ub2e4.", "language": {"name": "ko", "url": "https://pokeapi.co/api/v2/language/3/"}, "version_group": {"name": "x-y", "url": "https://pokeapi.co/api/v2/version-group/15/"}}, {"flavor_text": "Une attaque capable de toucher un ennemi qui\nutilise D\u00e9tection ou Abri. Annule aussi leur effet.", "language": {"name": "fr", "url": "https://pokeapi.co/api/v2/language/5/"}, "version_group": {"name": "x-y", "url": "https://pokeapi.co/api/v2/version-group/15/"}}, {"flavor_text": "Ziele, die Schutzschild oder Scanner verwenden,\nwerden getroffen. Entfernt Effekte dieser Attacken.", "language": {"name": "de", "url": "https://pokeapi.co/api/v2/language/6/"}, "version_group": {"name": "x-y", "url": "https://pokeapi.co/api/v2/version-group/15/"}}, {"flavor_text": "Permite golpear a objetivos que usan Protecci\u00f3n o\nDetecci\u00f3n y anula dichos movimientos.", "language": {"name": "es", "url": "https://pokeapi.co/api/v2/language/7/"}, "version_group": {"name": "x-y", "url": "https://pokeapi.co/api/v2/version-group/15/"}}, {"flavor_text": "Mossa che colpisce anche un bersaglio che ha\nusato Protezione o Individua, annullandone\ngli effetti.", "language": {"name": "it", "url": "https://pokeapi.co/api/v2/language/8/"}, "version_group": {"name": "x-y", "url": "https://pokeapi.co/api/v2/version-group/15/"}}, {"flavor_text": "An attack that hits a target using\nProtect or Detect. This also lifts\nthe effects of those moves.", "language": {"name": "en", "url": "https://pokeapi.co/api/v2/language/9/"}, "version_group": {"name": "x-y", "url": "https://pokeapi.co/api/v2/version-group/15/"}}, {"flavor_text": "\u307e\u3082\u308b\u3084\u3000\u307f\u304d\u308a\u3092\u3000\u3057\u3066\u3044\u308b\n\u76f8\u624b\u306b\u3000\u653b\u6483\u304c\u3000\u3067\u304d\u308b\u3002\n\u5b88\u308a\u306e\u3000\u52b9\u679c\u3092\u3000\u89e3\u9664\u3055\u305b\u308b\u3002", "language": {"name": "ja", "url": "https://pokeapi.co/api/v2/language/11/"}, "version_group": {"name": "x-y", "url": "https://pokeapi.co/api/v2/version-group/15/"}}, {"flavor_text": "\u307e\u3082\u308b\u3084\u3000\u202f\u304d\u308a\u3092\u3000\u3057\u3066\u3044\u308b\n\u3042\u3044\u3066\u306b\u3000\u3053\u3046\u3052\u304d\u304c\u3000\u3067\u304d\u308b\u3002\n\u307e\u3082\u308a\u306e\u3000\u3053\u3046\u304b\u3092\u3000\u304b\u3044\u3058\u3087\u3000\u3055\u305b\u308b\u3002", "language": {"name": "ja-Hrkt", "url": "https://pokeapi.co/api/v2/language/1/"}, "version_group": {"name": "omega-ruby-alpha-sapphire", "url": "https://pokeapi.co/api/v2/version-group/16/"}}, {"flavor_text": "\ubc29\uc5b4\ub098 \ud310\ubcc4\uc744 \ud558\uace0 \uc788\ub294\n\uc0c1\ub300\uc5d0\uac8c \uacf5\uaca9\ud560 \uc218 \uc788\ub2e4.\n\ubc29\uc5b4 \ud6a8\uacfc\ub97c \ud574\uc81c\uc2dc\ud0a8\ub2e4.", "language": {"name": "ko", "url": "https://pokeapi.co/api/v2/language/3/"}, "version_group": {"name": "omega-ruby-alpha-sapphire", "url": "https://pokeapi.co/api/v2/version-group/16/"}}, {"flavor_text": "Une attaque capable de toucher un ennemi qui\nutilise D\u00e9tection ou Abri. Annule aussi leur effet.", "language": {"name": "fr", "url": "https://pokeapi.co/api/v2/language/5/"}, "version_group": {"name": "omega-ruby-alpha-sapphire", "url": "https://pokeapi.co/api/v2/version-group/16/"}}, {"flavor_text": "Ziele, die Schutzschild oder Scanner verwenden,\nwerden getroffen. Entfernt Effekte dieser Attacken.", "language": {"name": "de", "url": "https://pokeapi.co/api/v2/language/6/"}, "version_group": {"name": "omega-ruby-alpha-sapphire", "url": "https://pokeapi.co/api/v2/version-group/16/"}}, {"flavor_text": "Permite golpear a objetivos que usan Protecci\u00f3n o \nDetecci\u00f3n y anula dichos movimientos.", "language": {"name": "es", "url": "https://pokeapi.co/api/v2/language/7/"}, "version_group": {"name": "omega-ruby-alpha-sapphire", "url": "https://pokeapi.co/api/v2/version-group/16/"}}, {"flavor_text": "Mossa che colpisce anche un bersaglio che ha\nusato Protezione o Individua, annullandone\ngli effetti.", "language": {"name": "it", "url": "https://pokeapi.co/api/v2/language/8/"}, "version_group": {"name": "omega-ruby-alpha-sapphire", "url": "https://pokeapi.co/api/v2/version-group/16/"}}, {"flavor_text": "An attack that hits a target using\nProtect or Detect. This also lifts\nthe effects of those moves.", "language": {"name": "en", "url": "https://pokeapi.co/api/v2/language/9/"}, "version_group": {"name": "omega-ruby-alpha-sapphire", "url": "https://pokeapi.co/api/v2/version-group/16/"}}, {"flavor_text": "\u307e\u3082\u308b\u3084\u3000\u202f\u304d\u308a\u3092\u3000\u3057\u3066\u3044\u308b\n\u76f8\u624b\u306b\u3000\u653b\u6483\u304c\u3000\u3067\u304d\u308b\u3002\n\u5b88\u308a\u306e\u3000\u52b9\u679c\u3092\u3000\u89e3\u9664\u3055\u305b\u308b\u3002", "language": {"name": "ja", "url": "https://pokeapi.co/api/v2/language/11/"}, "version_group": {"name": "omega-ruby-alpha-sapphire", "url": "https://pokeapi.co/api/v2/version-group/16/"}}, {"flavor_text": "\u307e\u3082\u308b\u3084\u3000\u307f\u304d\u308a\u3000\u306a\u3069\u3092\u3000\u3057\u3066\u3044\u308b\n\u3042\u3044\u3066\u306b\u3000\u3053\u3046\u3052\u304d\u304c\u3000\u3067\u304d\u308b\u3002\n\u307e\u3082\u308a\u306e\u3000\u3053\u3046\u304b\u3092\u3000\u304b\u3044\u3058\u3087\u3000\u3055\u305b\u308b\u3002", "language": {"name": "ja-Hrkt", "url": "https://pokeapi.co/api/v2/language/1/"}, "version_group": {"name": "sun-moon", "url": "https://pokeapi.co/api/v2/version-group/17/"}}, {"flavor_text": "\ubc29\uc5b4\ub098 \ud310\ubcc4 \ub4f1\uc744 \ud558\uace0 \uc788\ub294\n\uc0c1\ub300\uc5d0\uac8c \uacf5\uaca9\ud560 \uc218 \uc788\ub2e4.\n\ubc29\uc5b4 \ud6a8\uacfc\ub97c \ud574\uc81c\uc2dc\ud0a8\ub2e4.", "language": {"name": "ko", "url": "https://pokeapi.co/api/v2/language/3/"}, "version_group": {"name": "sun-moon", "url": "https://pokeapi.co/api/v2/version-group/17/"}}, {"flavor_text": "\u80fd\u5920\u653b\u64ca\u4f7f\u7528\u4e86\n\u5b88\u4f4f\u6216\u770b\u7a7f\u7684\u5c0d\u624b\u3002\n\u4e26\u89e3\u9664\u5c0d\u624b\u7684\u9632\u5b88\u6548\u679c\u3002", "language": {"name": "zh-Hant", "url": "https://pokeapi.co/api/v2/language/4/"}, "version_group": {"name": "sun-moon", "url": "https://pokeapi.co/api/v2/version-group/17/"}}, {"flavor_text": "Une attaque capable de toucher un ennemi qui\nutilise une capacit\u00e9 comme D\u00e9tection ou Abri.\nAnnule l\u2019effet de ces capacit\u00e9s.", "language": {"name": "fr", "url": "https://pokeapi.co/api/v2/language/5/"}, "version_group": {"name": "sun-moon", "url": "https://pokeapi.co/api/v2/version-group/17/"}}, {"flavor_text": "Ziele, die Attacken wie Schutzschild oder Scanner\neingesetzt haben, werden getroffen. Entfernt Effekte\ndieser Attacken.", "language": {"name": "de", "url": "https://pokeapi.co/api/v2/language/6/"}, "version_group": {"name": "sun-moon", "url": "https://pokeapi.co/api/v2/version-group/17/"}}, {"flavor_text": "Permite golpear a objetivos que han utilizado\nmovimientos como Protecci\u00f3n o Detecci\u00f3n y anula\nsus efectos.", "language": {"name": "es", "url": "https://pokeapi.co/api/v2/language/7/"}, "version_group": {"name": "sun-moon", "url": "https://pokeapi.co/api/v2/version-group/17/"}}, {"flavor_text": "Colpisce anche un bersaglio che ha usato mosse\ncome Protezione e Individua, annullandone gli effetti.", "language": {"name": "it", "url": "https://pokeapi.co/api/v2/language/8/"}, "version_group": {"name": "sun-moon", "url": "https://pokeapi.co/api/v2/version-group/17/"}}, {"flavor_text": "This attack hits a target using a move such as\nProtect or Detect.\nThis also lifts the effects of those moves.", "language": {"name": "en", "url": "https://pokeapi.co/api/v2/language/9/"}, "version_group": {"name": "sun-moon", "url": "https://pokeapi.co/api/v2/version-group/17/"}}, {"flavor_text": "\u307e\u3082\u308b\u3084\u3000\u307f\u304d\u308a\u3000\u306a\u3069\u3092\u3000\u3057\u3066\u3044\u308b\n\u76f8\u624b\u306b\u3000\u653b\u6483\u304c\u3000\u3067\u304d\u308b\u3002\n\u5b88\u308a\u306e\u3000\u52b9\u679c\u3092\u3000\u89e3\u9664\u3055\u305b\u308b\u3002", "language": {"name": "ja", "url": "https://pokeapi.co/api/v2/language/11/"}, "version_group": {"name": "sun-moon", "url": "https://pokeapi.co/api/v2/version-group/17/"}}, {"flavor_text": "\u80fd\u591f\u653b\u51fb\u6b63\u5728\u4f7f\u7528\n\u5b88\u4f4f\u6216\u770b\u7a7f\u7b49\u62db\u5f0f\u7684\u5bf9\u624b\u3002\n\u89e3\u9664\u5176\u5b88\u62a4\u6548\u679c\u3002", "language": {"name": "zh-Hans", "url": "https://pokeapi.co/api/v2/language/12/"}, "version_group": {"name": "sun-moon", "url": "https://pokeapi.co/api/v2/version-group/17/"}}, {"flavor_text": "\u307e\u3082\u308b\u3084\u3000\u307f\u304d\u308a\u3000\u306a\u3069\u3092\u3000\u3057\u3066\u3044\u308b\n\u3042\u3044\u3066\u306b\u3000\u3053\u3046\u3052\u304d\u304c\u3000\u3067\u304d\u308b\u3002\n\u307e\u3082\u308a\u306e\u3000\u3053\u3046\u304b\u3092\u3000\u304b\u3044\u3058\u3087\u3000\u3055\u305b\u308b\u3002", "language": {"name": "ja-Hrkt", "url": "https://pokeapi.co/api/v2/language/1/"}, "version_group": {"name": "ultra-sun-ultra-moon", "url": "https://pokeapi.co/api/v2/version-group/18/"}}, {"flavor_text": "\ubc29\uc5b4\ub098 \ud310\ubcc4 \ub4f1\uc744 \ud558\uace0 \uc788\ub294\n\uc0c1\ub300\uc5d0\uac8c \uacf5\uaca9\ud560 \uc218 \uc788\ub2e4.\n\ubc29\uc5b4 \ud6a8\uacfc\ub97c \ud574\uc81c\uc2dc\ud0a8\ub2e4.", "language": {"name": "ko", "url": "https://pokeapi.co/api/v2/language/3/"}, "version_group": {"name": "ultra-sun-ultra-moon", "url": "https://pokeapi.co/api/v2/version-group/18/"}}, {"flavor_text": "\u80fd\u5920\u653b\u64ca\u4f7f\u7528\u4e86\n\u5b88\u4f4f\u6216\u770b\u7a7f\u7684\u5c0d\u624b\u3002\n\u4e26\u89e3\u9664\u5c0d\u624b\u7684\u9632\u5b88\u6548\u679c\u3002", "language": {"name": "zh-Hant", "url": "https://pokeapi.co/api/v2/language/4/"}, "version_group": {"name": "ultra-sun-ultra-moon", "url": "https://pokeapi.co/api/v2/version-group/18/"}}, {"flavor_text": "Une attaque capable de toucher un ennemi qui\nutilise une capacit\u00e9 comme D\u00e9tection ou Abri.\nAnnule l\u2019effet de ces capacit\u00e9s.", "language": {"name": "fr", "url": "https://pokeapi.co/api/v2/language/5/"}, "version_group": {"name": "ultra-sun-ultra-moon", "url": "https://pokeapi.co/api/v2/version-group/18/"}}, {"flavor_text": "Ziele, die Attacken wie Schutzschild oder Scanner\neingesetzt haben, werden getroffen. Entfernt Effekte\ndieser Attacken.", "language": {"name": "de", "url": "https://pokeapi.co/api/v2/language/6/"}, "version_group": {"name": "ultra-sun-ultra-moon", "url": "https://pokeapi.co/api/v2/version-group/18/"}}, {"flavor_text": "Permite golpear a objetivos que han utilizado\nmovimientos como Protecci\u00f3n o Detecci\u00f3n y anula\nsus efectos.", "language": {"name": "es", "url": "https://pokeapi.co/api/v2/language/7/"}, "version_group": {"name": "ultra-sun-ultra-moon", "url": "https://pokeapi.co/api/v2/version-group/18/"}}, {"flavor_text": "Colpisce anche un bersaglio che ha usato mosse\ncome Protezione e Individua, annullandone gli effetti.", "language": {"name": "it", "url": "https://pokeapi.co/api/v2/language/8/"}, "version_group": {"name": "ultra-sun-ultra-moon", "url": "https://pokeapi.co/api/v2/version-group/18/"}}, {"flavor_text": "This attack hits a target using a move such as\nProtect or Detect.\nThis also lifts the effects of those moves.", "language": {"name": "en", "url": "https://pokeapi.co/api/v2/language/9/"}, "version_group": {"name": "ultra-sun-ultra-moon", "url": "https://pokeapi.co/api/v2/version-group/18/"}}, {"flavor_text": "\u307e\u3082\u308b\u3084\u3000\u307f\u304d\u308a\u3000\u306a\u3069\u3092\u3000\u3057\u3066\u3044\u308b\n\u76f8\u624b\u306b\u3000\u653b\u6483\u304c\u3000\u3067\u304d\u308b\u3002\n\u5b88\u308a\u306e\u3000\u52b9\u679c\u3092\u3000\u89e3\u9664\u3055\u305b\u308b\u3002", "language": {"name": "ja", "url": "https://pokeapi.co/api/v2/language/11/"}, "version_group": {"name": "ultra-sun-ultra-moon", "url": "https://pokeapi.co/api/v2/version-group/18/"}}, {"flavor_text": "\u80fd\u591f\u653b\u51fb\u6b63\u5728\u4f7f\u7528\n\u5b88\u4f4f\u6216\u770b\u7a7f\u7b49\u62db\u5f0f\u7684\u5bf9\u624b\u3002\n\u89e3\u9664\u5176\u5b88\u62a4\u6548\u679c\u3002", "language": {"name": "zh-Hans", "url": "https://pokeapi.co/api/v2/language/12/"}, "version_group": {"name": "ultra-sun-ultra-moon", "url": "https://pokeapi.co/api/v2/version-group/18/"}}, {"flavor_text": "\u307e\u3082\u308b\u3092\u3000\u3064\u304b\u3063\u3066\u3044\u308b\n\u3042\u3044\u3066\u306b\u3000\u3053\u3046\u3052\u304d\u304c\u3000\u3067\u304d\u308b\u3002\n\u307e\u3082\u308a\u306e\u3000\u3053\u3046\u304b\u3092\u3000\u304b\u3044\u3058\u3087\u3000\u3055\u305b\u308b\u3002", "language": {"name": "ja-Hrkt", "url": "https://pokeapi.co/api/v2/language/1/"}, "version_group": {"name": "lets-go-pikachu-lets-go-eevee", "url": "https://pokeapi.co/api/v2/version-group/19/"}}, {"flavor_text": "\ubc29\uc5b4\ub97c \uc0ac\uc6a9\ud558\uace0 \uc788\ub294\n\uc0c1\ub300\uc5d0\uac8c \uacf5\uaca9\ud560 \uc218 \uc788\ub2e4.\n\ubc29\uc5b4 \ud6a8\uacfc\ub97c \ud574\uc81c\uc2dc\ud0a8\ub2e4.", "language": {"name": "ko", "url": "https://pokeapi.co/api/v2/language/3/"}, "version_group": {"name": "lets-go-pikachu-lets-go-eevee", "url": "https://pokeapi.co/api/v2/version-group/19/"}}, {"flavor_text": "\u80fd\u5920\u653b\u64ca\u4f7f\u7528\u4e86\u5b88\u4f4f\u7684\u5c0d\u624b\u3002\n\u4e26\u89e3\u9664\u5c0d\u624b\u7684\u9632\u5b88\u6548\u679c\u3002", "language": {"name": "zh-Hant", "url": "https://pokeapi.co/api/v2/language/4/"}, "version_group": {"name": "lets-go-pikachu-lets-go-eevee", "url": "https://pokeapi.co/api/v2/version-group/19/"}}, {"flavor_text": "Une attaque capable de toucher un ennemi qui utilise\nAbri. Annule l\u2019effet de cette capacit\u00e9.", "language": {"name": "fr", "url": "https://pokeapi.co/api/v2/language/5/"}, "version_group": {"name": "lets-go-pikachu-lets-go-eevee", "url": "https://pokeapi.co/api/v2/version-group/19/"}}, {"flavor_text": "Ziele, die Schutzschild eingesetzt haben, werden\ngetroffen. Entfernt den Effekt von Schutzschild.", "language": {"name": "de", "url": "https://pokeapi.co/api/v2/language/6/"}, "version_group": {"name": "lets-go-pikachu-lets-go-eevee", "url": "https://pokeapi.co/api/v2/version-group/19/"}}, {"flavor_text": "Permite golpear a objetivos que han utilizado \nel movimiento Protecci\u00f3n y anula sus efectos.", "language": {"name": "es", "url": "https://pokeapi.co/api/v2/language/7/"}, "version_group": {"name": "lets-go-pikachu-lets-go-eevee", "url": "https://pokeapi.co/api/v2/version-group/19/"}}, {"flavor_text": "Colpisce anche un bersaglio che ha usato Protezione,\nannullandone gli effetti.", "language": {"name": "it", "url": "https://pokeapi.co/api/v2/language/8/"}, "version_group": {"name": "lets-go-pikachu-lets-go-eevee", "url": "https://pokeapi.co/api/v2/version-group/19/"}}, {"flavor_text": "This attack hits a target using Protect.\nThis also lifts the effects of the move.", "language": {"name": "en", "url": "https://pokeapi.co/api/v2/language/9/"}, "version_group": {"name": "lets-go-pikachu-lets-go-eevee", "url": "https://pokeapi.co/api/v2/version-group/19/"}}, {"flavor_text": "\u307e\u3082\u308b\u3092\u3000\u3064\u304b\u3063\u3066\u3044\u308b\n\u76f8\u624b\u306b\u3000\u653b\u6483\u304c\u3000\u3067\u304d\u308b\u3002\n\u5b88\u308a\u306e\u3000\u52b9\u679c\u3092\u3000\u89e3\u9664\u3055\u305b\u308b\u3002", "language": {"name": "ja", "url": "https://pokeapi.co/api/v2/language/11/"}, "version_group": {"name": "lets-go-pikachu-lets-go-eevee", "url": "https://pokeapi.co/api/v2/version-group/19/"}}, {"flavor_text": "\u80fd\u591f\u653b\u51fb\u6b63\u5728\u4f7f\u7528\n\u5b88\u4f4f\u62db\u5f0f\u7684\u5bf9\u624b\uff0c\n\u5e76\u89e3\u9664\u5176\u5b88\u62a4\u6548\u679c\u3002", "language": {"name": "zh-Hans", "url": "https://pokeapi.co/api/v2/language/12/"}, "version_group": {"name": "lets-go-pikachu-lets-go-eevee", "url": "https://pokeapi.co/api/v2/version-group/19/"}}, {"flavor_text": "\u307e\u3082\u308b\u3084\u3000\u307f\u304d\u308a\u3000\u306a\u3069\u3092\u3000\u3057\u3066\u3044\u308b\n\u3042\u3044\u3066\u306b\u3000\u3053\u3046\u3052\u304d\u304c\u3000\u3067\u304d\u308b\u3002\n\u307e\u3082\u308a\u306e\u3000\u3053\u3046\u304b\u3092\u3000\u304b\u3044\u3058\u3087\u3000\u3055\u305b\u308b\u3002", "language": {"name": "ja-Hrkt", "url": "https://pokeapi.co/api/v2/language/1/"}, "version_group": {"name": "sword-shield", "url": "https://pokeapi.co/api/v2/version-group/20/"}}, {"flavor_text": "\ubc29\uc5b4\ub098 \ud310\ubcc4 \ub4f1\uc744 \ud558\uace0 \uc788\ub294\n\uc0c1\ub300\uc5d0\uac8c \uacf5\uaca9\ud560 \uc218 \uc788\ub2e4.\n\ubc29\uc5b4 \ud6a8\uacfc\ub97c \ud574\uc81c\uc2dc\ud0a8\ub2e4.", "language": {"name": "ko", "url": "https://pokeapi.co/api/v2/language/3/"}, "version_group": {"name": "sword-shield", "url": "https://pokeapi.co/api/v2/version-group/20/"}}, {"flavor_text": "\u80fd\u5920\u653b\u64ca\u4f7f\u7528\u4e86\n\u5b88\u4f4f\u6216\u770b\u7a7f\u7684\u5c0d\u624b\u3002\n\u4e26\u89e3\u9664\u5c0d\u624b\u7684\u9632\u5b88\u6548\u679c\u3002", "language": {"name": "zh-Hant", "url": "https://pokeapi.co/api/v2/language/4/"}, "version_group": {"name": "sword-shield", "url": "https://pokeapi.co/api/v2/version-group/20/"}}, {"flavor_text": "Une attaque capable de toucher un ennemi qui utilise\nune capacit\u00e9 comme D\u00e9tection ou Abri.\nAnnule l\u2019effet de ces capacit\u00e9s.", "language": {"name": "fr", "url": "https://pokeapi.co/api/v2/language/5/"}, "version_group": {"name": "sword-shield", "url": "https://pokeapi.co/api/v2/version-group/20/"}}, {"flavor_text": "Ziele, die Attacken wie Schutzschild oder Scanner\neingesetzt haben, werden getroffen. Entfernt Effekte\ndieser Attacken.", "language": {"name": "de", "url": "https://pokeapi.co/api/v2/language/6/"}, "version_group": {"name": "sword-shield", "url": "https://pokeapi.co/api/v2/version-group/20/"}}, {"flavor_text": "Permite golpear a objetivos que han utilizado\nmovimientos como Protecci\u00f3n o Detecci\u00f3n y anula\nsus efectos.", "language": {"name": "es", "url": "https://pokeapi.co/api/v2/language/7/"}, "version_group": {"name": "sword-shield", "url": "https://pokeapi.co/api/v2/version-group/20/"}}, {"flavor_text": "Colpisce anche un bersaglio che ha usato mosse\ncome Protezione e Individua, annullandone gli effetti.", "language": {"name": "it", "url": "https://pokeapi.co/api/v2/language/8/"}, "version_group": {"name": "sword-shield", "url": "https://pokeapi.co/api/v2/version-group/20/"}}, {"flavor_text": "This attack hits a target using a move such as\nProtect or Detect.\nThis also lifts the effects of those moves.", "language": {"name": "en", "url": "https://pokeapi.co/api/v2/language/9/"}, "version_group": {"name": "sword-shield", "url": "https://pokeapi.co/api/v2/version-group/20/"}}, {"flavor_text": "\u307e\u3082\u308b\u3084\u3000\u307f\u304d\u308a\u3000\u306a\u3069\u3092\u3000\u3057\u3066\u3044\u308b\n\u76f8\u624b\u306b\u3000\u653b\u6483\u304c\u3000\u3067\u304d\u308b\u3002\n\u5b88\u308a\u306e\u3000\u52b9\u679c\u3092\u3000\u89e3\u9664\u3055\u305b\u308b\u3002", "language": {"name": "ja", "url": "https://pokeapi.co/api/v2/language/11/"}, "version_group": {"name": "sword-shield", "url": "https://pokeapi.co/api/v2/version-group/20/"}}, {"flavor_text": "\u80fd\u591f\u653b\u51fb\u6b63\u5728\u4f7f\u7528\n\u5b88\u4f4f\u6216\u770b\u7a7f\u7b49\u62db\u5f0f\u7684\u5bf9\u624b\u3002\n\u89e3\u9664\u5176\u5b88\u62a4\u6548\u679c\u3002", "language": {"name": "zh-Hans", "url": "https://pokeapi.co/api/v2/language/12/"}, "version_group": {"name": "sword-shield", "url": "https://pokeapi.co/api/v2/version-group/20/"}}], "generation": {"name": "generation-iv", "url": "https://pokeapi.co/api/v2/generation/4/"}, "id": 364, "learned_by_pokemon": [{"name": "pikachu", "url": "https://pokeapi.co/api/v2/pokemon/25/"}, {"name": "raichu", "url": "https://pokeapi.co/api/v2/pokemon/26/"}, {"name": "meowth", "url": "https://pokeapi.co/api/v2/pokemon/52/"}, {"name": "persian", "url": "https://pokeapi.co/api/v2/pokemon/53/"}, {"name": "farfetchd", "url": "https://pokeapi.co/api/v2/pokemon/83/"}, {"name": "hitmonlee", "url": "https://pokeapi.co/api/v2/pokemon/106/"}, {"name": "hitmonchan", "url": "https://pokeapi.co/api/v2/pokemon/107/"}, {"name": "scyther", "url": "https://pokeapi.co/api/v2/pokemon/123/"}, {"name": "electabuzz", "url": "https://pokeapi.co/api/v2/pokemon/125/"}, {"name": "pinsir", "url": "https://pokeapi.co/api/v2/pokemon/127/"}, {"name": "kabutops", "url": "https://pokeapi.co/api/v2/pokemon/141/"}, {"name": "yanma", "url": "https://pokeapi.co/api/v2/pokemon/193/"}, {"name": "gligar", "url": "https://pokeapi.co/api/v2/pokemon/207/"}, {"name": "scizor", "url": "https://pokeapi.co/api/v2/pokemon/212/"}, {"name": "heracross", "url": "https://pokeapi.co/api/v2/pokemon/214/"}, {"name": "sneasel", "url": "https://pokeapi.co/api/v2/pokemon/215/"}, {"name": "skarmory", "url": "https://pokeapi.co/api/v2/pokemon/227/"}, {"name": "houndour", "url": "https://pokeapi.co/api/v2/pokemon/228/"}, {"name": "tyrogue", "url": "https://pokeapi.co/api/v2/pokemon/236/"}, {"name": "hitmontop", "url": "https://pokeapi.co/api/v2/pokemon/237/"}, {"name": "elekid", "url": "https://pokeapi.co/api/v2/pokemon/239/"}, {"name": "torchic", "url": "https://pokeapi.co/api/v2/pokemon/255/"}, {"name": "combusken", "url": "https://pokeapi.co/api/v2/pokemon/256/"}, {"name": "blaziken", "url": "https://pokeapi.co/api/v2/pokemon/257/"}, {"name": "breloom", "url": "https://pokeapi.co/api/v2/pokemon/286/"}, {"name": "makuhita", "url": "https://pokeapi.co/api/v2/pokemon/296/"}, {"name": "sableye", "url": "https://pokeapi.co/api/v2/pokemon/302/"}, {"name": "meditite", "url": "https://pokeapi.co/api/v2/pokemon/307/"}, {"name": "medicham", "url": "https://pokeapi.co/api/v2/pokemon/308/"}, {"name": "sharpedo", "url": "https://pokeapi.co/api/v2/pokemon/319/"}, {"name": "trapinch", "url": "https://pokeapi.co/api/v2/pokemon/328/"}, {"name": "vibrava", "url": "https://pokeapi.co/api/v2/pokemon/329/"}, {"name": "flygon", "url": "https://pokeapi.co/api/v2/pokemon/330/"}, {"name": "zangoose", "url": "https://pokeapi.co/api/v2/pokemon/335/"}, {"name": "seviper", "url": "https://pokeapi.co/api/v2/pokemon/336/"}, {"name": "kecleon", "url": "https://pokeapi.co/api/v2/pokemon/352/"}, {"name": "absol", "url": "https://pokeapi.co/api/v2/pokemon/359/"}, {"name": "monferno", "url": "https://pokeapi.co/api/v2/pokemon/391/"}, {"name": "infernape", "url": "https://pokeapi.co/api/v2/pokemon/392/"}, {"name": "stunky", "url": "https://pokeapi.co/api/v2/pokemon/434/"}, {"name": "skuntank", "url": "https://pokeapi.co/api/v2/pokemon/435/"}, {"name": "riolu", "url": "https://pokeapi.co/api/v2/pokemon/447/"}, {"name": "lucario", "url": "https://pokeapi.co/api/v2/pokemon/448/"}, {"name": "croagunk", "url": "https://pokeapi.co/api/v2/pokemon/453/"}, {"name": "electivire", "url": "https://pokeapi.co/api/v2/pokemon/466/"}, {"name": "yanmega", "url": "https://pokeapi.co/api/v2/pokemon/469/"}, {"name": "gliscor", "url": "https://pokeapi.co/api/v2/pokemon/472/"}, {"name": "gallade", "url": "https://pokeapi.co/api/v2/pokemon/475/"}, {"name": "blitzle", "url": "https://pokeapi.co/api/v2/pokemon/522/"}, {"name": "zebstrika", "url": "https://pokeapi.co/api/v2/pokemon/523/"}, {"name": "shelmet", "url": "https://pokeapi.co/api/v2/pokemon/616/"}, {"name": "mienfoo", "url": "https://pokeapi.co/api/v2/pokemon/619/"}, {"name": "mienshao", "url": "https://pokeapi.co/api/v2/pokemon/620/"}, {"name": "chesnaught", "url": "https://pokeapi.co/api/v2/pokemon/652/"}, {"name": "fletchinder", "url": "https://pokeapi.co/api/v2/pokemon/662/"}, {"name": "talonflame", "url": "https://pokeapi.co/api/v2/pokemon/663/"}, {"name": "hawlucha", "url": "https://pokeapi.co/api/v2/pokemon/701/"}, {"name": "goodra", "url": "https://pokeapi.co/api/v2/pokemon/706/"}, {"name": "bounsweet", "url": "https://pokeapi.co/api/v2/pokemon/761/"}, {"name": "passimian", "url": "https://pokeapi.co/api/v2/pokemon/766/"}, {"name": "pheromosa", "url": "https://pokeapi.co/api/v2/pokemon/795/"}, {"name": "marshadow", "url": "https://pokeapi.co/api/v2/pokemon/802/"}, {"name": "cinderace", "url": "https://pokeapi.co/api/v2/pokemon/815/"}, {"name": "clobbopus", "url": "https://pokeapi.co/api/v2/pokemon/852/"}, {"name": "grapploct", "url": "https://pokeapi.co/api/v2/pokemon/853/"}, {"name": "tarountula", "url": "https://pokeapi.co/api/v2/pokemon/917/"}, {"name": "spidops", "url": "https://pokeapi.co/api/v2/pokemon/918/"}, {"name": "nymble", "url": "https://pokeapi.co/api/v2/pokemon/919/"}, {"name": "lokix", "url": "https://pokeapi.co/api/v2/pokemon/920/"}, {"name": "tandemaus", "url": "https://pokeapi.co/api/v2/pokemon/924/"}, {"name": "tinkatink", "url": "https://pokeapi.co/api/v2/pokemon/957/"}, {"name": "flamigo", "url": "https://pokeapi.co/api/v2/pokemon/973/"}, {"name": "iron-valiant", "url": "https://pokeapi.co/api/v2/pokemon/1006/"}, {"name": "pinsir-mega", "url": "https://pokeapi.co/api/v2/pokemon/10040/"}, {"name": "scizor-mega", "url": "https://pokeapi.co/api/v2/pokemon/10046/"}, {"name": "heracross-mega", "url": "https://pokeapi.co/api/v2/pokemon/10047/"}, {"name": "medicham-mega", "url": "https://pokeapi.co/api/v2/pokemon/10054/"}, {"name": "absol-mega", "url": "https://pokeapi.co/api/v2/pokemon/10057/"}, {"name": "lucario-mega", "url": "https://pokeapi.co/api/v2/pokemon/10059/"}, {"name": "sableye-mega", "url": "https://pokeapi.co/api/v2/pokemon/10066/"}, {"name": "gallade-mega", "url": "https://pokeapi.co/api/v2/pokemon/10068/"}, {"name": "sharpedo-mega", "url": "https://pokeapi.co/api/v2/pokemon/10070/"}, {"name": "pikachu-rock-star", "url": "https://pokeapi.co/api/v2/pokemon/10080/"}, {"name": "pikachu-belle", "url": "https://pokeapi.co/api/v2/pokemon/10081/"}, {"name": "pikachu-pop-star", "url": "https://pokeapi.co/api/v2/pokemon/10082/"}, {"name": "pikachu-phd", "url": "https://pokeapi.co/api/v2/pokemon/10083/"}, {"name": "pikachu-libre", "url": "https://pokeapi.co/api/v2/pokemon/10084/"}, {"name": "pikachu-cosplay", "url": "https://pokeapi.co/api/v2/pokemon/10085/"}, {"name": "pikachu-original-cap", "url": "https://pokeapi.co/api/v2/pokemon/10094/"}, {"name": "pikachu-hoenn-cap", "url": "https://pokeapi.co/api/v2/pokemon/10095/"}, {"name": "pikachu-sinnoh-cap", "url": "https://pokeapi.co/api/v2/pokemon/10096/"}, {"name": "pikachu-unova-cap", "url": "https://pokeapi.co/api/v2/pokemon/10097/"}, {"name": "pikachu-kalos-cap", "url": "https://pokeapi.co/api/v2/pokemon/10098/"}, {"name": "pikachu-alola-cap", "url": "https://pokeapi.co/api/v2/pokemon/10099/"}, {"name": "raichu-alola", "url": "https://pokeapi.co/api/v2/pokemon/10100/"}, {"name": "meowth-alola", "url": "https://pokeapi.co/api/v2/pokemon/10107/"}, {"name": "persian-alola", "url": "https://pokeapi.co/api/v2/pokemon/10108/"}, {"name": "pikachu-partner-cap", "url": "https://pokeapi.co/api/v2/pokemon/10148/"}, {"name": "pikachu-world-cap", "url": "https://pokeapi.co/api/v2/pokemon/10160/"}, {"name": "farfetchd-galar", "url": "https://pokeapi.co/api/v2/pokemon/10166/"}, {"name": "sneasel-hisui", "url": "https://pokeapi.co/api/v2/pokemon/10235/"}, {"name": "goodra-hisui", "url": "https://pokeapi.co/api/v2/pokemon/10242/"}], "machines": [], "meta": {"ailment": {"name": "none", "url": "https://pokeapi.co/api/v2/move-ailment/0/"}, "ailment_chance": 0, "category": {"name": "damage", "url": "https://pokeapi.co/api/v2/move-category/0/"}, "crit_rate": 0, "drain": 0, "flinch_chance": 0, "healing": 0, "max_hits": null, "max_turns": null, "min_hits": null, "min_turns": null, "stat_chance": 0}, "name": "feint", "names": [{"language": {"name": "ja-Hrkt", "url": "https://pokeapi.co/api/v2/language/1/"}, "name": "\u30d5\u30a7\u30a4\u30f3\u30c8"}, {"language": {"name": "ko", "url": "https://pokeapi.co/api/v2/language/3/"}, "name": "\ud398\uc778\ud2b8"}, {"language": {"name": "zh-Hant", "url": "https://pokeapi.co/api/v2/language/4/"}, "name": "\u4f6f\u653b"}, {"language": {"name": "fr", "url": "https://pokeapi.co/api/v2/language/5/"}, "name": "Ruse"}, {"language": {"name": "de", "url": "https://pokeapi.co/api/v2/language/6/"}, "name": "Offenlegung"}, {"language": {"name": "es", "url": "https://pokeapi.co/api/v2/language/7/"}, "name": "Amago"}, {"language": {"name": "it", "url": "https://pokeapi.co/api/v2/language/8/"}, "name": "Fintoattacco"}, {"language": {"name": "en", "url": "https://pokeapi.co/api/v2/language/9/"}, "name": "Feint"}, {"language": {"name": "ja", "url": "https://pokeapi.co/api/v2/language/11/"}, "name": "\u30d5\u30a7\u30a4\u30f3\u30c8"}, {"language": {"name": "zh-Hans", "url": "https://pokeapi.co/api/v2/language/12/"}, "name": "\u4f6f\u653b"}], "past_values": [{"accuracy": null, "effect_chance": null, "effect_entries": [], "power": 50, "pp": null, "type": null, "version_group": {"name": "black-white", "url": "https://pokeapi.co/api/v2/version-group/11/"}}], "power": 30, "pp": 10, "priority": 2, "stat_changes": [], "super_contest_effect": {"url": "https://pokeapi.co/api/v2/super-contest-effect/16/"}, "target": {"name": "selected-pokemon", "url": "https://pokeapi.co/api/v2/move-target/10/"}, "type": {"name": "normal", "url": "https://pokeapi.co/api/v2/type/1/"}}