{"accuracy": 100, "contest_combos": null, "contest_effect": null, "contest_type": null, "damage_class": {"name": "special", "url": "https://pokeapi.co/api/v2/move-damage-class/3/"}, "effect_chance": 20, "effect_changes": [], "effect_entries": [{"effect": "Inflicts regular damage.", "language": {"name": "en", "url": "https://pokeapi.co/api/v2/language/9/"}, "short_effect": "Inflicts regular damage with no additional effect."}], "flavor_text_entries": [{"flavor_text": "\u3044\u304b\u308a\u3092\u3000\u307b\u306e\u304a\u306e\u3000\u3088\u3046\u306a\n\u30aa\u30fc\u30e9\u306b\u3000\u304b\u3048\u3066\u3000\u3053\u3046\u3052\u304d\u3059\u308b\u3002\n\u3042\u3044\u3066\u3092\u3000\u3072\u308b\u307e\u305b\u308b\u3000\u3053\u3068\u304c\u3000\u3042\u308b\u3002", "language": {"name": "ja-Hrkt", "url": "https://pokeapi.co/api/v2/language/1/"}, "version_group": {"name": "sword-shield", "url": "https://pokeapi.co/api/v2/version-group/20/"}}, {"flavor_text": "\ubd84\ub178\ub97c \ubd88\uaf43 \uac19\uc740\n\uc624\ub77c\ub85c \ubc14\uafd4\uc11c \uacf5\uaca9\ud55c\ub2e4.\n\uc0c1\ub300\ub97c \ud480\uc8fd\uac8c \ub9cc\ub4e4 \ub54c\uac00 \uc788\ub2e4.", "language": {"name": "ko", "url": "https://pokeapi.co/api/v2/language/3/"}, "version_group": {"name": "sword-shield", "url": "https://pokeapi.co/api/v2/version-group/20/"}}, {"flavor_text": "\u5c07\u61a4\u6012\u5316\u70ba\u706b\u7130\u822c\u7684\u6c23\u5834\u9032\u884c\u653b\u64ca\u3002\n\u6709\u6642\u6703\u8b93\u5c0d\u624b\u754f\u7e2e\u3002", "language": {"name": "zh-Hant", "url": "https://pokeapi.co/api/v2/language/4/"}, "version_group": {"name": "sword-shield", "url": "https://pokeapi.co/api/v2/version-group/20/"}}, {"flavor_text": "Le lanceur canalise sa col\u00e8re et la transforme en aura\nbr\u00fblante, avec laquelle il attaque l\u2019ennemi. Peut aussi\nl\u2019apeurer.", "language": {"name": "fr", "url": "https://pokeapi.co/api/v2/language/5/"}, "version_group": {"name": "sword-shield", "url": "https://pokeapi.co/api/v2/version-group/20/"}}, {"flavor_text": "Der Anwender wandelt seinen Zorn in eine flammende\nAura um und greift damit gegnerische Pok\u00e9mon an.\nDiese schrecken eventuell zur\u00fcck.", "language": {"name": "de", "url": "https://pokeapi.co/api/v2/language/6/"}, "version_group": {"name": "sword-shield", "url": "https://pokeapi.co/api/v2/version-group/20/"}}, {"flavor_text": "El usuario convierte su ira en un aura flam\u00edgera para\nlanzar su ataque. Puede amedrentar al objetivo.", "language": {"name": "es", "url": "https://pokeapi.co/api/v2/language/7/"}, "version_group": {"name": "sword-shield", "url": "https://pokeapi.co/api/v2/version-group/20/"}}, {"flavor_text": "Il Pok\u00e9mon attacca trasformando la sua rabbia\nin un\u2019aura simile a fiamme. Pu\u00f2 anche far tentennare\ni nemici.", "language": {"name": "it", "url": "https://pokeapi.co/api/v2/language/8/"}, "version_group": {"name": "sword-shield", "url": "https://pokeapi.co/api/v2/version-group/20/"}}, {"flavor_text": "The user transforms its wrath into a fire-like aura\nto attack. This may also make opposing Pok\u00e9mon flinch.", "language": {"name": "en", "url": "https://pokeapi.co/api/v2/language/9/"}, "version_group": {"name": "sword-shield", "url": "https://pokeapi.co/api/v2/version-group/20/"}}, {"flavor_text": "\u6012\u308a\u3092\u3000\u708e\u306e\u3000\u3088\u3046\u306a\n\u30aa\u30fc\u30e9\u306b\u3000\u5909\u3048\u3066\u3000\u653b\u6483\u3059\u308b\u3002\n\u76f8\u624b\u3092\u3000\u3072\u308b\u307e\u305b\u308b\u3053\u3068\u304c\u3000\u3042\u308b\u3002", "language": {"name": "ja", "url": "https://pokeapi.co/api/v2/language/11/"}, "version_group": {"name": "sword-shield", "url": "https://pokeapi.co/api/v2/version-group/20/"}}, {"flavor_text": "\u5c06\u6124\u6012\u8f6c\u5316\u4e3a\u706b\u7130\u822c\u7684\u6c14\u573a\u8fdb\u884c\u653b\u51fb\u3002\n\u6709\u65f6\u4f1a\u4f7f\u5bf9\u624b\u754f\u7f29\u3002", "language": {"name": "zh-Hans", "url": "https://pokeapi.co/api/v2/language/12/"}, "version_group": {"name": "sword-shield", "url": "https://pokeapi.co/api/v2/version-group/20/"}}], "generation": {"name": "generation-viii", "url": "https://pokeapi.co/api/v2/generation/8/"}, "id": 822, "learned_by_pokemon": [{"name": "moltres-galar", "url": "https://pokeapi.co/api/v2/pokemon/10171/"}], "machines": [], "meta": {"ailment": {"name": "none", "url": "https://pokeapi.co/api/v2/move-ailment/0/"}, "ailment_chance": 0, "category": {"name": "damage", "url": "https://pokeapi.co/api/v2/move-category/0/"}, "crit_rate": 0, "drain": 0, "flinch_chance": 20, "healing": 0, "max_hits": null, "max_turns": null, "min_hits": null, "min_turns": null, "stat_chance": 0}, "name": "fiery-wrath", "names": [{"language": {"name": "ja-Hrkt", "url": "https://pokeapi.co/api/v2/language/1/"}, "name": "\u3082\u3048\u3042\u304c\u308b\u3044\u304b\u308a"}, {"language": {"name": "ko", "url": "https://pokeapi.co/api/v2/language/3/"}, "name": "\ud0c0\uc624\ub974\ub294\ubd84\ub178"}, {"language": {"name": "zh-Hant", "url": "https://pokeapi.co/api/v2/language/4/"}, "name": "\u6012\u706b\u4e2d\u71d2"}, {"language": {"name": "fr", "url": "https://pokeapi.co/api/v2/language/5/"}, "name": "Fureur Ardente"}, {"language": {"name": "de", "url": "https://pokeapi.co/api/v2/language/6/"}, "name": "Brennender Zorn"}, {"language": {"name": "es", "url": "https://pokeapi.co/api/v2/language/7/"}, "name": "Furia Candente"}, {"language": {"name": "it", "url": "https://pokeapi.co/api/v2/language/8/"}, "name": "Furia Ardente"}, {"language": {"name": "en", "url": "https://pokeapi.co/api/v2/language/9/"}, "name": "Fiery Wrath"}, {"language": {"name": "ja", "url": "https://pokeapi.co/api/v2/language/11/"}, "name": "\u3082\u3048\u3042\u304c\u308b\u3044\u304b\u308a"}, {"language": {"name": "zh-Hans", "url": "https://pokeapi.co/api/v2/language/12/"}, "name": "\u6012\u706b\u4e2d\u70e7"}], "past_values": [], "power": 90, "pp": 10, "priority": 0, "stat_changes": [], "super_contest_effect": null, "target": {"name": "all-opponents", "url": "https://pokeapi.co/api/v2/move-target/11/"}, "type": {"name": "dark", "url": "https://pokeapi.co/api/v2/type/17/"}}