{"accuracy": 100, "contest_combos": null, "contest_effect": null, "contest_type": null, "damage_class": {"name": "special", "url": "https://pokeapi.co/api/v2/move-damage-class/3/"}, "effect_chance": null, "effect_changes": [], "effect_entries": [{"effect": "Inflicts damage equal to the user's remaining HP.  User faints.", "language": {"name": "en", "url": "https://pokeapi.co/api/v2/language/9/"}, "short_effect": "Inflicts damage equal to the user's remaining HP.  User faints."}], "flavor_text_entries": [{"flavor_text": "Une attaque tr\u00e8s risqu\u00e9e. Le lanceur perd\ntous ses PV restants et inflige autant de\nd\u00e9g\u00e2ts \u00e0 l\u2019ennemi.", "language": {"name": "fr", "url": "https://pokeapi.co/api/v2/language/5/"}, "version_group": {"name": "black-white", "url": "https://pokeapi.co/api/v2/version-group/11/"}}, {"flavor_text": "The user risks everything to attack its\ntarget. The user faints but does damage\nequal to the user\u2019s HP.", "language": {"name": "en", "url": "https://pokeapi.co/api/v2/language/9/"}, "version_group": {"name": "black-white", "url": "https://pokeapi.co/api/v2/version-group/11/"}}, {"flavor_text": "The user risks everything to attack its\ntarget. The user faints but does damage\nequal to the user\u2019s HP.", "language": {"name": "en", "url": "https://pokeapi.co/api/v2/language/9/"}, "version_group": {"name": "black-2-white-2", "url": "https://pokeapi.co/api/v2/version-group/14/"}}, {"flavor_text": "\u3044\u306e\u3061\u304c\u3051\u3067\u3000\u3042\u3044\u3066\u3092\u3000\u3053\u3046\u3052\u304d\u3059\u308b\u3002\n\u3058\u3076\u3093\u306f\u3000\u3072\u3093\u3057\u306b\u3000\u306a\u308b\u304c\u3000\u3042\u3044\u3066\u306b\n\uff28\uff30\u3076\u3093\u306e\u3000\u30c0\u30e1\u30fc\u30b8\u3092\u3000\u3042\u305f\u3048\u308b\u3002", "language": {"name": "ja-Hrkt", "url": "https://pokeapi.co/api/v2/language/1/"}, "version_group": {"name": "x-y", "url": "https://pokeapi.co/api/v2/version-group/15/"}}, {"flavor_text": "\ubaa9\uc228\uc744 \uac78\uace0 \uc0c1\ub300\ub97c \uacf5\uaca9\ud55c\ub2e4.\n\uc790\uc2e0\uc740 \uae30\uc808\ud558\uac8c \ub418\uc9c0\ub9cc \uc0c1\ub300\uc5d0\uac8c\nHP\ub9cc\ud07c\uc758 \ub370\ubbf8\uc9c0\ub97c \uc900\ub2e4.", "language": {"name": "ko", "url": "https://pokeapi.co/api/v2/language/3/"}, "version_group": {"name": "x-y", "url": "https://pokeapi.co/api/v2/version-group/15/"}}, {"flavor_text": "Une attaque tr\u00e8s risqu\u00e9e.\nLe lanceur perd tous ses PV restants et inflige\nautant de d\u00e9g\u00e2ts \u00e0 l\u2019ennemi.", "language": {"name": "fr", "url": "https://pokeapi.co/api/v2/language/5/"}, "version_group": {"name": "x-y", "url": "https://pokeapi.co/api/v2/version-group/15/"}}, {"flavor_text": "Ein Angriff, der dem Ziel Schaden in H\u00f6he\nder aktuellen KP des Anwenders zuf\u00fcgt.\nLetzterer wird dadurch selbst besiegt.", "language": {"name": "de", "url": "https://pokeapi.co/api/v2/language/6/"}, "version_group": {"name": "x-y", "url": "https://pokeapi.co/api/v2/version-group/15/"}}, {"flavor_text": "El usuario se sacrifica caus\u00e1ndole un da\u00f1o al\nobjetivo equivalente a sus propios PS perdidos.", "language": {"name": "es", "url": "https://pokeapi.co/api/v2/language/7/"}, "version_group": {"name": "x-y", "url": "https://pokeapi.co/api/v2/version-group/15/"}}, {"flavor_text": "Chi la usa attacca con tutta la potenza di cui\ndispone e va KO, ma infligge al bersaglio un danno\npari ai PS che ha perso.", "language": {"name": "it", "url": "https://pokeapi.co/api/v2/language/8/"}, "version_group": {"name": "x-y", "url": "https://pokeapi.co/api/v2/version-group/15/"}}, {"flavor_text": "The user risks everything to attack its\ntarget. The user faints but does damage\nequal to its HP.", "language": {"name": "en", "url": "https://pokeapi.co/api/v2/language/9/"}, "version_group": {"name": "x-y", "url": "https://pokeapi.co/api/v2/version-group/15/"}}, {"flavor_text": "\u547d\u61f8\u3051\u3067\u3000\u76f8\u624b\u3092\u3000\u653b\u6483\u3059\u308b\u3002\n\u81ea\u5206\u306f\u3000\u3072\u3093\u3057\u306b\u3000\u306a\u308b\u304c\u3000\u76f8\u624b\u306b\n\uff28\uff30\u5206\u306e\u3000\u30c0\u30e1\u30fc\u30b8\u3092\u3000\u4e0e\u3048\u308b\u3002", "language": {"name": "ja", "url": "https://pokeapi.co/api/v2/language/11/"}, "version_group": {"name": "x-y", "url": "https://pokeapi.co/api/v2/version-group/15/"}}, {"flavor_text": "\u3044\u306e\u3061\u304c\u3051\u3067\u3000\u3042\u3044\u3066\u3092\u3000\u3053\u3046\u3052\u304d\u3059\u308b\u3002\n\u3058\u3076\u3093\u306f\u3000\u3072\u3093\u3057\u306b\u3000\u306a\u308b\u304c\u3000\u3042\u3044\u3066\u306b\n\uff28\uff30\u3076\u3093\u306e\u3000\u30c0\u30e1\u30fc\u30b8\u3092\u3000\u3042\u305f\u3048\u308b\u3002", "language": {"name": "ja-Hrkt", "url": "https://pokeapi.co/api/v2/language/1/"}, "version_group": {"name": "omega-ruby-alpha-sapphire", "url": "https://pokeapi.co/api/v2/version-group/16/"}}, {"flavor_text": "\ubaa9\uc228\uc744 \uac78\uace0 \uc0c1\ub300\ub97c \uacf5\uaca9\ud55c\ub2e4.\n\uc790\uc2e0\uc740 \uae30\uc808\ud558\uac8c \ub418\uc9c0\ub9cc \uc0c1\ub300\uc5d0\uac8c\nHP\ub9cc\ud07c\uc758 \ub370\ubbf8\uc9c0\ub97c \uc900\ub2e4.", "language": {"name": "ko", "url": "https://pokeapi.co/api/v2/language/3/"}, "version_group": {"name": "omega-ruby-alpha-sapphire", "url": "https://pokeapi.co/api/v2/version-group/16/"}}, {"flavor_text": "Une attaque tr\u00e8s risqu\u00e9e.\nLe lanceur perd tous ses PV restants et inflige\nautant de d\u00e9g\u00e2ts \u00e0 l\u2019ennemi.", "language": {"name": "fr", "url": "https://pokeapi.co/api/v2/language/5/"}, "version_group": {"name": "omega-ruby-alpha-sapphire", "url": "https://pokeapi.co/api/v2/version-group/16/"}}, {"flavor_text": "Ein Angriff, der dem Ziel Schaden in H\u00f6he\nder aktuellen KP des Anwenders zuf\u00fcgt.\nLetzterer wird dadurch selbst besiegt.", "language": {"name": "de", "url": "https://pokeapi.co/api/v2/language/6/"}, "version_group": {"name": "omega-ruby-alpha-sapphire", "url": "https://pokeapi.co/api/v2/version-group/16/"}}, {"flavor_text": "El usuario se sacrifica caus\u00e1ndole un da\u00f1o al \nobjetivo equivalente a sus propios PS perdidos.", "language": {"name": "es", "url": "https://pokeapi.co/api/v2/language/7/"}, "version_group": {"name": "omega-ruby-alpha-sapphire", "url": "https://pokeapi.co/api/v2/version-group/16/"}}, {"flavor_text": "Chi la usa attacca con tutta la potenza di cui dispone \ne va KO, ma infligge al bersaglio un danno pari\nai PS che ha perso.", "language": {"name": "it", "url": "https://pokeapi.co/api/v2/language/8/"}, "version_group": {"name": "omega-ruby-alpha-sapphire", "url": "https://pokeapi.co/api/v2/version-group/16/"}}, {"flavor_text": "The user risks everything to attack its\ntarget. The user faints but does damage\nequal to its HP.", "language": {"name": "en", "url": "https://pokeapi.co/api/v2/language/9/"}, "version_group": {"name": "omega-ruby-alpha-sapphire", "url": "https://pokeapi.co/api/v2/version-group/16/"}}, {"flavor_text": "\u547d\u61f8\u3051\u3067\u3000\u76f8\u624b\u3092\u3000\u653b\u6483\u3059\u308b\u3002\n\u81ea\u5206\u306f\u3000\u3072\u3093\u3057\u306b\u3000\u306a\u308b\u304c\u3000\u76f8\u624b\u306b\n\uff28\uff30\u5206\u306e\u3000\u30c0\u30e1\u30fc\u30b8\u3092\u3000\u4e0e\u3048\u308b\u3002", "language": {"name": "ja", "url": "https://pokeapi.co/api/v2/language/11/"}, "version_group": {"name": "omega-ruby-alpha-sapphire", "url": "https://pokeapi.co/api/v2/version-group/16/"}}, {"flavor_text": "\u3044\u306e\u3061\u304c\u3051\u3067\u3000\u3042\u3044\u3066\u3092\u3000\u3053\u3046\u3052\u304d\u3059\u308b\u3002\n\u3058\u3076\u3093\u306f\u3000\u3072\u3093\u3057\u306b\u3000\u306a\u308b\u304c\u3000\u3042\u3044\u3066\u306b\n\uff28\uff30\u3076\u3093\u306e\u3000\u30c0\u30e1\u30fc\u30b8\u3092\u3000\u3042\u305f\u3048\u308b\u3002", "language": {"name": "ja-Hrkt", "url": "https://pokeapi.co/api/v2/language/1/"}, "version_group": {"name": "sun-moon", "url": "https://pokeapi.co/api/v2/version-group/17/"}}, {"flavor_text": "\ubaa9\uc228\uc744 \uac78\uace0 \uc0c1\ub300\ub97c \uacf5\uaca9\ud55c\ub2e4.\n\uc790\uc2e0\uc740 \uae30\uc808\ud558\uac8c \ub418\uc9c0\ub9cc \uc0c1\ub300\uc5d0\uac8c\nHP\ub9cc\ud07c\uc758 \ub370\ubbf8\uc9c0\ub97c \uc900\ub2e4.", "language": {"name": "ko", "url": "https://pokeapi.co/api/v2/language/3/"}, "version_group": {"name": "sun-moon", "url": "https://pokeapi.co/api/v2/version-group/17/"}}, {"flavor_text": "\u6368\u8eab\u653b\u64ca\u5c0d\u624b\u3002\n\u96d6\u7136\u81ea\u5df1\u6703\u9677\u5165\u7015\u6b7b\uff0c\u4f46\u80fd\u5920\u7d66\u4e88\u5c0d\u624b\n\u548c\u81ea\u5df1\u73fe\u6709\uff28\uff30\u76f8\u540c\u7684\u50b7\u5bb3\u3002", "language": {"name": "zh-Hant", "url": "https://pokeapi.co/api/v2/language/4/"}, "version_group": {"name": "sun-moon", "url": "https://pokeapi.co/api/v2/version-group/17/"}}, {"flavor_text": "Une attaque tr\u00e8s risqu\u00e9e.\nLe lanceur perd tous ses PV restants et inflige\nautant de d\u00e9g\u00e2ts \u00e0 l\u2019ennemi.", "language": {"name": "fr", "url": "https://pokeapi.co/api/v2/language/5/"}, "version_group": {"name": "sun-moon", "url": "https://pokeapi.co/api/v2/version-group/17/"}}, {"flavor_text": "Ein Angriff, der dem Ziel Schaden in H\u00f6he der\naktuellen KP des Anwenders zuf\u00fcgt. Letzterer wird\ndadurch selbst besiegt.", "language": {"name": "de", "url": "https://pokeapi.co/api/v2/language/6/"}, "version_group": {"name": "sun-moon", "url": "https://pokeapi.co/api/v2/version-group/17/"}}, {"flavor_text": "El usuario se sacrifica caus\u00e1ndole un da\u00f1o al \nobjetivo equivalente a sus propios PS perdidos.", "language": {"name": "es", "url": "https://pokeapi.co/api/v2/language/7/"}, "version_group": {"name": "sun-moon", "url": "https://pokeapi.co/api/v2/version-group/17/"}}, {"flavor_text": "Chi la usa attacca con tutta la potenza di cui\ndispone e va KO, ma infligge al bersaglio un danno\npari ai PS che ha perso.", "language": {"name": "it", "url": "https://pokeapi.co/api/v2/language/8/"}, "version_group": {"name": "sun-moon", "url": "https://pokeapi.co/api/v2/version-group/17/"}}, {"flavor_text": "The user risks everything to attack its target. The\nuser faints but does damage equal to its HP.", "language": {"name": "en", "url": "https://pokeapi.co/api/v2/language/9/"}, "version_group": {"name": "sun-moon", "url": "https://pokeapi.co/api/v2/version-group/17/"}}, {"flavor_text": "\u547d\u61f8\u3051\u3067\u3000\u76f8\u624b\u3092\u3000\u653b\u6483\u3059\u308b\u3002\n\u81ea\u5206\u306f\u3000\u3072\u3093\u3057\u306b\u3000\u306a\u308b\u304c\u3000\u76f8\u624b\u306b\n\uff28\uff30\u5206\u306e\u3000\u30c0\u30e1\u30fc\u30b8\u3092\u3000\u4e0e\u3048\u308b\u3002", "language": {"name": "ja", "url": "https://pokeapi.co/api/v2/language/11/"}, "version_group": {"name": "sun-moon", "url": "https://pokeapi.co/api/v2/version-group/17/"}}, {"flavor_text": "\u62fc\u547d\u653b\u51fb\u5bf9\u624b\u3002\n\u867d\u7136\u81ea\u5df1\u9677\u5165\u6fd2\u6b7b\uff0c\u4f46\u4f1a\u7ed9\u4e88\u5bf9\u624b\n\u548c\u81ea\u5df1\u76ee\u524d\uff28\uff30\u7b49\u91cf\u7684\u4f24\u5bb3\u3002", "language": {"name": "zh-Hans", "url": "https://pokeapi.co/api/v2/language/12/"}, "version_group": {"name": "sun-moon", "url": "https://pokeapi.co/api/v2/version-group/17/"}}, {"flavor_text": "\u3044\u306e\u3061\u304c\u3051\u3067\u3000\u3042\u3044\u3066\u3092\u3000\u3053\u3046\u3052\u304d\u3059\u308b\u3002\n\u3058\u3076\u3093\u306f\u3000\u3072\u3093\u3057\u306b\u3000\u306a\u308b\u304c\u3000\u3042\u3044\u3066\u306b\n\uff28\uff30\u3076\u3093\u306e\u3000\u30c0\u30e1\u30fc\u30b8\u3092\u3000\u3042\u305f\u3048\u308b\u3002", "language": {"name": "ja-Hrkt", "url": "https://pokeapi.co/api/v2/language/1/"}, "version_group": {"name": "ultra-sun-ultra-moon", "url": "https://pokeapi.co/api/v2/version-group/18/"}}, {"flavor_text": "\ubaa9\uc228\uc744 \uac78\uace0 \uc0c1\ub300\ub97c \uacf5\uaca9\ud55c\ub2e4.\n\uc790\uc2e0\uc740 \uae30\uc808\ud558\uac8c \ub418\uc9c0\ub9cc \uc0c1\ub300\uc5d0\uac8c\nHP\ub9cc\ud07c\uc758 \ub370\ubbf8\uc9c0\ub97c \uc900\ub2e4.", "language": {"name": "ko", "url": "https://pokeapi.co/api/v2/language/3/"}, "version_group": {"name": "ultra-sun-ultra-moon", "url": "https://pokeapi.co/api/v2/version-group/18/"}}, {"flavor_text": "\u6368\u8eab\u653b\u64ca\u5c0d\u624b\u3002\n\u96d6\u7136\u81ea\u5df1\u6703\u9677\u5165\u7015\u6b7b\uff0c\u4f46\u80fd\u5920\u7d66\u4e88\u5c0d\u624b\n\u548c\u81ea\u5df1\u73fe\u6709\uff28\uff30\u76f8\u540c\u7684\u50b7\u5bb3\u3002", "language": {"name": "zh-Hant", "url": "https://pokeapi.co/api/v2/language/4/"}, "version_group": {"name": "ultra-sun-ultra-moon", "url": "https://pokeapi.co/api/v2/version-group/18/"}}, {"flavor_text": "Une attaque tr\u00e8s risqu\u00e9e.\nLe lanceur perd tous ses PV restants et inflige\nautant de d\u00e9g\u00e2ts \u00e0 l\u2019ennemi.", "language": {"name": "fr", "url": "https://pokeapi.co/api/v2/language/5/"}, "version_group": {"name": "ultra-sun-ultra-moon", "url": "https://pokeapi.co/api/v2/version-group/18/"}}, {"flavor_text": "Ein Angriff, der dem Ziel Schaden in H\u00f6he der\naktuellen KP des Anwenders zuf\u00fcgt. Letzterer wird\ndadurch selbst besiegt.", "language": {"name": "de", "url": "https://pokeapi.co/api/v2/language/6/"}, "version_group": {"name": "ultra-sun-ultra-moon", "url": "https://pokeapi.co/api/v2/version-group/18/"}}, {"flavor_text": "El usuario se sacrifica caus\u00e1ndole un da\u00f1o al \nobjetivo equivalente a sus propios PS perdidos.", "language": {"name": "es", "url": "https://pokeapi.co/api/v2/language/7/"}, "version_group": {"name": "ultra-sun-ultra-moon", "url": "https://pokeapi.co/api/v2/version-group/18/"}}, {"flavor_text": "Chi la usa attacca con tutta la potenza di cui\ndispone e va KO, ma infligge al bersaglio un danno\npari ai PS che ha perso.", "language": {"name": "it", "url": "https://pokeapi.co/api/v2/language/8/"}, "version_group": {"name": "ultra-sun-ultra-moon", "url": "https://pokeapi.co/api/v2/version-group/18/"}}, {"flavor_text": "The user risks everything to attack its target. The\nuser faints but does damage equal to its HP.", "language": {"name": "en", "url": "https://pokeapi.co/api/v2/language/9/"}, "version_group": {"name": "ultra-sun-ultra-moon", "url": "https://pokeapi.co/api/v2/version-group/18/"}}, {"flavor_text": "\u547d\u61f8\u3051\u3067\u3000\u76f8\u624b\u3092\u3000\u653b\u6483\u3059\u308b\u3002\n\u81ea\u5206\u306f\u3000\u3072\u3093\u3057\u306b\u3000\u306a\u308b\u304c\u3000\u76f8\u624b\u306b\n\uff28\uff30\u5206\u306e\u3000\u30c0\u30e1\u30fc\u30b8\u3092\u3000\u4e0e\u3048\u308b\u3002", "language": {"name": "ja", "url": "https://pokeapi.co/api/v2/language/11/"}, "version_group": {"name": "ultra-sun-ultra-moon", "url": "https://pokeapi.co/api/v2/version-group/18/"}}, {"flavor_text": "\u62fc\u547d\u653b\u51fb\u5bf9\u624b\u3002\n\u867d\u7136\u81ea\u5df1\u9677\u5165\u6fd2\u6b7b\uff0c\u4f46\u4f1a\u7ed9\u4e88\u5bf9\u624b\n\u548c\u81ea\u5df1\u76ee\u524d\uff28\uff30\u7b49\u91cf\u7684\u4f24\u5bb3\u3002", "language": {"name": "zh-Hans", "url": "https://pokeapi.co/api/v2/language/12/"}, "version_group": {"name": "ultra-sun-ultra-moon", "url": "https://pokeapi.co/api/v2/version-group/18/"}}, {"flavor_text": "\u3044\u306e\u3061\u304c\u3051\u3067\u3000\u3042\u3044\u3066\u3092\u3000\u3053\u3046\u3052\u304d\u3059\u308b\u3002\n\u3058\u3076\u3093\u306f\u3000\u3072\u3093\u3057\u306b\u3000\u306a\u308b\u304c\u3000\u3042\u3044\u3066\u306b\n\uff28\uff30\u3076\u3093\u306e\u3000\u30c0\u30e1\u30fc\u30b8\u3092\u3000\u3042\u305f\u3048\u308b\u3002", "language": {"name": "ja-Hrkt", "url": "https://pokeapi.co/api/v2/language/1/"}, "version_group": {"name": "lets-go-pikachu-lets-go-eevee", "url": "https://pokeapi.co/api/v2/version-group/19/"}}, {"flavor_text": "\ubaa9\uc228\uc744 \uac78\uace0 \uc0c1\ub300\ub97c \uacf5\uaca9\ud55c\ub2e4.\n\uc790\uc2e0\uc740 \uae30\uc808\ud558\uac8c \ub418\uc9c0\ub9cc \uc0c1\ub300\uc5d0\uac8c\nHP\ub9cc\ud07c\uc758 \ub370\ubbf8\uc9c0\ub97c \uc900\ub2e4.", "language": {"name": "ko", "url": "https://pokeapi.co/api/v2/language/3/"}, "version_group": {"name": "lets-go-pikachu-lets-go-eevee", "url": "https://pokeapi.co/api/v2/version-group/19/"}}, {"flavor_text": "\u6368\u8eab\u653b\u64ca\u5c0d\u624b\u3002\n\u96d6\u7136\u81ea\u5df1\u6703\u9677\u5165\u7015\u6b7b\uff0c\u4f46\u80fd\u5920\u7d66\u4e88\u5c0d\u624b\n\u548c\u81ea\u5df1\u73fe\u6709HP\u76f8\u540c\u7684\u50b7\u5bb3\u3002", "language": {"name": "zh-Hant", "url": "https://pokeapi.co/api/v2/language/4/"}, "version_group": {"name": "lets-go-pikachu-lets-go-eevee", "url": "https://pokeapi.co/api/v2/version-group/19/"}}, {"flavor_text": "Une attaque tr\u00e8s risqu\u00e9e.\nLe lanceur perd tous ses PV restants et inflige\nautant de d\u00e9g\u00e2ts \u00e0 l\u2019ennemi.", "language": {"name": "fr", "url": "https://pokeapi.co/api/v2/language/5/"}, "version_group": {"name": "lets-go-pikachu-lets-go-eevee", "url": "https://pokeapi.co/api/v2/version-group/19/"}}, {"flavor_text": "Ein Angriff, der dem Ziel Schaden in H\u00f6he der\naktuellen KP des Anwenders zuf\u00fcgt. Letzterer wird\ndadurch selbst besiegt.", "language": {"name": "de", "url": "https://pokeapi.co/api/v2/language/6/"}, "version_group": {"name": "lets-go-pikachu-lets-go-eevee", "url": "https://pokeapi.co/api/v2/version-group/19/"}}, {"flavor_text": "El usuario se sacrifica caus\u00e1ndole un da\u00f1o al \nobjetivo equivalente a sus propios PS perdidos.", "language": {"name": "es", "url": "https://pokeapi.co/api/v2/language/7/"}, "version_group": {"name": "lets-go-pikachu-lets-go-eevee", "url": "https://pokeapi.co/api/v2/version-group/19/"}}, {"flavor_text": "Chi la usa attacca con tutta la potenza di cui\ndispone e va KO, ma infligge al bersaglio un danno\npari ai PS che ha perso.", "language": {"name": "it", "url": "https://pokeapi.co/api/v2/language/8/"}, "version_group": {"name": "lets-go-pikachu-lets-go-eevee", "url": "https://pokeapi.co/api/v2/version-group/19/"}}, {"flavor_text": "The user risks everything to attack its target. The\nuser faints but does damage equal to its HP.", "language": {"name": "en", "url": "https://pokeapi.co/api/v2/language/9/"}, "version_group": {"name": "lets-go-pikachu-lets-go-eevee", "url": "https://pokeapi.co/api/v2/version-group/19/"}}, {"flavor_text": "\u547d\u61f8\u3051\u3067\u3000\u76f8\u624b\u3092\u3000\u653b\u6483\u3059\u308b\u3002\n\u81ea\u5206\u306f\u3000\u3072\u3093\u3057\u306b\u3000\u306a\u308b\u304c\u3000\u76f8\u624b\u306b\n\uff28\uff30\u5206\u306e\u3000\u30c0\u30e1\u30fc\u30b8\u3092\u3000\u4e0e\u3048\u308b\u3002", "language": {"name": "ja", "url": "https://pokeapi.co/api/v2/language/11/"}, "version_group": {"name": "lets-go-pikachu-lets-go-eevee", "url": "https://pokeapi.co/api/v2/version-group/19/"}}, {"flavor_text": "\u62fc\u547d\u653b\u51fb\u5bf9\u624b\u3002\n\u867d\u7136\u81ea\u5df1\u9677\u5165\u6fd2\u6b7b\uff0c\u4f46\u4f1a\u7ed9\u4e88\u5bf9\u624b\n\u548c\u81ea\u5df1\u76ee\u524dHP\u7b49\u91cf\u7684\u4f24\u5bb3\u3002", "language": {"name": "zh-Hans", "url": "https://pokeapi.co/api/v2/language/12/"}, "version_group": {"name": "lets-go-pikachu-lets-go-eevee", "url": "https://pokeapi.co/api/v2/version-group/19/"}}, {"flavor_text": "\u3044\u306e\u3061\u304c\u3051\u3067\u3000\u3042\u3044\u3066\u3092\u3000\u3053\u3046\u3052\u304d\u3059\u308b\u3002\n\u3058\u3076\u3093\u306f\u3000\u3072\u3093\u3057\u306b\u3000\u306a\u308b\u304c\u3000\u3042\u3044\u3066\u306b\n\uff28\uff30\u3076\u3093\u306e\u3000\u30c0\u30e1\u30fc\u30b8\u3092\u3000\u3042\u305f\u3048\u308b\u3002", "language": {"name": "ja-Hrkt", "url": "https://pokeapi.co/api/v2/language/1/"}, "version_group": {"name": "sword-shield", "url": "https://pokeapi.co/api/v2/version-group/20/"}}, {"flavor_text": "\ubaa9\uc228\uc744 \uac78\uace0 \uc0c1\ub300\ub97c \uacf5\uaca9\ud55c\ub2e4.\n\uc790\uc2e0\uc740 \uae30\uc808\ud558\uac8c \ub418\uc9c0\ub9cc \uc0c1\ub300\uc5d0\uac8c\nHP\ub9cc\ud07c\uc758 \ub370\ubbf8\uc9c0\ub97c \uc900\ub2e4.", "language": {"name": "ko", "url": "https://pokeapi.co/api/v2/language/3/"}, "version_group": {"name": "sword-shield", "url": "https://pokeapi.co/api/v2/version-group/20/"}}, {"flavor_text": "\u6368\u8eab\u653b\u64ca\u5c0d\u624b\u3002\n\u96d6\u7136\u81ea\u5df1\u6703\u9677\u5165\u7015\u6b7b\uff0c\u4f46\u80fd\u5920\u7d66\u4e88\u5c0d\u624b\n\u548c\u81ea\u5df1\u73fe\u6709\uff28\uff30\u76f8\u540c\u7684\u50b7\u5bb3\u3002", "language": {"name": "zh-Hant", "url": "https://pokeapi.co/api/v2/language/4/"}, "version_group": {"name": "sword-shield", "url": "https://pokeapi.co/api/v2/version-group/20/"}}, {"flavor_text": "Une attaque tr\u00e8s risqu\u00e9e.\nLe lanceur perd tous ses PV restants et inflige autant\nde d\u00e9g\u00e2ts \u00e0 l\u2019ennemi.", "language": {"name": "fr", "url": "https://pokeapi.co/api/v2/language/5/"}, "version_group": {"name": "sword-shield", "url": "https://pokeapi.co/api/v2/version-group/20/"}}, {"flavor_text": "Ein Angriff, der dem Ziel Schaden in H\u00f6he der aktuellen\nKP des Anwenders zuf\u00fcgt. Letzterer wird dadurch selbst\nbesiegt.", "language": {"name": "de", "url": "https://pokeapi.co/api/v2/language/6/"}, "version_group": {"name": "sword-shield", "url": "https://pokeapi.co/api/v2/version-group/20/"}}, {"flavor_text": "El usuario se sacrifica caus\u00e1ndole un da\u00f1o al objetivo\nequivalente a sus propios PS perdidos.", "language": {"name": "es", "url": "https://pokeapi.co/api/v2/language/7/"}, "version_group": {"name": "sword-shield", "url": "https://pokeapi.co/api/v2/version-group/20/"}}, {"flavor_text": "Chi la usa attacca con tutta la potenza di cui\ndispone e va KO, ma infligge al bersaglio un danno\npari ai PS che ha perso.", "language": {"name": "it", "url": "https://pokeapi.co/api/v2/language/8/"}, "version_group": {"name": "sword-shield", "url": "https://pokeapi.co/api/v2/version-group/20/"}}, {"flavor_text": "The user risks everything to attack its target. The\nuser faints but does damage equal to its HP.", "language": {"name": "en", "url": "https://pokeapi.co/api/v2/language/9/"}, "version_group": {"name": "sword-shield", "url": "https://pokeapi.co/api/v2/version-group/20/"}}, {"flavor_text": "\u547d\u61f8\u3051\u3067\u3000\u76f8\u624b\u3092\u3000\u653b\u6483\u3059\u308b\u3002\n\u81ea\u5206\u306f\u3000\u3072\u3093\u3057\u306b\u3000\u306a\u308b\u304c\u3000\u76f8\u624b\u306b\n\uff28\uff30\u5206\u306e\u3000\u30c0\u30e1\u30fc\u30b8\u3092\u3000\u4e0e\u3048\u308b\u3002", "language": {"name": "ja", "url": "https://pokeapi.co/api/v2/language/11/"}, "version_group": {"name": "sword-shield", "url": "https://pokeapi.co/api/v2/version-group/20/"}}, {"flavor_text": "\u62fc\u547d\u653b\u51fb\u5bf9\u624b\u3002\n\u867d\u7136\u81ea\u5df1\u9677\u5165\u6fd2\u6b7b\uff0c\u4f46\u4f1a\u7ed9\u4e88\u5bf9\u624b\n\u548c\u81ea\u5df1\u76ee\u524d\uff28\uff30\u7b49\u91cf\u7684\u4f24\u5bb3\u3002", "language": {"name": "zh-Hans", "url": "https://pokeapi.co/api/v2/language/12/"}, "version_group": {"name": "sword-shield", "url": "https://pokeapi.co/api/v2/version-group/20/"}}], "generation": {"name": "generation-v", "url": "https://pokeapi.co/api/v2/generation/5/"}, "id": 515, "learned_by_pokemon": [{"name": "rattata", "url": "https://pokeapi.co/api/v2/pokemon/19/"}, {"name": "diglett", "url": "https://pokeapi.co/api/v2/pokemon/50/"}, {"name": "mankey", "url": "https://pokeapi.co/api/v2/pokemon/56/"}, {"name": "primeape", "url": "https://pokeapi.co/api/v2/pokemon/57/"}, {"name": "farfetchd", "url": "https://pokeapi.co/api/v2/pokemon/83/"}, {"name": "shuckle", "url": "https://pokeapi.co/api/v2/pokemon/213/"}, {"name": "nincada", "url": "https://pokeapi.co/api/v2/pokemon/290/"}, {"name": "zangoose", "url": "https://pokeapi.co/api/v2/pokemon/335/"}, {"name": "seviper", "url": "https://pokeapi.co/api/v2/pokemon/336/"}, {"name": "starly", "url": "https://pokeapi.co/api/v2/pokemon/396/"}, {"name": "staravia", "url": "https://pokeapi.co/api/v2/pokemon/397/"}, {"name": "staraptor", "url": "https://pokeapi.co/api/v2/pokemon/398/"}, {"name": "riolu", "url": "https://pokeapi.co/api/v2/pokemon/447/"}, {"name": "lucario", "url": "https://pokeapi.co/api/v2/pokemon/448/"}, {"name": "victini", "url": "https://pokeapi.co/api/v2/pokemon/494/"}, {"name": "basculin-red-striped", "url": "https://pokeapi.co/api/v2/pokemon/550/"}, {"name": "shelmet", "url": "https://pokeapi.co/api/v2/pokemon/616/"}, {"name": "accelgor", "url": "https://pokeapi.co/api/v2/pokemon/617/"}, {"name": "sirfetchd", "url": "https://pokeapi.co/api/v2/pokemon/865/"}, {"name": "squawkabilly", "url": "https://pokeapi.co/api/v2/pokemon/931/"}, {"name": "wiglett", "url": "https://pokeapi.co/api/v2/pokemon/960/"}, {"name": "veluza", "url": "https://pokeapi.co/api/v2/pokemon/976/"}, {"name": "annihilape", "url": "https://pokeapi.co/api/v2/pokemon/979/"}, {"name": "basculin-blue-striped", "url": "https://pokeapi.co/api/v2/pokemon/10016/"}, {"name": "rattata-alola", "url": "https://pokeapi.co/api/v2/pokemon/10091/"}, {"name": "diglett-alola", "url": "https://pokeapi.co/api/v2/pokemon/10105/"}, {"name": "farfetchd-galar", "url": "https://pokeapi.co/api/v2/pokemon/10166/"}, {"name": "squawkabilly-blue-plumage", "url": "https://pokeapi.co/api/v2/pokemon/10260/"}, {"name": "squawkabilly-yellow-plumage", "url": "https://pokeapi.co/api/v2/pokemon/10261/"}, {"name": "squawkabilly-white-plumage", "url": "https://pokeapi.co/api/v2/pokemon/10262/"}], "machines": [], "meta": {"ailment": {"name": "none", "url": "https://pokeapi.co/api/v2/move-ailment/0/"}, "ailment_chance": 0, "category": {"name": "damage", "url": "https://pokeapi.co/api/v2/move-category/0/"}, "crit_rate": 0, "drain": 0, "flinch_chance": 0, "healing": 0, "max_hits": null, "max_turns": null, "min_hits": null, "min_turns": null, "stat_chance": 0}, "name": "final-gambit", "names": [{"language": {"name": "ja-Hrkt", "url": "https://pokeapi.co/api/v2/language/1/"}, "name": "\u3044\u306e\u3061\u304c\u3051"}, {"language": {"name": "ko", "url": "https://pokeapi.co/api/v2/language/3/"}, "name": "\ubaa9\uc228\uac78\uae30"}, {"language": {"name": "zh-Hant", "url": "https://pokeapi.co/api/v2/language/4/"}, "name": "\u640f\u547d"}, {"language": {"name": "fr", "url": "https://pokeapi.co/api/v2/language/5/"}, "name": "Tout ou Rien"}, {"language": {"name": "de", "url": "https://pokeapi.co/api/v2/language/6/"}, "name": "Wagemut"}, {"language": {"name": "es", "url": "https://pokeapi.co/api/v2/language/7/"}, "name": "Sacrificio"}, {"language": {"name": "it", "url": "https://pokeapi.co/api/v2/language/8/"}, "name": "Azzardo"}, {"language": {"name": "en", "url": "https://pokeapi.co/api/v2/language/9/"}, "name": "Final Gambit"}, {"language": {"name": "ja", "url": "https://pokeapi.co/api/v2/language/11/"}, "name": "\u3044\u306e\u3061\u304c\u3051"}, {"language": {"name": "zh-Hans", "url": "https://pokeapi.co/api/v2/language/12/"}, "name": "\u640f\u547d"}], "past_values": [], "power": null, "pp": 5, "priority": 0, "stat_changes": [], "super_contest_effect": null, "target": {"name": "selected-pokemon", "url": "https://pokeapi.co/api/v2/move-target/10/"}, "type": {"name": "fighting", "url": "https://pokeapi.co/api/v2/type/2/"}}