{"accuracy": null, "contest_combos": null, "contest_effect": null, "contest_type": null, "damage_class": {"name": "status", "url": "https://pokeapi.co/api/v2/move-damage-class/1/"}, "effect_chance": null, "effect_changes": [], "effect_entries": [{"effect": "For five turns, heals all Pok\u00e9mon on the ground for 1/16 their max HP each turn and strengthens their grass moves to 1.5\u00d7 their power.\n\nChanges nature power to energy ball.", "language": {"name": "en", "url": "https://pokeapi.co/api/v2/language/9/"}, "short_effect": "For five turns, heals all Pok\u00e9mon on the ground for 1/16 max HP each turn and strengthens their grass moves to 1.5\u00d7 their power."}], "flavor_text_entries": [{"flavor_text": "\uff15\u30bf\u30fc\u30f3\u306e\u3000\u3042\u3044\u3060\u3000\u3042\u3057\u3082\u3068\u3092\n\u30b0\u30e9\u30b9\u30d5\u30a3\u30fc\u30eb\u30c9\u306b\u3059\u308b\u3002\u3000\u3058\u3081\u3093\u306b\u3044\u308b\n\u30dd\u30b1\u30e2\u30f3\u306f\u3000\u307e\u3044\u30bf\u30fc\u30f3\u3000\u304b\u3044\u3075\u304f\u3059\u308b\u3002", "language": {"name": "ja-Hrkt", "url": "https://pokeapi.co/api/v2/language/1/"}, "version_group": {"name": "x-y", "url": "https://pokeapi.co/api/v2/version-group/15/"}}, {"flavor_text": "5\ud134 \ub3d9\uc548 \ubc1c\ubc11\uc744\n\uadf8\ub798\uc2a4\ud544\ub4dc\ub85c \ub9cc\ub4e0\ub2e4. \ub545\uc5d0 \uc788\ub294\n\ud3ec\ucf13\ubaac\uc740 \ub9e4 \ud134 \ud68c\ubcf5\ud55c\ub2e4.", "language": {"name": "ko", "url": "https://pokeapi.co/api/v2/language/3/"}, "version_group": {"name": "x-y", "url": "https://pokeapi.co/api/v2/version-group/15/"}}, {"flavor_text": "Pendant cinq tours, le terrain aux pieds du lanceur\nse transforme en gazon. Les Pok\u00e9mon au sol\nr\u00e9cup\u00e8rent des PV \u00e0 chaque tour.", "language": {"name": "fr", "url": "https://pokeapi.co/api/v2/language/5/"}, "version_group": {"name": "x-y", "url": "https://pokeapi.co/api/v2/version-group/15/"}}, {"flavor_text": "Verwandelt den Untergrund f\u00fcnf Runden lang\nin ein Grasfeld und heilt in jeder neuen Runde\nalle Pok\u00e9mon, die den Boden ber\u00fchren.", "language": {"name": "de", "url": "https://pokeapi.co/api/v2/language/6/"}, "version_group": {"name": "x-y", "url": "https://pokeapi.co/api/v2/version-group/15/"}}, {"flavor_text": "Convierte el terreno de combate en un campo de\nhierba durante cinco turnos. Los Pok\u00e9mon que\nest\u00e9n en el suelo recuperan PS en cada turno.", "language": {"name": "es", "url": "https://pokeapi.co/api/v2/language/7/"}, "version_group": {"name": "x-y", "url": "https://pokeapi.co/api/v2/version-group/15/"}}, {"flavor_text": "Per cinque turni trasforma il terreno di lotta\nin un campo erboso, facendo recuperare PS\nai Pok\u00e9mon a terra in ogni turno.", "language": {"name": "it", "url": "https://pokeapi.co/api/v2/language/8/"}, "version_group": {"name": "x-y", "url": "https://pokeapi.co/api/v2/version-group/15/"}}, {"flavor_text": "The user turns the ground under everyone\u2019s feet\nto grass for five turns. This restores the HP of\nPok\u00e9mon on the ground a little every turn.", "language": {"name": "en", "url": "https://pokeapi.co/api/v2/language/9/"}, "version_group": {"name": "x-y", "url": "https://pokeapi.co/api/v2/version-group/15/"}}, {"flavor_text": "\uff15\u30bf\u30fc\u30f3\u306e\u3000\u3042\u3044\u3060\u3000\u8db3\u5143\u3092\n\u30b0\u30e9\u30b9\u30d5\u30a3\u30fc\u30eb\u30c9\u306b\u3059\u308b\u3002\u5730\u9762\u306b\u3044\u308b\n\u30dd\u30b1\u30e2\u30f3\u306f\u3000\u6bce\u30bf\u30fc\u30f3\u3000\u56de\u5fa9\u3059\u308b\u3002", "language": {"name": "ja", "url": "https://pokeapi.co/api/v2/language/11/"}, "version_group": {"name": "x-y", "url": "https://pokeapi.co/api/v2/version-group/15/"}}, {"flavor_text": "\uff15\u30bf\u30fc\u30f3\u306e\u3000\u3042\u3044\u3060\u3000\u3042\u3057\u3082\u3068\u3092\n\u30b0\u30e9\u30b9\u30d5\u30a3\u30fc\u30eb\u30c9\u306b\u3059\u308b\u3002\u3000\u3058\u3081\u3093\u306b\u3044\u308b\n\u30dd\u30b1\u30e2\u30f3\u306f\u3000\u307e\u3044\u30bf\u30fc\u30f3\u3000\u304b\u3044\u3075\u304f\u3059\u308b\u3002", "language": {"name": "ja-Hrkt", "url": "https://pokeapi.co/api/v2/language/1/"}, "version_group": {"name": "omega-ruby-alpha-sapphire", "url": "https://pokeapi.co/api/v2/version-group/16/"}}, {"flavor_text": "5\ud134 \ub3d9\uc548 \ubc1c\ubc11\uc744\n\uadf8\ub798\uc2a4\ud544\ub4dc\ub85c \ub9cc\ub4e0\ub2e4. \ub545\uc5d0 \uc788\ub294\n\ud3ec\ucf13\ubaac\uc740 \ub9e4 \ud134 \ud68c\ubcf5\ud55c\ub2e4.", "language": {"name": "ko", "url": "https://pokeapi.co/api/v2/language/3/"}, "version_group": {"name": "omega-ruby-alpha-sapphire", "url": "https://pokeapi.co/api/v2/version-group/16/"}}, {"flavor_text": "Pendant cinq tours, le terrain aux pieds du lanceur\nse transforme en gazon. Les Pok\u00e9mon au sol\nr\u00e9cup\u00e8rent des PV \u00e0 chaque tour.", "language": {"name": "fr", "url": "https://pokeapi.co/api/v2/language/5/"}, "version_group": {"name": "omega-ruby-alpha-sapphire", "url": "https://pokeapi.co/api/v2/version-group/16/"}}, {"flavor_text": "Verwandelt den Untergrund f\u00fcnf Runden lang\nin ein Grasfeld und heilt in jeder neuen Runde\nalle Pok\u00e9mon, die den Boden ber\u00fchren.", "language": {"name": "de", "url": "https://pokeapi.co/api/v2/language/6/"}, "version_group": {"name": "omega-ruby-alpha-sapphire", "url": "https://pokeapi.co/api/v2/version-group/16/"}}, {"flavor_text": "Convierte el terreno de combate en un campo de \nhierba durante cinco turnos. Los Pok\u00e9mon que\nest\u00e9n en el suelo recuperan PS en cada turno.", "language": {"name": "es", "url": "https://pokeapi.co/api/v2/language/7/"}, "version_group": {"name": "omega-ruby-alpha-sapphire", "url": "https://pokeapi.co/api/v2/version-group/16/"}}, {"flavor_text": "Per cinque turni trasforma il terreno di lotta\nin un campo erboso, facendo recuperare PS\nai Pok\u00e9mon a terra in ogni turno.", "language": {"name": "it", "url": "https://pokeapi.co/api/v2/language/8/"}, "version_group": {"name": "omega-ruby-alpha-sapphire", "url": "https://pokeapi.co/api/v2/version-group/16/"}}, {"flavor_text": "The user turns the ground under everyone\u2019s feet\nto grass for five turns. This restores the HP of\nPok\u00e9mon on the ground a little every turn.", "language": {"name": "en", "url": "https://pokeapi.co/api/v2/language/9/"}, "version_group": {"name": "omega-ruby-alpha-sapphire", "url": "https://pokeapi.co/api/v2/version-group/16/"}}, {"flavor_text": "\uff15\u30bf\u30fc\u30f3\u306e\u3000\u3042\u3044\u3060\u3000\u8db3\u5143\u3092\n\u30b0\u30e9\u30b9\u30d5\u30a3\u30fc\u30eb\u30c9\u306b\u3059\u308b\u3002\u5730\u9762\u306b\u3044\u308b\n\u30dd\u30b1\u30e2\u30f3\u306f\u3000\u6bce\u30bf\u30fc\u30f3\u3000\u56de\u5fa9\u3059\u308b\u3002", "language": {"name": "ja", "url": "https://pokeapi.co/api/v2/language/11/"}, "version_group": {"name": "omega-ruby-alpha-sapphire", "url": "https://pokeapi.co/api/v2/version-group/16/"}}, {"flavor_text": "\uff15\u30bf\u30fc\u30f3\u306e\u3042\u3044\u3060\u3000\u30b0\u30e9\u30b9\u30d5\u30a3\u30fc\u30eb\u30c9\u306b\u3059\u308b\u3002\n\u3058\u3081\u3093\u306b\u3044\u308b\u3068\u3000\u307e\u3044\u30bf\u30fc\u30f3\u3000\u304b\u3044\u3075\u304f\u3059\u308b\u3002\n\u304f\u3055\u30bf\u30a4\u30d7\u306e\u3000\u3044\u308a\u3087\u304f\u304c\u3000\u3042\u304c\u308b\u3002", "language": {"name": "ja-Hrkt", "url": "https://pokeapi.co/api/v2/language/1/"}, "version_group": {"name": "sun-moon", "url": "https://pokeapi.co/api/v2/version-group/17/"}}, {"flavor_text": "5\ud134 \ub3d9\uc548 \uadf8\ub798\uc2a4\ud544\ub4dc\ub85c \ub9cc\ub4e0\ub2e4.\n\ub545\uc5d0 \uc788\uc73c\uba74 \ub9e4 \ud134 \ud68c\ubcf5\ud55c\ub2e4.\n\ud480\ud0c0\uc785\uc758 \uc704\ub825\uc774 \uc62c\ub77c\uac04\ub2e4.", "language": {"name": "ko", "url": "https://pokeapi.co/api/v2/language/3/"}, "version_group": {"name": "sun-moon", "url": "https://pokeapi.co/api/v2/version-group/17/"}}, {"flavor_text": "\u5728\uff15\u56de\u5408\u5167\u5c07\u8173\u4e0b\u8b8a\u6210\u9752\u8349\u5834\u5730\u3002\n\u5730\u9762\u4e0a\u7684\u5bf6\u53ef\u5922\u6bcf\u56de\u5408\u90fd\u6703\u56de\u5fa9\uff28\uff30\u3002\n\u8349\u5c6c\u6027\u62db\u5f0f\u7684\u5a01\u529b\u6703\u63d0\u9ad8\u3002", "language": {"name": "zh-Hant", "url": "https://pokeapi.co/api/v2/language/4/"}, "version_group": {"name": "sun-moon", "url": "https://pokeapi.co/api/v2/version-group/17/"}}, {"flavor_text": "Pendant cinq tours, les Pok\u00e9mon au sol r\u00e9cup\u00e8rent\nquelques PV \u00e0 chaque tour et la puissance\ndes capacit\u00e9s de type Plante augmente.", "language": {"name": "fr", "url": "https://pokeapi.co/api/v2/language/5/"}, "version_group": {"name": "sun-moon", "url": "https://pokeapi.co/api/v2/version-group/17/"}}, {"flavor_text": "Regeneriert f\u00fcnf Runden lang in jeder neuen Runde\nein paar KP aller Pok\u00e9mon, die den Boden ber\u00fchren.\nErh\u00f6ht die St\u00e4rke von Pflanzen-Attacken.", "language": {"name": "de", "url": "https://pokeapi.co/api/v2/language/6/"}, "version_group": {"name": "sun-moon", "url": "https://pokeapi.co/api/v2/version-group/17/"}}, {"flavor_text": "Durante cinco turnos, se potencian los movimientos\nde tipo Planta y los Pok\u00e9mon que est\u00e1n en contacto\ncon el suelo recuperan PS en cada turno.", "language": {"name": "es", "url": "https://pokeapi.co/api/v2/language/7/"}, "version_group": {"name": "sun-moon", "url": "https://pokeapi.co/api/v2/version-group/17/"}}, {"flavor_text": "Per cinque turni il terreno entra nello stato di Campo\nErboso: i Pok\u00e9mon a terra recuperano PS e la\npotenza delle mosse di tipo Erba aumenta.", "language": {"name": "it", "url": "https://pokeapi.co/api/v2/language/8/"}, "version_group": {"name": "sun-moon", "url": "https://pokeapi.co/api/v2/version-group/17/"}}, {"flavor_text": "The user turns the ground to grass for five turns.\nThis restores the HP of Pok\u00e9mon on the ground a\nlittle every turn and powers up Grass type-moves.", "language": {"name": "en", "url": "https://pokeapi.co/api/v2/language/9/"}, "version_group": {"name": "sun-moon", "url": "https://pokeapi.co/api/v2/version-group/17/"}}, {"flavor_text": "\uff15\u30bf\u30fc\u30f3\u306e\u3000\u9593\u3000\u30b0\u30e9\u30b9\u30d5\u30a3\u30fc\u30eb\u30c9\u306b\u3059\u308b\u3002\n\u5730\u9762\u306b\u3044\u308b\u3068\u3000\u6bce\u30bf\u30fc\u30f3\u3000\u56de\u5fa9\u3059\u308b\u3002\n\u304f\u3055\u30bf\u30a4\u30d7\u306e\u3000\u5a01\u529b\u304c\u3000\u3042\u304c\u308b\u3002", "language": {"name": "ja", "url": "https://pokeapi.co/api/v2/language/11/"}, "version_group": {"name": "sun-moon", "url": "https://pokeapi.co/api/v2/version-group/17/"}}, {"flavor_text": "\u5728\uff15\u56de\u5408\u5185\u53d8\u6210\u9752\u8349\u573a\u5730\u3002\n\u5730\u9762\u4e0a\u7684\u5b9d\u53ef\u68a6\u6bcf\u56de\u5408\u90fd\u80fd\u56de\u590d\u3002\n\u8349\u5c5e\u6027\u7684\u62db\u5f0f\u5a01\u529b\u8fd8\u4f1a\u63d0\u9ad8\u3002", "language": {"name": "zh-Hans", "url": "https://pokeapi.co/api/v2/language/12/"}, "version_group": {"name": "sun-moon", "url": "https://pokeapi.co/api/v2/version-group/17/"}}, {"flavor_text": "\uff15\u30bf\u30fc\u30f3\u306e\u3042\u3044\u3060\u3000\u30b0\u30e9\u30b9\u30d5\u30a3\u30fc\u30eb\u30c9\u306b\u3059\u308b\u3002\n\u3058\u3081\u3093\u306b\u3044\u308b\u3068\u3000\u307e\u3044\u30bf\u30fc\u30f3\u3000\u304b\u3044\u3075\u304f\u3059\u308b\u3002\n\u304f\u3055\u30bf\u30a4\u30d7\u306e\u3000\u3044\u308a\u3087\u304f\u304c\u3000\u3042\u304c\u308b\u3002", "language": {"name": "ja-Hrkt", "url": "https://pokeapi.co/api/v2/language/1/"}, "version_group": {"name": "ultra-sun-ultra-moon", "url": "https://pokeapi.co/api/v2/version-group/18/"}}, {"flavor_text": "5\ud134 \ub3d9\uc548 \uadf8\ub798\uc2a4\ud544\ub4dc\ub85c \ub9cc\ub4e0\ub2e4.\n\ub545\uc5d0 \uc788\uc73c\uba74 \ub9e4 \ud134 \ud68c\ubcf5\ud55c\ub2e4.\n\ud480\ud0c0\uc785\uc758 \uc704\ub825\uc774 \uc62c\ub77c\uac04\ub2e4.", "language": {"name": "ko", "url": "https://pokeapi.co/api/v2/language/3/"}, "version_group": {"name": "ultra-sun-ultra-moon", "url": "https://pokeapi.co/api/v2/version-group/18/"}}, {"flavor_text": "\u5728\uff15\u56de\u5408\u5167\u5c07\u8173\u4e0b\u8b8a\u6210\u9752\u8349\u5834\u5730\u3002\n\u5730\u9762\u4e0a\u7684\u5bf6\u53ef\u5922\u6bcf\u56de\u5408\u90fd\u6703\u56de\u5fa9\uff28\uff30\u3002\n\u8349\u5c6c\u6027\u62db\u5f0f\u7684\u5a01\u529b\u6703\u63d0\u9ad8\u3002", "language": {"name": "zh-Hant", "url": "https://pokeapi.co/api/v2/language/4/"}, "version_group": {"name": "ultra-sun-ultra-moon", "url": "https://pokeapi.co/api/v2/version-group/18/"}}, {"flavor_text": "Pendant cinq tours, les Pok\u00e9mon au sol r\u00e9cup\u00e8rent\nquelques PV \u00e0 chaque tour et la puissance\ndes capacit\u00e9s de type Plante augmente.", "language": {"name": "fr", "url": "https://pokeapi.co/api/v2/language/5/"}, "version_group": {"name": "ultra-sun-ultra-moon", "url": "https://pokeapi.co/api/v2/version-group/18/"}}, {"flavor_text": "Regeneriert f\u00fcnf Runden lang in jeder neuen Runde\nein paar KP aller Pok\u00e9mon, die den Boden ber\u00fchren.\nErh\u00f6ht die St\u00e4rke von Pflanzen-Attacken.", "language": {"name": "de", "url": "https://pokeapi.co/api/v2/language/6/"}, "version_group": {"name": "ultra-sun-ultra-moon", "url": "https://pokeapi.co/api/v2/version-group/18/"}}, {"flavor_text": "Durante cinco turnos, se potencian los movimientos\nde tipo Planta y los Pok\u00e9mon que est\u00e1n en contacto\ncon el suelo recuperan PS en cada turno.", "language": {"name": "es", "url": "https://pokeapi.co/api/v2/language/7/"}, "version_group": {"name": "ultra-sun-ultra-moon", "url": "https://pokeapi.co/api/v2/version-group/18/"}}, {"flavor_text": "Per cinque turni il terreno entra nello stato di Campo\nErboso: i Pok\u00e9mon a terra recuperano PS e la\npotenza delle mosse di tipo Erba aumenta.", "language": {"name": "it", "url": "https://pokeapi.co/api/v2/language/8/"}, "version_group": {"name": "ultra-sun-ultra-moon", "url": "https://pokeapi.co/api/v2/version-group/18/"}}, {"flavor_text": "The user turns the ground to grass for five turns.\nThis restores the HP of Pok\u00e9mon on the ground a\nlittle every turn and powers up Grass type-moves.", "language": {"name": "en", "url": "https://pokeapi.co/api/v2/language/9/"}, "version_group": {"name": "ultra-sun-ultra-moon", "url": "https://pokeapi.co/api/v2/version-group/18/"}}, {"flavor_text": "\uff15\u30bf\u30fc\u30f3\u306e\u3000\u9593\u3000\u30b0\u30e9\u30b9\u30d5\u30a3\u30fc\u30eb\u30c9\u306b\u3059\u308b\u3002\n\u5730\u9762\u306b\u3044\u308b\u3068\u3000\u6bce\u30bf\u30fc\u30f3\u3000\u56de\u5fa9\u3059\u308b\u3002\n\u304f\u3055\u30bf\u30a4\u30d7\u306e\u3000\u5a01\u529b\u304c\u3000\u3042\u304c\u308b\u3002", "language": {"name": "ja", "url": "https://pokeapi.co/api/v2/language/11/"}, "version_group": {"name": "ultra-sun-ultra-moon", "url": "https://pokeapi.co/api/v2/version-group/18/"}}, {"flavor_text": "\u5728\uff15\u56de\u5408\u5185\u53d8\u6210\u9752\u8349\u573a\u5730\u3002\n\u5730\u9762\u4e0a\u7684\u5b9d\u53ef\u68a6\u6bcf\u56de\u5408\u90fd\u80fd\u56de\u590d\u3002\n\u8349\u5c5e\u6027\u7684\u62db\u5f0f\u5a01\u529b\u8fd8\u4f1a\u63d0\u9ad8\u3002", "language": {"name": "zh-Hans", "url": "https://pokeapi.co/api/v2/language/12/"}, "version_group": {"name": "ultra-sun-ultra-moon", "url": "https://pokeapi.co/api/v2/version-group/18/"}}, {"flavor_text": "\uff15\u30bf\u30fc\u30f3\u306e\u3042\u3044\u3060\u3000\u30b0\u30e9\u30b9\u30d5\u30a3\u30fc\u30eb\u30c9\u306b\u3059\u308b\u3002\n\u3058\u3081\u3093\u306b\u3044\u308b\u3068\u3000\u307e\u3044\u30bf\u30fc\u30f3\u3000\u304b\u3044\u3075\u304f\u3059\u308b\u3002\n\u304f\u3055\u30bf\u30a4\u30d7\u306e\u3000\u3044\u308a\u3087\u304f\u304c\u3000\u3042\u304c\u308b\u3002", "language": {"name": "ja-Hrkt", "url": "https://pokeapi.co/api/v2/language/1/"}, "version_group": {"name": "lets-go-pikachu-lets-go-eevee", "url": "https://pokeapi.co/api/v2/version-group/19/"}}, {"flavor_text": "5\ud134 \ub3d9\uc548 \uadf8\ub798\uc2a4\ud544\ub4dc\ub85c \ub9cc\ub4e0\ub2e4.\n\ub545\uc5d0 \uc788\uc73c\uba74 \ub9e4 \ud134 \ud68c\ubcf5\ud55c\ub2e4.\n\ud480\ud0c0\uc785\uc758 \uc704\ub825\uc774 \uc62c\ub77c\uac04\ub2e4.", "language": {"name": "ko", "url": "https://pokeapi.co/api/v2/language/3/"}, "version_group": {"name": "lets-go-pikachu-lets-go-eevee", "url": "https://pokeapi.co/api/v2/version-group/19/"}}, {"flavor_text": "\u5728\uff15\u56de\u5408\u5167\u5c07\u8173\u4e0b\u8b8a\u6210\u9752\u8349\u5834\u5730\u3002\n\u5730\u9762\u4e0a\u7684\u5bf6\u53ef\u5922\u6bcf\u56de\u5408\u90fd\u6703\u56de\u5fa9HP\u3002\n\u8349\u5c6c\u6027\u62db\u5f0f\u7684\u5a01\u529b\u6703\u63d0\u9ad8\u3002", "language": {"name": "zh-Hant", "url": "https://pokeapi.co/api/v2/language/4/"}, "version_group": {"name": "lets-go-pikachu-lets-go-eevee", "url": "https://pokeapi.co/api/v2/version-group/19/"}}, {"flavor_text": "Pendant cinq tours, les Pok\u00e9mon au sol r\u00e9cup\u00e8rent\nquelques PV \u00e0 chaque tour et la puissance\ndes capacit\u00e9s de type Plante augmente.", "language": {"name": "fr", "url": "https://pokeapi.co/api/v2/language/5/"}, "version_group": {"name": "lets-go-pikachu-lets-go-eevee", "url": "https://pokeapi.co/api/v2/version-group/19/"}}, {"flavor_text": "Regeneriert f\u00fcnf Runden lang in jeder neuen Runde\nein paar KP aller Pok\u00e9mon, die den Boden ber\u00fchren.\nErh\u00f6ht die St\u00e4rke von Pflanzen-Attacken.", "language": {"name": "de", "url": "https://pokeapi.co/api/v2/language/6/"}, "version_group": {"name": "lets-go-pikachu-lets-go-eevee", "url": "https://pokeapi.co/api/v2/version-group/19/"}}, {"flavor_text": "Durante cinco turnos, se potencian los movimientos\nde tipo Planta y los Pok\u00e9mon que est\u00e1n en contacto\ncon el suelo recuperan PS en cada turno.", "language": {"name": "es", "url": "https://pokeapi.co/api/v2/language/7/"}, "version_group": {"name": "lets-go-pikachu-lets-go-eevee", "url": "https://pokeapi.co/api/v2/version-group/19/"}}, {"flavor_text": "Per cinque turni il terreno entra nello stato di Campo\nErboso: i Pok\u00e9mon a terra recuperano PS e la\npotenza delle mosse di tipo Erba aumenta.", "language": {"name": "it", "url": "https://pokeapi.co/api/v2/language/8/"}, "version_group": {"name": "lets-go-pikachu-lets-go-eevee", "url": "https://pokeapi.co/api/v2/version-group/19/"}}, {"flavor_text": "The user turns the ground to grass for five turns.\nThis restores the HP of Pok\u00e9mon on the ground a\nlittle every turn and powers up Grass-type moves.", "language": {"name": "en", "url": "https://pokeapi.co/api/v2/language/9/"}, "version_group": {"name": "lets-go-pikachu-lets-go-eevee", "url": "https://pokeapi.co/api/v2/version-group/19/"}}, {"flavor_text": "\uff15\u30bf\u30fc\u30f3\u306e\u3000\u9593\u3000\u30b0\u30e9\u30b9\u30d5\u30a3\u30fc\u30eb\u30c9\u306b\u3059\u308b\u3002\n\u5730\u9762\u306b\u3044\u308b\u3068\u3000\u6bce\u30bf\u30fc\u30f3\u3000\u56de\u5fa9\u3059\u308b\u3002\n\u304f\u3055\u30bf\u30a4\u30d7\u306e\u3000\u5a01\u529b\u304c\u3000\u3042\u304c\u308b\u3002", "language": {"name": "ja", "url": "https://pokeapi.co/api/v2/language/11/"}, "version_group": {"name": "lets-go-pikachu-lets-go-eevee", "url": "https://pokeapi.co/api/v2/version-group/19/"}}, {"flavor_text": "\u5728\uff15\u56de\u5408\u5185\u53d8\u6210\u9752\u8349\u573a\u5730\u3002\n\u5730\u9762\u4e0a\u7684\u5b9d\u53ef\u68a6\u6bcf\u56de\u5408\u90fd\u80fd\u56de\u590d\u3002\n\u8349\u5c5e\u6027\u7684\u62db\u5f0f\u5a01\u529b\u8fd8\u4f1a\u63d0\u9ad8\u3002", "language": {"name": "zh-Hans", "url": "https://pokeapi.co/api/v2/language/12/"}, "version_group": {"name": "lets-go-pikachu-lets-go-eevee", "url": "https://pokeapi.co/api/v2/version-group/19/"}}, {"flavor_text": "\uff15\u30bf\u30fc\u30f3\u306e\u3042\u3044\u3060\u3000\u30b0\u30e9\u30b9\u30d5\u30a3\u30fc\u30eb\u30c9\u306b\u3059\u308b\u3002\n\u3058\u3081\u3093\u306b\u3044\u308b\u3068\u3000\u307e\u3044\u30bf\u30fc\u30f3\u3000\u304b\u3044\u3075\u304f\u3059\u308b\u3002\n\u304f\u3055\u30bf\u30a4\u30d7\u306e\u3000\u3044\u308a\u3087\u304f\u304c\u3000\u3042\u304c\u308b\u3002", "language": {"name": "ja-Hrkt", "url": "https://pokeapi.co/api/v2/language/1/"}, "version_group": {"name": "sword-shield", "url": "https://pokeapi.co/api/v2/version-group/20/"}}, {"flavor_text": "5\ud134 \ub3d9\uc548 \uadf8\ub798\uc2a4\ud544\ub4dc\ub85c \ub9cc\ub4e0\ub2e4.\n\ub545\uc5d0 \uc788\uc73c\uba74 \ub9e4 \ud134 \ud68c\ubcf5\ud55c\ub2e4.\n\ud480\ud0c0\uc785\uc758 \uc704\ub825\uc774 \uc62c\ub77c\uac04\ub2e4.", "language": {"name": "ko", "url": "https://pokeapi.co/api/v2/language/3/"}, "version_group": {"name": "sword-shield", "url": "https://pokeapi.co/api/v2/version-group/20/"}}, {"flavor_text": "\u5728\uff15\u56de\u5408\u5167\u5c07\u8173\u4e0b\u8b8a\u6210\u9752\u8349\u5834\u5730\u3002\n\u5730\u9762\u4e0a\u7684\u5bf6\u53ef\u5922\u6bcf\u56de\u5408\u90fd\u6703\u56de\u5fa9\uff28\uff30\u3002\n\u8349\u5c6c\u6027\u62db\u5f0f\u7684\u5a01\u529b\u6703\u63d0\u9ad8\u3002", "language": {"name": "zh-Hant", "url": "https://pokeapi.co/api/v2/language/4/"}, "version_group": {"name": "sword-shield", "url": "https://pokeapi.co/api/v2/version-group/20/"}}, {"flavor_text": "Pendant cinq tours, les Pok\u00e9mon au sol r\u00e9cup\u00e8rent\nquelques PV \u00e0 chaque tour et la puissance\ndes capacit\u00e9s de type Plante augmente.", "language": {"name": "fr", "url": "https://pokeapi.co/api/v2/language/5/"}, "version_group": {"name": "sword-shield", "url": "https://pokeapi.co/api/v2/version-group/20/"}}, {"flavor_text": "Regeneriert f\u00fcnf Runden lang in jeder neuen Runde\nein paar KP aller Pok\u00e9mon, die den Boden ber\u00fchren.\nErh\u00f6ht die St\u00e4rke von Pflanzen-Attacken.", "language": {"name": "de", "url": "https://pokeapi.co/api/v2/language/6/"}, "version_group": {"name": "sword-shield", "url": "https://pokeapi.co/api/v2/version-group/20/"}}, {"flavor_text": "Durante cinco turnos, se potencian los movimientos de\ntipo Planta y los Pok\u00e9mon que est\u00e1n en contacto con el\nsuelo recuperan PS en cada turno.", "language": {"name": "es", "url": "https://pokeapi.co/api/v2/language/7/"}, "version_group": {"name": "sword-shield", "url": "https://pokeapi.co/api/v2/version-group/20/"}}, {"flavor_text": "Per cinque turni il terreno entra nello stato di Campo\nErboso: i Pok\u00e9mon a terra recuperano PS a ogni turno\ne la potenza delle mosse di tipo Erba aumenta.", "language": {"name": "it", "url": "https://pokeapi.co/api/v2/language/8/"}, "version_group": {"name": "sword-shield", "url": "https://pokeapi.co/api/v2/version-group/20/"}}, {"flavor_text": "The user turns the ground to grass for five turns.\nThis restores the HP of Pok\u00e9mon on the ground a\nlittle every turn and powers up Grass-type moves.", "language": {"name": "en", "url": "https://pokeapi.co/api/v2/language/9/"}, "version_group": {"name": "sword-shield", "url": "https://pokeapi.co/api/v2/version-group/20/"}}, {"flavor_text": "\uff15\u30bf\u30fc\u30f3\u306e\u3000\u9593\u3000\u30b0\u30e9\u30b9\u30d5\u30a3\u30fc\u30eb\u30c9\u306b\u3059\u308b\u3002\n\u5730\u9762\u306b\u3044\u308b\u3068\u3000\u6bce\u30bf\u30fc\u30f3\u3000\u56de\u5fa9\u3059\u308b\u3002\n\u304f\u3055\u30bf\u30a4\u30d7\u306e\u3000\u5a01\u529b\u304c\u3000\u3042\u304c\u308b\u3002", "language": {"name": "ja", "url": "https://pokeapi.co/api/v2/language/11/"}, "version_group": {"name": "sword-shield", "url": "https://pokeapi.co/api/v2/version-group/20/"}}, {"flavor_text": "\u5728\uff15\u56de\u5408\u5185\u53d8\u6210\u9752\u8349\u573a\u5730\u3002\n\u5730\u9762\u4e0a\u7684\u5b9d\u53ef\u68a6\u6bcf\u56de\u5408\u90fd\u80fd\u56de\u590d\u3002\n\u8349\u5c5e\u6027\u7684\u62db\u5f0f\u5a01\u529b\u8fd8\u4f1a\u63d0\u9ad8\u3002", "language": {"name": "zh-Hans", "url": "https://pokeapi.co/api/v2/language/12/"}, "version_group": {"name": "sword-shield", "url": "https://pokeapi.co/api/v2/version-group/20/"}}], "generation": {"name": "generation-vi", "url": "https://pokeapi.co/api/v2/generation/6/"}, "id": 580, "learned_by_pokemon": [{"name": "bulbasaur", "url": "https://pokeapi.co/api/v2/pokemon/1/"}, {"name": "ivysaur", "url": "https://pokeapi.co/api/v2/pokemon/2/"}, {"name": "venusaur", "url": "https://pokeapi.co/api/v2/pokemon/3/"}, {"name": "oddish", "url": "https://pokeapi.co/api/v2/pokemon/43/"}, {"name": "gloom", "url": "https://pokeapi.co/api/v2/pokemon/44/"}, {"name": "vileplume", "url": "https://pokeapi.co/api/v2/pokemon/45/"}, {"name": "paras", "url": "https://pokeapi.co/api/v2/pokemon/46/"}, {"name": "bellsprout", "url": "https://pokeapi.co/api/v2/pokemon/69/"}, {"name": "weepinbell", "url": "https://pokeapi.co/api/v2/pokemon/70/"}, {"name": "victreebel", "url": "https://pokeapi.co/api/v2/pokemon/71/"}, {"name": "exeggcute", "url": "https://pokeapi.co/api/v2/pokemon/102/"}, {"name": "exeggutor", "url": "https://pokeapi.co/api/v2/pokemon/103/"}, {"name": "tangela", "url": "https://pokeapi.co/api/v2/pokemon/114/"}, {"name": "mew", "url": "https://pokeapi.co/api/v2/pokemon/151/"}, {"name": "chikorita", "url": "https://pokeapi.co/api/v2/pokemon/152/"}, {"name": "bayleef", "url": "https://pokeapi.co/api/v2/pokemon/153/"}, {"name": "meganium", "url": "https://pokeapi.co/api/v2/pokemon/154/"}, {"name": "bellossom", "url": "https://pokeapi.co/api/v2/pokemon/182/"}, {"name": "hoppip", "url": "https://pokeapi.co/api/v2/pokemon/187/"}, {"name": "skiploom", "url": "https://pokeapi.co/api/v2/pokemon/188/"}, {"name": "jumpluff", "url": "https://pokeapi.co/api/v2/pokemon/189/"}, {"name": "sunkern", "url": "https://pokeapi.co/api/v2/pokemon/191/"}, {"name": "sunflora", "url": "https://pokeapi.co/api/v2/pokemon/192/"}, {"name": "celebi", "url": "https://pokeapi.co/api/v2/pokemon/251/"}, {"name": "treecko", "url": "https://pokeapi.co/api/v2/pokemon/252/"}, {"name": "grovyle", "url": "https://pokeapi.co/api/v2/pokemon/253/"}, {"name": "sceptile", "url": "https://pokeapi.co/api/v2/pokemon/254/"}, {"name": "lotad", "url": "https://pokeapi.co/api/v2/pokemon/270/"}, {"name": "lombre", "url": "https://pokeapi.co/api/v2/pokemon/271/"}, {"name": "ludicolo", "url": "https://pokeapi.co/api/v2/pokemon/272/"}, {"name": "seedot", "url": "https://pokeapi.co/api/v2/pokemon/273/"}, {"name": "nuzleaf", "url": "https://pokeapi.co/api/v2/pokemon/274/"}, {"name": "shiftry", "url": "https://pokeapi.co/api/v2/pokemon/275/"}, {"name": "shroomish", "url": "https://pokeapi.co/api/v2/pokemon/285/"}, {"name": "breloom", "url": "https://pokeapi.co/api/v2/pokemon/286/"}, {"name": "cacnea", "url": "https://pokeapi.co/api/v2/pokemon/331/"}, {"name": "cacturne", "url": "https://pokeapi.co/api/v2/pokemon/332/"}, {"name": "cradily", "url": "https://pokeapi.co/api/v2/pokemon/346/"}, {"name": "tropius", "url": "https://pokeapi.co/api/v2/pokemon/357/"}, {"name": "turtwig", "url": "https://pokeapi.co/api/v2/pokemon/387/"}, {"name": "grotle", "url": "https://pokeapi.co/api/v2/pokemon/388/"}, {"name": "torterra", "url": "https://pokeapi.co/api/v2/pokemon/389/"}, {"name": "roserade", "url": "https://pokeapi.co/api/v2/pokemon/407/"}, {"name": "cherubi", "url": "https://pokeapi.co/api/v2/pokemon/420/"}, {"name": "cherrim", "url": "https://pokeapi.co/api/v2/pokemon/421/"}, {"name": "tangrowth", "url": "https://pokeapi.co/api/v2/pokemon/465/"}, {"name": "shaymin-land", "url": "https://pokeapi.co/api/v2/pokemon/492/"}, {"name": "arceus", "url": "https://pokeapi.co/api/v2/pokemon/493/"}, {"name": "snivy", "url": "https://pokeapi.co/api/v2/pokemon/495/"}, {"name": "servine", "url": "https://pokeapi.co/api/v2/pokemon/496/"}, {"name": "serperior", "url": "https://pokeapi.co/api/v2/pokemon/497/"}, {"name": "sewaddle", "url": "https://pokeapi.co/api/v2/pokemon/540/"}, {"name": "swadloon", "url": "https://pokeapi.co/api/v2/pokemon/541/"}, {"name": "leavanny", "url": "https://pokeapi.co/api/v2/pokemon/542/"}, {"name": "cottonee", "url": "https://pokeapi.co/api/v2/pokemon/546/"}, {"name": "whimsicott", "url": "https://pokeapi.co/api/v2/pokemon/547/"}, {"name": "lilligant", "url": "https://pokeapi.co/api/v2/pokemon/549/"}, {"name": "maractus", "url": "https://pokeapi.co/api/v2/pokemon/556/"}, {"name": "deerling", "url": "https://pokeapi.co/api/v2/pokemon/585/"}, {"name": "sawsbuck", "url": "https://pokeapi.co/api/v2/pokemon/586/"}, {"name": "foongus", "url": "https://pokeapi.co/api/v2/pokemon/590/"}, {"name": "amoonguss", "url": "https://pokeapi.co/api/v2/pokemon/591/"}, {"name": "chespin", "url": "https://pokeapi.co/api/v2/pokemon/650/"}, {"name": "quilladin", "url": "https://pokeapi.co/api/v2/pokemon/651/"}, {"name": "chesnaught", "url": "https://pokeapi.co/api/v2/pokemon/652/"}, {"name": "flabebe", "url": "https://pokeapi.co/api/v2/pokemon/669/"}, {"name": "floette", "url": "https://pokeapi.co/api/v2/pokemon/670/"}, {"name": "florges", "url": "https://pokeapi.co/api/v2/pokemon/671/"}, {"name": "skiddo", "url": "https://pokeapi.co/api/v2/pokemon/672/"}, {"name": "gogoat", "url": "https://pokeapi.co/api/v2/pokemon/673/"}, {"name": "phantump", "url": "https://pokeapi.co/api/v2/pokemon/708/"}, {"name": "trevenant", "url": "https://pokeapi.co/api/v2/pokemon/709/"}, {"name": "rowlet", "url": "https://pokeapi.co/api/v2/pokemon/722/"}, {"name": "dartrix", "url": "https://pokeapi.co/api/v2/pokemon/723/"}, {"name": "decidueye", "url": "https://pokeapi.co/api/v2/pokemon/724/"}, {"name": "fomantis", "url": "https://pokeapi.co/api/v2/pokemon/753/"}, {"name": "lurantis", "url": "https://pokeapi.co/api/v2/pokemon/754/"}, {"name": "bounsweet", "url": "https://pokeapi.co/api/v2/pokemon/761/"}, {"name": "steenee", "url": "https://pokeapi.co/api/v2/pokemon/762/"}, {"name": "tsareena", "url": "https://pokeapi.co/api/v2/pokemon/763/"}, {"name": "comfey", "url": "https://pokeapi.co/api/v2/pokemon/764/"}, {"name": "tapu-bulu", "url": "https://pokeapi.co/api/v2/pokemon/787/"}, {"name": "grookey", "url": "https://pokeapi.co/api/v2/pokemon/810/"}, {"name": "thwackey", "url": "https://pokeapi.co/api/v2/pokemon/811/"}, {"name": "rillaboom", "url": "https://pokeapi.co/api/v2/pokemon/812/"}, {"name": "gossifleur", "url": "https://pokeapi.co/api/v2/pokemon/829/"}, {"name": "eldegoss", "url": "https://pokeapi.co/api/v2/pokemon/830/"}, {"name": "flapple", "url": "https://pokeapi.co/api/v2/pokemon/841/"}, {"name": "appletun", "url": "https://pokeapi.co/api/v2/pokemon/842/"}, {"name": "zarude", "url": "https://pokeapi.co/api/v2/pokemon/893/"}, {"name": "calyrex", "url": "https://pokeapi.co/api/v2/pokemon/898/"}, {"name": "enamorus-incarnate", "url": "https://pokeapi.co/api/v2/pokemon/905/"}, {"name": "sprigatito", "url": "https://pokeapi.co/api/v2/pokemon/906/"}, {"name": "floragato", "url": "https://pokeapi.co/api/v2/pokemon/907/"}, {"name": "meowscarada", "url": "https://pokeapi.co/api/v2/pokemon/908/"}, {"name": "smoliv", "url": "https://pokeapi.co/api/v2/pokemon/928/"}, {"name": "dolliv", "url": "https://pokeapi.co/api/v2/pokemon/929/"}, {"name": "arboliva", "url": "https://pokeapi.co/api/v2/pokemon/930/"}, {"name": "bramblin", "url": "https://pokeapi.co/api/v2/pokemon/946/"}, {"name": "brambleghast", "url": "https://pokeapi.co/api/v2/pokemon/947/"}, {"name": "toedscool", "url": "https://pokeapi.co/api/v2/pokemon/948/"}, {"name": "toedscruel", "url": "https://pokeapi.co/api/v2/pokemon/949/"}, {"name": "capsakid", "url": "https://pokeapi.co/api/v2/pokemon/951/"}, {"name": "scovillain", "url": "https://pokeapi.co/api/v2/pokemon/952/"}, {"name": "brute-bonnet", "url": "https://pokeapi.co/api/v2/pokemon/986/"}, {"name": "wo-chien", "url": "https://pokeapi.co/api/v2/pokemon/1001/"}, {"name": "iron-leaves", "url": "https://pokeapi.co/api/v2/pokemon/1010/"}, {"name": "dipplin", "url": "https://pokeapi.co/api/v2/pokemon/1011/"}, {"name": "poltchageist", "url": "https://pokeapi.co/api/v2/pokemon/1012/"}, {"name": "sinistcha", "url": "https://pokeapi.co/api/v2/pokemon/1013/"}, {"name": "ogerpon", "url": "https://pokeapi.co/api/v2/pokemon/1017/"}, {"name": "hydrapple", "url": "https://pokeapi.co/api/v2/pokemon/1019/"}, {"name": "shaymin-sky", "url": "https://pokeapi.co/api/v2/pokemon/10006/"}, {"name": "floette-eternal", "url": "https://pokeapi.co/api/v2/pokemon/10061/"}, {"name": "exeggutor-alola", "url": "https://pokeapi.co/api/v2/pokemon/10114/"}, {"name": "zarude-dada", "url": "https://pokeapi.co/api/v2/pokemon/10192/"}, {"name": "calyrex-ice", "url": "https://pokeapi.co/api/v2/pokemon/10193/"}, {"name": "calyrex-shadow", "url": "https://pokeapi.co/api/v2/pokemon/10194/"}, {"name": "voltorb-hisui", "url": "https://pokeapi.co/api/v2/pokemon/10231/"}, {"name": "electrode-hisui", "url": "https://pokeapi.co/api/v2/pokemon/10232/"}, {"name": "lilligant-hisui", "url": "https://pokeapi.co/api/v2/pokemon/10237/"}, {"name": "decidueye-hisui", "url": "https://pokeapi.co/api/v2/pokemon/10244/"}, {"name": "enamorus-therian", "url": "https://pokeapi.co/api/v2/pokemon/10249/"}, {"name": "ogerpon-wellspring-mask", "url": "https://pokeapi.co/api/v2/pokemon/10273/"}, {"name": "ogerpon-hearthflame-mask", "url": "https://pokeapi.co/api/v2/pokemon/10274/"}, {"name": "ogerpon-cornerstone-mask", "url": "https://pokeapi.co/api/v2/pokemon/10275/"}], "machines": [{"machine": {"url": "https://pokeapi.co/api/v2/machine/1391/"}, "version_group": {"name": "sword-shield", "url": "https://pokeapi.co/api/v2/version-group/20/"}}, {"machine": {"url": "https://pokeapi.co/api/v2/machine/1842/"}, "version_group": {"name": "scarlet-violet", "url": "https://pokeapi.co/api/v2/version-group/25/"}}, {"machine": {"url": "https://pokeapi.co/api/v2/machine/2033/"}, "version_group": {"name": "the-indigo-disk", "url": "https://pokeapi.co/api/v2/version-group/27/"}}], "meta": {"ailment": {"name": "none", "url": "https://pokeapi.co/api/v2/move-ailment/0/"}, "ailment_chance": 0, "category": {"name": "whole-field-effect", "url": "https://pokeapi.co/api/v2/move-category/10/"}, "crit_rate": 0, "drain": 0, "flinch_chance": 0, "healing": 0, "max_hits": null, "max_turns": null, "min_hits": null, "min_turns": null, "stat_chance": 0}, "name": "grassy-terrain", "names": [{"language": {"name": "ja-Hrkt", "url": "https://pokeapi.co/api/v2/language/1/"}, "name": "\u30b0\u30e9\u30b9\u30d5\u30a3\u30fc\u30eb\u30c9"}, {"language": {"name": "ko", "url": "https://pokeapi.co/api/v2/language/3/"}, "name": "\uadf8\ub798\uc2a4\ud544\ub4dc"}, {"language": {"name": "zh-Hant", "url": "https://pokeapi.co/api/v2/language/4/"}, "name": "\u9752\u8349\u5834\u5730"}, {"language": {"name": "fr", "url": "https://pokeapi.co/api/v2/language/5/"}, "name": "Champ Herbu"}, {"language": {"name": "de", "url": "https://pokeapi.co/api/v2/language/6/"}, "name": "Grasfeld"}, {"language": {"name": "es", "url": "https://pokeapi.co/api/v2/language/7/"}, "name": "Campo de Hierba"}, {"language": {"name": "it", "url": "https://pokeapi.co/api/v2/language/8/"}, "name": "Campo Erboso"}, {"language": {"name": "en", "url": "https://pokeapi.co/api/v2/language/9/"}, "name": "Grassy Terrain"}, {"language": {"name": "ja", "url": "https://pokeapi.co/api/v2/language/11/"}, "name": "\u30b0\u30e9\u30b9\u30d5\u30a3\u30fc\u30eb\u30c9"}, {"language": {"name": "zh-Hans", "url": "https://pokeapi.co/api/v2/language/12/"}, "name": "\u9752\u8349\u573a\u5730"}], "past_values": [], "power": null, "pp": 10, "priority": 0, "stat_changes": [], "super_contest_effect": null, "target": {"name": "entire-field", "url": "https://pokeapi.co/api/v2/move-target/12/"}, "type": {"name": "grass", "url": "https://pokeapi.co/api/v2/type/12/"}}