{"accuracy": null, "contest_combos": {"normal": {"use_after": null, "use_before": [{"name": "vine-whip", "url": "https://pokeapi.co/api/v2/move/22/"}, {"name": "absorb", "url": "https://pokeapi.co/api/v2/move/71/"}, {"name": "mega-drain", "url": "https://pokeapi.co/api/v2/move/72/"}, {"name": "razor-leaf", "url": "https://pokeapi.co/api/v2/move/75/"}, {"name": "solar-beam", "url": "https://pokeapi.co/api/v2/move/76/"}, {"name": "petal-dance", "url": "https://pokeapi.co/api/v2/move/80/"}, {"name": "giga-drain", "url": "https://pokeapi.co/api/v2/move/202/"}, {"name": "bullet-seed", "url": "https://pokeapi.co/api/v2/move/331/"}, {"name": "frenzy-plant", "url": "https://pokeapi.co/api/v2/move/338/"}, {"name": "magical-leaf", "url": "https://pokeapi.co/api/v2/move/345/"}]}, "super": {"use_after": null, "use_before": [{"name": "magical-leaf", "url": "https://pokeapi.co/api/v2/move/345/"}]}}, "contest_effect": {"url": "https://pokeapi.co/api/v2/contest-effect/32/"}, "contest_type": {"name": "beauty", "url": "https://pokeapi.co/api/v2/contest-type/2/"}, "damage_class": {"name": "status", "url": "https://pokeapi.co/api/v2/move-damage-class/1/"}, "effect_chance": null, "effect_changes": [], "effect_entries": [{"effect": "Raises the user's Attack and Special Attack by one stage each.  During sunny day, raises both stats by two stages.", "language": {"name": "en", "url": "https://pokeapi.co/api/v2/language/9/"}, "short_effect": "Raises the user's Attack and Special Attack by one stage."}], "flavor_text_entries": [{"flavor_text": "Raises the SPCL.\nATK rating.", "language": {"name": "en", "url": "https://pokeapi.co/api/v2/language/9/"}, "version_group": {"name": "gold-silver", "url": "https://pokeapi.co/api/v2/version-group/3/"}}, {"flavor_text": "Raises the SPCL.\nATK rating.", "language": {"name": "en", "url": "https://pokeapi.co/api/v2/language/9/"}, "version_group": {"name": "crystal", "url": "https://pokeapi.co/api/v2/version-group/4/"}}, {"flavor_text": "Forces the body to grow\nand heightens SP. ATK.", "language": {"name": "en", "url": "https://pokeapi.co/api/v2/language/9/"}, "version_group": {"name": "ruby-sapphire", "url": "https://pokeapi.co/api/v2/version-group/5/"}}, {"flavor_text": "Forces the body to grow\nand heightens SP. ATK.", "language": {"name": "en", "url": "https://pokeapi.co/api/v2/language/9/"}, "version_group": {"name": "emerald", "url": "https://pokeapi.co/api/v2/version-group/6/"}}, {"flavor_text": "The user\u2019s body is\nforced to grow,\nraising the SP.\nATK stat.", "language": {"name": "en", "url": "https://pokeapi.co/api/v2/language/9/"}, "version_group": {"name": "firered-leafgreen", "url": "https://pokeapi.co/api/v2/version-group/7/"}}, {"flavor_text": "The user\u2019s body is\nforced to grow all at\nonce. It raises the\nSp. Atk stat.\n", "language": {"name": "en", "url": "https://pokeapi.co/api/v2/language/9/"}, "version_group": {"name": "diamond-pearl", "url": "https://pokeapi.co/api/v2/version-group/8/"}}, {"flavor_text": "The user\u2019s body is\nforced to grow all at\nonce. It raises the\nSp. Atk stat.\n", "language": {"name": "en", "url": "https://pokeapi.co/api/v2/language/9/"}, "version_group": {"name": "platinum", "url": "https://pokeapi.co/api/v2/version-group/9/"}}, {"flavor_text": "The user\u2019s body is\nforced to grow all at\nonce. It raises the\nSp. Atk stat.\n", "language": {"name": "en", "url": "https://pokeapi.co/api/v2/language/9/"}, "version_group": {"name": "heartgold-soulsilver", "url": "https://pokeapi.co/api/v2/version-group/10/"}}, {"flavor_text": "Le corps du lanceur se d\u00e9veloppe.\nAugmente l\u2019Attaque et l\u2019Attaque Sp\u00e9ciale.", "language": {"name": "fr", "url": "https://pokeapi.co/api/v2/language/5/"}, "version_group": {"name": "black-white", "url": "https://pokeapi.co/api/v2/version-group/11/"}}, {"flavor_text": "The user\u2019s body grows all at once,\nraising the Attack and Sp. Atk stats.", "language": {"name": "en", "url": "https://pokeapi.co/api/v2/language/9/"}, "version_group": {"name": "black-white", "url": "https://pokeapi.co/api/v2/version-group/11/"}}, {"flavor_text": "The user\u2019s body grows all at once,\nraising the Attack and Sp. Atk stats.", "language": {"name": "en", "url": "https://pokeapi.co/api/v2/language/9/"}, "version_group": {"name": "black-2-white-2", "url": "https://pokeapi.co/api/v2/version-group/14/"}}, {"flavor_text": "\u304b\u3089\u3060\u3092\u3000\u3044\u3063\u304d\u306b\n\u304a\u304a\u304d\u304f\u3000\u305b\u3044\u3061\u3087\u3046\u3000\u3055\u305b\u3066\n\u3053\u3046\u3052\u304d\u3068\u3000\u3068\u304f\u3053\u3046\u3092\u3000\u3042\u3052\u308b\u3002", "language": {"name": "ja-Hrkt", "url": "https://pokeapi.co/api/v2/language/1/"}, "version_group": {"name": "x-y", "url": "https://pokeapi.co/api/v2/version-group/15/"}}, {"flavor_text": "\ubab8\uc744 \uc77c\uc2dc\uc5d0\n\ud06c\uac8c \uc131\uc7a5\uc2dc\ucf1c\n\uacf5\uaca9\uacfc \ud2b9\uc218\uacf5\uaca9\uc744 \uc62c\ub9b0\ub2e4.", "language": {"name": "ko", "url": "https://pokeapi.co/api/v2/language/3/"}, "version_group": {"name": "x-y", "url": "https://pokeapi.co/api/v2/version-group/15/"}}, {"flavor_text": "Le corps du lanceur se d\u00e9veloppe.\nAugmente l\u2019Attaque et l\u2019Attaque Sp\u00e9ciale.", "language": {"name": "fr", "url": "https://pokeapi.co/api/v2/language/5/"}, "version_group": {"name": "x-y", "url": "https://pokeapi.co/api/v2/version-group/15/"}}, {"flavor_text": "Der K\u00f6rper w\u00e4chst. Dadurch steigen Angriff\nund Spezial-Angriff.", "language": {"name": "de", "url": "https://pokeapi.co/api/v2/language/6/"}, "version_group": {"name": "x-y", "url": "https://pokeapi.co/api/v2/version-group/15/"}}, {"flavor_text": "El cuerpo del usuario crece a marchas forzadas y\naumenta el Ataque y el Ataque Especial.", "language": {"name": "es", "url": "https://pokeapi.co/api/v2/language/7/"}, "version_group": {"name": "x-y", "url": "https://pokeapi.co/api/v2/version-group/15/"}}, {"flavor_text": "Provoca la crescita immediata del corpo\ne l\u2019aumento dell\u2019Attacco e dell\u2019Attacco Speciale\ndi chi la usa.", "language": {"name": "it", "url": "https://pokeapi.co/api/v2/language/8/"}, "version_group": {"name": "x-y", "url": "https://pokeapi.co/api/v2/version-group/15/"}}, {"flavor_text": "The user\u2019s body grows all at once,\nraising the Attack and Sp. Atk stats.", "language": {"name": "en", "url": "https://pokeapi.co/api/v2/language/9/"}, "version_group": {"name": "x-y", "url": "https://pokeapi.co/api/v2/version-group/15/"}}, {"flavor_text": "\u4f53\u3092\u3000\u4e00\u6c17\u306b\n\u5927\u304d\u304f\u3000\u751f\u9577\u3055\u305b\u3066\n\u653b\u6483\u3068\u3000\u7279\u653b\u3092\u3000\u3042\u3052\u308b\u3002", "language": {"name": "ja", "url": "https://pokeapi.co/api/v2/language/11/"}, "version_group": {"name": "x-y", "url": "https://pokeapi.co/api/v2/version-group/15/"}}, {"flavor_text": "\u304b\u3089\u3060\u3092\u3000\u3044\u3063\u304d\u306b\n\u304a\u304a\u304d\u304f\u3000\u305b\u3044\u3061\u3087\u3046\u3000\u3055\u305b\u3066\n\u3053\u3046\u3052\u304d\u3068\u3000\u3068\u304f\u3053\u3046\u3092\u3000\u3042\u3052\u308b\u3002", "language": {"name": "ja-Hrkt", "url": "https://pokeapi.co/api/v2/language/1/"}, "version_group": {"name": "omega-ruby-alpha-sapphire", "url": "https://pokeapi.co/api/v2/version-group/16/"}}, {"flavor_text": "\ubab8\uc744 \uc77c\uc2dc\uc5d0\n\ud06c\uac8c \uc131\uc7a5\uc2dc\ucf1c\n\uacf5\uaca9\uacfc \ud2b9\uc218\uacf5\uaca9\uc744 \uc62c\ub9b0\ub2e4.", "language": {"name": "ko", "url": "https://pokeapi.co/api/v2/language/3/"}, "version_group": {"name": "omega-ruby-alpha-sapphire", "url": "https://pokeapi.co/api/v2/version-group/16/"}}, {"flavor_text": "Le corps du lanceur se d\u00e9veloppe.\nAugmente l\u2019Attaque et l\u2019Attaque Sp\u00e9ciale.", "language": {"name": "fr", "url": "https://pokeapi.co/api/v2/language/5/"}, "version_group": {"name": "omega-ruby-alpha-sapphire", "url": "https://pokeapi.co/api/v2/version-group/16/"}}, {"flavor_text": "Der K\u00f6rper w\u00e4chst. Dadurch steigen Angriff\nund Spezial-Angriff.", "language": {"name": "de", "url": "https://pokeapi.co/api/v2/language/6/"}, "version_group": {"name": "omega-ruby-alpha-sapphire", "url": "https://pokeapi.co/api/v2/version-group/16/"}}, {"flavor_text": "El cuerpo del usuario crece a marchas forzadas y \naumenta el Ataque y el Ataque Especial.", "language": {"name": "es", "url": "https://pokeapi.co/api/v2/language/7/"}, "version_group": {"name": "omega-ruby-alpha-sapphire", "url": "https://pokeapi.co/api/v2/version-group/16/"}}, {"flavor_text": "Provoca la crescita immediata del corpo\ne l\u2019aumento dell\u2019Attacco e dell\u2019Attacco Speciale\ndi chi la usa.", "language": {"name": "it", "url": "https://pokeapi.co/api/v2/language/8/"}, "version_group": {"name": "omega-ruby-alpha-sapphire", "url": "https://pokeapi.co/api/v2/version-group/16/"}}, {"flavor_text": "The user\u2019s body grows all at once,\nraising the Attack and Sp. Atk stats.", "language": {"name": "en", "url": "https://pokeapi.co/api/v2/language/9/"}, "version_group": {"name": "omega-ruby-alpha-sapphire", "url": "https://pokeapi.co/api/v2/version-group/16/"}}, {"flavor_text": "\u4f53\u3092\u3000\u4e00\u6c17\u306b\n\u5927\u304d\u304f\u3000\u751f\u9577\u3055\u305b\u3066\n\u653b\u6483\u3068\u3000\u7279\u653b\u3092\u3000\u3042\u3052\u308b\u3002", "language": {"name": "ja", "url": "https://pokeapi.co/api/v2/language/11/"}, "version_group": {"name": "omega-ruby-alpha-sapphire", "url": "https://pokeapi.co/api/v2/version-group/16/"}}, {"flavor_text": "\u304b\u3089\u3060\u3092\u3000\u3044\u3063\u304d\u306b\n\u304a\u304a\u304d\u304f\u3000\u305b\u3044\u3061\u3087\u3046\u3000\u3055\u305b\u3066\n\u3053\u3046\u3052\u304d\u3068\u3000\u3068\u304f\u3053\u3046\u3092\u3000\u3042\u3052\u308b\u3002", "language": {"name": "ja-Hrkt", "url": "https://pokeapi.co/api/v2/language/1/"}, "version_group": {"name": "sun-moon", "url": "https://pokeapi.co/api/v2/version-group/17/"}}, {"flavor_text": "\ubab8\uc744 \uc77c\uc2dc\uc5d0\n\ud06c\uac8c \uc131\uc7a5\uc2dc\ucf1c\n\uacf5\uaca9\uacfc \ud2b9\uc218\uacf5\uaca9\uc744 \uc62c\ub9b0\ub2e4.", "language": {"name": "ko", "url": "https://pokeapi.co/api/v2/language/3/"}, "version_group": {"name": "sun-moon", "url": "https://pokeapi.co/api/v2/version-group/17/"}}, {"flavor_text": "\u8b93\u8eab\u9ad4\u77ac\u9593\u9577\u5927\uff0c\n\u63d0\u9ad8\u81ea\u5df1\u7684\u653b\u64ca\u548c\u7279\u653b\u3002", "language": {"name": "zh-Hant", "url": "https://pokeapi.co/api/v2/language/4/"}, "version_group": {"name": "sun-moon", "url": "https://pokeapi.co/api/v2/version-group/17/"}}, {"flavor_text": "Le corps du lanceur se d\u00e9veloppe.\nAugmente l\u2019Attaque et l\u2019Attaque Sp\u00e9ciale.", "language": {"name": "fr", "url": "https://pokeapi.co/api/v2/language/5/"}, "version_group": {"name": "sun-moon", "url": "https://pokeapi.co/api/v2/version-group/17/"}}, {"flavor_text": "Der K\u00f6rper w\u00e4chst. Dadurch steigen Angriff und\nSpezial-Angriff.", "language": {"name": "de", "url": "https://pokeapi.co/api/v2/language/6/"}, "version_group": {"name": "sun-moon", "url": "https://pokeapi.co/api/v2/version-group/17/"}}, {"flavor_text": "El cuerpo del usuario crece a marchas forzadas y \naumenta el Ataque y el Ataque Especial.", "language": {"name": "es", "url": "https://pokeapi.co/api/v2/language/7/"}, "version_group": {"name": "sun-moon", "url": "https://pokeapi.co/api/v2/version-group/17/"}}, {"flavor_text": "Provoca la crescita immediata del corpo\ne l\u2019aumento dell\u2019Attacco e dell\u2019Attacco Speciale\ndi chi la usa.", "language": {"name": "it", "url": "https://pokeapi.co/api/v2/language/8/"}, "version_group": {"name": "sun-moon", "url": "https://pokeapi.co/api/v2/version-group/17/"}}, {"flavor_text": "The user\u2019s body grows all at once, raising the\nAttack and Sp. Atk stats.", "language": {"name": "en", "url": "https://pokeapi.co/api/v2/language/9/"}, "version_group": {"name": "sun-moon", "url": "https://pokeapi.co/api/v2/version-group/17/"}}, {"flavor_text": "\u4f53\u3092\u3000\u4e00\u6c17\u306b\n\u5927\u304d\u304f\u3000\u751f\u9577\u3055\u305b\u3066\n\u653b\u6483\u3068\u3000\u7279\u653b\u3092\u3000\u3042\u3052\u308b\u3002", "language": {"name": "ja", "url": "https://pokeapi.co/api/v2/language/11/"}, "version_group": {"name": "sun-moon", "url": "https://pokeapi.co/api/v2/version-group/17/"}}, {"flavor_text": "\u8ba9\u8eab\u4f53\u4e00\u4e0b\u5b50\u957f\u5927\uff0c\n\u4ece\u800c\u63d0\u9ad8\u653b\u51fb\u548c\u7279\u653b\u3002", "language": {"name": "zh-Hans", "url": "https://pokeapi.co/api/v2/language/12/"}, "version_group": {"name": "sun-moon", "url": "https://pokeapi.co/api/v2/version-group/17/"}}, {"flavor_text": "\u304b\u3089\u3060\u3092\u3000\u3044\u3063\u304d\u306b\n\u304a\u304a\u304d\u304f\u3000\u305b\u3044\u3061\u3087\u3046\u3000\u3055\u305b\u3066\n\u3053\u3046\u3052\u304d\u3068\u3000\u3068\u304f\u3053\u3046\u3092\u3000\u3042\u3052\u308b\u3002", "language": {"name": "ja-Hrkt", "url": "https://pokeapi.co/api/v2/language/1/"}, "version_group": {"name": "ultra-sun-ultra-moon", "url": "https://pokeapi.co/api/v2/version-group/18/"}}, {"flavor_text": "\ubab8\uc744 \uc77c\uc2dc\uc5d0\n\ud06c\uac8c \uc131\uc7a5\uc2dc\ucf1c\n\uacf5\uaca9\uacfc \ud2b9\uc218\uacf5\uaca9\uc744 \uc62c\ub9b0\ub2e4.", "language": {"name": "ko", "url": "https://pokeapi.co/api/v2/language/3/"}, "version_group": {"name": "ultra-sun-ultra-moon", "url": "https://pokeapi.co/api/v2/version-group/18/"}}, {"flavor_text": "\u8b93\u8eab\u9ad4\u77ac\u9593\u9577\u5927\uff0c\n\u63d0\u9ad8\u81ea\u5df1\u7684\u653b\u64ca\u548c\u7279\u653b\u3002", "language": {"name": "zh-Hant", "url": "https://pokeapi.co/api/v2/language/4/"}, "version_group": {"name": "ultra-sun-ultra-moon", "url": "https://pokeapi.co/api/v2/version-group/18/"}}, {"flavor_text": "Le corps du lanceur se d\u00e9veloppe.\nAugmente l\u2019Attaque et l\u2019Attaque Sp\u00e9ciale.", "language": {"name": "fr", "url": "https://pokeapi.co/api/v2/language/5/"}, "version_group": {"name": "ultra-sun-ultra-moon", "url": "https://pokeapi.co/api/v2/version-group/18/"}}, {"flavor_text": "Der K\u00f6rper w\u00e4chst. Dadurch steigen Angriff und\nSpezial-Angriff.", "language": {"name": "de", "url": "https://pokeapi.co/api/v2/language/6/"}, "version_group": {"name": "ultra-sun-ultra-moon", "url": "https://pokeapi.co/api/v2/version-group/18/"}}, {"flavor_text": "El cuerpo del usuario crece a marchas forzadas y \naumenta el Ataque y el Ataque Especial.", "language": {"name": "es", "url": "https://pokeapi.co/api/v2/language/7/"}, "version_group": {"name": "ultra-sun-ultra-moon", "url": "https://pokeapi.co/api/v2/version-group/18/"}}, {"flavor_text": "Provoca la crescita immediata del corpo\ne l\u2019aumento dell\u2019Attacco e dell\u2019Attacco Speciale\ndi chi la usa.", "language": {"name": "it", "url": "https://pokeapi.co/api/v2/language/8/"}, "version_group": {"name": "ultra-sun-ultra-moon", "url": "https://pokeapi.co/api/v2/version-group/18/"}}, {"flavor_text": "The user\u2019s body grows all at once, raising the\nAttack and Sp. Atk stats.", "language": {"name": "en", "url": "https://pokeapi.co/api/v2/language/9/"}, "version_group": {"name": "ultra-sun-ultra-moon", "url": "https://pokeapi.co/api/v2/version-group/18/"}}, {"flavor_text": "\u4f53\u3092\u3000\u4e00\u6c17\u306b\n\u5927\u304d\u304f\u3000\u751f\u9577\u3055\u305b\u3066\n\u653b\u6483\u3068\u3000\u7279\u653b\u3092\u3000\u3042\u3052\u308b\u3002", "language": {"name": "ja", "url": "https://pokeapi.co/api/v2/language/11/"}, "version_group": {"name": "ultra-sun-ultra-moon", "url": "https://pokeapi.co/api/v2/version-group/18/"}}, {"flavor_text": "\u8ba9\u8eab\u4f53\u4e00\u4e0b\u5b50\u957f\u5927\uff0c\n\u4ece\u800c\u63d0\u9ad8\u653b\u51fb\u548c\u7279\u653b\u3002", "language": {"name": "zh-Hans", "url": "https://pokeapi.co/api/v2/language/12/"}, "version_group": {"name": "ultra-sun-ultra-moon", "url": "https://pokeapi.co/api/v2/version-group/18/"}}, {"flavor_text": "\u304b\u3089\u3060\u3092\u3000\u3044\u3063\u304d\u306b\n\u304a\u304a\u304d\u304f\u3000\u305b\u3044\u3061\u3087\u3046\u3000\u3055\u305b\u3066\n\u3053\u3046\u3052\u304d\u3068\u3000\u3068\u304f\u3053\u3046\u3092\u3000\u3042\u3052\u308b\u3002", "language": {"name": "ja-Hrkt", "url": "https://pokeapi.co/api/v2/language/1/"}, "version_group": {"name": "lets-go-pikachu-lets-go-eevee", "url": "https://pokeapi.co/api/v2/version-group/19/"}}, {"flavor_text": "\ubab8\uc744 \uc77c\uc2dc\uc5d0\n\ud06c\uac8c \uc131\uc7a5\uc2dc\ucf1c\n\uacf5\uaca9\uacfc \ud2b9\uc218\uacf5\uaca9\uc744 \uc62c\ub9b0\ub2e4.", "language": {"name": "ko", "url": "https://pokeapi.co/api/v2/language/3/"}, "version_group": {"name": "lets-go-pikachu-lets-go-eevee", "url": "https://pokeapi.co/api/v2/version-group/19/"}}, {"flavor_text": "\u8b93\u8eab\u9ad4\u77ac\u9593\u9577\u5927\uff0c\n\u63d0\u9ad8\u81ea\u5df1\u7684\u653b\u64ca\u548c\u7279\u653b\u3002", "language": {"name": "zh-Hant", "url": "https://pokeapi.co/api/v2/language/4/"}, "version_group": {"name": "lets-go-pikachu-lets-go-eevee", "url": "https://pokeapi.co/api/v2/version-group/19/"}}, {"flavor_text": "Le corps du lanceur se d\u00e9veloppe.\nAugmente l\u2019Attaque et l\u2019Attaque Sp\u00e9ciale.", "language": {"name": "fr", "url": "https://pokeapi.co/api/v2/language/5/"}, "version_group": {"name": "lets-go-pikachu-lets-go-eevee", "url": "https://pokeapi.co/api/v2/version-group/19/"}}, {"flavor_text": "Der K\u00f6rper w\u00e4chst. Dadurch steigen Angriff und\nSpezial-Angriff.", "language": {"name": "de", "url": "https://pokeapi.co/api/v2/language/6/"}, "version_group": {"name": "lets-go-pikachu-lets-go-eevee", "url": "https://pokeapi.co/api/v2/version-group/19/"}}, {"flavor_text": "El cuerpo del usuario crece a marchas forzadas y \naumenta el Ataque y el Ataque Especial.", "language": {"name": "es", "url": "https://pokeapi.co/api/v2/language/7/"}, "version_group": {"name": "lets-go-pikachu-lets-go-eevee", "url": "https://pokeapi.co/api/v2/version-group/19/"}}, {"flavor_text": "Provoca la crescita immediata del corpo\ne l\u2019aumento dell\u2019Attacco e dell\u2019Attacco Speciale\ndi chi la usa.", "language": {"name": "it", "url": "https://pokeapi.co/api/v2/language/8/"}, "version_group": {"name": "lets-go-pikachu-lets-go-eevee", "url": "https://pokeapi.co/api/v2/version-group/19/"}}, {"flavor_text": "The user\u2019s body grows all at once, raising the\nAttack and Sp. Atk stats.", "language": {"name": "en", "url": "https://pokeapi.co/api/v2/language/9/"}, "version_group": {"name": "lets-go-pikachu-lets-go-eevee", "url": "https://pokeapi.co/api/v2/version-group/19/"}}, {"flavor_text": "\u4f53\u3092\u3000\u4e00\u6c17\u306b\n\u5927\u304d\u304f\u3000\u751f\u9577\u3055\u305b\u3066\n\u653b\u6483\u3068\u3000\u7279\u653b\u3092\u3000\u3042\u3052\u308b\u3002", "language": {"name": "ja", "url": "https://pokeapi.co/api/v2/language/11/"}, "version_group": {"name": "lets-go-pikachu-lets-go-eevee", "url": "https://pokeapi.co/api/v2/version-group/19/"}}, {"flavor_text": "\u8ba9\u8eab\u4f53\u4e00\u4e0b\u5b50\u957f\u5927\uff0c\n\u4ece\u800c\u63d0\u9ad8\u653b\u51fb\u548c\u7279\u653b\u3002", "language": {"name": "zh-Hans", "url": "https://pokeapi.co/api/v2/language/12/"}, "version_group": {"name": "lets-go-pikachu-lets-go-eevee", "url": "https://pokeapi.co/api/v2/version-group/19/"}}, {"flavor_text": "\u304b\u3089\u3060\u3092\u3000\u3044\u3063\u304d\u306b\n\u304a\u304a\u304d\u304f\u3000\u305b\u3044\u3061\u3087\u3046\u3000\u3055\u305b\u3066\n\u3053\u3046\u3052\u304d\u3068\u3000\u3068\u304f\u3053\u3046\u3092\u3000\u3042\u3052\u308b\u3002", "language": {"name": "ja-Hrkt", "url": "https://pokeapi.co/api/v2/language/1/"}, "version_group": {"name": "sword-shield", "url": "https://pokeapi.co/api/v2/version-group/20/"}}, {"flavor_text": "\ubab8\uc744 \uc77c\uc2dc\uc5d0\n\ud06c\uac8c \uc131\uc7a5\uc2dc\ucf1c\n\uacf5\uaca9\uacfc \ud2b9\uc218\uacf5\uaca9\uc744 \uc62c\ub9b0\ub2e4.", "language": {"name": "ko", "url": "https://pokeapi.co/api/v2/language/3/"}, "version_group": {"name": "sword-shield", "url": "https://pokeapi.co/api/v2/version-group/20/"}}, {"flavor_text": "\u8b93\u8eab\u9ad4\u77ac\u9593\u9577\u5927\uff0c\n\u63d0\u9ad8\u81ea\u5df1\u7684\u653b\u64ca\u548c\u7279\u653b\u3002", "language": {"name": "zh-Hant", "url": "https://pokeapi.co/api/v2/language/4/"}, "version_group": {"name": "sword-shield", "url": "https://pokeapi.co/api/v2/version-group/20/"}}, {"flavor_text": "Le corps du lanceur se d\u00e9veloppe.\nAugmente l\u2019Attaque et l\u2019Attaque Sp\u00e9ciale.", "language": {"name": "fr", "url": "https://pokeapi.co/api/v2/language/5/"}, "version_group": {"name": "sword-shield", "url": "https://pokeapi.co/api/v2/version-group/20/"}}, {"flavor_text": "Der K\u00f6rper w\u00e4chst. Dadurch steigen Angriff und\nSpezial-Angriff.", "language": {"name": "de", "url": "https://pokeapi.co/api/v2/language/6/"}, "version_group": {"name": "sword-shield", "url": "https://pokeapi.co/api/v2/version-group/20/"}}, {"flavor_text": "Hace que su cuerpo crezca a marchas forzadas con lo\nque aumenta su Ataque y Ataque Especial.", "language": {"name": "es", "url": "https://pokeapi.co/api/v2/language/7/"}, "version_group": {"name": "sword-shield", "url": "https://pokeapi.co/api/v2/version-group/20/"}}, {"flavor_text": "Provoca la crescita immediata del corpo\ne l\u2019aumento dell\u2019Attacco e dell\u2019Attacco Speciale\ndi chi la usa.", "language": {"name": "it", "url": "https://pokeapi.co/api/v2/language/8/"}, "version_group": {"name": "sword-shield", "url": "https://pokeapi.co/api/v2/version-group/20/"}}, {"flavor_text": "The user\u2019s body grows all at once, raising the\nAttack and Sp. Atk stats.", "language": {"name": "en", "url": "https://pokeapi.co/api/v2/language/9/"}, "version_group": {"name": "sword-shield", "url": "https://pokeapi.co/api/v2/version-group/20/"}}, {"flavor_text": "\u4f53\u3092\u3000\u4e00\u6c17\u306b\n\u5927\u304d\u304f\u3000\u751f\u9577\u3055\u305b\u3066\n\u653b\u6483\u3068\u3000\u7279\u653b\u3092\u3000\u3042\u3052\u308b\u3002", "language": {"name": "ja", "url": "https://pokeapi.co/api/v2/language/11/"}, "version_group": {"name": "sword-shield", "url": "https://pokeapi.co/api/v2/version-group/20/"}}, {"flavor_text": "\u8ba9\u8eab\u4f53\u4e00\u4e0b\u5b50\u957f\u5927\uff0c\n\u4ece\u800c\u63d0\u9ad8\u653b\u51fb\u548c\u7279\u653b\u3002", "language": {"name": "zh-Hans", "url": "https://pokeapi.co/api/v2/language/12/"}, "version_group": {"name": "sword-shield", "url": "https://pokeapi.co/api/v2/version-group/20/"}}], "generation": {"name": "generation-i", "url": "https://pokeapi.co/api/v2/generation/1/"}, "id": 74, "learned_by_pokemon": [{"name": "bulbasaur", "url": "https://pokeapi.co/api/v2/pokemon/1/"}, {"name": "ivysaur", "url": "https://pokeapi.co/api/v2/pokemon/2/"}, {"name": "venusaur", "url": "https://pokeapi.co/api/v2/pokemon/3/"}, {"name": "oddish", "url": "https://pokeapi.co/api/v2/pokemon/43/"}, {"name": "gloom", "url": "https://pokeapi.co/api/v2/pokemon/44/"}, {"name": "vileplume", "url": "https://pokeapi.co/api/v2/pokemon/45/"}, {"name": "paras", "url": "https://pokeapi.co/api/v2/pokemon/46/"}, {"name": "parasect", "url": "https://pokeapi.co/api/v2/pokemon/47/"}, {"name": "bellsprout", "url": "https://pokeapi.co/api/v2/pokemon/69/"}, {"name": "weepinbell", "url": "https://pokeapi.co/api/v2/pokemon/70/"}, {"name": "victreebel", "url": "https://pokeapi.co/api/v2/pokemon/71/"}, {"name": "tangela", "url": "https://pokeapi.co/api/v2/pokemon/114/"}, {"name": "bellossom", "url": "https://pokeapi.co/api/v2/pokemon/182/"}, {"name": "sunkern", "url": "https://pokeapi.co/api/v2/pokemon/191/"}, {"name": "sunflora", "url": "https://pokeapi.co/api/v2/pokemon/192/"}, {"name": "seedot", "url": "https://pokeapi.co/api/v2/pokemon/273/"}, {"name": "nuzleaf", "url": "https://pokeapi.co/api/v2/pokemon/274/"}, {"name": "shiftry", "url": "https://pokeapi.co/api/v2/pokemon/275/"}, {"name": "shroomish", "url": "https://pokeapi.co/api/v2/pokemon/285/"}, {"name": "breloom", "url": "https://pokeapi.co/api/v2/pokemon/286/"}, {"name": "illumise", "url": "https://pokeapi.co/api/v2/pokemon/314/"}, {"name": "roselia", "url": "https://pokeapi.co/api/v2/pokemon/315/"}, {"name": "numel", "url": "https://pokeapi.co/api/v2/pokemon/322/"}, {"name": "cacnea", "url": "https://pokeapi.co/api/v2/pokemon/331/"}, {"name": "cacturne", "url": "https://pokeapi.co/api/v2/pokemon/332/"}, {"name": "tropius", "url": "https://pokeapi.co/api/v2/pokemon/357/"}, {"name": "turtwig", "url": "https://pokeapi.co/api/v2/pokemon/387/"}, {"name": "grotle", "url": "https://pokeapi.co/api/v2/pokemon/388/"}, {"name": "torterra", "url": "https://pokeapi.co/api/v2/pokemon/389/"}, {"name": "budew", "url": "https://pokeapi.co/api/v2/pokemon/406/"}, {"name": "roserade", "url": "https://pokeapi.co/api/v2/pokemon/407/"}, {"name": "wormadam-plant", "url": "https://pokeapi.co/api/v2/pokemon/413/"}, {"name": "cherubi", "url": "https://pokeapi.co/api/v2/pokemon/420/"}, {"name": "cherrim", "url": "https://pokeapi.co/api/v2/pokemon/421/"}, {"name": "carnivine", "url": "https://pokeapi.co/api/v2/pokemon/455/"}, {"name": "snover", "url": "https://pokeapi.co/api/v2/pokemon/459/"}, {"name": "tangrowth", "url": "https://pokeapi.co/api/v2/pokemon/465/"}, {"name": "shaymin-land", "url": "https://pokeapi.co/api/v2/pokemon/492/"}, {"name": "snivy", "url": "https://pokeapi.co/api/v2/pokemon/495/"}, {"name": "servine", "url": "https://pokeapi.co/api/v2/pokemon/496/"}, {"name": "serperior", "url": "https://pokeapi.co/api/v2/pokemon/497/"}, {"name": "cottonee", "url": "https://pokeapi.co/api/v2/pokemon/546/"}, {"name": "whimsicott", "url": "https://pokeapi.co/api/v2/pokemon/547/"}, {"name": "petilil", "url": "https://pokeapi.co/api/v2/pokemon/548/"}, {"name": "lilligant", "url": "https://pokeapi.co/api/v2/pokemon/549/"}, {"name": "maractus", "url": "https://pokeapi.co/api/v2/pokemon/556/"}, {"name": "foongus", "url": "https://pokeapi.co/api/v2/pokemon/590/"}, {"name": "amoonguss", "url": "https://pokeapi.co/api/v2/pokemon/591/"}, {"name": "skiddo", "url": "https://pokeapi.co/api/v2/pokemon/672/"}, {"name": "gogoat", "url": "https://pokeapi.co/api/v2/pokemon/673/"}, {"name": "phantump", "url": "https://pokeapi.co/api/v2/pokemon/708/"}, {"name": "trevenant", "url": "https://pokeapi.co/api/v2/pokemon/709/"}, {"name": "fomantis", "url": "https://pokeapi.co/api/v2/pokemon/753/"}, {"name": "lurantis", "url": "https://pokeapi.co/api/v2/pokemon/754/"}, {"name": "morelull", "url": "https://pokeapi.co/api/v2/pokemon/755/"}, {"name": "comfey", "url": "https://pokeapi.co/api/v2/pokemon/764/"}, {"name": "dhelmise", "url": "https://pokeapi.co/api/v2/pokemon/781/"}, {"name": "grookey", "url": "https://pokeapi.co/api/v2/pokemon/810/"}, {"name": "thwackey", "url": "https://pokeapi.co/api/v2/pokemon/811/"}, {"name": "rillaboom", "url": "https://pokeapi.co/api/v2/pokemon/812/"}, {"name": "gossifleur", "url": "https://pokeapi.co/api/v2/pokemon/829/"}, {"name": "flapple", "url": "https://pokeapi.co/api/v2/pokemon/841/"}, {"name": "appletun", "url": "https://pokeapi.co/api/v2/pokemon/842/"}, {"name": "zarude", "url": "https://pokeapi.co/api/v2/pokemon/893/"}, {"name": "calyrex", "url": "https://pokeapi.co/api/v2/pokemon/898/"}, {"name": "smoliv", "url": "https://pokeapi.co/api/v2/pokemon/928/"}, {"name": "dolliv", "url": "https://pokeapi.co/api/v2/pokemon/929/"}, {"name": "arboliva", "url": "https://pokeapi.co/api/v2/pokemon/930/"}, {"name": "toedscool", "url": "https://pokeapi.co/api/v2/pokemon/948/"}, {"name": "toedscruel", "url": "https://pokeapi.co/api/v2/pokemon/949/"}, {"name": "capsakid", "url": "https://pokeapi.co/api/v2/pokemon/951/"}, {"name": "scovillain", "url": "https://pokeapi.co/api/v2/pokemon/952/"}, {"name": "brute-bonnet", "url": "https://pokeapi.co/api/v2/pokemon/986/"}, {"name": "wo-chien", "url": "https://pokeapi.co/api/v2/pokemon/1001/"}, {"name": "dipplin", "url": "https://pokeapi.co/api/v2/pokemon/1011/"}, {"name": "ogerpon", "url": "https://pokeapi.co/api/v2/pokemon/1017/"}, {"name": "hydrapple", "url": "https://pokeapi.co/api/v2/pokemon/1019/"}, {"name": "shaymin-sky", "url": "https://pokeapi.co/api/v2/pokemon/10006/"}, {"name": "venusaur-mega", "url": "https://pokeapi.co/api/v2/pokemon/10033/"}, {"name": "lurantis-totem", "url": "https://pokeapi.co/api/v2/pokemon/10128/"}, {"name": "zarude-dada", "url": "https://pokeapi.co/api/v2/pokemon/10192/"}, {"name": "calyrex-ice", "url": "https://pokeapi.co/api/v2/pokemon/10193/"}, {"name": "calyrex-shadow", "url": "https://pokeapi.co/api/v2/pokemon/10194/"}, {"name": "lilligant-hisui", "url": "https://pokeapi.co/api/v2/pokemon/10237/"}, {"name": "ogerpon-wellspring-mask", "url": "https://pokeapi.co/api/v2/pokemon/10273/"}, {"name": "ogerpon-hearthflame-mask", "url": "https://pokeapi.co/api/v2/pokemon/10274/"}, {"name": "ogerpon-cornerstone-mask", "url": "https://pokeapi.co/api/v2/pokemon/10275/"}], "machines": [], "meta": {"ailment": {"name": "none", "url": "https://pokeapi.co/api/v2/move-ailment/0/"}, "ailment_chance": 0, "category": {"name": "net-good-stats", "url": "https://pokeapi.co/api/v2/move-category/2/"}, "crit_rate": 0, "drain": 0, "flinch_chance": 0, "healing": 0, "max_hits": null, "max_turns": null, "min_hits": null, "min_turns": null, "stat_chance": 0}, "name": "growth", "names": [{"language": {"name": "ja-Hrkt", "url": "https://pokeapi.co/api/v2/language/1/"}, "name": "\u305b\u3044\u3061\u3087\u3046"}, {"language": {"name": "ko", "url": "https://pokeapi.co/api/v2/language/3/"}, "name": "\uc131\uc7a5"}, {"language": {"name": "zh-Hant", "url": "https://pokeapi.co/api/v2/language/4/"}, "name": "\u751f\u9577"}, {"language": {"name": "fr", "url": "https://pokeapi.co/api/v2/language/5/"}, "name": "Croissance"}, {"language": {"name": "de", "url": "https://pokeapi.co/api/v2/language/6/"}, "name": "Wachstum"}, {"language": {"name": "es", "url": "https://pokeapi.co/api/v2/language/7/"}, "name": "Desarrollo"}, {"language": {"name": "it", "url": "https://pokeapi.co/api/v2/language/8/"}, "name": "Crescita"}, {"language": {"name": "en", "url": "https://pokeapi.co/api/v2/language/9/"}, "name": "Growth"}, {"language": {"name": "ja", "url": "https://pokeapi.co/api/v2/language/11/"}, "name": "\u305b\u3044\u3061\u3087\u3046"}, {"language": {"name": "zh-Hans", "url": "https://pokeapi.co/api/v2/language/12/"}, "name": "\u751f\u957f"}], "past_values": [{"accuracy": null, "effect_chance": null, "effect_entries": [], "power": null, "pp": null, "type": null, "version_group": {"name": "black-white", "url": "https://pokeapi.co/api/v2/version-group/11/"}}, {"accuracy": null, "effect_chance": null, "effect_entries": [], "power": null, "pp": 40, "type": null, "version_group": {"name": "x-y", "url": "https://pokeapi.co/api/v2/version-group/15/"}}], "power": null, "pp": 20, "priority": 0, "stat_changes": [{"change": 1, "stat": {"name": "attack", "url": "https://pokeapi.co/api/v2/stat/2/"}}, {"change": 1, "stat": {"name": "special-attack", "url": "https://pokeapi.co/api/v2/stat/4/"}}], "super_contest_effect": {"url": "https://pokeapi.co/api/v2/super-contest-effect/11/"}, "target": {"name": "user", "url": "https://pokeapi.co/api/v2/move-target/7/"}, "type": {"name": "normal", "url": "https://pokeapi.co/api/v2/type/1/"}}