{"accuracy": null, "contest_combos": null, "contest_effect": null, "contest_type": null, "damage_class": {"name": "status", "url": "https://pokeapi.co/api/v2/move-damage-class/1/"}, "effect_chance": null, "effect_changes": [], "effect_entries": [{"effect": "Heals the target for half its max HP.", "language": {"name": "en", "url": "https://pokeapi.co/api/v2/language/9/"}, "short_effect": "Heals the target for half its max HP."}], "flavor_text_entries": [{"flavor_text": "Una onda curativa restaura los PS del objetivo a la\nmitad de su m\u00e1ximo.", "language": {"name": "es", "url": "https://pokeapi.co/api/v2/language/7/"}, "version_group": {"name": "x-y", "url": "https://pokeapi.co/api/v2/version-group/15/"}}, {"flavor_text": "Une aura de bien-\u00eatre fait r\u00e9cup\u00e9rer\nla moiti\u00e9 de ses PV max \u00e0 la cible.", "language": {"name": "fr", "url": "https://pokeapi.co/api/v2/language/5/"}, "version_group": {"name": "black-white", "url": "https://pokeapi.co/api/v2/version-group/11/"}}, {"flavor_text": "The user emits a healing pulse which\nrestores the target\u2019s HP by up to\nhalf of its max HP.", "language": {"name": "en", "url": "https://pokeapi.co/api/v2/language/9/"}, "version_group": {"name": "black-white", "url": "https://pokeapi.co/api/v2/version-group/11/"}}, {"flavor_text": "The user emits a healing pulse which\nrestores the target\u2019s HP by up to\nhalf of its max HP.", "language": {"name": "en", "url": "https://pokeapi.co/api/v2/language/9/"}, "version_group": {"name": "black-2-white-2", "url": "https://pokeapi.co/api/v2/version-group/14/"}}, {"flavor_text": "\u3044\u3084\u3057\u306e\u306f\u3069\u3046\u3092\u3000\u3068\u3070\u3057\u3066\n\u3055\u3044\u3060\u3044\u3000\uff28\uff30\u306e\u3000\u306f\u3093\u3076\u3093\n\u3042\u3044\u3066\u306e\u3000\uff28\uff30\u3092\u3000\u304b\u3044\u3075\u304f\u3000\u3059\u308b\u3002", "language": {"name": "ja-Hrkt", "url": "https://pokeapi.co/api/v2/language/1/"}, "version_group": {"name": "x-y", "url": "https://pokeapi.co/api/v2/version-group/15/"}}, {"flavor_text": "\uce58\uc720\ud30c\ub3d9\uc744 \ub0a0\ub824\uc11c\n\ucd5c\ub300 HP\uc758 \uc808\ubc18\ub9cc\ud07c\n\uc0c1\ub300\uc758 HP\ub97c \ud68c\ubcf5\ud55c\ub2e4.", "language": {"name": "ko", "url": "https://pokeapi.co/api/v2/language/3/"}, "version_group": {"name": "x-y", "url": "https://pokeapi.co/api/v2/version-group/15/"}}, {"flavor_text": "Une aura de bien-\u00eatre fait r\u00e9cup\u00e9rer la moiti\u00e9 de\nses PV max \u00e0 la cible.", "language": {"name": "fr", "url": "https://pokeapi.co/api/v2/language/5/"}, "version_group": {"name": "x-y", "url": "https://pokeapi.co/api/v2/version-group/15/"}}, {"flavor_text": "Anwender l\u00f6st eine Schmerzen lindernde Welle aus\nund heilt dabei das Ziel mit der H\u00e4lfte seiner\nmaximalen KP.", "language": {"name": "de", "url": "https://pokeapi.co/api/v2/language/6/"}, "version_group": {"name": "x-y", "url": "https://pokeapi.co/api/v2/version-group/15/"}}, {"flavor_text": "Chi la usa lancia un\u2019onda rilassante che fa\nrecuperare al bersaglio met\u00e0 dei suoi PS massimi.", "language": {"name": "it", "url": "https://pokeapi.co/api/v2/language/8/"}, "version_group": {"name": "x-y", "url": "https://pokeapi.co/api/v2/version-group/15/"}}, {"flavor_text": "The user emits a healing pulse which\nrestores the target\u2019s HP by up to\nhalf of its max HP.", "language": {"name": "en", "url": "https://pokeapi.co/api/v2/language/9/"}, "version_group": {"name": "x-y", "url": "https://pokeapi.co/api/v2/version-group/15/"}}, {"flavor_text": "\u3044\u3084\u3057\u306e\u306f\u3069\u3046\u3092\u3000\u3068\u3070\u3057\u3066\n\u6700\u5927\uff28\uff30\u306e\u3000\u534a\u5206\n\u76f8\u624b\u306e\u3000\uff28\uff30\u3092\u3000\u56de\u5fa9\u3059\u308b\u3002", "language": {"name": "ja", "url": "https://pokeapi.co/api/v2/language/11/"}, "version_group": {"name": "x-y", "url": "https://pokeapi.co/api/v2/version-group/15/"}}, {"flavor_text": "\u3044\u3084\u3057\u306e\u306f\u3069\u3046\u3092\u3000\u3068\u3070\u3057\u3066\n\u3055\u3044\u3060\u3044\u3000\uff28\uff30\u306e\u3000\u306f\u3093\u3076\u3093\n\u3042\u3044\u3066\u306e\u3000\uff28\uff30\u3092\u3000\u304b\u3044\u3075\u304f\u3000\u3059\u308b\u3002", "language": {"name": "ja-Hrkt", "url": "https://pokeapi.co/api/v2/language/1/"}, "version_group": {"name": "omega-ruby-alpha-sapphire", "url": "https://pokeapi.co/api/v2/version-group/16/"}}, {"flavor_text": "\uce58\uc720\ud30c\ub3d9\uc744 \ub0a0\ub824\uc11c\n\ucd5c\ub300 HP\uc758 \uc808\ubc18\ub9cc\ud07c\n\uc0c1\ub300\uc758 HP\ub97c \ud68c\ubcf5\ud55c\ub2e4.", "language": {"name": "ko", "url": "https://pokeapi.co/api/v2/language/3/"}, "version_group": {"name": "omega-ruby-alpha-sapphire", "url": "https://pokeapi.co/api/v2/version-group/16/"}}, {"flavor_text": "Une aura de bien-\u00eatre fait r\u00e9cup\u00e9rer la moiti\u00e9 de\nses PV max \u00e0 la cible.", "language": {"name": "fr", "url": "https://pokeapi.co/api/v2/language/5/"}, "version_group": {"name": "omega-ruby-alpha-sapphire", "url": "https://pokeapi.co/api/v2/version-group/16/"}}, {"flavor_text": "Anwender l\u00f6st eine Schmerzen lindernde Welle aus\nund heilt dabei das Ziel mit der H\u00e4lfte seiner\nmaximalen KP.", "language": {"name": "de", "url": "https://pokeapi.co/api/v2/language/6/"}, "version_group": {"name": "omega-ruby-alpha-sapphire", "url": "https://pokeapi.co/api/v2/version-group/16/"}}, {"flavor_text": "Una onda curativa restaura los PS del objetivo a la \nmitad de su m\u00e1ximo.", "language": {"name": "es", "url": "https://pokeapi.co/api/v2/language/7/"}, "version_group": {"name": "omega-ruby-alpha-sapphire", "url": "https://pokeapi.co/api/v2/version-group/16/"}}, {"flavor_text": "Chi la usa lancia un\u2019onda rilassante che fa\nrecuperare al bersaglio met\u00e0 dei suoi PS massimi.", "language": {"name": "it", "url": "https://pokeapi.co/api/v2/language/8/"}, "version_group": {"name": "omega-ruby-alpha-sapphire", "url": "https://pokeapi.co/api/v2/version-group/16/"}}, {"flavor_text": "The user emits a healing pulse which\nrestores the target\u2019s HP by up to\nhalf of its max HP.", "language": {"name": "en", "url": "https://pokeapi.co/api/v2/language/9/"}, "version_group": {"name": "omega-ruby-alpha-sapphire", "url": "https://pokeapi.co/api/v2/version-group/16/"}}, {"flavor_text": "\u3044\u3084\u3057\u306e\u306f\u3069\u3046\u3092\u3000\u3068\u3070\u3057\u3066\n\u6700\u5927\uff28\uff30\u306e\u3000\u534a\u5206\n\u76f8\u624b\u306e\u3000\uff28\uff30\u3092\u3000\u56de\u5fa9\u3059\u308b\u3002", "language": {"name": "ja", "url": "https://pokeapi.co/api/v2/language/11/"}, "version_group": {"name": "omega-ruby-alpha-sapphire", "url": "https://pokeapi.co/api/v2/version-group/16/"}}, {"flavor_text": "\u3044\u3084\u3057\u306e\u306f\u3069\u3046\u3092\u3000\u3068\u3070\u3057\u3066\n\u3055\u3044\u3060\u3044\u3000\uff28\uff30\u306e\u3000\u306f\u3093\u3076\u3093\n\u3042\u3044\u3066\u306e\u3000\uff28\uff30\u3092\u3000\u304b\u3044\u3075\u304f\u3000\u3059\u308b\u3002", "language": {"name": "ja-Hrkt", "url": "https://pokeapi.co/api/v2/language/1/"}, "version_group": {"name": "sun-moon", "url": "https://pokeapi.co/api/v2/version-group/17/"}}, {"flavor_text": "\uce58\uc720\ud30c\ub3d9\uc744 \ub0a0\ub824\uc11c\n\ucd5c\ub300 HP\uc758 \uc808\ubc18\ub9cc\ud07c\n\uc0c1\ub300\uc758 HP\ub97c \ud68c\ubcf5\ud55c\ub2e4.", "language": {"name": "ko", "url": "https://pokeapi.co/api/v2/language/3/"}, "version_group": {"name": "sun-moon", "url": "https://pokeapi.co/api/v2/version-group/17/"}}, {"flavor_text": "\u91cb\u653e\u51fa\u6cbb\u7652\u6ce2\u52d5\uff0c\n\u8b93\u5c0d\u624b\u56de\u5fa9\n\u6700\u5927\uff28\uff30\u7684\u4e00\u534a\u3002", "language": {"name": "zh-Hant", "url": "https://pokeapi.co/api/v2/language/4/"}, "version_group": {"name": "sun-moon", "url": "https://pokeapi.co/api/v2/version-group/17/"}}, {"flavor_text": "Une aura de bien-\u00eatre fait r\u00e9cup\u00e9rer la moiti\u00e9 de\nses PV max \u00e0 la cible.", "language": {"name": "fr", "url": "https://pokeapi.co/api/v2/language/5/"}, "version_group": {"name": "sun-moon", "url": "https://pokeapi.co/api/v2/version-group/17/"}}, {"flavor_text": "Anwender l\u00f6st eine Schmerzen lindernde Welle aus\nund heilt dabei das Ziel mit der H\u00e4lfte von dessen\nmaximalen KP.", "language": {"name": "de", "url": "https://pokeapi.co/api/v2/language/6/"}, "version_group": {"name": "sun-moon", "url": "https://pokeapi.co/api/v2/version-group/17/"}}, {"flavor_text": "Una onda curativa restaura la mitad de los PS\nm\u00e1ximos del objetivo.", "language": {"name": "es", "url": "https://pokeapi.co/api/v2/language/7/"}, "version_group": {"name": "sun-moon", "url": "https://pokeapi.co/api/v2/version-group/17/"}}, {"flavor_text": "Chi la usa lancia un\u2019onda rilassante che fa\nrecuperare al bersaglio met\u00e0 dei suoi PS massimi.", "language": {"name": "it", "url": "https://pokeapi.co/api/v2/language/8/"}, "version_group": {"name": "sun-moon", "url": "https://pokeapi.co/api/v2/version-group/17/"}}, {"flavor_text": "The user emits a healing pulse that restores the\ntarget\u2019s HP by up to half of its max HP.", "language": {"name": "en", "url": "https://pokeapi.co/api/v2/language/9/"}, "version_group": {"name": "sun-moon", "url": "https://pokeapi.co/api/v2/version-group/17/"}}, {"flavor_text": "\u3044\u3084\u3057\u306e\u306f\u3069\u3046\u3092\u3000\u3068\u3070\u3057\u3066\n\u6700\u5927\uff28\uff30\u306e\u3000\u534a\u5206\n\u76f8\u624b\u306e\u3000\uff28\uff30\u3092\u3000\u56de\u5fa9\u3059\u308b\u3002", "language": {"name": "ja", "url": "https://pokeapi.co/api/v2/language/11/"}, "version_group": {"name": "sun-moon", "url": "https://pokeapi.co/api/v2/version-group/17/"}}, {"flavor_text": "\u653e\u51fa\u6cbb\u6108\u6ce2\u52a8\uff0c\n\u4ece\u800c\u56de\u590d\u5bf9\u624b\n\u6700\u5927\uff28\uff30\u7684\u4e00\u534a\u3002", "language": {"name": "zh-Hans", "url": "https://pokeapi.co/api/v2/language/12/"}, "version_group": {"name": "sun-moon", "url": "https://pokeapi.co/api/v2/version-group/17/"}}, {"flavor_text": "\u3044\u3084\u3057\u306e\u306f\u3069\u3046\u3092\u3000\u3068\u3070\u3057\u3066\n\u3055\u3044\u3060\u3044\u3000\uff28\uff30\u306e\u3000\u306f\u3093\u3076\u3093\n\u3042\u3044\u3066\u306e\u3000\uff28\uff30\u3092\u3000\u304b\u3044\u3075\u304f\u3000\u3059\u308b\u3002", "language": {"name": "ja-Hrkt", "url": "https://pokeapi.co/api/v2/language/1/"}, "version_group": {"name": "ultra-sun-ultra-moon", "url": "https://pokeapi.co/api/v2/version-group/18/"}}, {"flavor_text": "\uce58\uc720\ud30c\ub3d9\uc744 \ub0a0\ub824\uc11c\n\ucd5c\ub300 HP\uc758 \uc808\ubc18\ub9cc\ud07c\n\uc0c1\ub300\uc758 HP\ub97c \ud68c\ubcf5\ud55c\ub2e4.", "language": {"name": "ko", "url": "https://pokeapi.co/api/v2/language/3/"}, "version_group": {"name": "ultra-sun-ultra-moon", "url": "https://pokeapi.co/api/v2/version-group/18/"}}, {"flavor_text": "\u91cb\u653e\u51fa\u6cbb\u7652\u6ce2\u52d5\uff0c\n\u8b93\u5c0d\u624b\u56de\u5fa9\n\u6700\u5927\uff28\uff30\u7684\u4e00\u534a\u3002", "language": {"name": "zh-Hant", "url": "https://pokeapi.co/api/v2/language/4/"}, "version_group": {"name": "ultra-sun-ultra-moon", "url": "https://pokeapi.co/api/v2/version-group/18/"}}, {"flavor_text": "Une aura de bien-\u00eatre fait r\u00e9cup\u00e9rer la moiti\u00e9 de\nses PV max \u00e0 la cible.", "language": {"name": "fr", "url": "https://pokeapi.co/api/v2/language/5/"}, "version_group": {"name": "ultra-sun-ultra-moon", "url": "https://pokeapi.co/api/v2/version-group/18/"}}, {"flavor_text": "Anwender l\u00f6st eine Schmerzen lindernde Welle aus\nund heilt dabei das Ziel mit der H\u00e4lfte von dessen\nmaximalen KP.", "language": {"name": "de", "url": "https://pokeapi.co/api/v2/language/6/"}, "version_group": {"name": "ultra-sun-ultra-moon", "url": "https://pokeapi.co/api/v2/version-group/18/"}}, {"flavor_text": "Una onda curativa restaura la mitad de los PS\nm\u00e1ximos del objetivo.", "language": {"name": "es", "url": "https://pokeapi.co/api/v2/language/7/"}, "version_group": {"name": "ultra-sun-ultra-moon", "url": "https://pokeapi.co/api/v2/version-group/18/"}}, {"flavor_text": "Chi la usa lancia un\u2019onda rilassante che fa\nrecuperare al bersaglio met\u00e0 dei suoi PS massimi.", "language": {"name": "it", "url": "https://pokeapi.co/api/v2/language/8/"}, "version_group": {"name": "ultra-sun-ultra-moon", "url": "https://pokeapi.co/api/v2/version-group/18/"}}, {"flavor_text": "The user emits a healing pulse that restores the\ntarget\u2019s HP by up to half of its max HP.", "language": {"name": "en", "url": "https://pokeapi.co/api/v2/language/9/"}, "version_group": {"name": "ultra-sun-ultra-moon", "url": "https://pokeapi.co/api/v2/version-group/18/"}}, {"flavor_text": "\u3044\u3084\u3057\u306e\u306f\u3069\u3046\u3092\u3000\u3068\u3070\u3057\u3066\n\u6700\u5927\uff28\uff30\u306e\u3000\u534a\u5206\n\u76f8\u624b\u306e\u3000\uff28\uff30\u3092\u3000\u56de\u5fa9\u3059\u308b\u3002", "language": {"name": "ja", "url": "https://pokeapi.co/api/v2/language/11/"}, "version_group": {"name": "ultra-sun-ultra-moon", "url": "https://pokeapi.co/api/v2/version-group/18/"}}, {"flavor_text": "\u653e\u51fa\u6cbb\u6108\u6ce2\u52a8\uff0c\n\u4ece\u800c\u56de\u590d\u5bf9\u624b\n\u6700\u5927\uff28\uff30\u7684\u4e00\u534a\u3002", "language": {"name": "zh-Hans", "url": "https://pokeapi.co/api/v2/language/12/"}, "version_group": {"name": "ultra-sun-ultra-moon", "url": "https://pokeapi.co/api/v2/version-group/18/"}}, {"flavor_text": "\u3044\u3084\u3057\u306e\u306f\u3069\u3046\u3092\u3000\u3068\u3070\u3057\u3066\n\u3055\u3044\u3060\u3044\u3000\uff28\uff30\u306e\u3000\u306f\u3093\u3076\u3093\n\u3042\u3044\u3066\u306e\u3000\uff28\uff30\u3092\u3000\u304b\u3044\u3075\u304f\u3000\u3059\u308b\u3002", "language": {"name": "ja-Hrkt", "url": "https://pokeapi.co/api/v2/language/1/"}, "version_group": {"name": "lets-go-pikachu-lets-go-eevee", "url": "https://pokeapi.co/api/v2/version-group/19/"}}, {"flavor_text": "\uce58\uc720\ud30c\ub3d9\uc744 \ub0a0\ub824\uc11c\n\ucd5c\ub300 HP\uc758 \uc808\ubc18\ub9cc\ud07c\n\uc0c1\ub300\uc758 HP\ub97c \ud68c\ubcf5\ud55c\ub2e4.", "language": {"name": "ko", "url": "https://pokeapi.co/api/v2/language/3/"}, "version_group": {"name": "lets-go-pikachu-lets-go-eevee", "url": "https://pokeapi.co/api/v2/version-group/19/"}}, {"flavor_text": "\u91cb\u653e\u51fa\u6cbb\u7652\u6ce2\u52d5\uff0c\n\u8b93\u5c0d\u624b\u56de\u5fa9\n\u6700\u5927HP\u7684\u4e00\u534a\u3002", "language": {"name": "zh-Hant", "url": "https://pokeapi.co/api/v2/language/4/"}, "version_group": {"name": "lets-go-pikachu-lets-go-eevee", "url": "https://pokeapi.co/api/v2/version-group/19/"}}, {"flavor_text": "Une aura de bien-\u00eatre fait r\u00e9cup\u00e9rer la moiti\u00e9 de\nses PV max \u00e0 la cible.", "language": {"name": "fr", "url": "https://pokeapi.co/api/v2/language/5/"}, "version_group": {"name": "lets-go-pikachu-lets-go-eevee", "url": "https://pokeapi.co/api/v2/version-group/19/"}}, {"flavor_text": "Anwender l\u00f6st eine Schmerzen lindernde Welle aus\nund heilt dabei das Ziel mit der H\u00e4lfte von dessen\nmaximalen KP.", "language": {"name": "de", "url": "https://pokeapi.co/api/v2/language/6/"}, "version_group": {"name": "lets-go-pikachu-lets-go-eevee", "url": "https://pokeapi.co/api/v2/version-group/19/"}}, {"flavor_text": "Una onda curativa restaura la mitad de los PS\nm\u00e1ximos del objetivo.", "language": {"name": "es", "url": "https://pokeapi.co/api/v2/language/7/"}, "version_group": {"name": "lets-go-pikachu-lets-go-eevee", "url": "https://pokeapi.co/api/v2/version-group/19/"}}, {"flavor_text": "Chi la usa lancia un\u2019onda rilassante che fa\nrecuperare al bersaglio met\u00e0 dei suoi PS massimi.", "language": {"name": "it", "url": "https://pokeapi.co/api/v2/language/8/"}, "version_group": {"name": "lets-go-pikachu-lets-go-eevee", "url": "https://pokeapi.co/api/v2/version-group/19/"}}, {"flavor_text": "The user emits a healing pulse that restores the\ntarget\u2019s HP by up to half of its max HP.", "language": {"name": "en", "url": "https://pokeapi.co/api/v2/language/9/"}, "version_group": {"name": "lets-go-pikachu-lets-go-eevee", "url": "https://pokeapi.co/api/v2/version-group/19/"}}, {"flavor_text": "\u3044\u3084\u3057\u306e\u306f\u3069\u3046\u3092\u3000\u3068\u3070\u3057\u3066\n\u6700\u5927\uff28\uff30\u306e\u3000\u534a\u5206\n\u76f8\u624b\u306e\u3000\uff28\uff30\u3092\u3000\u56de\u5fa9\u3059\u308b\u3002", "language": {"name": "ja", "url": "https://pokeapi.co/api/v2/language/11/"}, "version_group": {"name": "lets-go-pikachu-lets-go-eevee", "url": "https://pokeapi.co/api/v2/version-group/19/"}}, {"flavor_text": "\u653e\u51fa\u6cbb\u6108\u6ce2\u52a8\uff0c\n\u4ece\u800c\u56de\u590d\u5bf9\u624b\n\u6700\u5927HP\u7684\u4e00\u534a\u3002", "language": {"name": "zh-Hans", "url": "https://pokeapi.co/api/v2/language/12/"}, "version_group": {"name": "lets-go-pikachu-lets-go-eevee", "url": "https://pokeapi.co/api/v2/version-group/19/"}}, {"flavor_text": "\u3044\u3084\u3057\u306e\u306f\u3069\u3046\u3092\u3000\u3068\u3070\u3057\u3066\n\u3055\u3044\u3060\u3044\u3000\uff28\uff30\u306e\u3000\u306f\u3093\u3076\u3093\n\u3042\u3044\u3066\u306e\u3000\uff28\uff30\u3092\u3000\u304b\u3044\u3075\u304f\u3000\u3059\u308b\u3002", "language": {"name": "ja-Hrkt", "url": "https://pokeapi.co/api/v2/language/1/"}, "version_group": {"name": "sword-shield", "url": "https://pokeapi.co/api/v2/version-group/20/"}}, {"flavor_text": "\uce58\uc720\ud30c\ub3d9\uc744 \ub0a0\ub824\uc11c\n\ucd5c\ub300 HP\uc758 \uc808\ubc18\ub9cc\ud07c\n\uc0c1\ub300\uc758 HP\ub97c \ud68c\ubcf5\ud55c\ub2e4.", "language": {"name": "ko", "url": "https://pokeapi.co/api/v2/language/3/"}, "version_group": {"name": "sword-shield", "url": "https://pokeapi.co/api/v2/version-group/20/"}}, {"flavor_text": "\u91cb\u653e\u51fa\u6cbb\u7652\u6ce2\u52d5\uff0c\n\u8b93\u5c0d\u624b\u56de\u5fa9\n\u6700\u5927\uff28\uff30\u7684\u4e00\u534a\u3002", "language": {"name": "zh-Hant", "url": "https://pokeapi.co/api/v2/language/4/"}, "version_group": {"name": "sword-shield", "url": "https://pokeapi.co/api/v2/version-group/20/"}}, {"flavor_text": "Une aura de bien-\u00eatre fait r\u00e9cup\u00e9rer la moiti\u00e9\nde ses PV max \u00e0 la cible.", "language": {"name": "fr", "url": "https://pokeapi.co/api/v2/language/5/"}, "version_group": {"name": "sword-shield", "url": "https://pokeapi.co/api/v2/version-group/20/"}}, {"flavor_text": "Anwender l\u00f6st eine Schmerzen lindernde Welle aus\nund heilt dabei das Ziel mit der H\u00e4lfte von dessen\nmaximalen KP.", "language": {"name": "de", "url": "https://pokeapi.co/api/v2/language/6/"}, "version_group": {"name": "sword-shield", "url": "https://pokeapi.co/api/v2/version-group/20/"}}, {"flavor_text": "Una onda curativa restaura la mitad de los PS m\u00e1ximos\ndel objetivo.", "language": {"name": "es", "url": "https://pokeapi.co/api/v2/language/7/"}, "version_group": {"name": "sword-shield", "url": "https://pokeapi.co/api/v2/version-group/20/"}}, {"flavor_text": "Chi la usa lancia un\u2019onda rilassante che fa\nrecuperare al bersaglio met\u00e0 dei suoi PS massimi.", "language": {"name": "it", "url": "https://pokeapi.co/api/v2/language/8/"}, "version_group": {"name": "sword-shield", "url": "https://pokeapi.co/api/v2/version-group/20/"}}, {"flavor_text": "The user emits a healing pulse that restores the\ntarget\u2019s HP by up to half of its max HP.", "language": {"name": "en", "url": "https://pokeapi.co/api/v2/language/9/"}, "version_group": {"name": "sword-shield", "url": "https://pokeapi.co/api/v2/version-group/20/"}}, {"flavor_text": "\u3044\u3084\u3057\u306e\u306f\u3069\u3046\u3092\u3000\u3068\u3070\u3057\u3066\n\u6700\u5927\uff28\uff30\u306e\u3000\u534a\u5206\n\u76f8\u624b\u306e\u3000\uff28\uff30\u3092\u3000\u56de\u5fa9\u3059\u308b\u3002", "language": {"name": "ja", "url": "https://pokeapi.co/api/v2/language/11/"}, "version_group": {"name": "sword-shield", "url": "https://pokeapi.co/api/v2/version-group/20/"}}, {"flavor_text": "\u653e\u51fa\u6cbb\u6108\u6ce2\u52a8\uff0c\n\u4ece\u800c\u56de\u590d\u5bf9\u624b\n\u6700\u5927\uff28\uff30\u7684\u4e00\u534a\u3002", "language": {"name": "zh-Hans", "url": "https://pokeapi.co/api/v2/language/12/"}, "version_group": {"name": "sword-shield", "url": "https://pokeapi.co/api/v2/version-group/20/"}}], "generation": {"name": "generation-v", "url": "https://pokeapi.co/api/v2/generation/5/"}, "id": 505, "learned_by_pokemon": [{"name": "clefairy", "url": "https://pokeapi.co/api/v2/pokemon/35/"}, {"name": "clefable", "url": "https://pokeapi.co/api/v2/pokemon/36/"}, {"name": "slowpoke", "url": "https://pokeapi.co/api/v2/pokemon/79/"}, {"name": "slowbro", "url": "https://pokeapi.co/api/v2/pokemon/80/"}, {"name": "chansey", "url": "https://pokeapi.co/api/v2/pokemon/113/"}, {"name": "chikorita", "url": "https://pokeapi.co/api/v2/pokemon/152/"}, {"name": "bayleef", "url": "https://pokeapi.co/api/v2/pokemon/153/"}, {"name": "meganium", "url": "https://pokeapi.co/api/v2/pokemon/154/"}, {"name": "cleffa", "url": "https://pokeapi.co/api/v2/pokemon/173/"}, {"name": "igglybuff", "url": "https://pokeapi.co/api/v2/pokemon/174/"}, {"name": "slowking", "url": "https://pokeapi.co/api/v2/pokemon/199/"}, {"name": "blissey", "url": "https://pokeapi.co/api/v2/pokemon/242/"}, {"name": "ralts", "url": "https://pokeapi.co/api/v2/pokemon/280/"}, {"name": "kirlia", "url": "https://pokeapi.co/api/v2/pokemon/281/"}, {"name": "gardevoir", "url": "https://pokeapi.co/api/v2/pokemon/282/"}, {"name": "chimecho", "url": "https://pokeapi.co/api/v2/pokemon/358/"}, {"name": "luvdisc", "url": "https://pokeapi.co/api/v2/pokemon/370/"}, {"name": "latias", "url": "https://pokeapi.co/api/v2/pokemon/380/"}, {"name": "latios", "url": "https://pokeapi.co/api/v2/pokemon/381/"}, {"name": "cherubi", "url": "https://pokeapi.co/api/v2/pokemon/420/"}, {"name": "lucario", "url": "https://pokeapi.co/api/v2/pokemon/448/"}, {"name": "gallade", "url": "https://pokeapi.co/api/v2/pokemon/475/"}, {"name": "audino", "url": "https://pokeapi.co/api/v2/pokemon/531/"}, {"name": "gothita", "url": "https://pokeapi.co/api/v2/pokemon/574/"}, {"name": "alomomola", "url": "https://pokeapi.co/api/v2/pokemon/594/"}, {"name": "aromatisse", "url": "https://pokeapi.co/api/v2/pokemon/683/"}, {"name": "clawitzer", "url": "https://pokeapi.co/api/v2/pokemon/693/"}, {"name": "xerneas", "url": "https://pokeapi.co/api/v2/pokemon/716/"}, {"name": "tapu-fini", "url": "https://pokeapi.co/api/v2/pokemon/788/"}, {"name": "hatenna", "url": "https://pokeapi.co/api/v2/pokemon/856/"}, {"name": "hattrem", "url": "https://pokeapi.co/api/v2/pokemon/857/"}, {"name": "hatterene", "url": "https://pokeapi.co/api/v2/pokemon/858/"}, {"name": "calyrex", "url": "https://pokeapi.co/api/v2/pokemon/898/"}, {"name": "gardevoir-mega", "url": "https://pokeapi.co/api/v2/pokemon/10051/"}, {"name": "lucario-mega", "url": "https://pokeapi.co/api/v2/pokemon/10059/"}, {"name": "latias-mega", "url": "https://pokeapi.co/api/v2/pokemon/10062/"}, {"name": "latios-mega", "url": "https://pokeapi.co/api/v2/pokemon/10063/"}, {"name": "gallade-mega", "url": "https://pokeapi.co/api/v2/pokemon/10068/"}, {"name": "audino-mega", "url": "https://pokeapi.co/api/v2/pokemon/10069/"}, {"name": "slowbro-mega", "url": "https://pokeapi.co/api/v2/pokemon/10071/"}, {"name": "ponyta-galar", "url": "https://pokeapi.co/api/v2/pokemon/10162/"}, {"name": "rapidash-galar", "url": "https://pokeapi.co/api/v2/pokemon/10163/"}, {"name": "slowpoke-galar", "url": "https://pokeapi.co/api/v2/pokemon/10164/"}, {"name": "slowbro-galar", "url": "https://pokeapi.co/api/v2/pokemon/10165/"}, {"name": "slowking-galar", "url": "https://pokeapi.co/api/v2/pokemon/10172/"}, {"name": "indeedee-female", "url": "https://pokeapi.co/api/v2/pokemon/10186/"}, {"name": "calyrex-ice", "url": "https://pokeapi.co/api/v2/pokemon/10193/"}, {"name": "calyrex-shadow", "url": "https://pokeapi.co/api/v2/pokemon/10194/"}], "machines": [], "meta": {"ailment": {"name": "none", "url": "https://pokeapi.co/api/v2/move-ailment/0/"}, "ailment_chance": 0, "category": {"name": "heal", "url": "https://pokeapi.co/api/v2/move-category/3/"}, "crit_rate": 0, "drain": 0, "flinch_chance": 0, "healing": 50, "max_hits": null, "max_turns": null, "min_hits": null, "min_turns": null, "stat_chance": 0}, "name": "heal-pulse", "names": [{"language": {"name": "ja-Hrkt", "url": "https://pokeapi.co/api/v2/language/1/"}, "name": "\u3044\u3084\u3057\u306e\u306f\u3069\u3046"}, {"language": {"name": "ko", "url": "https://pokeapi.co/api/v2/language/3/"}, "name": "\uce58\uc720\ud30c\ub3d9"}, {"language": {"name": "zh-Hant", "url": "https://pokeapi.co/api/v2/language/4/"}, "name": "\u6cbb\u7652\u6ce2\u52d5"}, {"language": {"name": "fr", "url": "https://pokeapi.co/api/v2/language/5/"}, "name": "Vibra Soin"}, {"language": {"name": "de", "url": "https://pokeapi.co/api/v2/language/6/"}, "name": "Heilwoge"}, {"language": {"name": "es", "url": "https://pokeapi.co/api/v2/language/7/"}, "name": "Pulso Cura"}, {"language": {"name": "it", "url": "https://pokeapi.co/api/v2/language/8/"}, "name": "Ondasana"}, {"language": {"name": "en", "url": "https://pokeapi.co/api/v2/language/9/"}, "name": "Heal Pulse"}, {"language": {"name": "ja", "url": "https://pokeapi.co/api/v2/language/11/"}, "name": "\u3044\u3084\u3057\u306e\u306f\u3069\u3046"}, {"language": {"name": "zh-Hans", "url": "https://pokeapi.co/api/v2/language/12/"}, "name": "\u6cbb\u6108\u6ce2\u52a8"}], "past_values": [], "power": null, "pp": 10, "priority": 0, "stat_changes": [], "super_contest_effect": null, "target": {"name": "selected-pokemon", "url": "https://pokeapi.co/api/v2/move-target/10/"}, "type": {"name": "psychic", "url": "https://pokeapi.co/api/v2/type/14/"}}