{"accuracy": 60, "contest_combos": {"normal": {"use_after": null, "use_before": [{"name": "dream-eater", "url": "https://pokeapi.co/api/v2/move/138/"}, {"name": "nightmare", "url": "https://pokeapi.co/api/v2/move/171/"}]}, "super": {"use_after": null, "use_before": null}}, "contest_effect": {"url": "https://pokeapi.co/api/v2/contest-effect/5/"}, "contest_type": {"name": "smart", "url": "https://pokeapi.co/api/v2/contest-type/4/"}, "damage_class": {"name": "status", "url": "https://pokeapi.co/api/v2/move-damage-class/1/"}, "effect_chance": null, "effect_changes": [], "effect_entries": [{"effect": "Puts the target to sleep.", "language": {"name": "en", "url": "https://pokeapi.co/api/v2/language/9/"}, "short_effect": "Puts the target to sleep."}], "flavor_text_entries": [{"flavor_text": "May put the foe to\nsleep.", "language": {"name": "en", "url": "https://pokeapi.co/api/v2/language/9/"}, "version_group": {"name": "gold-silver", "url": "https://pokeapi.co/api/v2/version-group/3/"}}, {"flavor_text": "May put the foe to\nsleep.", "language": {"name": "en", "url": "https://pokeapi.co/api/v2/language/9/"}, "version_group": {"name": "crystal", "url": "https://pokeapi.co/api/v2/version-group/4/"}}, {"flavor_text": "A hypnotizing move that\nmay induce sleep.", "language": {"name": "en", "url": "https://pokeapi.co/api/v2/language/9/"}, "version_group": {"name": "ruby-sapphire", "url": "https://pokeapi.co/api/v2/version-group/5/"}}, {"flavor_text": "A hypnotizing move that\nmay induce sleep.", "language": {"name": "en", "url": "https://pokeapi.co/api/v2/language/9/"}, "version_group": {"name": "emerald", "url": "https://pokeapi.co/api/v2/version-group/6/"}}, {"flavor_text": "Hypnotic suggestion\nis used to make the\nfoe fall into a\ndeep sleep.", "language": {"name": "en", "url": "https://pokeapi.co/api/v2/language/9/"}, "version_group": {"name": "firered-leafgreen", "url": "https://pokeapi.co/api/v2/version-group/7/"}}, {"flavor_text": "The user employs\nhypnotic suggestion\nto make the target\nfall into a deep\nsleep.", "language": {"name": "en", "url": "https://pokeapi.co/api/v2/language/9/"}, "version_group": {"name": "diamond-pearl", "url": "https://pokeapi.co/api/v2/version-group/8/"}}, {"flavor_text": "The user employs\nhypnotic suggestion\nto make the target\nfall into a deep\nsleep.", "language": {"name": "en", "url": "https://pokeapi.co/api/v2/language/9/"}, "version_group": {"name": "platinum", "url": "https://pokeapi.co/api/v2/version-group/9/"}}, {"flavor_text": "The user employs\nhypnotic suggestion\nto make the target\nfall into a deep\nsleep.", "language": {"name": "en", "url": "https://pokeapi.co/api/v2/language/9/"}, "version_group": {"name": "heartgold-soulsilver", "url": "https://pokeapi.co/api/v2/version-group/10/"}}, {"flavor_text": "Le lanceur hypnotise l\u2019ennemi pour le\nplonger dans un profond sommeil.", "language": {"name": "fr", "url": "https://pokeapi.co/api/v2/language/5/"}, "version_group": {"name": "black-white", "url": "https://pokeapi.co/api/v2/version-group/11/"}}, {"flavor_text": "The user employs hypnotic suggestion\nto make the target fall into a deep sleep.", "language": {"name": "en", "url": "https://pokeapi.co/api/v2/language/9/"}, "version_group": {"name": "black-white", "url": "https://pokeapi.co/api/v2/version-group/11/"}}, {"flavor_text": "The user employs hypnotic suggestion\nto make the target fall into a deep sleep.", "language": {"name": "en", "url": "https://pokeapi.co/api/v2/language/9/"}, "version_group": {"name": "black-2-white-2", "url": "https://pokeapi.co/api/v2/version-group/14/"}}, {"flavor_text": "\u306d\u3080\u3051\u3092\u3000\u3055\u305d\u3046\u3000\u3042\u3093\u3058\u3092\u3000\u304b\u3051\u3066\n\u3042\u3044\u3066\u3092\u3000\u306d\u3080\u308a\u3000\u3058\u3087\u3046\u305f\u3044\u306b\u3000\u3059\u308b\u3002\n", "language": {"name": "ja-Hrkt", "url": "https://pokeapi.co/api/v2/language/1/"}, "version_group": {"name": "x-y", "url": "https://pokeapi.co/api/v2/version-group/15/"}}, {"flavor_text": "\uc878\uc74c\uc744 \uc720\ub3c4\ud558\ub294 \uc554\uc2dc\ub97c \uac78\uc5b4\uc11c\n\uc0c1\ub300\ub97c \uc7a0\ub4e6 \uc0c1\ud0dc\ub85c \ub9cc\ub4e0\ub2e4.", "language": {"name": "ko", "url": "https://pokeapi.co/api/v2/language/3/"}, "version_group": {"name": "x-y", "url": "https://pokeapi.co/api/v2/version-group/15/"}}, {"flavor_text": "Le lanceur hypnotise l\u2019ennemi pour le plonger\ndans un profond sommeil.", "language": {"name": "fr", "url": "https://pokeapi.co/api/v2/language/5/"}, "version_group": {"name": "x-y", "url": "https://pokeapi.co/api/v2/version-group/15/"}}, {"flavor_text": "Hypnose-Attacke, die das Ziel in Schlaf versetzt.", "language": {"name": "de", "url": "https://pokeapi.co/api/v2/language/6/"}, "version_group": {"name": "x-y", "url": "https://pokeapi.co/api/v2/version-group/15/"}}, {"flavor_text": "Ataque hipn\u00f3tico que hace dormir profundamente\nal objetivo.", "language": {"name": "es", "url": "https://pokeapi.co/api/v2/language/7/"}, "version_group": {"name": "x-y", "url": "https://pokeapi.co/api/v2/version-group/15/"}}, {"flavor_text": "Chi la usa si avvale della suggestione ipnotica\nper far addormentare il bersaglio.", "language": {"name": "it", "url": "https://pokeapi.co/api/v2/language/8/"}, "version_group": {"name": "x-y", "url": "https://pokeapi.co/api/v2/version-group/15/"}}, {"flavor_text": "The user employs hypnotic suggestion\nto make the target fall into a deep sleep.", "language": {"name": "en", "url": "https://pokeapi.co/api/v2/language/9/"}, "version_group": {"name": "x-y", "url": "https://pokeapi.co/api/v2/version-group/15/"}}, {"flavor_text": "\u7720\u6c17\u3092\u3000\u8a98\u3046\u3000\u6697\u793a\u3092\u3000\u304b\u3051\u3066\n\u76f8\u624b\u3092\u3000\u7720\u308a\u72b6\u614b\u306b\u3000\u3059\u308b\u3002\n", "language": {"name": "ja", "url": "https://pokeapi.co/api/v2/language/11/"}, "version_group": {"name": "x-y", "url": "https://pokeapi.co/api/v2/version-group/15/"}}, {"flavor_text": "\u306d\u3080\u3051\u3092\u3000\u3055\u305d\u3046\u3000\u3042\u3093\u3058\u3092\u3000\u304b\u3051\u3066\n\u3042\u3044\u3066\u3092\u3000\u306d\u3080\u308a\u3000\u3058\u3087\u3046\u305f\u3044\u306b\u3000\u3059\u308b\u3002\n", "language": {"name": "ja-Hrkt", "url": "https://pokeapi.co/api/v2/language/1/"}, "version_group": {"name": "omega-ruby-alpha-sapphire", "url": "https://pokeapi.co/api/v2/version-group/16/"}}, {"flavor_text": "\uc878\uc74c\uc744 \uc720\ub3c4\ud558\ub294 \uc554\uc2dc\ub97c \uac78\uc5b4\uc11c\n\uc0c1\ub300\ub97c \uc7a0\ub4e6 \uc0c1\ud0dc\ub85c \ub9cc\ub4e0\ub2e4.", "language": {"name": "ko", "url": "https://pokeapi.co/api/v2/language/3/"}, "version_group": {"name": "omega-ruby-alpha-sapphire", "url": "https://pokeapi.co/api/v2/version-group/16/"}}, {"flavor_text": "Le lanceur hypnotise l\u2019ennemi pour le plonger\ndans un profond sommeil.", "language": {"name": "fr", "url": "https://pokeapi.co/api/v2/language/5/"}, "version_group": {"name": "omega-ruby-alpha-sapphire", "url": "https://pokeapi.co/api/v2/version-group/16/"}}, {"flavor_text": "Hypnose-Attacke, die das Ziel in Schlaf versetzt.", "language": {"name": "de", "url": "https://pokeapi.co/api/v2/language/6/"}, "version_group": {"name": "omega-ruby-alpha-sapphire", "url": "https://pokeapi.co/api/v2/version-group/16/"}}, {"flavor_text": "Ataque hipn\u00f3tico que hace dormir profundamente al \nobjetivo.", "language": {"name": "es", "url": "https://pokeapi.co/api/v2/language/7/"}, "version_group": {"name": "omega-ruby-alpha-sapphire", "url": "https://pokeapi.co/api/v2/version-group/16/"}}, {"flavor_text": "Chi la usa si avvale della suggestione ipnotica\nper far addormentare il bersaglio.", "language": {"name": "it", "url": "https://pokeapi.co/api/v2/language/8/"}, "version_group": {"name": "omega-ruby-alpha-sapphire", "url": "https://pokeapi.co/api/v2/version-group/16/"}}, {"flavor_text": "The user employs hypnotic suggestion\nto make the target fall into a deep sleep.", "language": {"name": "en", "url": "https://pokeapi.co/api/v2/language/9/"}, "version_group": {"name": "omega-ruby-alpha-sapphire", "url": "https://pokeapi.co/api/v2/version-group/16/"}}, {"flavor_text": "\u7720\u6c17\u3092\u3000\u8a98\u3046\u3000\u6697\u793a\u3092\u3000\u304b\u3051\u3066\n\u76f8\u624b\u3092\u3000\u7720\u308a\u72b6\u614b\u306b\u3000\u3059\u308b\u3002\n", "language": {"name": "ja", "url": "https://pokeapi.co/api/v2/language/11/"}, "version_group": {"name": "omega-ruby-alpha-sapphire", "url": "https://pokeapi.co/api/v2/version-group/16/"}}, {"flavor_text": "\u306d\u3080\u3051\u3092\u3000\u3055\u305d\u3046\u3000\u3042\u3093\u3058\u3092\u3000\u304b\u3051\u3066\n\u3042\u3044\u3066\u3092\u3000\u306d\u3080\u308a\u3000\u3058\u3087\u3046\u305f\u3044\u306b\u3000\u3059\u308b\u3002", "language": {"name": "ja-Hrkt", "url": "https://pokeapi.co/api/v2/language/1/"}, "version_group": {"name": "sun-moon", "url": "https://pokeapi.co/api/v2/version-group/17/"}}, {"flavor_text": "\uc878\uc74c\uc744 \uc720\ub3c4\ud558\ub294 \uc554\uc2dc\ub97c \uac78\uc5b4\uc11c\n\uc0c1\ub300\ub97c \uc7a0\ub4e6 \uc0c1\ud0dc\ub85c \ub9cc\ub4e0\ub2e4.", "language": {"name": "ko", "url": "https://pokeapi.co/api/v2/language/3/"}, "version_group": {"name": "sun-moon", "url": "https://pokeapi.co/api/v2/version-group/17/"}}, {"flavor_text": "\u65bd\u52a0\u5f15\u767c\u7761\u610f\u7684\u6697\u793a\uff0c\n\u8b93\u5c0d\u624b\u9677\u5165\u7761\u7720\u72c0\u614b\u3002", "language": {"name": "zh-Hant", "url": "https://pokeapi.co/api/v2/language/4/"}, "version_group": {"name": "sun-moon", "url": "https://pokeapi.co/api/v2/version-group/17/"}}, {"flavor_text": "Le lanceur hypnotise l\u2019ennemi pour le plonger\ndans un profond sommeil.", "language": {"name": "fr", "url": "https://pokeapi.co/api/v2/language/5/"}, "version_group": {"name": "sun-moon", "url": "https://pokeapi.co/api/v2/version-group/17/"}}, {"flavor_text": "Hypnose-Attacke, die das Ziel in Schlaf versetzt.", "language": {"name": "de", "url": "https://pokeapi.co/api/v2/language/6/"}, "version_group": {"name": "sun-moon", "url": "https://pokeapi.co/api/v2/version-group/17/"}}, {"flavor_text": "Ataque hipn\u00f3tico que hace dormir profundamente al \nobjetivo.", "language": {"name": "es", "url": "https://pokeapi.co/api/v2/language/7/"}, "version_group": {"name": "sun-moon", "url": "https://pokeapi.co/api/v2/version-group/17/"}}, {"flavor_text": "Chi la usa si avvale della suggestione ipnotica\nper far addormentare il bersaglio.", "language": {"name": "it", "url": "https://pokeapi.co/api/v2/language/8/"}, "version_group": {"name": "sun-moon", "url": "https://pokeapi.co/api/v2/version-group/17/"}}, {"flavor_text": "The user employs hypnotic suggestion to make the\ntarget fall into a deep sleep.", "language": {"name": "en", "url": "https://pokeapi.co/api/v2/language/9/"}, "version_group": {"name": "sun-moon", "url": "https://pokeapi.co/api/v2/version-group/17/"}}, {"flavor_text": "\u7720\u6c17\u3092\u3000\u8a98\u3046\u3000\u6697\u793a\u3092\u3000\u304b\u3051\u3066\n\u76f8\u624b\u3092\u3000\u7720\u308a\u72b6\u614b\u306b\u3000\u3059\u308b\u3002", "language": {"name": "ja", "url": "https://pokeapi.co/api/v2/language/11/"}, "version_group": {"name": "sun-moon", "url": "https://pokeapi.co/api/v2/version-group/17/"}}, {"flavor_text": "\u65bd\u4ee5\u8bf1\u5bfc\u7761\u610f\u7684\u6697\u793a\uff0c\n\u8ba9\u5bf9\u624b\u9677\u5165\u7761\u7720\u72b6\u6001\u3002", "language": {"name": "zh-Hans", "url": "https://pokeapi.co/api/v2/language/12/"}, "version_group": {"name": "sun-moon", "url": "https://pokeapi.co/api/v2/version-group/17/"}}, {"flavor_text": "\u306d\u3080\u3051\u3092\u3000\u3055\u305d\u3046\u3000\u3042\u3093\u3058\u3092\u3000\u304b\u3051\u3066\n\u3042\u3044\u3066\u3092\u3000\u306d\u3080\u308a\u3000\u3058\u3087\u3046\u305f\u3044\u306b\u3000\u3059\u308b\u3002", "language": {"name": "ja-Hrkt", "url": "https://pokeapi.co/api/v2/language/1/"}, "version_group": {"name": "ultra-sun-ultra-moon", "url": "https://pokeapi.co/api/v2/version-group/18/"}}, {"flavor_text": "\uc878\uc74c\uc744 \uc720\ub3c4\ud558\ub294 \uc554\uc2dc\ub97c \uac78\uc5b4\uc11c\n\uc0c1\ub300\ub97c \uc7a0\ub4e6 \uc0c1\ud0dc\ub85c \ub9cc\ub4e0\ub2e4.", "language": {"name": "ko", "url": "https://pokeapi.co/api/v2/language/3/"}, "version_group": {"name": "ultra-sun-ultra-moon", "url": "https://pokeapi.co/api/v2/version-group/18/"}}, {"flavor_text": "\u65bd\u52a0\u5f15\u767c\u7761\u610f\u7684\u6697\u793a\uff0c\n\u8b93\u5c0d\u624b\u9677\u5165\u7761\u7720\u72c0\u614b\u3002", "language": {"name": "zh-Hant", "url": "https://pokeapi.co/api/v2/language/4/"}, "version_group": {"name": "ultra-sun-ultra-moon", "url": "https://pokeapi.co/api/v2/version-group/18/"}}, {"flavor_text": "Le lanceur hypnotise l\u2019ennemi pour le plonger\ndans un profond sommeil.", "language": {"name": "fr", "url": "https://pokeapi.co/api/v2/language/5/"}, "version_group": {"name": "ultra-sun-ultra-moon", "url": "https://pokeapi.co/api/v2/version-group/18/"}}, {"flavor_text": "Hypnose-Attacke, die das Ziel in Schlaf versetzt.", "language": {"name": "de", "url": "https://pokeapi.co/api/v2/language/6/"}, "version_group": {"name": "ultra-sun-ultra-moon", "url": "https://pokeapi.co/api/v2/version-group/18/"}}, {"flavor_text": "Ataque hipn\u00f3tico que hace dormir profundamente al \nobjetivo.", "language": {"name": "es", "url": "https://pokeapi.co/api/v2/language/7/"}, "version_group": {"name": "ultra-sun-ultra-moon", "url": "https://pokeapi.co/api/v2/version-group/18/"}}, {"flavor_text": "Chi la usa si avvale della suggestione ipnotica\nper far addormentare il bersaglio.", "language": {"name": "it", "url": "https://pokeapi.co/api/v2/language/8/"}, "version_group": {"name": "ultra-sun-ultra-moon", "url": "https://pokeapi.co/api/v2/version-group/18/"}}, {"flavor_text": "The user employs hypnotic suggestion to make the\ntarget fall into a deep sleep.", "language": {"name": "en", "url": "https://pokeapi.co/api/v2/language/9/"}, "version_group": {"name": "ultra-sun-ultra-moon", "url": "https://pokeapi.co/api/v2/version-group/18/"}}, {"flavor_text": "\u7720\u6c17\u3092\u3000\u8a98\u3046\u3000\u6697\u793a\u3092\u3000\u304b\u3051\u3066\n\u76f8\u624b\u3092\u3000\u7720\u308a\u72b6\u614b\u306b\u3000\u3059\u308b\u3002", "language": {"name": "ja", "url": "https://pokeapi.co/api/v2/language/11/"}, "version_group": {"name": "ultra-sun-ultra-moon", "url": "https://pokeapi.co/api/v2/version-group/18/"}}, {"flavor_text": "\u65bd\u4ee5\u8bf1\u5bfc\u7761\u610f\u7684\u6697\u793a\uff0c\n\u8ba9\u5bf9\u624b\u9677\u5165\u7761\u7720\u72b6\u6001\u3002", "language": {"name": "zh-Hans", "url": "https://pokeapi.co/api/v2/language/12/"}, "version_group": {"name": "ultra-sun-ultra-moon", "url": "https://pokeapi.co/api/v2/version-group/18/"}}, {"flavor_text": "\u306d\u3080\u3051\u3092\u3000\u3055\u305d\u3046\u3000\u3042\u3093\u3058\u3092\u3000\u304b\u3051\u3066\n\u3042\u3044\u3066\u3092\u3000\u306d\u3080\u308a\u3000\u3058\u3087\u3046\u305f\u3044\u306b\u3000\u3059\u308b\u3002", "language": {"name": "ja-Hrkt", "url": "https://pokeapi.co/api/v2/language/1/"}, "version_group": {"name": "lets-go-pikachu-lets-go-eevee", "url": "https://pokeapi.co/api/v2/version-group/19/"}}, {"flavor_text": "\uc878\uc74c\uc744 \uc720\ub3c4\ud558\ub294 \uc554\uc2dc\ub97c \uac78\uc5b4\uc11c\n\uc0c1\ub300\ub97c \uc7a0\ub4e6 \uc0c1\ud0dc\ub85c \ub9cc\ub4e0\ub2e4.", "language": {"name": "ko", "url": "https://pokeapi.co/api/v2/language/3/"}, "version_group": {"name": "lets-go-pikachu-lets-go-eevee", "url": "https://pokeapi.co/api/v2/version-group/19/"}}, {"flavor_text": "\u65bd\u52a0\u5f15\u767c\u7761\u610f\u7684\u6697\u793a\uff0c\n\u8b93\u5c0d\u624b\u9677\u5165\u7761\u7720\u72c0\u614b\u3002", "language": {"name": "zh-Hant", "url": "https://pokeapi.co/api/v2/language/4/"}, "version_group": {"name": "lets-go-pikachu-lets-go-eevee", "url": "https://pokeapi.co/api/v2/version-group/19/"}}, {"flavor_text": "Le lanceur hypnotise l\u2019ennemi pour le plonger\ndans un profond sommeil.", "language": {"name": "fr", "url": "https://pokeapi.co/api/v2/language/5/"}, "version_group": {"name": "lets-go-pikachu-lets-go-eevee", "url": "https://pokeapi.co/api/v2/version-group/19/"}}, {"flavor_text": "Hypnose-Attacke, die das Ziel in Schlaf versetzt.", "language": {"name": "de", "url": "https://pokeapi.co/api/v2/language/6/"}, "version_group": {"name": "lets-go-pikachu-lets-go-eevee", "url": "https://pokeapi.co/api/v2/version-group/19/"}}, {"flavor_text": "Ataque hipn\u00f3tico que hace dormir profundamente al \nobjetivo.", "language": {"name": "es", "url": "https://pokeapi.co/api/v2/language/7/"}, "version_group": {"name": "lets-go-pikachu-lets-go-eevee", "url": "https://pokeapi.co/api/v2/version-group/19/"}}, {"flavor_text": "Chi la usa si avvale della suggestione ipnotica\nper far addormentare il bersaglio.", "language": {"name": "it", "url": "https://pokeapi.co/api/v2/language/8/"}, "version_group": {"name": "lets-go-pikachu-lets-go-eevee", "url": "https://pokeapi.co/api/v2/version-group/19/"}}, {"flavor_text": "The user employs hypnotic suggestion to make the\ntarget fall into a deep sleep.", "language": {"name": "en", "url": "https://pokeapi.co/api/v2/language/9/"}, "version_group": {"name": "lets-go-pikachu-lets-go-eevee", "url": "https://pokeapi.co/api/v2/version-group/19/"}}, {"flavor_text": "\u7720\u6c17\u3092\u3000\u8a98\u3046\u3000\u6697\u793a\u3092\u3000\u304b\u3051\u3066\n\u76f8\u624b\u3092\u3000\u7720\u308a\u72b6\u614b\u306b\u3000\u3059\u308b\u3002", "language": {"name": "ja", "url": "https://pokeapi.co/api/v2/language/11/"}, "version_group": {"name": "lets-go-pikachu-lets-go-eevee", "url": "https://pokeapi.co/api/v2/version-group/19/"}}, {"flavor_text": "\u65bd\u4ee5\u8bf1\u5bfc\u7761\u610f\u7684\u6697\u793a\uff0c\n\u8ba9\u5bf9\u624b\u9677\u5165\u7761\u7720\u72b6\u6001\u3002", "language": {"name": "zh-Hans", "url": "https://pokeapi.co/api/v2/language/12/"}, "version_group": {"name": "lets-go-pikachu-lets-go-eevee", "url": "https://pokeapi.co/api/v2/version-group/19/"}}, {"flavor_text": "\u306d\u3080\u3051\u3092\u3000\u3055\u305d\u3046\u3000\u3042\u3093\u3058\u3092\u3000\u304b\u3051\u3066\n\u3042\u3044\u3066\u3092\u3000\u306d\u3080\u308a\u3000\u3058\u3087\u3046\u305f\u3044\u306b\u3000\u3059\u308b\u3002", "language": {"name": "ja-Hrkt", "url": "https://pokeapi.co/api/v2/language/1/"}, "version_group": {"name": "sword-shield", "url": "https://pokeapi.co/api/v2/version-group/20/"}}, {"flavor_text": "\uc878\uc74c\uc744 \uc720\ub3c4\ud558\ub294 \uc554\uc2dc\ub97c \uac78\uc5b4\uc11c\n\uc0c1\ub300\ub97c \uc7a0\ub4e6 \uc0c1\ud0dc\ub85c \ub9cc\ub4e0\ub2e4.", "language": {"name": "ko", "url": "https://pokeapi.co/api/v2/language/3/"}, "version_group": {"name": "sword-shield", "url": "https://pokeapi.co/api/v2/version-group/20/"}}, {"flavor_text": "\u65bd\u52a0\u5f15\u767c\u7761\u610f\u7684\u6697\u793a\uff0c\n\u8b93\u5c0d\u624b\u9677\u5165\u7761\u7720\u72c0\u614b\u3002", "language": {"name": "zh-Hant", "url": "https://pokeapi.co/api/v2/language/4/"}, "version_group": {"name": "sword-shield", "url": "https://pokeapi.co/api/v2/version-group/20/"}}, {"flavor_text": "Le lanceur hypnotise l\u2019ennemi pour le plonger\ndans un profond sommeil.", "language": {"name": "fr", "url": "https://pokeapi.co/api/v2/language/5/"}, "version_group": {"name": "sword-shield", "url": "https://pokeapi.co/api/v2/version-group/20/"}}, {"flavor_text": "Hypnose-Attacke, die das Ziel in Schlaf versetzt.", "language": {"name": "de", "url": "https://pokeapi.co/api/v2/language/6/"}, "version_group": {"name": "sword-shield", "url": "https://pokeapi.co/api/v2/version-group/20/"}}, {"flavor_text": "Ataque hipn\u00f3tico que hace dormir profundamente al\nobjetivo.", "language": {"name": "es", "url": "https://pokeapi.co/api/v2/language/7/"}, "version_group": {"name": "sword-shield", "url": "https://pokeapi.co/api/v2/version-group/20/"}}, {"flavor_text": "Chi la usa si avvale della suggestione ipnotica\nper far addormentare il bersaglio.", "language": {"name": "it", "url": "https://pokeapi.co/api/v2/language/8/"}, "version_group": {"name": "sword-shield", "url": "https://pokeapi.co/api/v2/version-group/20/"}}, {"flavor_text": "The user employs hypnotic suggestion to make the\ntarget fall into a deep sleep.", "language": {"name": "en", "url": "https://pokeapi.co/api/v2/language/9/"}, "version_group": {"name": "sword-shield", "url": "https://pokeapi.co/api/v2/version-group/20/"}}, {"flavor_text": "\u7720\u6c17\u3092\u3000\u8a98\u3046\u3000\u6697\u793a\u3092\u3000\u304b\u3051\u3066\n\u76f8\u624b\u3092\u3000\u7720\u308a\u72b6\u614b\u306b\u3000\u3059\u308b\u3002", "language": {"name": "ja", "url": "https://pokeapi.co/api/v2/language/11/"}, "version_group": {"name": "sword-shield", "url": "https://pokeapi.co/api/v2/version-group/20/"}}, {"flavor_text": "\u65bd\u4ee5\u8bf1\u5bfc\u7761\u610f\u7684\u6697\u793a\uff0c\n\u8ba9\u5bf9\u624b\u9677\u5165\u7761\u7720\u72b6\u6001\u3002", "language": {"name": "zh-Hans", "url": "https://pokeapi.co/api/v2/language/12/"}, "version_group": {"name": "sword-shield", "url": "https://pokeapi.co/api/v2/version-group/20/"}}], "generation": {"name": "generation-i", "url": "https://pokeapi.co/api/v2/generation/1/"}, "id": 95, "learned_by_pokemon": [{"name": "vulpix", "url": "https://pokeapi.co/api/v2/pokemon/37/"}, {"name": "ninetales", "url": "https://pokeapi.co/api/v2/pokemon/38/"}, {"name": "zubat", "url": "https://pokeapi.co/api/v2/pokemon/41/"}, {"name": "meowth", "url": "https://pokeapi.co/api/v2/pokemon/52/"}, {"name": "persian", "url": "https://pokeapi.co/api/v2/pokemon/53/"}, {"name": "psyduck", "url": "https://pokeapi.co/api/v2/pokemon/54/"}, {"name": "poliwag", "url": "https://pokeapi.co/api/v2/pokemon/60/"}, {"name": "poliwhirl", "url": "https://pokeapi.co/api/v2/pokemon/61/"}, {"name": "poliwrath", "url": "https://pokeapi.co/api/v2/pokemon/62/"}, {"name": "ponyta", "url": "https://pokeapi.co/api/v2/pokemon/77/"}, {"name": "rapidash", "url": "https://pokeapi.co/api/v2/pokemon/78/"}, {"name": "gastly", "url": "https://pokeapi.co/api/v2/pokemon/92/"}, {"name": "haunter", "url": "https://pokeapi.co/api/v2/pokemon/93/"}, {"name": "gengar", "url": "https://pokeapi.co/api/v2/pokemon/94/"}, {"name": "drowzee", "url": "https://pokeapi.co/api/v2/pokemon/96/"}, {"name": "hypno", "url": "https://pokeapi.co/api/v2/pokemon/97/"}, {"name": "exeggcute", "url": "https://pokeapi.co/api/v2/pokemon/102/"}, {"name": "exeggutor", "url": "https://pokeapi.co/api/v2/pokemon/103/"}, {"name": "mr-mime", "url": "https://pokeapi.co/api/v2/pokemon/122/"}, {"name": "mew", "url": "https://pokeapi.co/api/v2/pokemon/151/"}, {"name": "hoothoot", "url": "https://pokeapi.co/api/v2/pokemon/163/"}, {"name": "noctowl", "url": "https://pokeapi.co/api/v2/pokemon/164/"}, {"name": "politoed", "url": "https://pokeapi.co/api/v2/pokemon/186/"}, {"name": "yanma", "url": "https://pokeapi.co/api/v2/pokemon/193/"}, {"name": "stantler", "url": "https://pokeapi.co/api/v2/pokemon/234/"}, {"name": "ralts", "url": "https://pokeapi.co/api/v2/pokemon/280/"}, {"name": "kirlia", "url": "https://pokeapi.co/api/v2/pokemon/281/"}, {"name": "gardevoir", "url": "https://pokeapi.co/api/v2/pokemon/282/"}, {"name": "spinda", "url": "https://pokeapi.co/api/v2/pokemon/327/"}, {"name": "lunatone", "url": "https://pokeapi.co/api/v2/pokemon/337/"}, {"name": "solrock", "url": "https://pokeapi.co/api/v2/pokemon/338/"}, {"name": "feebas", "url": "https://pokeapi.co/api/v2/pokemon/349/"}, {"name": "milotic", "url": "https://pokeapi.co/api/v2/pokemon/350/"}, {"name": "chimecho", "url": "https://pokeapi.co/api/v2/pokemon/358/"}, {"name": "drifloon", "url": "https://pokeapi.co/api/v2/pokemon/425/"}, {"name": "glameow", "url": "https://pokeapi.co/api/v2/pokemon/431/"}, {"name": "purugly", "url": "https://pokeapi.co/api/v2/pokemon/432/"}, {"name": "chingling", "url": "https://pokeapi.co/api/v2/pokemon/433/"}, {"name": "bronzor", "url": "https://pokeapi.co/api/v2/pokemon/436/"}, {"name": "bronzong", "url": "https://pokeapi.co/api/v2/pokemon/437/"}, {"name": "mime-jr", "url": "https://pokeapi.co/api/v2/pokemon/439/"}, {"name": "spiritomb", "url": "https://pokeapi.co/api/v2/pokemon/442/"}, {"name": "yanmega", "url": "https://pokeapi.co/api/v2/pokemon/469/"}, {"name": "gallade", "url": "https://pokeapi.co/api/v2/pokemon/475/"}, {"name": "darkrai", "url": "https://pokeapi.co/api/v2/pokemon/491/"}, {"name": "patrat", "url": "https://pokeapi.co/api/v2/pokemon/504/"}, {"name": "watchog", "url": "https://pokeapi.co/api/v2/pokemon/505/"}, {"name": "munna", "url": "https://pokeapi.co/api/v2/pokemon/517/"}, {"name": "musharna", "url": "https://pokeapi.co/api/v2/pokemon/518/"}, {"name": "pidove", "url": "https://pokeapi.co/api/v2/pokemon/519/"}, {"name": "sigilyph", "url": "https://pokeapi.co/api/v2/pokemon/561/"}, {"name": "gothita", "url": "https://pokeapi.co/api/v2/pokemon/574/"}, {"name": "gothorita", "url": "https://pokeapi.co/api/v2/pokemon/575/"}, {"name": "gothitelle", "url": "https://pokeapi.co/api/v2/pokemon/576/"}, {"name": "fennekin", "url": "https://pokeapi.co/api/v2/pokemon/653/"}, {"name": "braixen", "url": "https://pokeapi.co/api/v2/pokemon/654/"}, {"name": "delphox", "url": "https://pokeapi.co/api/v2/pokemon/655/"}, {"name": "inkay", "url": "https://pokeapi.co/api/v2/pokemon/686/"}, {"name": "malamar", "url": "https://pokeapi.co/api/v2/pokemon/687/"}, {"name": "sandygast", "url": "https://pokeapi.co/api/v2/pokemon/769/"}, {"name": "palossand", "url": "https://pokeapi.co/api/v2/pokemon/770/"}, {"name": "lunala", "url": "https://pokeapi.co/api/v2/pokemon/792/"}, {"name": "xurkitree", "url": "https://pokeapi.co/api/v2/pokemon/796/"}, {"name": "blacephalon", "url": "https://pokeapi.co/api/v2/pokemon/806/"}, {"name": "orbeetle", "url": "https://pokeapi.co/api/v2/pokemon/826/"}, {"name": "mr-rime", "url": "https://pokeapi.co/api/v2/pokemon/866/"}, {"name": "wyrdeer", "url": "https://pokeapi.co/api/v2/pokemon/899/"}, {"name": "flittle", "url": "https://pokeapi.co/api/v2/pokemon/955/"}, {"name": "iron-valiant", "url": "https://pokeapi.co/api/v2/pokemon/1006/"}, {"name": "gengar-mega", "url": "https://pokeapi.co/api/v2/pokemon/10038/"}, {"name": "gardevoir-mega", "url": "https://pokeapi.co/api/v2/pokemon/10051/"}, {"name": "vulpix-alola", "url": "https://pokeapi.co/api/v2/pokemon/10103/"}, {"name": "ninetales-alola", "url": "https://pokeapi.co/api/v2/pokemon/10104/"}, {"name": "meowth-alola", "url": "https://pokeapi.co/api/v2/pokemon/10107/"}, {"name": "persian-alola", "url": "https://pokeapi.co/api/v2/pokemon/10108/"}, {"name": "exeggutor-alola", "url": "https://pokeapi.co/api/v2/pokemon/10114/"}, {"name": "ponyta-galar", "url": "https://pokeapi.co/api/v2/pokemon/10162/"}, {"name": "mr-mime-galar", "url": "https://pokeapi.co/api/v2/pokemon/10168/"}, {"name": "articuno-galar", "url": "https://pokeapi.co/api/v2/pokemon/10169/"}], "machines": [], "meta": {"ailment": {"name": "sleep", "url": "https://pokeapi.co/api/v2/move-ailment/2/"}, "ailment_chance": 0, "category": {"name": "ailment", "url": "https://pokeapi.co/api/v2/move-category/1/"}, "crit_rate": 0, "drain": 0, "flinch_chance": 0, "healing": 0, "max_hits": null, "max_turns": 4, "min_hits": null, "min_turns": 2, "stat_chance": 0}, "name": "hypnosis", "names": [{"language": {"name": "ja-Hrkt", "url": "https://pokeapi.co/api/v2/language/1/"}, "name": "\u3055\u3044\u307f\u3093\u3058\u3085\u3064"}, {"language": {"name": "ko", "url": "https://pokeapi.co/api/v2/language/3/"}, "name": "\ucd5c\uba74\uc220"}, {"language": {"name": "zh-Hant", "url": "https://pokeapi.co/api/v2/language/4/"}, "name": "\u50ac\u7720\u8853"}, {"language": {"name": "fr", "url": "https://pokeapi.co/api/v2/language/5/"}, "name": "Hypnose"}, {"language": {"name": "de", "url": "https://pokeapi.co/api/v2/language/6/"}, "name": "Hypnose"}, {"language": {"name": "es", "url": "https://pokeapi.co/api/v2/language/7/"}, "name": "Hipnosis"}, {"language": {"name": "it", "url": "https://pokeapi.co/api/v2/language/8/"}, "name": "Ipnosi"}, {"language": {"name": "en", "url": "https://pokeapi.co/api/v2/language/9/"}, "name": "Hypnosis"}, {"language": {"name": "ja", "url": "https://pokeapi.co/api/v2/language/11/"}, "name": "\u3055\u3044\u307f\u3093\u3058\u3085\u3064"}, {"language": {"name": "zh-Hans", "url": "https://pokeapi.co/api/v2/language/12/"}, "name": "\u50ac\u7720\u672f"}], "past_values": [{"accuracy": 60, "effect_chance": null, "effect_entries": [], "power": null, "pp": null, "type": null, "version_group": {"name": "diamond-pearl", "url": "https://pokeapi.co/api/v2/version-group/8/"}}, {"accuracy": 70, "effect_chance": null, "effect_entries": [], "power": null, "pp": null, "type": null, "version_group": {"name": "platinum", "url": "https://pokeapi.co/api/v2/version-group/9/"}}], "power": null, "pp": 20, "priority": 0, "stat_changes": [], "super_contest_effect": {"url": "https://pokeapi.co/api/v2/super-contest-effect/19/"}, "target": {"name": "selected-pokemon", "url": "https://pokeapi.co/api/v2/move-target/10/"}, "type": {"name": "psychic", "url": "https://pokeapi.co/api/v2/type/14/"}}