{"accuracy": 90, "contest_combos": null, "contest_effect": null, "contest_type": null, "damage_class": {"name": "physical", "url": "https://pokeapi.co/api/v2/move-damage-class/2/"}, "effect_chance": 100, "effect_changes": [], "effect_entries": [{"effect": "Inflicts regular damage, then lowers the user's Speed by one stage.", "language": {"name": "en", "url": "https://pokeapi.co/api/v2/language/9/"}, "short_effect": "Lowers user's Speed by one stage."}], "flavor_text_entries": [{"flavor_text": "\u3064\u3088\u304f\u3066\u3000\u304a\u3082\u3044\u3000\u3053\u3076\u3057\u3092\n\u3075\u308b\u3063\u3066\u3000\u30c0\u30e1\u30fc\u30b8\u3092\u3000\u3042\u305f\u3048\u308b\u3002\n\u3058\u3076\u3093\u306e\u3000\u3059\u3070\u3084\u3055\u304c\u3000\u3055\u304c\u308b\u3002", "language": {"name": "ja-Hrkt", "url": "https://pokeapi.co/api/v2/language/1/"}, "version_group": {"name": "sun-moon", "url": "https://pokeapi.co/api/v2/version-group/17/"}}, {"flavor_text": "\uac15\ud558\uace0 \ubb34\uac70\uc6b4 \uc8fc\uba39\uc744\n\ud718\ub458\ub7ec \ub370\ubbf8\uc9c0\ub97c \uc900\ub2e4.\n\uc790\uc2e0\uc758 \uc2a4\ud53c\ub4dc\uac00 \ub5a8\uc5b4\uc9c4\ub2e4.", "language": {"name": "ko", "url": "https://pokeapi.co/api/v2/language/3/"}, "version_group": {"name": "sun-moon", "url": "https://pokeapi.co/api/v2/version-group/17/"}}, {"flavor_text": "\u63ee\u821e\u5f37\u529b\u800c\u6c89\u91cd\u7684\u62f3\u982d\uff0c\n\u7d66\u4e88\u5c0d\u624b\u50b7\u5bb3\u3002\n\u81ea\u5df1\u7684\u901f\u5ea6\u6703\u964d\u4f4e\u3002", "language": {"name": "zh-Hant", "url": "https://pokeapi.co/api/v2/language/4/"}, "version_group": {"name": "sun-moon", "url": "https://pokeapi.co/api/v2/version-group/17/"}}, {"flavor_text": "Le lanceur donne un puissant coup de poing \u00e0\nl\u2019ennemi. R\u00e9duit la Vitesse du lanceur.", "language": {"name": "fr", "url": "https://pokeapi.co/api/v2/language/5/"}, "version_group": {"name": "sun-moon", "url": "https://pokeapi.co/api/v2/version-group/17/"}}, {"flavor_text": "Anwender trifft mit einem starken Hieb.\nSenkt Initiative des Anwenders.", "language": {"name": "de", "url": "https://pokeapi.co/api/v2/language/6/"}, "version_group": {"name": "sun-moon", "url": "https://pokeapi.co/api/v2/version-group/17/"}}, {"flavor_text": "Un terrible pu\u00f1o golpea al contrincante, pero la\nVelocidad del usuario se ve reducida.", "language": {"name": "es", "url": "https://pokeapi.co/api/v2/language/7/"}, "version_group": {"name": "sun-moon", "url": "https://pokeapi.co/api/v2/version-group/17/"}}, {"flavor_text": "Infligge danni al bersaglio colpendolo con\nun pugno molto potente. Riduce la Velocit\u00e0\ndi chi la usa.", "language": {"name": "it", "url": "https://pokeapi.co/api/v2/language/8/"}, "version_group": {"name": "sun-moon", "url": "https://pokeapi.co/api/v2/version-group/17/"}}, {"flavor_text": "The user swings and hits with its strong, heavy fist.\nIt lowers the user\u2019s Speed, however.", "language": {"name": "en", "url": "https://pokeapi.co/api/v2/language/9/"}, "version_group": {"name": "sun-moon", "url": "https://pokeapi.co/api/v2/version-group/17/"}}, {"flavor_text": "\u5f37\u304f\u3066\u3000\u91cd\u3044\u3000\u3053\u3076\u3057\u3092\n\u3075\u308b\u3063\u3066\u3000\u30c0\u30e1\u30fc\u30b8\u3092\u3000\u4e0e\u3048\u308b\u3002\n\u81ea\u5206\u306e\u3000\u7d20\u65e9\u3055\u304c\u3000\u3055\u304c\u308b\u3002", "language": {"name": "ja", "url": "https://pokeapi.co/api/v2/language/11/"}, "version_group": {"name": "sun-moon", "url": "https://pokeapi.co/api/v2/version-group/17/"}}, {"flavor_text": "\u6325\u821e\u5f3a\u529b\u800c\u6c89\u91cd\u7684\u62f3\u5934\uff0c\n\u7ed9\u4e88\u5bf9\u624b\u4f24\u5bb3\u3002\n\u81ea\u5df1\u7684\u901f\u5ea6\u4f1a\u964d\u4f4e\u3002", "language": {"name": "zh-Hans", "url": "https://pokeapi.co/api/v2/language/12/"}, "version_group": {"name": "sun-moon", "url": "https://pokeapi.co/api/v2/version-group/17/"}}, {"flavor_text": "\u3064\u3088\u304f\u3066\u3000\u304a\u3082\u3044\u3000\u3053\u3076\u3057\u3092\n\u3075\u308b\u3063\u3066\u3000\u30c0\u30e1\u30fc\u30b8\u3092\u3000\u3042\u305f\u3048\u308b\u3002\n\u3058\u3076\u3093\u306e\u3000\u3059\u3070\u3084\u3055\u304c\u3000\u3055\u304c\u308b\u3002", "language": {"name": "ja-Hrkt", "url": "https://pokeapi.co/api/v2/language/1/"}, "version_group": {"name": "ultra-sun-ultra-moon", "url": "https://pokeapi.co/api/v2/version-group/18/"}}, {"flavor_text": "\uac15\ud558\uace0 \ubb34\uac70\uc6b4 \uc8fc\uba39\uc744\n\ud718\ub458\ub7ec \ub370\ubbf8\uc9c0\ub97c \uc900\ub2e4.\n\uc790\uc2e0\uc758 \uc2a4\ud53c\ub4dc\uac00 \ub5a8\uc5b4\uc9c4\ub2e4.", "language": {"name": "ko", "url": "https://pokeapi.co/api/v2/language/3/"}, "version_group": {"name": "ultra-sun-ultra-moon", "url": "https://pokeapi.co/api/v2/version-group/18/"}}, {"flavor_text": "\u63ee\u821e\u5f37\u529b\u800c\u6c89\u91cd\u7684\u62f3\u982d\uff0c\n\u7d66\u4e88\u5c0d\u624b\u50b7\u5bb3\u3002\n\u81ea\u5df1\u7684\u901f\u5ea6\u6703\u964d\u4f4e\u3002", "language": {"name": "zh-Hant", "url": "https://pokeapi.co/api/v2/language/4/"}, "version_group": {"name": "ultra-sun-ultra-moon", "url": "https://pokeapi.co/api/v2/version-group/18/"}}, {"flavor_text": "Le lanceur donne un puissant coup de poing \u00e0\nl\u2019ennemi. R\u00e9duit la Vitesse du lanceur.", "language": {"name": "fr", "url": "https://pokeapi.co/api/v2/language/5/"}, "version_group": {"name": "ultra-sun-ultra-moon", "url": "https://pokeapi.co/api/v2/version-group/18/"}}, {"flavor_text": "Anwender trifft mit einem starken Hieb.\nSenkt Initiative des Anwenders.", "language": {"name": "de", "url": "https://pokeapi.co/api/v2/language/6/"}, "version_group": {"name": "ultra-sun-ultra-moon", "url": "https://pokeapi.co/api/v2/version-group/18/"}}, {"flavor_text": "Un terrible pu\u00f1o golpea al contrincante, pero la\nVelocidad del usuario se ve reducida.", "language": {"name": "es", "url": "https://pokeapi.co/api/v2/language/7/"}, "version_group": {"name": "ultra-sun-ultra-moon", "url": "https://pokeapi.co/api/v2/version-group/18/"}}, {"flavor_text": "Infligge danni al bersaglio colpendolo con\nun pugno molto potente. Riduce la Velocit\u00e0\ndi chi la usa.", "language": {"name": "it", "url": "https://pokeapi.co/api/v2/language/8/"}, "version_group": {"name": "ultra-sun-ultra-moon", "url": "https://pokeapi.co/api/v2/version-group/18/"}}, {"flavor_text": "The user swings and hits with its strong, heavy fist.\nIt lowers the user\u2019s Speed, however.", "language": {"name": "en", "url": "https://pokeapi.co/api/v2/language/9/"}, "version_group": {"name": "ultra-sun-ultra-moon", "url": "https://pokeapi.co/api/v2/version-group/18/"}}, {"flavor_text": "\u5f37\u304f\u3066\u3000\u91cd\u3044\u3000\u3053\u3076\u3057\u3092\n\u3075\u308b\u3063\u3066\u3000\u30c0\u30e1\u30fc\u30b8\u3092\u3000\u4e0e\u3048\u308b\u3002\n\u81ea\u5206\u306e\u3000\u7d20\u65e9\u3055\u304c\u3000\u3055\u304c\u308b\u3002", "language": {"name": "ja", "url": "https://pokeapi.co/api/v2/language/11/"}, "version_group": {"name": "ultra-sun-ultra-moon", "url": "https://pokeapi.co/api/v2/version-group/18/"}}, {"flavor_text": "\u6325\u821e\u5f3a\u529b\u800c\u6c89\u91cd\u7684\u62f3\u5934\uff0c\n\u7ed9\u4e88\u5bf9\u624b\u4f24\u5bb3\u3002\n\u81ea\u5df1\u7684\u901f\u5ea6\u4f1a\u964d\u4f4e\u3002", "language": {"name": "zh-Hans", "url": "https://pokeapi.co/api/v2/language/12/"}, "version_group": {"name": "ultra-sun-ultra-moon", "url": "https://pokeapi.co/api/v2/version-group/18/"}}, {"flavor_text": "\u3064\u3088\u304f\u3066\u3000\u304a\u3082\u3044\u3000\u3053\u3076\u3057\u3092\n\u3075\u308b\u3063\u3066\u3000\u30c0\u30e1\u30fc\u30b8\u3092\u3000\u3042\u305f\u3048\u308b\u3002\n\u3058\u3076\u3093\u306e\u3000\u3059\u3070\u3084\u3055\u304c\u3000\u3055\u304c\u308b\u3002", "language": {"name": "ja-Hrkt", "url": "https://pokeapi.co/api/v2/language/1/"}, "version_group": {"name": "lets-go-pikachu-lets-go-eevee", "url": "https://pokeapi.co/api/v2/version-group/19/"}}, {"flavor_text": "\uac15\ud558\uace0 \ubb34\uac70\uc6b4 \uc8fc\uba39\uc744\n\ud718\ub458\ub7ec \ub370\ubbf8\uc9c0\ub97c \uc900\ub2e4.\n\uc790\uc2e0\uc758 \uc2a4\ud53c\ub4dc\uac00 \ub5a8\uc5b4\uc9c4\ub2e4.", "language": {"name": "ko", "url": "https://pokeapi.co/api/v2/language/3/"}, "version_group": {"name": "lets-go-pikachu-lets-go-eevee", "url": "https://pokeapi.co/api/v2/version-group/19/"}}, {"flavor_text": "\u63ee\u821e\u5f37\u529b\u800c\u6c89\u91cd\u7684\u62f3\u982d\uff0c\n\u7d66\u4e88\u5c0d\u624b\u50b7\u5bb3\u3002\n\u81ea\u5df1\u7684\u901f\u5ea6\u6703\u964d\u4f4e\u3002", "language": {"name": "zh-Hant", "url": "https://pokeapi.co/api/v2/language/4/"}, "version_group": {"name": "lets-go-pikachu-lets-go-eevee", "url": "https://pokeapi.co/api/v2/version-group/19/"}}, {"flavor_text": "Le lanceur donne un puissant coup de poing \u00e0 l\u2019ennemi.\nR\u00e9duit la Vitesse du lanceur.", "language": {"name": "fr", "url": "https://pokeapi.co/api/v2/language/5/"}, "version_group": {"name": "lets-go-pikachu-lets-go-eevee", "url": "https://pokeapi.co/api/v2/version-group/19/"}}, {"flavor_text": "Anwender trifft mit einem starken Hieb.\nSenkt Initiative des Anwenders.", "language": {"name": "de", "url": "https://pokeapi.co/api/v2/language/6/"}, "version_group": {"name": "lets-go-pikachu-lets-go-eevee", "url": "https://pokeapi.co/api/v2/version-group/19/"}}, {"flavor_text": "Un terrible pu\u00f1o golpea al contrincante, pero la\nVelocidad del usuario se ve reducida.", "language": {"name": "es", "url": "https://pokeapi.co/api/v2/language/7/"}, "version_group": {"name": "lets-go-pikachu-lets-go-eevee", "url": "https://pokeapi.co/api/v2/version-group/19/"}}, {"flavor_text": "Infligge danni al bersaglio colpendolo con\nun pugno molto potente. Riduce la Velocit\u00e0\ndi chi la usa.", "language": {"name": "it", "url": "https://pokeapi.co/api/v2/language/8/"}, "version_group": {"name": "lets-go-pikachu-lets-go-eevee", "url": "https://pokeapi.co/api/v2/version-group/19/"}}, {"flavor_text": "The user swings and hits with its strong, heavy fist.\nIt lowers the user\u2019s Speed, however.", "language": {"name": "en", "url": "https://pokeapi.co/api/v2/language/9/"}, "version_group": {"name": "lets-go-pikachu-lets-go-eevee", "url": "https://pokeapi.co/api/v2/version-group/19/"}}, {"flavor_text": "\u5f37\u304f\u3066\u3000\u91cd\u3044\u3000\u3053\u3076\u3057\u3092\n\u3075\u308b\u3063\u3066\u3000\u30c0\u30e1\u30fc\u30b8\u3092\u3000\u4e0e\u3048\u308b\u3002\n\u81ea\u5206\u306e\u3000\u7d20\u65e9\u3055\u304c\u3000\u3055\u304c\u308b\u3002", "language": {"name": "ja", "url": "https://pokeapi.co/api/v2/language/11/"}, "version_group": {"name": "lets-go-pikachu-lets-go-eevee", "url": "https://pokeapi.co/api/v2/version-group/19/"}}, {"flavor_text": "\u6325\u821e\u5f3a\u529b\u800c\u6c89\u91cd\u7684\u62f3\u5934\uff0c\n\u7ed9\u4e88\u5bf9\u624b\u4f24\u5bb3\u3002\n\u81ea\u5df1\u7684\u901f\u5ea6\u4f1a\u964d\u4f4e\u3002", "language": {"name": "zh-Hans", "url": "https://pokeapi.co/api/v2/language/12/"}, "version_group": {"name": "lets-go-pikachu-lets-go-eevee", "url": "https://pokeapi.co/api/v2/version-group/19/"}}, {"flavor_text": "\u3064\u3088\u304f\u3066\u3000\u304a\u3082\u3044\u3000\u3053\u3076\u3057\u3092\n\u3075\u308b\u3063\u3066\u3000\u30c0\u30e1\u30fc\u30b8\u3092\u3000\u3042\u305f\u3048\u308b\u3002\n\u3058\u3076\u3093\u306e\u3000\u3059\u3070\u3084\u3055\u304c\u3000\u3055\u304c\u308b\u3002", "language": {"name": "ja-Hrkt", "url": "https://pokeapi.co/api/v2/language/1/"}, "version_group": {"name": "sword-shield", "url": "https://pokeapi.co/api/v2/version-group/20/"}}, {"flavor_text": "\uac15\ud558\uace0 \ubb34\uac70\uc6b4 \uc8fc\uba39\uc744\n\ud718\ub458\ub7ec \ub370\ubbf8\uc9c0\ub97c \uc900\ub2e4.\n\uc790\uc2e0\uc758 \uc2a4\ud53c\ub4dc\uac00 \ub5a8\uc5b4\uc9c4\ub2e4.", "language": {"name": "ko", "url": "https://pokeapi.co/api/v2/language/3/"}, "version_group": {"name": "sword-shield", "url": "https://pokeapi.co/api/v2/version-group/20/"}}, {"flavor_text": "\u63ee\u51fa\u5f37\u529b\u800c\u6c89\u91cd\u7684\u62f3\u982d\uff0c\n\u7d66\u4e88\u5c0d\u624b\u50b7\u5bb3\u3002\n\u81ea\u5df1\u7684\u901f\u5ea6\u6703\u964d\u4f4e\u3002", "language": {"name": "zh-Hant", "url": "https://pokeapi.co/api/v2/language/4/"}, "version_group": {"name": "sword-shield", "url": "https://pokeapi.co/api/v2/version-group/20/"}}, {"flavor_text": "Le lanceur donne un puissant coup de poing \u00e0 l\u2019ennemi.\nR\u00e9duit la Vitesse du lanceur.", "language": {"name": "fr", "url": "https://pokeapi.co/api/v2/language/5/"}, "version_group": {"name": "sword-shield", "url": "https://pokeapi.co/api/v2/version-group/20/"}}, {"flavor_text": "Anwender trifft mit einem starken Hieb. Senkt Initiative\ndes Anwenders.", "language": {"name": "de", "url": "https://pokeapi.co/api/v2/language/6/"}, "version_group": {"name": "sword-shield", "url": "https://pokeapi.co/api/v2/version-group/20/"}}, {"flavor_text": "Un terrible pu\u00f1o golpea al contrincante, pero la\nVelocidad del usuario se ve reducida.", "language": {"name": "es", "url": "https://pokeapi.co/api/v2/language/7/"}, "version_group": {"name": "sword-shield", "url": "https://pokeapi.co/api/v2/version-group/20/"}}, {"flavor_text": "Infligge danni al bersaglio colpendolo con\nun pugno molto potente. Riduce la Velocit\u00e0\ndi chi la usa.", "language": {"name": "it", "url": "https://pokeapi.co/api/v2/language/8/"}, "version_group": {"name": "sword-shield", "url": "https://pokeapi.co/api/v2/version-group/20/"}}, {"flavor_text": "The user swings and hits with its strong, heavy fist.\nIt lowers the user\u2019s Speed, however.", "language": {"name": "en", "url": "https://pokeapi.co/api/v2/language/9/"}, "version_group": {"name": "sword-shield", "url": "https://pokeapi.co/api/v2/version-group/20/"}}, {"flavor_text": "\u5f37\u304f\u3066\u3000\u91cd\u3044\u3000\u3053\u3076\u3057\u3092\n\u3075\u308b\u3063\u3066\u3000\u30c0\u30e1\u30fc\u30b8\u3092\u3000\u4e0e\u3048\u308b\u3002\n\u81ea\u5206\u306e\u3000\u7d20\u65e9\u3055\u304c\u3000\u3055\u304c\u308b\u3002", "language": {"name": "ja", "url": "https://pokeapi.co/api/v2/language/11/"}, "version_group": {"name": "sword-shield", "url": "https://pokeapi.co/api/v2/version-group/20/"}}, {"flavor_text": "\u6325\u821e\u5f3a\u529b\u800c\u6c89\u91cd\u7684\u62f3\u5934\uff0c\n\u7ed9\u4e88\u5bf9\u624b\u4f24\u5bb3\u3002\n\u81ea\u5df1\u7684\u901f\u5ea6\u4f1a\u964d\u4f4e\u3002", "language": {"name": "zh-Hans", "url": "https://pokeapi.co/api/v2/language/12/"}, "version_group": {"name": "sword-shield", "url": "https://pokeapi.co/api/v2/version-group/20/"}}], "generation": {"name": "generation-vii", "url": "https://pokeapi.co/api/v2/generation/7/"}, "id": 665, "learned_by_pokemon": [{"name": "crabominable", "url": "https://pokeapi.co/api/v2/pokemon/740/"}, {"name": "tinkatink", "url": "https://pokeapi.co/api/v2/pokemon/957/"}], "machines": [], "meta": {"ailment": {"name": "none", "url": "https://pokeapi.co/api/v2/move-ailment/0/"}, "ailment_chance": 0, "category": {"name": "damage+raise", "url": "https://pokeapi.co/api/v2/move-category/7/"}, "crit_rate": 0, "drain": 0, "flinch_chance": 0, "healing": 0, "max_hits": null, "max_turns": null, "min_hits": null, "min_turns": null, "stat_chance": 100}, "name": "ice-hammer", "names": [{"language": {"name": "ja-Hrkt", "url": "https://pokeapi.co/api/v2/language/1/"}, "name": "\u30a2\u30a4\u30b9\u30cf\u30f3\u30de\u30fc"}, {"language": {"name": "ko", "url": "https://pokeapi.co/api/v2/language/3/"}, "name": "\uc544\uc774\uc2a4\ud574\uba38"}, {"language": {"name": "zh-Hant", "url": "https://pokeapi.co/api/v2/language/4/"}, "name": "\u51b0\u9318"}, {"language": {"name": "fr", "url": "https://pokeapi.co/api/v2/language/5/"}, "name": "Marteau de Glace"}, {"language": {"name": "de", "url": "https://pokeapi.co/api/v2/language/6/"}, "name": "Eishammer"}, {"language": {"name": "es", "url": "https://pokeapi.co/api/v2/language/7/"}, "name": "Martillo Hielo"}, {"language": {"name": "it", "url": "https://pokeapi.co/api/v2/language/8/"}, "name": "Martelgelo"}, {"language": {"name": "en", "url": "https://pokeapi.co/api/v2/language/9/"}, "name": "Ice Hammer"}, {"language": {"name": "ja", "url": "https://pokeapi.co/api/v2/language/11/"}, "name": "\u30a2\u30a4\u30b9\u30cf\u30f3\u30de\u30fc"}, {"language": {"name": "zh-Hans", "url": "https://pokeapi.co/api/v2/language/12/"}, "name": "\u51b0\u9524"}], "past_values": [], "power": 100, "pp": 10, "priority": 0, "stat_changes": [{"change": -1, "stat": {"name": "speed", "url": "https://pokeapi.co/api/v2/stat/6/"}}], "super_contest_effect": null, "target": {"name": "selected-pokemon", "url": "https://pokeapi.co/api/v2/move-target/10/"}, "type": {"name": "ice", "url": "https://pokeapi.co/api/v2/type/15/"}}