{"accuracy": null, "contest_combos": null, "contest_effect": {"url": "https://pokeapi.co/api/v2/contest-effect/33/"}, "contest_type": {"name": "smart", "url": "https://pokeapi.co/api/v2/contest-type/4/"}, "damage_class": {"name": "status", "url": "https://pokeapi.co/api/v2/move-damage-class/1/"}, "effect_chance": null, "effect_changes": [], "effect_entries": [{"effect": "Prevents any Pok\u00e9mon on the opposing side of the field from using any move the user knows until the user leaves the field.  This effect is live; if the user obtains new moves while on the field, these moves become restricted.  If no opposing Pok\u00e9mon knows any of the user's moves when this move is used, this move will fail.", "language": {"name": "en", "url": "https://pokeapi.co/api/v2/language/9/"}, "short_effect": "Prevents the target from using any moves that the user also knows."}], "flavor_text_entries": [{"flavor_text": "Prevents foes from using\nmoves known by the user.", "language": {"name": "en", "url": "https://pokeapi.co/api/v2/language/9/"}, "version_group": {"name": "ruby-sapphire", "url": "https://pokeapi.co/api/v2/version-group/5/"}}, {"flavor_text": "Prevents foes from using\nmoves known by the user.", "language": {"name": "en", "url": "https://pokeapi.co/api/v2/language/9/"}, "version_group": {"name": "emerald", "url": "https://pokeapi.co/api/v2/version-group/6/"}}, {"flavor_text": "Prevents foes from\nusing any move\nthat is also known\nby the user.", "language": {"name": "en", "url": "https://pokeapi.co/api/v2/language/9/"}, "version_group": {"name": "firered-leafgreen", "url": "https://pokeapi.co/api/v2/version-group/7/"}}, {"flavor_text": "If the foe knows any\nmove also known by\nthe user, the foe\nis prevented\nfrom using it.", "language": {"name": "en", "url": "https://pokeapi.co/api/v2/language/9/"}, "version_group": {"name": "diamond-pearl", "url": "https://pokeapi.co/api/v2/version-group/8/"}}, {"flavor_text": "If the foe knows any\nmove also known by\nthe user, the foe\nis prevented\nfrom using it.", "language": {"name": "en", "url": "https://pokeapi.co/api/v2/language/9/"}, "version_group": {"name": "platinum", "url": "https://pokeapi.co/api/v2/version-group/9/"}}, {"flavor_text": "If the foe knows any\nmove also known by\nthe user, the foe\nis prevented\nfrom using it.", "language": {"name": "en", "url": "https://pokeapi.co/api/v2/language/9/"}, "version_group": {"name": "heartgold-soulsilver", "url": "https://pokeapi.co/api/v2/version-group/10/"}}, {"flavor_text": "Si l\u2019ennemi et le lanceur ont des\ncapacit\u00e9s en commun, l\u2019ennemi ne\npourra pas les utiliser.", "language": {"name": "fr", "url": "https://pokeapi.co/api/v2/language/5/"}, "version_group": {"name": "black-white", "url": "https://pokeapi.co/api/v2/version-group/11/"}}, {"flavor_text": "If the opponents know any move also known\nby the user, the opponents are prevented\nfrom using it.", "language": {"name": "en", "url": "https://pokeapi.co/api/v2/language/9/"}, "version_group": {"name": "black-white", "url": "https://pokeapi.co/api/v2/version-group/11/"}}, {"flavor_text": "If the opponents know any move also known\nby the user, the opponents are prevented\nfrom using it.", "language": {"name": "en", "url": "https://pokeapi.co/api/v2/language/9/"}, "version_group": {"name": "black-2-white-2", "url": "https://pokeapi.co/api/v2/version-group/14/"}}, {"flavor_text": "\u3042\u3044\u3066\u304c\u3000\u3058\u3076\u3093\u3068\u3000\u304a\u306a\u3058\u3000\u308f\u3056\u3092\n\u304a\u307c\u3048\u3066\u3044\u305f\u3089\u3000\u3042\u3044\u3066\u3060\u3051\n\u305d\u306e\u308f\u3056\u3092\u3000\u3064\u304b\u3048\u306a\u304f\u3000\u3059\u308b\u3002", "language": {"name": "ja-Hrkt", "url": "https://pokeapi.co/api/v2/language/1/"}, "version_group": {"name": "x-y", "url": "https://pokeapi.co/api/v2/version-group/15/"}}, {"flavor_text": "\uc0c1\ub300\uac00 \uc790\uc2e0\uacfc \uac19\uc740 \uae30\uc220\uc744\n\uae30\uc5b5\ud558\uace0 \uc788\uc73c\uba74 \uc0c1\ub300\ub9cc\n\uadf8 \uae30\uc220\uc744 \uc0ac\uc6a9\ud560 \uc218 \uc5c6\uac8c \ud55c\ub2e4.", "language": {"name": "ko", "url": "https://pokeapi.co/api/v2/language/3/"}, "version_group": {"name": "x-y", "url": "https://pokeapi.co/api/v2/version-group/15/"}}, {"flavor_text": "Si l\u2019ennemi et le lanceur ont des capacit\u00e9s en\ncommun, l\u2019ennemi ne pourra pas les utiliser.", "language": {"name": "fr", "url": "https://pokeapi.co/api/v2/language/5/"}, "version_group": {"name": "x-y", "url": "https://pokeapi.co/api/v2/version-group/15/"}}, {"flavor_text": "Hindert Gegner am Einsatz von Attacken,\ndie der Anwender selbst auch kennt.", "language": {"name": "de", "url": "https://pokeapi.co/api/v2/language/6/"}, "version_group": {"name": "x-y", "url": "https://pokeapi.co/api/v2/version-group/15/"}}, {"flavor_text": "Impide a los contrincantes usar ataques conocidos\npor el usuario durante el combate.", "language": {"name": "es", "url": "https://pokeapi.co/api/v2/language/7/"}, "version_group": {"name": "x-y", "url": "https://pokeapi.co/api/v2/version-group/15/"}}, {"flavor_text": "Chi la usa impedisce al nemico di usare mosse\nche conoscono entrambi.", "language": {"name": "it", "url": "https://pokeapi.co/api/v2/language/8/"}, "version_group": {"name": "x-y", "url": "https://pokeapi.co/api/v2/version-group/15/"}}, {"flavor_text": "If opposing Pok\u00e9mon know any move\nalso known by the user,\nthey are prevented from using it.", "language": {"name": "en", "url": "https://pokeapi.co/api/v2/language/9/"}, "version_group": {"name": "x-y", "url": "https://pokeapi.co/api/v2/version-group/15/"}}, {"flavor_text": "\u76f8\u624b\u304c\u3000\u81ea\u5206\u3068\u3000\u540c\u3058\u3000\u6280\u3092\n\u304a\u307c\u3048\u3066\u3044\u305f\u3089\u3000\u76f8\u624b\u3060\u3051\n\u305d\u306e\u6280\u3092\u3000\u4f7f\u3048\u306a\u304f\u3059\u308b\u3002", "language": {"name": "ja", "url": "https://pokeapi.co/api/v2/language/11/"}, "version_group": {"name": "x-y", "url": "https://pokeapi.co/api/v2/version-group/15/"}}, {"flavor_text": "\u3042\u3044\u3066\u304c\u3000\u3058\u3076\u3093\u3068\u3000\u304a\u306a\u3058\u3000\u308f\u3056\u3092\n\u304a\u307c\u3048\u3066\u3044\u305f\u3089\u3000\u3042\u3044\u3066\u3060\u3051\n\u305d\u306e\u308f\u3056\u3092\u3000\u3064\u304b\u3048\u306a\u304f\u3000\u3059\u308b\u3002", "language": {"name": "ja-Hrkt", "url": "https://pokeapi.co/api/v2/language/1/"}, "version_group": {"name": "omega-ruby-alpha-sapphire", "url": "https://pokeapi.co/api/v2/version-group/16/"}}, {"flavor_text": "\uc0c1\ub300\uac00 \uc790\uc2e0\uacfc \uac19\uc740 \uae30\uc220\uc744\n\uae30\uc5b5\ud558\uace0 \uc788\uc73c\uba74 \uc0c1\ub300\ub9cc\n\uadf8 \uae30\uc220\uc744 \uc0ac\uc6a9\ud560 \uc218 \uc5c6\uac8c \ud55c\ub2e4.", "language": {"name": "ko", "url": "https://pokeapi.co/api/v2/language/3/"}, "version_group": {"name": "omega-ruby-alpha-sapphire", "url": "https://pokeapi.co/api/v2/version-group/16/"}}, {"flavor_text": "Si l\u2019ennemi et le lanceur ont des capacit\u00e9s en\ncommun, l\u2019ennemi ne pourra pas les utiliser.", "language": {"name": "fr", "url": "https://pokeapi.co/api/v2/language/5/"}, "version_group": {"name": "omega-ruby-alpha-sapphire", "url": "https://pokeapi.co/api/v2/version-group/16/"}}, {"flavor_text": "Hindert Gegner am Einsatz von Attacken,\ndie der Anwender selbst auch kennt.", "language": {"name": "de", "url": "https://pokeapi.co/api/v2/language/6/"}, "version_group": {"name": "omega-ruby-alpha-sapphire", "url": "https://pokeapi.co/api/v2/version-group/16/"}}, {"flavor_text": "Impide a los contrincantes usar ataques conocidos \npor el usuario durante el combate.", "language": {"name": "es", "url": "https://pokeapi.co/api/v2/language/7/"}, "version_group": {"name": "omega-ruby-alpha-sapphire", "url": "https://pokeapi.co/api/v2/version-group/16/"}}, {"flavor_text": "Chi la usa impedisce al nemico di usare mosse\nche conoscono entrambi.", "language": {"name": "it", "url": "https://pokeapi.co/api/v2/language/8/"}, "version_group": {"name": "omega-ruby-alpha-sapphire", "url": "https://pokeapi.co/api/v2/version-group/16/"}}, {"flavor_text": "If opposing Pok\u00e9mon know any move\nalso known by the user,\nthey are prevented from using it.", "language": {"name": "en", "url": "https://pokeapi.co/api/v2/language/9/"}, "version_group": {"name": "omega-ruby-alpha-sapphire", "url": "https://pokeapi.co/api/v2/version-group/16/"}}, {"flavor_text": "\u76f8\u624b\u304c\u3000\u81ea\u5206\u3068\u3000\u540c\u3058\u3000\u6280\u3092\n\u304a\u307c\u3048\u3066\u3044\u305f\u3089\u3000\u76f8\u624b\u3060\u3051\n\u305d\u306e\u6280\u3092\u3000\u4f7f\u3048\u306a\u304f\u3059\u308b\u3002", "language": {"name": "ja", "url": "https://pokeapi.co/api/v2/language/11/"}, "version_group": {"name": "omega-ruby-alpha-sapphire", "url": "https://pokeapi.co/api/v2/version-group/16/"}}, {"flavor_text": "\u3042\u3044\u3066\u304c\u3000\u3058\u3076\u3093\u3068\u3000\u304a\u306a\u3058\u3000\u308f\u3056\u3092\n\u304a\u307c\u3048\u3066\u3044\u305f\u3089\u3000\u3042\u3044\u3066\u3060\u3051\n\u305d\u306e\u308f\u3056\u3092\u3000\u3064\u304b\u3048\u306a\u304f\u3000\u3059\u308b\u3002", "language": {"name": "ja-Hrkt", "url": "https://pokeapi.co/api/v2/language/1/"}, "version_group": {"name": "sun-moon", "url": "https://pokeapi.co/api/v2/version-group/17/"}}, {"flavor_text": "\uc0c1\ub300\uac00 \uc790\uc2e0\uacfc \uac19\uc740 \uae30\uc220\uc744\n\uae30\uc5b5\ud558\uace0 \uc788\uc73c\uba74 \uc0c1\ub300\ub9cc\n\uadf8 \uae30\uc220\uc744 \uc0ac\uc6a9\ud560 \uc218 \uc5c6\uac8c \ud55c\ub2e4.", "language": {"name": "ko", "url": "https://pokeapi.co/api/v2/language/3/"}, "version_group": {"name": "sun-moon", "url": "https://pokeapi.co/api/v2/version-group/17/"}}, {"flavor_text": "\u5982\u679c\u5c0d\u624b\u4e5f\u5b78\u6703\u4e86\u548c\u81ea\u5df1\n\u76f8\u540c\u7684\u62db\u5f0f\uff0c\u5247\u5c0d\u624b\u5c07\n\u4e0d\u80fd\u4f7f\u7528\u8a72\u62db\u5f0f\u3002", "language": {"name": "zh-Hant", "url": "https://pokeapi.co/api/v2/language/4/"}, "version_group": {"name": "sun-moon", "url": "https://pokeapi.co/api/v2/version-group/17/"}}, {"flavor_text": "Si l\u2019ennemi et le lanceur ont des capacit\u00e9s en\ncommun, l\u2019ennemi ne pourra pas les utiliser.", "language": {"name": "fr", "url": "https://pokeapi.co/api/v2/language/5/"}, "version_group": {"name": "sun-moon", "url": "https://pokeapi.co/api/v2/version-group/17/"}}, {"flavor_text": "Hindert Gegner am Einsatz von Attacken, die der\nAnwender selbst auch kennt.", "language": {"name": "de", "url": "https://pokeapi.co/api/v2/language/6/"}, "version_group": {"name": "sun-moon", "url": "https://pokeapi.co/api/v2/version-group/17/"}}, {"flavor_text": "Impide a los contrincantes usar ataques conocidos \npor el usuario durante el combate.", "language": {"name": "es", "url": "https://pokeapi.co/api/v2/language/7/"}, "version_group": {"name": "sun-moon", "url": "https://pokeapi.co/api/v2/version-group/17/"}}, {"flavor_text": "Chi la usa impedisce al nemico di usare mosse\nche conoscono entrambi.", "language": {"name": "it", "url": "https://pokeapi.co/api/v2/language/8/"}, "version_group": {"name": "sun-moon", "url": "https://pokeapi.co/api/v2/version-group/17/"}}, {"flavor_text": "If opposing Pok\u00e9mon know any move also known by\nthe user, they are prevented from using it.", "language": {"name": "en", "url": "https://pokeapi.co/api/v2/language/9/"}, "version_group": {"name": "sun-moon", "url": "https://pokeapi.co/api/v2/version-group/17/"}}, {"flavor_text": "\u76f8\u624b\u304c\u3000\u81ea\u5206\u3068\u3000\u540c\u3058\u3000\u6280\u3092\n\u304a\u307c\u3048\u3066\u3044\u305f\u3089\u3000\u76f8\u624b\u3060\u3051\n\u305d\u306e\u6280\u3092\u3000\u4f7f\u3048\u306a\u304f\u3059\u308b\u3002", "language": {"name": "ja", "url": "https://pokeapi.co/api/v2/language/11/"}, "version_group": {"name": "sun-moon", "url": "https://pokeapi.co/api/v2/version-group/17/"}}, {"flavor_text": "\u5982\u679c\u5bf9\u624b\u6709\u548c\u81ea\u5df1\u76f8\u540c\u7684\u62db\u5f0f\uff0c\n\u90a3\u4e48\u53ea\u6709\u5bf9\u624b\u65e0\u6cd5\u4f7f\u7528\u8be5\u62db\u5f0f\u3002", "language": {"name": "zh-Hans", "url": "https://pokeapi.co/api/v2/language/12/"}, "version_group": {"name": "sun-moon", "url": "https://pokeapi.co/api/v2/version-group/17/"}}, {"flavor_text": "\u3042\u3044\u3066\u304c\u3000\u3058\u3076\u3093\u3068\u3000\u304a\u306a\u3058\u3000\u308f\u3056\u3092\n\u304a\u307c\u3048\u3066\u3044\u305f\u3089\u3000\u3042\u3044\u3066\u3060\u3051\n\u305d\u306e\u308f\u3056\u3092\u3000\u3064\u304b\u3048\u306a\u304f\u3000\u3059\u308b\u3002", "language": {"name": "ja-Hrkt", "url": "https://pokeapi.co/api/v2/language/1/"}, "version_group": {"name": "ultra-sun-ultra-moon", "url": "https://pokeapi.co/api/v2/version-group/18/"}}, {"flavor_text": "\uc0c1\ub300\uac00 \uc790\uc2e0\uacfc \uac19\uc740 \uae30\uc220\uc744\n\uae30\uc5b5\ud558\uace0 \uc788\uc73c\uba74 \uc0c1\ub300\ub9cc\n\uadf8 \uae30\uc220\uc744 \uc0ac\uc6a9\ud560 \uc218 \uc5c6\uac8c \ud55c\ub2e4.", "language": {"name": "ko", "url": "https://pokeapi.co/api/v2/language/3/"}, "version_group": {"name": "ultra-sun-ultra-moon", "url": "https://pokeapi.co/api/v2/version-group/18/"}}, {"flavor_text": "\u5982\u679c\u5c0d\u624b\u4e5f\u5b78\u6703\u4e86\u548c\u81ea\u5df1\n\u76f8\u540c\u7684\u62db\u5f0f\uff0c\u5247\u5c0d\u624b\u5c07\n\u4e0d\u80fd\u4f7f\u7528\u8a72\u62db\u5f0f\u3002", "language": {"name": "zh-Hant", "url": "https://pokeapi.co/api/v2/language/4/"}, "version_group": {"name": "ultra-sun-ultra-moon", "url": "https://pokeapi.co/api/v2/version-group/18/"}}, {"flavor_text": "Si l\u2019ennemi et le lanceur ont des capacit\u00e9s en\ncommun, l\u2019ennemi ne pourra pas les utiliser.", "language": {"name": "fr", "url": "https://pokeapi.co/api/v2/language/5/"}, "version_group": {"name": "ultra-sun-ultra-moon", "url": "https://pokeapi.co/api/v2/version-group/18/"}}, {"flavor_text": "Hindert Gegner am Einsatz von Attacken, die der\nAnwender selbst auch kennt.", "language": {"name": "de", "url": "https://pokeapi.co/api/v2/language/6/"}, "version_group": {"name": "ultra-sun-ultra-moon", "url": "https://pokeapi.co/api/v2/version-group/18/"}}, {"flavor_text": "Impide a los contrincantes usar ataques conocidos \npor el usuario durante el combate.", "language": {"name": "es", "url": "https://pokeapi.co/api/v2/language/7/"}, "version_group": {"name": "ultra-sun-ultra-moon", "url": "https://pokeapi.co/api/v2/version-group/18/"}}, {"flavor_text": "Chi la usa impedisce al nemico di usare mosse\nche conoscono entrambi.", "language": {"name": "it", "url": "https://pokeapi.co/api/v2/language/8/"}, "version_group": {"name": "ultra-sun-ultra-moon", "url": "https://pokeapi.co/api/v2/version-group/18/"}}, {"flavor_text": "If opposing Pok\u00e9mon know any move also known by\nthe user, they are prevented from using it.", "language": {"name": "en", "url": "https://pokeapi.co/api/v2/language/9/"}, "version_group": {"name": "ultra-sun-ultra-moon", "url": "https://pokeapi.co/api/v2/version-group/18/"}}, {"flavor_text": "\u76f8\u624b\u304c\u3000\u81ea\u5206\u3068\u3000\u540c\u3058\u3000\u6280\u3092\n\u304a\u307c\u3048\u3066\u3044\u305f\u3089\u3000\u76f8\u624b\u3060\u3051\n\u305d\u306e\u6280\u3092\u3000\u4f7f\u3048\u306a\u304f\u3059\u308b\u3002", "language": {"name": "ja", "url": "https://pokeapi.co/api/v2/language/11/"}, "version_group": {"name": "ultra-sun-ultra-moon", "url": "https://pokeapi.co/api/v2/version-group/18/"}}, {"flavor_text": "\u5982\u679c\u5bf9\u624b\u6709\u548c\u81ea\u5df1\u76f8\u540c\u7684\u62db\u5f0f\uff0c\n\u90a3\u4e48\u53ea\u6709\u5bf9\u624b\u65e0\u6cd5\u4f7f\u7528\u8be5\u62db\u5f0f\u3002", "language": {"name": "zh-Hans", "url": "https://pokeapi.co/api/v2/language/12/"}, "version_group": {"name": "ultra-sun-ultra-moon", "url": "https://pokeapi.co/api/v2/version-group/18/"}}, {"flavor_text": "\u3042\u3044\u3066\u304c\u3000\u3058\u3076\u3093\u3068\u3000\u304a\u306a\u3058\u3000\u308f\u3056\u3092\n\u304a\u307c\u3048\u3066\u3044\u305f\u3089\u3000\u3042\u3044\u3066\u3060\u3051\n\u305d\u306e\u308f\u3056\u3092\u3000\u3064\u304b\u3048\u306a\u304f\u3000\u3059\u308b\u3002", "language": {"name": "ja-Hrkt", "url": "https://pokeapi.co/api/v2/language/1/"}, "version_group": {"name": "lets-go-pikachu-lets-go-eevee", "url": "https://pokeapi.co/api/v2/version-group/19/"}}, {"flavor_text": "\uc0c1\ub300\uac00 \uc790\uc2e0\uacfc \uac19\uc740 \uae30\uc220\uc744\n\uae30\uc5b5\ud558\uace0 \uc788\uc73c\uba74 \uc0c1\ub300\ub9cc\n\uadf8 \uae30\uc220\uc744 \uc0ac\uc6a9\ud560 \uc218 \uc5c6\uac8c \ud55c\ub2e4.", "language": {"name": "ko", "url": "https://pokeapi.co/api/v2/language/3/"}, "version_group": {"name": "lets-go-pikachu-lets-go-eevee", "url": "https://pokeapi.co/api/v2/version-group/19/"}}, {"flavor_text": "\u5982\u679c\u5c0d\u624b\u4e5f\u5b78\u6703\u4e86\u548c\u81ea\u5df1\n\u76f8\u540c\u7684\u62db\u5f0f\uff0c\u5247\u5c0d\u624b\u5c07\n\u4e0d\u80fd\u4f7f\u7528\u8a72\u62db\u5f0f\u3002", "language": {"name": "zh-Hant", "url": "https://pokeapi.co/api/v2/language/4/"}, "version_group": {"name": "lets-go-pikachu-lets-go-eevee", "url": "https://pokeapi.co/api/v2/version-group/19/"}}, {"flavor_text": "Si l\u2019ennemi et le lanceur ont des capacit\u00e9s en commun,\nl\u2019ennemi ne pourra pas les utiliser.", "language": {"name": "fr", "url": "https://pokeapi.co/api/v2/language/5/"}, "version_group": {"name": "lets-go-pikachu-lets-go-eevee", "url": "https://pokeapi.co/api/v2/version-group/19/"}}, {"flavor_text": "Hindert Gegner am Einsatz von Attacken, die der\nAnwender selbst auch kennt.", "language": {"name": "de", "url": "https://pokeapi.co/api/v2/language/6/"}, "version_group": {"name": "lets-go-pikachu-lets-go-eevee", "url": "https://pokeapi.co/api/v2/version-group/19/"}}, {"flavor_text": "Impide a los contrincantes usar ataques conocidos \npor el usuario durante el combate.", "language": {"name": "es", "url": "https://pokeapi.co/api/v2/language/7/"}, "version_group": {"name": "lets-go-pikachu-lets-go-eevee", "url": "https://pokeapi.co/api/v2/version-group/19/"}}, {"flavor_text": "Chi la usa impedisce al nemico di usare mosse\nche conoscono entrambi.", "language": {"name": "it", "url": "https://pokeapi.co/api/v2/language/8/"}, "version_group": {"name": "lets-go-pikachu-lets-go-eevee", "url": "https://pokeapi.co/api/v2/version-group/19/"}}, {"flavor_text": "If opposing Pok\u00e9mon know any move also known by\nthe user, they are prevented from using it.", "language": {"name": "en", "url": "https://pokeapi.co/api/v2/language/9/"}, "version_group": {"name": "lets-go-pikachu-lets-go-eevee", "url": "https://pokeapi.co/api/v2/version-group/19/"}}, {"flavor_text": "\u76f8\u624b\u304c\u3000\u81ea\u5206\u3068\u3000\u540c\u3058\u3000\u6280\u3092\n\u304a\u307c\u3048\u3066\u3044\u305f\u3089\u3000\u76f8\u624b\u3060\u3051\n\u305d\u306e\u6280\u3092\u3000\u4f7f\u3048\u306a\u304f\u3059\u308b\u3002", "language": {"name": "ja", "url": "https://pokeapi.co/api/v2/language/11/"}, "version_group": {"name": "lets-go-pikachu-lets-go-eevee", "url": "https://pokeapi.co/api/v2/version-group/19/"}}, {"flavor_text": "\u5982\u679c\u5bf9\u624b\u6709\u548c\u81ea\u5df1\u76f8\u540c\u7684\u62db\u5f0f\uff0c\n\u90a3\u4e48\u53ea\u6709\u5bf9\u624b\u65e0\u6cd5\u4f7f\u7528\u8be5\u62db\u5f0f\u3002", "language": {"name": "zh-Hans", "url": "https://pokeapi.co/api/v2/language/12/"}, "version_group": {"name": "lets-go-pikachu-lets-go-eevee", "url": "https://pokeapi.co/api/v2/version-group/19/"}}, {"flavor_text": "\u3042\u3044\u3066\u304c\u3000\u3058\u3076\u3093\u3068\u3000\u304a\u306a\u3058\u3000\u308f\u3056\u3092\n\u304a\u307c\u3048\u3066\u3044\u305f\u3089\u3000\u3042\u3044\u3066\u3060\u3051\n\u305d\u306e\u308f\u3056\u3092\u3000\u3064\u304b\u3048\u306a\u304f\u3000\u3059\u308b\u3002", "language": {"name": "ja-Hrkt", "url": "https://pokeapi.co/api/v2/language/1/"}, "version_group": {"name": "sword-shield", "url": "https://pokeapi.co/api/v2/version-group/20/"}}, {"flavor_text": "\uc0c1\ub300\uac00 \uc790\uc2e0\uacfc \uac19\uc740 \uae30\uc220\uc744\n\ubc30\uc6e0\ub2e4\uba74 \uc0c1\ub300\ub9cc \uadf8 \uae30\uc220\uc744\n\uc0ac\uc6a9\ud560 \uc218 \uc5c6\uac8c \ud55c\ub2e4.", "language": {"name": "ko", "url": "https://pokeapi.co/api/v2/language/3/"}, "version_group": {"name": "sword-shield", "url": "https://pokeapi.co/api/v2/version-group/20/"}}, {"flavor_text": "\u5982\u679c\u5c0d\u624b\u4e5f\u5b78\u6703\u4e86\u548c\u81ea\u5df1\n\u76f8\u540c\u7684\u62db\u5f0f\uff0c\u5247\u5c0d\u624b\u5c07\n\u4e0d\u80fd\u4f7f\u7528\u8a72\u62db\u5f0f\u3002", "language": {"name": "zh-Hant", "url": "https://pokeapi.co/api/v2/language/4/"}, "version_group": {"name": "sword-shield", "url": "https://pokeapi.co/api/v2/version-group/20/"}}, {"flavor_text": "Si l\u2019ennemi et le lanceur ont des capacit\u00e9s en commun,\nl\u2019ennemi ne pourra pas les utiliser.", "language": {"name": "fr", "url": "https://pokeapi.co/api/v2/language/5/"}, "version_group": {"name": "sword-shield", "url": "https://pokeapi.co/api/v2/version-group/20/"}}, {"flavor_text": "Hindert Gegner am Einsatz von Attacken, die der\nAnwender selbst auch kennt.", "language": {"name": "de", "url": "https://pokeapi.co/api/v2/language/6/"}, "version_group": {"name": "sword-shield", "url": "https://pokeapi.co/api/v2/version-group/20/"}}, {"flavor_text": "Impide a los contrincantes usar ataques conocidos por\nel usuario durante el combate.", "language": {"name": "es", "url": "https://pokeapi.co/api/v2/language/7/"}, "version_group": {"name": "sword-shield", "url": "https://pokeapi.co/api/v2/version-group/20/"}}, {"flavor_text": "Chi la usa impedisce al nemico di usare mosse\nche conoscono entrambi.", "language": {"name": "it", "url": "https://pokeapi.co/api/v2/language/8/"}, "version_group": {"name": "sword-shield", "url": "https://pokeapi.co/api/v2/version-group/20/"}}, {"flavor_text": "If opposing Pok\u00e9mon know any move also known by\nthe user, they are prevented from using it.", "language": {"name": "en", "url": "https://pokeapi.co/api/v2/language/9/"}, "version_group": {"name": "sword-shield", "url": "https://pokeapi.co/api/v2/version-group/20/"}}, {"flavor_text": "\u76f8\u624b\u304c\u3000\u81ea\u5206\u3068\u3000\u540c\u3058\u3000\u6280\u3092\n\u304a\u307c\u3048\u3066\u3044\u305f\u3089\u3000\u76f8\u624b\u3060\u3051\n\u305d\u306e\u6280\u3092\u3000\u4f7f\u3048\u306a\u304f\u3059\u308b\u3002", "language": {"name": "ja", "url": "https://pokeapi.co/api/v2/language/11/"}, "version_group": {"name": "sword-shield", "url": "https://pokeapi.co/api/v2/version-group/20/"}}, {"flavor_text": "\u5982\u679c\u5bf9\u624b\u6709\u548c\u81ea\u5df1\u76f8\u540c\u7684\u62db\u5f0f\uff0c\n\u90a3\u4e48\u53ea\u6709\u5bf9\u624b\u65e0\u6cd5\u4f7f\u7528\u8be5\u62db\u5f0f\u3002", "language": {"name": "zh-Hans", "url": "https://pokeapi.co/api/v2/language/12/"}, "version_group": {"name": "sword-shield", "url": "https://pokeapi.co/api/v2/version-group/20/"}}], "generation": {"name": "generation-iii", "url": "https://pokeapi.co/api/v2/generation/3/"}, "id": 286, "learned_by_pokemon": [{"name": "clefairy", "url": "https://pokeapi.co/api/v2/pokemon/35/"}, {"name": "clefable", "url": "https://pokeapi.co/api/v2/pokemon/36/"}, {"name": "vulpix", "url": "https://pokeapi.co/api/v2/pokemon/37/"}, {"name": "ninetales", "url": "https://pokeapi.co/api/v2/pokemon/38/"}, {"name": "alakazam", "url": "https://pokeapi.co/api/v2/pokemon/65/"}, {"name": "slowpoke", "url": "https://pokeapi.co/api/v2/pokemon/79/"}, {"name": "slowbro", "url": "https://pokeapi.co/api/v2/pokemon/80/"}, {"name": "grimer", "url": "https://pokeapi.co/api/v2/pokemon/88/"}, {"name": "muk", "url": "https://pokeapi.co/api/v2/pokemon/89/"}, {"name": "gastly", "url": "https://pokeapi.co/api/v2/pokemon/92/"}, {"name": "haunter", "url": "https://pokeapi.co/api/v2/pokemon/93/"}, {"name": "gengar", "url": "https://pokeapi.co/api/v2/pokemon/94/"}, {"name": "drowzee", "url": "https://pokeapi.co/api/v2/pokemon/96/"}, {"name": "hypno", "url": "https://pokeapi.co/api/v2/pokemon/97/"}, {"name": "exeggcute", "url": "https://pokeapi.co/api/v2/pokemon/102/"}, {"name": "exeggutor", "url": "https://pokeapi.co/api/v2/pokemon/103/"}, {"name": "mewtwo", "url": "https://pokeapi.co/api/v2/pokemon/150/"}, {"name": "mew", "url": "https://pokeapi.co/api/v2/pokemon/151/"}, {"name": "hoothoot", "url": "https://pokeapi.co/api/v2/pokemon/163/"}, {"name": "noctowl", "url": "https://pokeapi.co/api/v2/pokemon/164/"}, {"name": "togetic", "url": "https://pokeapi.co/api/v2/pokemon/176/"}, {"name": "natu", "url": "https://pokeapi.co/api/v2/pokemon/177/"}, {"name": "xatu", "url": "https://pokeapi.co/api/v2/pokemon/178/"}, {"name": "espeon", "url": "https://pokeapi.co/api/v2/pokemon/196/"}, {"name": "slowking", "url": "https://pokeapi.co/api/v2/pokemon/199/"}, {"name": "misdreavus", "url": "https://pokeapi.co/api/v2/pokemon/200/"}, {"name": "girafarig", "url": "https://pokeapi.co/api/v2/pokemon/203/"}, {"name": "stantler", "url": "https://pokeapi.co/api/v2/pokemon/234/"}, {"name": "lugia", "url": "https://pokeapi.co/api/v2/pokemon/249/"}, {"name": "ho-oh", "url": "https://pokeapi.co/api/v2/pokemon/250/"}, {"name": "celebi", "url": "https://pokeapi.co/api/v2/pokemon/251/"}, {"name": "shiftry", "url": "https://pokeapi.co/api/v2/pokemon/275/"}, {"name": "ralts", "url": "https://pokeapi.co/api/v2/pokemon/280/"}, {"name": "kirlia", "url": "https://pokeapi.co/api/v2/pokemon/281/"}, {"name": "gardevoir", "url": "https://pokeapi.co/api/v2/pokemon/282/"}, {"name": "sableye", "url": "https://pokeapi.co/api/v2/pokemon/302/"}, {"name": "meditite", "url": "https://pokeapi.co/api/v2/pokemon/307/"}, {"name": "medicham", "url": "https://pokeapi.co/api/v2/pokemon/308/"}, {"name": "spoink", "url": "https://pokeapi.co/api/v2/pokemon/325/"}, {"name": "grumpig", "url": "https://pokeapi.co/api/v2/pokemon/326/"}, {"name": "baltoy", "url": "https://pokeapi.co/api/v2/pokemon/343/"}, {"name": "claydol", "url": "https://pokeapi.co/api/v2/pokemon/344/"}, {"name": "milotic", "url": "https://pokeapi.co/api/v2/pokemon/350/"}, {"name": "shuppet", "url": "https://pokeapi.co/api/v2/pokemon/353/"}, {"name": "banette", "url": "https://pokeapi.co/api/v2/pokemon/354/"}, {"name": "duskull", "url": "https://pokeapi.co/api/v2/pokemon/355/"}, {"name": "dusclops", "url": "https://pokeapi.co/api/v2/pokemon/356/"}, {"name": "chimecho", "url": "https://pokeapi.co/api/v2/pokemon/358/"}, {"name": "jirachi", "url": "https://pokeapi.co/api/v2/pokemon/385/"}, {"name": "deoxys-normal", "url": "https://pokeapi.co/api/v2/pokemon/386/"}, {"name": "drifloon", "url": "https://pokeapi.co/api/v2/pokemon/425/"}, {"name": "drifblim", "url": "https://pokeapi.co/api/v2/pokemon/426/"}, {"name": "mismagius", "url": "https://pokeapi.co/api/v2/pokemon/429/"}, {"name": "bronzor", "url": "https://pokeapi.co/api/v2/pokemon/436/"}, {"name": "bronzong", "url": "https://pokeapi.co/api/v2/pokemon/437/"}, {"name": "spiritomb", "url": "https://pokeapi.co/api/v2/pokemon/442/"}, {"name": "togekiss", "url": "https://pokeapi.co/api/v2/pokemon/468/"}, {"name": "gallade", "url": "https://pokeapi.co/api/v2/pokemon/475/"}, {"name": "dusknoir", "url": "https://pokeapi.co/api/v2/pokemon/477/"}, {"name": "froslass", "url": "https://pokeapi.co/api/v2/pokemon/478/"}, {"name": "uxie", "url": "https://pokeapi.co/api/v2/pokemon/480/"}, {"name": "mesprit", "url": "https://pokeapi.co/api/v2/pokemon/481/"}, {"name": "azelf", "url": "https://pokeapi.co/api/v2/pokemon/482/"}, {"name": "arceus", "url": "https://pokeapi.co/api/v2/pokemon/493/"}, {"name": "munna", "url": "https://pokeapi.co/api/v2/pokemon/517/"}, {"name": "musharna", "url": "https://pokeapi.co/api/v2/pokemon/518/"}, {"name": "woobat", "url": "https://pokeapi.co/api/v2/pokemon/527/"}, {"name": "swoobat", "url": "https://pokeapi.co/api/v2/pokemon/528/"}, {"name": "sigilyph", "url": "https://pokeapi.co/api/v2/pokemon/561/"}, {"name": "yamask", "url": "https://pokeapi.co/api/v2/pokemon/562/"}, {"name": "cofagrigus", "url": "https://pokeapi.co/api/v2/pokemon/563/"}, {"name": "zorua", "url": "https://pokeapi.co/api/v2/pokemon/570/"}, {"name": "zoroark", "url": "https://pokeapi.co/api/v2/pokemon/571/"}, {"name": "gothita", "url": "https://pokeapi.co/api/v2/pokemon/574/"}, {"name": "gothorita", "url": "https://pokeapi.co/api/v2/pokemon/575/"}, {"name": "gothitelle", "url": "https://pokeapi.co/api/v2/pokemon/576/"}, {"name": "solosis", "url": "https://pokeapi.co/api/v2/pokemon/577/"}, {"name": "duosion", "url": "https://pokeapi.co/api/v2/pokemon/578/"}, {"name": "reuniclus", "url": "https://pokeapi.co/api/v2/pokemon/579/"}, {"name": "vanillite", "url": "https://pokeapi.co/api/v2/pokemon/582/"}, {"name": "vanillish", "url": "https://pokeapi.co/api/v2/pokemon/583/"}, {"name": "vanilluxe", "url": "https://pokeapi.co/api/v2/pokemon/584/"}, {"name": "frillish", "url": "https://pokeapi.co/api/v2/pokemon/592/"}, {"name": "jellicent", "url": "https://pokeapi.co/api/v2/pokemon/593/"}, {"name": "elgyem", "url": "https://pokeapi.co/api/v2/pokemon/605/"}, {"name": "beheeyem", "url": "https://pokeapi.co/api/v2/pokemon/606/"}, {"name": "litwick", "url": "https://pokeapi.co/api/v2/pokemon/607/"}, {"name": "lampent", "url": "https://pokeapi.co/api/v2/pokemon/608/"}, {"name": "chandelure", "url": "https://pokeapi.co/api/v2/pokemon/609/"}, {"name": "golett", "url": "https://pokeapi.co/api/v2/pokemon/622/"}, {"name": "golurk", "url": "https://pokeapi.co/api/v2/pokemon/623/"}, {"name": "reshiram", "url": "https://pokeapi.co/api/v2/pokemon/643/"}, {"name": "zekrom", "url": "https://pokeapi.co/api/v2/pokemon/644/"}, {"name": "landorus-incarnate", "url": "https://pokeapi.co/api/v2/pokemon/645/"}, {"name": "kyurem", "url": "https://pokeapi.co/api/v2/pokemon/646/"}, {"name": "fennekin", "url": "https://pokeapi.co/api/v2/pokemon/653/"}, {"name": "braixen", "url": "https://pokeapi.co/api/v2/pokemon/654/"}, {"name": "delphox", "url": "https://pokeapi.co/api/v2/pokemon/655/"}, {"name": "meowstic-male", "url": "https://pokeapi.co/api/v2/pokemon/678/"}, {"name": "klefki", "url": "https://pokeapi.co/api/v2/pokemon/707/"}, {"name": "phantump", "url": "https://pokeapi.co/api/v2/pokemon/708/"}, {"name": "trevenant", "url": "https://pokeapi.co/api/v2/pokemon/709/"}, {"name": "pumpkaboo-average", "url": "https://pokeapi.co/api/v2/pokemon/710/"}, {"name": "gourgeist-average", "url": "https://pokeapi.co/api/v2/pokemon/711/"}, {"name": "decidueye", "url": "https://pokeapi.co/api/v2/pokemon/724/"}, {"name": "cutiefly", "url": "https://pokeapi.co/api/v2/pokemon/742/"}, {"name": "ribombee", "url": "https://pokeapi.co/api/v2/pokemon/743/"}, {"name": "oranguru", "url": "https://pokeapi.co/api/v2/pokemon/765/"}, {"name": "sandygast", "url": "https://pokeapi.co/api/v2/pokemon/769/"}, {"name": "palossand", "url": "https://pokeapi.co/api/v2/pokemon/770/"}, {"name": "type-null", "url": "https://pokeapi.co/api/v2/pokemon/772/"}, {"name": "silvally", "url": "https://pokeapi.co/api/v2/pokemon/773/"}, {"name": "necrozma", "url": "https://pokeapi.co/api/v2/pokemon/800/"}, {"name": "magearna", "url": "https://pokeapi.co/api/v2/pokemon/801/"}, {"name": "dottler", "url": "https://pokeapi.co/api/v2/pokemon/825/"}, {"name": "orbeetle", "url": "https://pokeapi.co/api/v2/pokemon/826/"}, {"name": "sinistea", "url": "https://pokeapi.co/api/v2/pokemon/854/"}, {"name": "polteageist", "url": "https://pokeapi.co/api/v2/pokemon/855/"}, {"name": "hatenna", "url": "https://pokeapi.co/api/v2/pokemon/856/"}, {"name": "hattrem", "url": "https://pokeapi.co/api/v2/pokemon/857/"}, {"name": "hatterene", "url": "https://pokeapi.co/api/v2/pokemon/858/"}, {"name": "morgrem", "url": "https://pokeapi.co/api/v2/pokemon/860/"}, {"name": "grimmsnarl", "url": "https://pokeapi.co/api/v2/pokemon/861/"}, {"name": "runerigus", "url": "https://pokeapi.co/api/v2/pokemon/867/"}, {"name": "alcremie", "url": "https://pokeapi.co/api/v2/pokemon/869/"}, {"name": "frosmoth", "url": "https://pokeapi.co/api/v2/pokemon/873/"}, {"name": "stonjourner", "url": "https://pokeapi.co/api/v2/pokemon/874/"}, {"name": "indeedee-male", "url": "https://pokeapi.co/api/v2/pokemon/876/"}, {"name": "zacian", "url": "https://pokeapi.co/api/v2/pokemon/888/"}, {"name": "zamazenta", "url": "https://pokeapi.co/api/v2/pokemon/889/"}, {"name": "calyrex", "url": "https://pokeapi.co/api/v2/pokemon/898/"}, {"name": "wyrdeer", "url": "https://pokeapi.co/api/v2/pokemon/899/"}, {"name": "enamorus-incarnate", "url": "https://pokeapi.co/api/v2/pokemon/905/"}, {"name": "skeledirge", "url": "https://pokeapi.co/api/v2/pokemon/911/"}, {"name": "rabsca", "url": "https://pokeapi.co/api/v2/pokemon/954/"}, {"name": "farigiraf", "url": "https://pokeapi.co/api/v2/pokemon/981/"}, {"name": "scream-tail", "url": "https://pokeapi.co/api/v2/pokemon/985/"}, {"name": "flutter-mane", "url": "https://pokeapi.co/api/v2/pokemon/987/"}, {"name": "iron-valiant", "url": "https://pokeapi.co/api/v2/pokemon/1006/"}, {"name": "iron-leaves", "url": "https://pokeapi.co/api/v2/pokemon/1010/"}, {"name": "poltchageist", "url": "https://pokeapi.co/api/v2/pokemon/1012/"}, {"name": "sinistcha", "url": "https://pokeapi.co/api/v2/pokemon/1013/"}, {"name": "munkidori", "url": "https://pokeapi.co/api/v2/pokemon/1015/"}, {"name": "pecharunt", "url": "https://pokeapi.co/api/v2/pokemon/1025/"}, {"name": "deoxys-attack", "url": "https://pokeapi.co/api/v2/pokemon/10001/"}, {"name": "deoxys-defense", "url": "https://pokeapi.co/api/v2/pokemon/10002/"}, {"name": "deoxys-speed", "url": "https://pokeapi.co/api/v2/pokemon/10003/"}, {"name": "landorus-therian", "url": "https://pokeapi.co/api/v2/pokemon/10021/"}, {"name": "kyurem-black", "url": "https://pokeapi.co/api/v2/pokemon/10022/"}, {"name": "kyurem-white", "url": "https://pokeapi.co/api/v2/pokemon/10023/"}, {"name": "pumpkaboo-small", "url": "https://pokeapi.co/api/v2/pokemon/10027/"}, {"name": "pumpkaboo-large", "url": "https://pokeapi.co/api/v2/pokemon/10028/"}, {"name": "pumpkaboo-super", "url": "https://pokeapi.co/api/v2/pokemon/10029/"}, {"name": "gourgeist-small", "url": "https://pokeapi.co/api/v2/pokemon/10030/"}, {"name": "gourgeist-large", "url": "https://pokeapi.co/api/v2/pokemon/10031/"}, {"name": "gourgeist-super", "url": "https://pokeapi.co/api/v2/pokemon/10032/"}, {"name": "gardevoir-mega", "url": "https://pokeapi.co/api/v2/pokemon/10051/"}, {"name": "sableye-mega", "url": "https://pokeapi.co/api/v2/pokemon/10066/"}, {"name": "vulpix-alola", "url": "https://pokeapi.co/api/v2/pokemon/10103/"}, {"name": "ninetales-alola", "url": "https://pokeapi.co/api/v2/pokemon/10104/"}, {"name": "grimer-alola", "url": "https://pokeapi.co/api/v2/pokemon/10112/"}, {"name": "muk-alola", "url": "https://pokeapi.co/api/v2/pokemon/10113/"}, {"name": "exeggutor-alola", "url": "https://pokeapi.co/api/v2/pokemon/10114/"}, {"name": "marowak-alola", "url": "https://pokeapi.co/api/v2/pokemon/10115/"}, {"name": "magearna-original", "url": "https://pokeapi.co/api/v2/pokemon/10147/"}, {"name": "necrozma-dusk", "url": "https://pokeapi.co/api/v2/pokemon/10155/"}, {"name": "necrozma-dawn", "url": "https://pokeapi.co/api/v2/pokemon/10156/"}, {"name": "ponyta-galar", "url": "https://pokeapi.co/api/v2/pokemon/10162/"}, {"name": "rapidash-galar", "url": "https://pokeapi.co/api/v2/pokemon/10163/"}, {"name": "slowpoke-galar", "url": "https://pokeapi.co/api/v2/pokemon/10164/"}, {"name": "slowbro-galar", "url": "https://pokeapi.co/api/v2/pokemon/10165/"}, {"name": "articuno-galar", "url": "https://pokeapi.co/api/v2/pokemon/10169/"}, {"name": "moltres-galar", "url": "https://pokeapi.co/api/v2/pokemon/10171/"}, {"name": "slowking-galar", "url": "https://pokeapi.co/api/v2/pokemon/10172/"}, {"name": "yamask-galar", "url": "https://pokeapi.co/api/v2/pokemon/10179/"}, {"name": "indeedee-female", "url": "https://pokeapi.co/api/v2/pokemon/10186/"}, {"name": "zacian-crowned", "url": "https://pokeapi.co/api/v2/pokemon/10188/"}, {"name": "zamazenta-crowned", "url": "https://pokeapi.co/api/v2/pokemon/10189/"}, {"name": "calyrex-ice", "url": "https://pokeapi.co/api/v2/pokemon/10193/"}, {"name": "calyrex-shadow", "url": "https://pokeapi.co/api/v2/pokemon/10194/"}, {"name": "zorua-hisui", "url": "https://pokeapi.co/api/v2/pokemon/10238/"}, {"name": "zoroark-hisui", "url": "https://pokeapi.co/api/v2/pokemon/10239/"}, {"name": "enamorus-therian", "url": "https://pokeapi.co/api/v2/pokemon/10249/"}], "machines": [{"machine": {"url": "https://pokeapi.co/api/v2/machine/881/"}, "version_group": {"name": "sword-shield", "url": "https://pokeapi.co/api/v2/version-group/20/"}}, {"machine": {"url": "https://pokeapi.co/api/v2/machine/1797/"}, "version_group": {"name": "scarlet-violet", "url": "https://pokeapi.co/api/v2/version-group/25/"}}], "meta": {"ailment": {"name": "none", "url": "https://pokeapi.co/api/v2/move-ailment/0/"}, "ailment_chance": 0, "category": {"name": "unique", "url": "https://pokeapi.co/api/v2/move-category/13/"}, "crit_rate": 0, "drain": 0, "flinch_chance": 0, "healing": 0, "max_hits": null, "max_turns": null, "min_hits": null, "min_turns": null, "stat_chance": 0}, "name": "imprison", "names": [{"language": {"name": "ja-Hrkt", "url": "https://pokeapi.co/api/v2/language/1/"}, "name": "\u3075\u3046\u3044\u3093"}, {"language": {"name": "ko", "url": "https://pokeapi.co/api/v2/language/3/"}, "name": "\ubd09\uc778"}, {"language": {"name": "zh-Hant", "url": "https://pokeapi.co/api/v2/language/4/"}, "name": "\u5c01\u5370"}, {"language": {"name": "fr", "url": "https://pokeapi.co/api/v2/language/5/"}, "name": "Possessif"}, {"language": {"name": "de", "url": "https://pokeapi.co/api/v2/language/6/"}, "name": "Begrenzer"}, {"language": {"name": "es", "url": "https://pokeapi.co/api/v2/language/7/"}, "name": "Sellar"}, {"language": {"name": "it", "url": "https://pokeapi.co/api/v2/language/8/"}, "name": "Esclusiva"}, {"language": {"name": "en", "url": "https://pokeapi.co/api/v2/language/9/"}, "name": "Imprison"}, {"language": {"name": "ja", "url": "https://pokeapi.co/api/v2/language/11/"}, "name": "\u3075\u3046\u3044\u3093"}, {"language": {"name": "zh-Hans", "url": "https://pokeapi.co/api/v2/language/12/"}, "name": "\u5c01\u5370"}], "past_values": [], "power": null, "pp": 10, "priority": 0, "stat_changes": [], "super_contest_effect": {"url": "https://pokeapi.co/api/v2/super-contest-effect/20/"}, "target": {"name": "user", "url": "https://pokeapi.co/api/v2/move-target/7/"}, "type": {"name": "psychic", "url": "https://pokeapi.co/api/v2/type/14/"}}