{"accuracy": 100, "contest_combos": null, "contest_effect": null, "contest_type": null, "damage_class": {"name": "physical", "url": "https://pokeapi.co/api/v2/move-damage-class/2/"}, "effect_chance": null, "effect_changes": [], "effect_entries": [], "flavor_text_entries": [], "generation": {"name": "generation-ix", "url": "https://pokeapi.co/api/v2/generation/9/"}, "id": 904, "learned_by_pokemon": [{"name": "ogerpon", "url": "https://pokeapi.co/api/v2/pokemon/1017/"}, {"name": "ogerpon-wellspring-mask", "url": "https://pokeapi.co/api/v2/pokemon/10273/"}, {"name": "ogerpon-hearthflame-mask", "url": "https://pokeapi.co/api/v2/pokemon/10274/"}, {"name": "ogerpon-cornerstone-mask", "url": "https://pokeapi.co/api/v2/pokemon/10275/"}], "machines": [], "meta": null, "name": "ivy-cudgel", "names": [{"language": {"name": "ja-Hrkt", "url": "https://pokeapi.co/api/v2/language/1/"}, "name": "\u30c4\u30bf\u3053\u3093\u307c\u3046"}, {"language": {"name": "en", "url": "https://pokeapi.co/api/v2/language/9/"}, "name": "Ivy Cudgel"}, {"language": {"name": "ja", "url": "https://pokeapi.co/api/v2/language/11/"}, "name": "\u30c4\u30bf\u3053\u3093\u307c\u3046"}], "past_values": [], "power": 100, "pp": 10, "priority": 0, "stat_changes": [], "super_contest_effect": null, "target": {"name": "selected-pokemon", "url": "https://pokeapi.co/api/v2/move-target/10/"}, "type": {"name": "grass", "url": "https://pokeapi.co/api/v2/type/12/"}}