{"accuracy": 100, "contest_combos": {"normal": {"use_after": [{"name": "fake-out", "url": "https://pokeapi.co/api/v2/move/252/"}], "use_before": null}, "super": {"use_after": null, "use_before": null}}, "contest_effect": {"url": "https://pokeapi.co/api/v2/contest-effect/4/"}, "contest_type": {"name": "smart", "url": "https://pokeapi.co/api/v2/contest-type/4/"}, "damage_class": {"name": "physical", "url": "https://pokeapi.co/api/v2/move-damage-class/2/"}, "effect_chance": null, "effect_changes": [], "effect_entries": [{"effect": "Inflicts regular damage.  Target loses its held item.\n\nNeither the user nor the target can recover its item with recycle.\n\nIf the target has multitype or sticky hold, it will take damage but not lose its item.", "language": {"name": "en", "url": "https://pokeapi.co/api/v2/language/9/"}, "short_effect": "Target drops its held item."}], "flavor_text_entries": [{"flavor_text": "Knocks down the foe\u2019s held\nitem to prevent its use.", "language": {"name": "en", "url": "https://pokeapi.co/api/v2/language/9/"}, "version_group": {"name": "ruby-sapphire", "url": "https://pokeapi.co/api/v2/version-group/5/"}}, {"flavor_text": "Knocks down the foe\u2019s held\nitem to prevent its use.", "language": {"name": "en", "url": "https://pokeapi.co/api/v2/language/9/"}, "version_group": {"name": "emerald", "url": "https://pokeapi.co/api/v2/version-group/6/"}}, {"flavor_text": "Knocks down the\nfoe\u2019s held item to\nprevent its use\nduring the battle.", "language": {"name": "en", "url": "https://pokeapi.co/api/v2/language/9/"}, "version_group": {"name": "firered-leafgreen", "url": "https://pokeapi.co/api/v2/version-group/7/"}}, {"flavor_text": "The user slaps down\nthe foe\u2019s held item,\npreventing the item\nfrom being used\nduring the battle.", "language": {"name": "en", "url": "https://pokeapi.co/api/v2/language/9/"}, "version_group": {"name": "diamond-pearl", "url": "https://pokeapi.co/api/v2/version-group/8/"}}, {"flavor_text": "The user slaps down\nthe foe\u2019s held item,\npreventing the item\nfrom being used\nduring the battle.", "language": {"name": "en", "url": "https://pokeapi.co/api/v2/language/9/"}, "version_group": {"name": "platinum", "url": "https://pokeapi.co/api/v2/version-group/9/"}}, {"flavor_text": "The user slaps down\nthe foe\u2019s held item,\npreventing the item\nfrom being used\nduring the battle.", "language": {"name": "en", "url": "https://pokeapi.co/api/v2/language/9/"}, "version_group": {"name": "heartgold-soulsilver", "url": "https://pokeapi.co/api/v2/version-group/10/"}}, {"flavor_text": "Le lanceur fait tomber l\u2019objet tenu\npar l\u2019ennemi pour le rendre inutilisable\ndurant le combat.", "language": {"name": "fr", "url": "https://pokeapi.co/api/v2/language/5/"}, "version_group": {"name": "black-white", "url": "https://pokeapi.co/api/v2/version-group/11/"}}, {"flavor_text": "The user slaps down the target\u2019s\nheld item, preventing that item\nfrom being used in the battle.", "language": {"name": "en", "url": "https://pokeapi.co/api/v2/language/9/"}, "version_group": {"name": "black-white", "url": "https://pokeapi.co/api/v2/version-group/11/"}}, {"flavor_text": "The user slaps down the target\u2019s\nheld item, preventing that item\nfrom being used in the battle.", "language": {"name": "en", "url": "https://pokeapi.co/api/v2/language/9/"}, "version_group": {"name": "black-2-white-2", "url": "https://pokeapi.co/api/v2/version-group/14/"}}, {"flavor_text": "\u3042\u3044\u3066\u306e\u3000\u3082\u3061\u3082\u306e\u3092\u3000\u306f\u305f\u304d\u3000\u304a\u3068\u3057\u3066\n\u305b\u3093\u3068\u3046\u304c\u3000\u304a\u308f\u308b\u307e\u3067\u3000\u3064\u304b\u3048\u306a\u304f\u3059\u308b\u3002\n\u3082\u306e\u3092\u3082\u3064\u3000\u3042\u3044\u3066\u306b\u306f\u3000\u30c0\u30e1\u30fc\u30b8\u304c\u307e\u3059\u3002", "language": {"name": "ja-Hrkt", "url": "https://pokeapi.co/api/v2/language/1/"}, "version_group": {"name": "x-y", "url": "https://pokeapi.co/api/v2/version-group/15/"}}, {"flavor_text": "\uc0c1\ub300\uc758 \uc9c0\ub2cc \ubb3c\uac74\uc744 \ud0c1 \uccd0\uc11c \ub5a8\uc5b4\ub728\ub824\n\ubc30\ud2c0\uc774 \ub05d\ub0a0 \ub54c\uae4c\uc9c0 \uc0ac\uc6a9\ud560 \uc218 \uc5c6\uac8c \ud55c\ub2e4.\n\ubb3c\uac74\uc744 \uac00\uc9c4 \uc0c1\ub300\uc5d0\uac8c\ub294 \ub370\ubbf8\uc9c0\ub97c \ub354 \uc900\ub2e4.", "language": {"name": "ko", "url": "https://pokeapi.co/api/v2/language/3/"}, "version_group": {"name": "x-y", "url": "https://pokeapi.co/api/v2/version-group/15/"}}, {"flavor_text": "Fait plus de d\u00e9g\u00e2ts aux cibles qui tiennent un\nobjet. De plus, fait tomber cet objet et emp\u00eache\nla cible de l\u2019utiliser jusqu\u2019\u00e0 la fin du combat.", "language": {"name": "fr", "url": "https://pokeapi.co/api/v2/language/5/"}, "version_group": {"name": "x-y", "url": "https://pokeapi.co/api/v2/version-group/15/"}}, {"flavor_text": "Schl\u00e4gt das Item des Zieles weg und vereitelt so\ndessen Gebrauch w\u00e4hrend des Kampfes. Mehr\nSchaden gegen Ziele, die ein Item bei sich tragen.", "language": {"name": "de", "url": "https://pokeapi.co/api/v2/language/6/"}, "version_group": {"name": "x-y", "url": "https://pokeapi.co/api/v2/version-group/15/"}}, {"flavor_text": "Impide al objetivo usar el objeto que lleva durante\nel combate. La potencia del movimiento se\nmultiplica si el objetivo lleva un objeto.", "language": {"name": "es", "url": "https://pokeapi.co/api/v2/language/7/"}, "version_group": {"name": "x-y", "url": "https://pokeapi.co/api/v2/version-group/15/"}}, {"flavor_text": "Attacco che blocca lo strumento del bersaglio,\nimpedendone l\u2019uso nella lotta. La sua potenza\naumenta se il Pok\u00e9mon colpito ha uno strumento.", "language": {"name": "it", "url": "https://pokeapi.co/api/v2/language/8/"}, "version_group": {"name": "x-y", "url": "https://pokeapi.co/api/v2/version-group/15/"}}, {"flavor_text": "The user slaps down the target\u2019s held item, and\nthat item can\u2019t be used in that battle. The move\ndoes more damage if the target has a held item.", "language": {"name": "en", "url": "https://pokeapi.co/api/v2/language/9/"}, "version_group": {"name": "x-y", "url": "https://pokeapi.co/api/v2/version-group/15/"}}, {"flavor_text": "\u76f8\u624b\u306e\u3000\u6301\u3061\u7269\u3092\u3000\u306f\u305f\u304d\u3000\u843d\u3068\u3057\u3066\n\u6226\u95d8\u304c\u3000\u7d42\u308f\u308b\u307e\u3067\u3000\u4f7f\u3048\u306a\u304f\u3059\u308b\u3002\n\u7269\u3092\u6301\u3064\u3000\u76f8\u624b\u306b\u306f\u3000\u30c0\u30e1\u30fc\u30b8\u304c\u5897\u3059\u3002", "language": {"name": "ja", "url": "https://pokeapi.co/api/v2/language/11/"}, "version_group": {"name": "x-y", "url": "https://pokeapi.co/api/v2/version-group/15/"}}, {"flavor_text": "\u3042\u3044\u3066\u306e\u3000\u3082\u3061\u3082\u306e\u3092\u3000\u306f\u305f\u304d\u3000\u304a\u3068\u3057\u3066\n\u305b\u3093\u3068\u3046\u304c\u3000\u304a\u308f\u308b\u307e\u3067\u3000\u3064\u304b\u3048\u306a\u304f\u3059\u308b\u3002\n\u3082\u306e\u3092\u3082\u3064\u3000\u3042\u3044\u3066\u306b\u306f\u3000\u30c0\u30e1\u30fc\u30b8\u304c\u307e\u3059\u3002", "language": {"name": "ja-Hrkt", "url": "https://pokeapi.co/api/v2/language/1/"}, "version_group": {"name": "omega-ruby-alpha-sapphire", "url": "https://pokeapi.co/api/v2/version-group/16/"}}, {"flavor_text": "\uc0c1\ub300\uc758 \uc9c0\ub2cc \ubb3c\uac74\uc744 \ud0c1 \uccd0\uc11c \ub5a8\uc5b4\ub728\ub824\n\ubc30\ud2c0\uc774 \ub05d\ub0a0 \ub54c\uae4c\uc9c0 \uc0ac\uc6a9\ud560 \uc218 \uc5c6\uac8c \ud55c\ub2e4.\n\ubb3c\uac74\uc744 \uac00\uc9c4 \uc0c1\ub300\uc5d0\uac8c\ub294 \ub370\ubbf8\uc9c0\ub97c \ub354 \uc900\ub2e4.", "language": {"name": "ko", "url": "https://pokeapi.co/api/v2/language/3/"}, "version_group": {"name": "omega-ruby-alpha-sapphire", "url": "https://pokeapi.co/api/v2/version-group/16/"}}, {"flavor_text": "Fait plus de d\u00e9g\u00e2ts aux cibles qui tiennent un\nobjet. De plus, fait tomber cet objet et emp\u00eache\nla cible de l\u2019utiliser jusqu\u2019\u00e0 la fin du combat.", "language": {"name": "fr", "url": "https://pokeapi.co/api/v2/language/5/"}, "version_group": {"name": "omega-ruby-alpha-sapphire", "url": "https://pokeapi.co/api/v2/version-group/16/"}}, {"flavor_text": "Schl\u00e4gt das Item des Zieles weg und vereitelt so\ndessen Gebrauch w\u00e4hrend des Kampfes. Mehr\nSchaden gegen Ziele, die ein Item bei sich tragen.", "language": {"name": "de", "url": "https://pokeapi.co/api/v2/language/6/"}, "version_group": {"name": "omega-ruby-alpha-sapphire", "url": "https://pokeapi.co/api/v2/version-group/16/"}}, {"flavor_text": "Impide al objetivo usar el objeto que lleva durante \nel combate. La potencia del movimiento se \nmultiplica si el objetivo lleva un objeto.", "language": {"name": "es", "url": "https://pokeapi.co/api/v2/language/7/"}, "version_group": {"name": "omega-ruby-alpha-sapphire", "url": "https://pokeapi.co/api/v2/version-group/16/"}}, {"flavor_text": "Attacco che blocca lo strumento del bersaglio,\nimpedendone l\u2019uso nella lotta. La sua potenza\naumenta se il Pok\u00e9mon colpito ha uno strumento.", "language": {"name": "it", "url": "https://pokeapi.co/api/v2/language/8/"}, "version_group": {"name": "omega-ruby-alpha-sapphire", "url": "https://pokeapi.co/api/v2/version-group/16/"}}, {"flavor_text": "The user slaps down the target\u2019s held item, and\nthat item can\u2019t be used in that battle. The move\ndoes more damage if the target has a held item.", "language": {"name": "en", "url": "https://pokeapi.co/api/v2/language/9/"}, "version_group": {"name": "omega-ruby-alpha-sapphire", "url": "https://pokeapi.co/api/v2/version-group/16/"}}, {"flavor_text": "\u76f8\u624b\u306e\u3000\u6301\u3061\u7269\u3092\u3000\u306f\u305f\u304d\u3000\u843d\u3068\u3057\u3066\n\u6226\u95d8\u304c\u3000\u7d42\u308f\u308b\u307e\u3067\u3000\u4f7f\u3048\u306a\u304f\u3059\u308b\u3002\n\u7269\u3092\u6301\u3064\u3000\u76f8\u624b\u306b\u306f\u3000\u30c0\u30e1\u30fc\u30b8\u304c\u5897\u3059\u3002", "language": {"name": "ja", "url": "https://pokeapi.co/api/v2/language/11/"}, "version_group": {"name": "omega-ruby-alpha-sapphire", "url": "https://pokeapi.co/api/v2/version-group/16/"}}, {"flavor_text": "\u3042\u3044\u3066\u306e\u3000\u3082\u3061\u3082\u306e\u3092\u3000\u306f\u305f\u304d\u3000\u304a\u3068\u3057\u3066\n\u305b\u3093\u3068\u3046\u304c\u3000\u304a\u308f\u308b\u307e\u3067\u3000\u3064\u304b\u3048\u306a\u304f\u3059\u308b\u3002\n\u3082\u306e\u3092\u3082\u3064\u3000\u3042\u3044\u3066\u306b\u306f\u3000\u30c0\u30e1\u30fc\u30b8\u304c\u307e\u3059\u3002", "language": {"name": "ja-Hrkt", "url": "https://pokeapi.co/api/v2/language/1/"}, "version_group": {"name": "sun-moon", "url": "https://pokeapi.co/api/v2/version-group/17/"}}, {"flavor_text": "\uc0c1\ub300\uc758 \uc9c0\ub2cc \ubb3c\uac74\uc744 \ud0c1 \uccd0\uc11c \ub5a8\uc5b4\ub728\ub824\n\ubc30\ud2c0\uc774 \ub05d\ub0a0 \ub54c\uae4c\uc9c0 \uc0ac\uc6a9\ud560 \uc218 \uc5c6\uac8c \ud55c\ub2e4.\n\ubb3c\uac74\uc744 \uac00\uc9c4 \uc0c1\ub300\uc5d0\uac8c\ub294 \ub370\ubbf8\uc9c0\ub97c \ub354 \uc900\ub2e4.", "language": {"name": "ko", "url": "https://pokeapi.co/api/v2/language/3/"}, "version_group": {"name": "sun-moon", "url": "https://pokeapi.co/api/v2/version-group/17/"}}, {"flavor_text": "\u62cd\u843d\u5c0d\u624b\u7684\u6301\u6709\u7269\uff0c\n\u8b93\u5c0d\u624b\u5728\u6230\u9b25\u7d50\u675f\u524d\u90fd\u7121\u6cd5\u4f7f\u7528\u3002\n\u5c0d\u624b\u6709\u651c\u5e36\u7269\u54c1\u6642\uff0c\u50b7\u5bb3\u6703\u589e\u52a0\u3002", "language": {"name": "zh-Hant", "url": "https://pokeapi.co/api/v2/language/4/"}, "version_group": {"name": "sun-moon", "url": "https://pokeapi.co/api/v2/version-group/17/"}}, {"flavor_text": "Fait plus de d\u00e9g\u00e2ts aux cibles qui tiennent un\nobjet. De plus, fait tomber cet objet et emp\u00eache\nla cible de l\u2019utiliser jusqu\u2019\u00e0 la fin du combat.", "language": {"name": "fr", "url": "https://pokeapi.co/api/v2/language/5/"}, "version_group": {"name": "sun-moon", "url": "https://pokeapi.co/api/v2/version-group/17/"}}, {"flavor_text": "Schl\u00e4gt das Item des Zieles weg und vereitelt so\ndessen Gebrauch w\u00e4hrend des Kampfes. Mehr\nSchaden gegen Ziele, die ein Item bei sich tragen.", "language": {"name": "de", "url": "https://pokeapi.co/api/v2/language/6/"}, "version_group": {"name": "sun-moon", "url": "https://pokeapi.co/api/v2/version-group/17/"}}, {"flavor_text": "Impide al objetivo usar el objeto que lleva durante \nel combate. La potencia del movimiento se \nmultiplica si el objetivo lleva un objeto.", "language": {"name": "es", "url": "https://pokeapi.co/api/v2/language/7/"}, "version_group": {"name": "sun-moon", "url": "https://pokeapi.co/api/v2/version-group/17/"}}, {"flavor_text": "Attacco che fa cadere lo strumento del bersaglio,\nimpedendone l\u2019uso nella lotta. La sua potenza\naumenta se il Pok\u00e9mon colpito ha uno strumento.", "language": {"name": "it", "url": "https://pokeapi.co/api/v2/language/8/"}, "version_group": {"name": "sun-moon", "url": "https://pokeapi.co/api/v2/version-group/17/"}}, {"flavor_text": "The user slaps down the target\u2019s held item, and that\nitem can\u2019t be used in that battle. The move does\nmore damage if the target has a held item.", "language": {"name": "en", "url": "https://pokeapi.co/api/v2/language/9/"}, "version_group": {"name": "sun-moon", "url": "https://pokeapi.co/api/v2/version-group/17/"}}, {"flavor_text": "\u76f8\u624b\u306e\u3000\u6301\u3061\u7269\u3092\u3000\u306f\u305f\u304d\u3000\u843d\u3068\u3057\u3066\n\u6226\u95d8\u304c\u3000\u7d42\u308f\u308b\u307e\u3067\u3000\u4f7f\u3048\u306a\u304f\u3059\u308b\u3002\n\u7269\u3092\u6301\u3064\u3000\u76f8\u624b\u306b\u306f\u3000\u30c0\u30e1\u30fc\u30b8\u304c\u5897\u3059\u3002", "language": {"name": "ja", "url": "https://pokeapi.co/api/v2/language/11/"}, "version_group": {"name": "sun-moon", "url": "https://pokeapi.co/api/v2/version-group/17/"}}, {"flavor_text": "\u62cd\u843d\u5bf9\u624b\u7684\u6301\u6709\u7269\uff0c\n\u76f4\u5230\u6218\u6597\u7ed3\u675f\u90fd\u4e0d\u80fd\u4f7f\u7528\u3002\n\u5bf9\u624b\u643a\u5e26\u9053\u5177\u65f6\u4f1a\u589e\u52a0\u4f24\u5bb3\u3002", "language": {"name": "zh-Hans", "url": "https://pokeapi.co/api/v2/language/12/"}, "version_group": {"name": "sun-moon", "url": "https://pokeapi.co/api/v2/version-group/17/"}}, {"flavor_text": "\u3042\u3044\u3066\u306e\u3000\u3082\u3061\u3082\u306e\u3092\u3000\u306f\u305f\u304d\u3000\u304a\u3068\u3057\u3066\n\u305b\u3093\u3068\u3046\u304c\u3000\u304a\u308f\u308b\u307e\u3067\u3000\u3064\u304b\u3048\u306a\u304f\u3059\u308b\u3002\n\u3082\u306e\u3092\u3082\u3064\u3000\u3042\u3044\u3066\u306b\u306f\u3000\u30c0\u30e1\u30fc\u30b8\u304c\u307e\u3059\u3002", "language": {"name": "ja-Hrkt", "url": "https://pokeapi.co/api/v2/language/1/"}, "version_group": {"name": "ultra-sun-ultra-moon", "url": "https://pokeapi.co/api/v2/version-group/18/"}}, {"flavor_text": "\uc0c1\ub300\uc758 \uc9c0\ub2cc \ubb3c\uac74\uc744 \ud0c1 \uccd0\uc11c \ub5a8\uc5b4\ub728\ub824\n\ubc30\ud2c0\uc774 \ub05d\ub0a0 \ub54c\uae4c\uc9c0 \uc0ac\uc6a9\ud560 \uc218 \uc5c6\uac8c \ud55c\ub2e4.\n\ubb3c\uac74\uc744 \uac00\uc9c4 \uc0c1\ub300\uc5d0\uac8c\ub294 \ub370\ubbf8\uc9c0\ub97c \ub354 \uc900\ub2e4.", "language": {"name": "ko", "url": "https://pokeapi.co/api/v2/language/3/"}, "version_group": {"name": "ultra-sun-ultra-moon", "url": "https://pokeapi.co/api/v2/version-group/18/"}}, {"flavor_text": "\u62cd\u843d\u5c0d\u624b\u7684\u6301\u6709\u7269\uff0c\n\u8b93\u5c0d\u624b\u5728\u6230\u9b25\u7d50\u675f\u524d\u90fd\u7121\u6cd5\u4f7f\u7528\u3002\n\u5c0d\u624b\u6709\u651c\u5e36\u7269\u54c1\u6642\uff0c\u50b7\u5bb3\u6703\u589e\u52a0\u3002", "language": {"name": "zh-Hant", "url": "https://pokeapi.co/api/v2/language/4/"}, "version_group": {"name": "ultra-sun-ultra-moon", "url": "https://pokeapi.co/api/v2/version-group/18/"}}, {"flavor_text": "Fait plus de d\u00e9g\u00e2ts aux cibles qui tiennent un\nobjet. De plus, fait tomber cet objet et emp\u00eache\nla cible de l\u2019utiliser jusqu\u2019\u00e0 la fin du combat.", "language": {"name": "fr", "url": "https://pokeapi.co/api/v2/language/5/"}, "version_group": {"name": "ultra-sun-ultra-moon", "url": "https://pokeapi.co/api/v2/version-group/18/"}}, {"flavor_text": "Schl\u00e4gt das Item des Zieles weg und vereitelt so\ndessen Gebrauch w\u00e4hrend des Kampfes. Mehr\nSchaden gegen Ziele, die ein Item bei sich tragen.", "language": {"name": "de", "url": "https://pokeapi.co/api/v2/language/6/"}, "version_group": {"name": "ultra-sun-ultra-moon", "url": "https://pokeapi.co/api/v2/version-group/18/"}}, {"flavor_text": "Impide al objetivo usar el objeto que lleva durante \nel combate. La potencia del movimiento se \nmultiplica si el objetivo lleva un objeto.", "language": {"name": "es", "url": "https://pokeapi.co/api/v2/language/7/"}, "version_group": {"name": "ultra-sun-ultra-moon", "url": "https://pokeapi.co/api/v2/version-group/18/"}}, {"flavor_text": "Attacco che fa cadere lo strumento del bersaglio,\nimpedendone l\u2019uso nella lotta. La sua potenza\naumenta se il Pok\u00e9mon colpito ha uno strumento.", "language": {"name": "it", "url": "https://pokeapi.co/api/v2/language/8/"}, "version_group": {"name": "ultra-sun-ultra-moon", "url": "https://pokeapi.co/api/v2/version-group/18/"}}, {"flavor_text": "The user slaps down the target\u2019s held item, and that\nitem can\u2019t be used in that battle. The move does\nmore damage if the target has a held item.", "language": {"name": "en", "url": "https://pokeapi.co/api/v2/language/9/"}, "version_group": {"name": "ultra-sun-ultra-moon", "url": "https://pokeapi.co/api/v2/version-group/18/"}}, {"flavor_text": "\u76f8\u624b\u306e\u3000\u6301\u3061\u7269\u3092\u3000\u306f\u305f\u304d\u3000\u843d\u3068\u3057\u3066\n\u6226\u95d8\u304c\u3000\u7d42\u308f\u308b\u307e\u3067\u3000\u4f7f\u3048\u306a\u304f\u3059\u308b\u3002\n\u7269\u3092\u6301\u3064\u3000\u76f8\u624b\u306b\u306f\u3000\u30c0\u30e1\u30fc\u30b8\u304c\u5897\u3059\u3002", "language": {"name": "ja", "url": "https://pokeapi.co/api/v2/language/11/"}, "version_group": {"name": "ultra-sun-ultra-moon", "url": "https://pokeapi.co/api/v2/version-group/18/"}}, {"flavor_text": "\u62cd\u843d\u5bf9\u624b\u7684\u6301\u6709\u7269\uff0c\n\u76f4\u5230\u6218\u6597\u7ed3\u675f\u90fd\u4e0d\u80fd\u4f7f\u7528\u3002\n\u5bf9\u624b\u643a\u5e26\u9053\u5177\u65f6\u4f1a\u589e\u52a0\u4f24\u5bb3\u3002", "language": {"name": "zh-Hans", "url": "https://pokeapi.co/api/v2/language/12/"}, "version_group": {"name": "ultra-sun-ultra-moon", "url": "https://pokeapi.co/api/v2/version-group/18/"}}, {"flavor_text": "\u3042\u3044\u3066\u306e\u3000\u3082\u3061\u3082\u306e\u3092\u3000\u306f\u305f\u304d\u3000\u304a\u3068\u3057\u3066\n\u305b\u3093\u3068\u3046\u304c\u3000\u304a\u308f\u308b\u307e\u3067\u3000\u3064\u304b\u3048\u306a\u304f\u3059\u308b\u3002\n\u3082\u306e\u3092\u3082\u3064\u3000\u3042\u3044\u3066\u306b\u306f\u3000\u30c0\u30e1\u30fc\u30b8\u304c\u307e\u3059\u3002", "language": {"name": "ja-Hrkt", "url": "https://pokeapi.co/api/v2/language/1/"}, "version_group": {"name": "lets-go-pikachu-lets-go-eevee", "url": "https://pokeapi.co/api/v2/version-group/19/"}}, {"flavor_text": "\uc0c1\ub300\uc758 \uc9c0\ub2cc \ubb3c\uac74\uc744 \ud0c1 \uccd0\uc11c \ub5a8\uc5b4\ub728\ub824\n\ubc30\ud2c0\uc774 \ub05d\ub0a0 \ub54c\uae4c\uc9c0 \uc0ac\uc6a9\ud560 \uc218 \uc5c6\uac8c \ud55c\ub2e4.\n\ubb3c\uac74\uc744 \uac00\uc9c4 \uc0c1\ub300\uc5d0\uac8c\ub294 \ub370\ubbf8\uc9c0\ub97c \ub354 \uc900\ub2e4.", "language": {"name": "ko", "url": "https://pokeapi.co/api/v2/language/3/"}, "version_group": {"name": "lets-go-pikachu-lets-go-eevee", "url": "https://pokeapi.co/api/v2/version-group/19/"}}, {"flavor_text": "\u62cd\u843d\u5c0d\u624b\u7684\u6301\u6709\u7269\uff0c\n\u8b93\u5c0d\u624b\u5728\u6230\u9b25\u7d50\u675f\u524d\u90fd\u7121\u6cd5\u4f7f\u7528\u3002\n\u5c0d\u624b\u6709\u651c\u5e36\u7269\u54c1\u6642\uff0c\u50b7\u5bb3\u6703\u589e\u52a0\u3002", "language": {"name": "zh-Hant", "url": "https://pokeapi.co/api/v2/language/4/"}, "version_group": {"name": "lets-go-pikachu-lets-go-eevee", "url": "https://pokeapi.co/api/v2/version-group/19/"}}, {"flavor_text": "Fait plus de d\u00e9g\u00e2ts aux cibles qui tiennent un objet.\nDe plus, fait tomber cet objet et emp\u00eache la cible\nde l\u2019utiliser jusqu\u2019\u00e0 la fin du combat.", "language": {"name": "fr", "url": "https://pokeapi.co/api/v2/language/5/"}, "version_group": {"name": "lets-go-pikachu-lets-go-eevee", "url": "https://pokeapi.co/api/v2/version-group/19/"}}, {"flavor_text": "Schl\u00e4gt das Item des Zieles weg und vereitelt so\ndessen Gebrauch w\u00e4hrend des Kampfes. Mehr\nSchaden gegen Ziele, die ein Item bei sich tragen.", "language": {"name": "de", "url": "https://pokeapi.co/api/v2/language/6/"}, "version_group": {"name": "lets-go-pikachu-lets-go-eevee", "url": "https://pokeapi.co/api/v2/version-group/19/"}}, {"flavor_text": "Impide al objetivo usar el objeto que lleva durante \nel combate. La potencia del movimiento se \nmultiplica si el objetivo lleva un objeto.", "language": {"name": "es", "url": "https://pokeapi.co/api/v2/language/7/"}, "version_group": {"name": "lets-go-pikachu-lets-go-eevee", "url": "https://pokeapi.co/api/v2/version-group/19/"}}, {"flavor_text": "Attacco che fa cadere lo strumento del bersaglio,\nimpedendone l\u2019uso nella lotta. La sua potenza\naumenta se il Pok\u00e9mon colpito ha uno strumento.", "language": {"name": "it", "url": "https://pokeapi.co/api/v2/language/8/"}, "version_group": {"name": "lets-go-pikachu-lets-go-eevee", "url": "https://pokeapi.co/api/v2/version-group/19/"}}, {"flavor_text": "The user slaps down the target\u2019s held item, and that\nitem can\u2019t be used in that battle. The move does\nmore damage if the target has a held item.", "language": {"name": "en", "url": "https://pokeapi.co/api/v2/language/9/"}, "version_group": {"name": "lets-go-pikachu-lets-go-eevee", "url": "https://pokeapi.co/api/v2/version-group/19/"}}, {"flavor_text": "\u76f8\u624b\u306e\u3000\u6301\u3061\u7269\u3092\u3000\u306f\u305f\u304d\u3000\u843d\u3068\u3057\u3066\n\u6226\u95d8\u304c\u3000\u7d42\u308f\u308b\u307e\u3067\u3000\u4f7f\u3048\u306a\u304f\u3059\u308b\u3002\n\u7269\u3092\u6301\u3064\u3000\u76f8\u624b\u306b\u306f\u3000\u30c0\u30e1\u30fc\u30b8\u304c\u5897\u3059\u3002", "language": {"name": "ja", "url": "https://pokeapi.co/api/v2/language/11/"}, "version_group": {"name": "lets-go-pikachu-lets-go-eevee", "url": "https://pokeapi.co/api/v2/version-group/19/"}}, {"flavor_text": "\u62cd\u843d\u5bf9\u624b\u7684\u6301\u6709\u7269\uff0c\n\u76f4\u5230\u6218\u6597\u7ed3\u675f\u90fd\u4e0d\u80fd\u4f7f\u7528\u3002\n\u5bf9\u624b\u643a\u5e26\u9053\u5177\u65f6\u4f1a\u589e\u52a0\u4f24\u5bb3\u3002", "language": {"name": "zh-Hans", "url": "https://pokeapi.co/api/v2/language/12/"}, "version_group": {"name": "lets-go-pikachu-lets-go-eevee", "url": "https://pokeapi.co/api/v2/version-group/19/"}}, {"flavor_text": "\u3042\u3044\u3066\u306e\u3000\u3082\u3061\u3082\u306e\u3092\u3000\u306f\u305f\u304d\u3000\u304a\u3068\u3057\u3066\n\u305b\u3093\u3068\u3046\u304c\u3000\u304a\u308f\u308b\u307e\u3067\u3000\u3064\u304b\u3048\u306a\u304f\u3059\u308b\u3002\n\u3082\u306e\u3092\u3082\u3064\u3000\u3042\u3044\u3066\u306b\u306f\u3000\u30c0\u30e1\u30fc\u30b8\u304c\u307e\u3059\u3002", "language": {"name": "ja-Hrkt", "url": "https://pokeapi.co/api/v2/language/1/"}, "version_group": {"name": "sword-shield", "url": "https://pokeapi.co/api/v2/version-group/20/"}}, {"flavor_text": "\uc0c1\ub300\uc758 \uc9c0\ub2cc \ubb3c\uac74\uc744 \ud0c1 \uccd0\uc11c \ub5a8\uc5b4\ub728\ub824\n\ubc30\ud2c0\uc774 \ub05d\ub0a0 \ub54c\uae4c\uc9c0 \uc0ac\uc6a9\ud560 \uc218 \uc5c6\uac8c \ud55c\ub2e4.\n\ubb3c\uac74\uc744 \uac00\uc9c4 \uc0c1\ub300\uc5d0\uac8c\ub294 \ub370\ubbf8\uc9c0\ub97c \ub354 \uc900\ub2e4.", "language": {"name": "ko", "url": "https://pokeapi.co/api/v2/language/3/"}, "version_group": {"name": "sword-shield", "url": "https://pokeapi.co/api/v2/version-group/20/"}}, {"flavor_text": "\u62cd\u843d\u5c0d\u624b\u7684\u6301\u6709\u7269\uff0c\n\u8b93\u5c0d\u624b\u5728\u6230\u9b25\u7d50\u675f\u524d\u90fd\u7121\u6cd5\u4f7f\u7528\u3002\n\u5c0d\u624b\u6709\u651c\u5e36\u7269\u54c1\u6642\uff0c\u50b7\u5bb3\u6703\u589e\u52a0\u3002", "language": {"name": "zh-Hant", "url": "https://pokeapi.co/api/v2/language/4/"}, "version_group": {"name": "sword-shield", "url": "https://pokeapi.co/api/v2/version-group/20/"}}, {"flavor_text": "Fait plus de d\u00e9g\u00e2ts aux cibles qui tiennent un objet.\nDe plus, fait tomber cet objet et emp\u00eache la cible\nde l\u2019utiliser jusqu\u2019\u00e0 la fin du combat.", "language": {"name": "fr", "url": "https://pokeapi.co/api/v2/language/5/"}, "version_group": {"name": "sword-shield", "url": "https://pokeapi.co/api/v2/version-group/20/"}}, {"flavor_text": "Schl\u00e4gt das Item des Zieles weg und vereitelt so dessen\nGebrauch w\u00e4hrend des Kampfes. Mehr Schaden gegen\nZiele, die ein Item bei sich tragen.", "language": {"name": "de", "url": "https://pokeapi.co/api/v2/language/6/"}, "version_group": {"name": "sword-shield", "url": "https://pokeapi.co/api/v2/version-group/20/"}}, {"flavor_text": "Impide al objetivo usar el objeto que lleva durante el\ncombate. La potencia del movimiento se multiplica si\nel objetivo lleva un objeto.", "language": {"name": "es", "url": "https://pokeapi.co/api/v2/language/7/"}, "version_group": {"name": "sword-shield", "url": "https://pokeapi.co/api/v2/version-group/20/"}}, {"flavor_text": "Attacco che fa cadere lo strumento del bersaglio,\nimpedendone l\u2019uso nella lotta. La sua potenza\naumenta se il Pok\u00e9mon colpito ha uno strumento.", "language": {"name": "it", "url": "https://pokeapi.co/api/v2/language/8/"}, "version_group": {"name": "sword-shield", "url": "https://pokeapi.co/api/v2/version-group/20/"}}, {"flavor_text": "The user slaps down the target\u2019s held item, and that\nitem can\u2019t be used in that battle. The move does\nmore damage if the target has a held item.", "language": {"name": "en", "url": "https://pokeapi.co/api/v2/language/9/"}, "version_group": {"name": "sword-shield", "url": "https://pokeapi.co/api/v2/version-group/20/"}}, {"flavor_text": "\u76f8\u624b\u306e\u3000\u6301\u3061\u7269\u3092\u3000\u306f\u305f\u304d\u3000\u843d\u3068\u3057\u3066\n\u6226\u95d8\u304c\u3000\u7d42\u308f\u308b\u307e\u3067\u3000\u4f7f\u3048\u306a\u304f\u3059\u308b\u3002\n\u7269\u3092\u6301\u3064\u3000\u76f8\u624b\u306b\u306f\u3000\u30c0\u30e1\u30fc\u30b8\u304c\u5897\u3059\u3002", "language": {"name": "ja", "url": "https://pokeapi.co/api/v2/language/11/"}, "version_group": {"name": "sword-shield", "url": "https://pokeapi.co/api/v2/version-group/20/"}}, {"flavor_text": "\u62cd\u843d\u5bf9\u624b\u7684\u6301\u6709\u7269\uff0c\n\u76f4\u5230\u6218\u6597\u7ed3\u675f\u90fd\u4e0d\u80fd\u4f7f\u7528\u3002\n\u5bf9\u624b\u643a\u5e26\u9053\u5177\u65f6\u4f1a\u589e\u52a0\u4f24\u5bb3\u3002", "language": {"name": "zh-Hans", "url": "https://pokeapi.co/api/v2/language/12/"}, "version_group": {"name": "sword-shield", "url": "https://pokeapi.co/api/v2/version-group/20/"}}], "generation": {"name": "generation-iii", "url": "https://pokeapi.co/api/v2/generation/3/"}, "id": 282, "learned_by_pokemon": [{"name": "bulbasaur", "url": "https://pokeapi.co/api/v2/pokemon/1/"}, {"name": "ivysaur", "url": "https://pokeapi.co/api/v2/pokemon/2/"}, {"name": "venusaur", "url": "https://pokeapi.co/api/v2/pokemon/3/"}, {"name": "beedrill", "url": "https://pokeapi.co/api/v2/pokemon/15/"}, {"name": "ekans", "url": "https://pokeapi.co/api/v2/pokemon/23/"}, {"name": "arbok", "url": "https://pokeapi.co/api/v2/pokemon/24/"}, {"name": "pikachu", "url": "https://pokeapi.co/api/v2/pokemon/25/"}, {"name": "raichu", "url": "https://pokeapi.co/api/v2/pokemon/26/"}, {"name": "sandshrew", "url": "https://pokeapi.co/api/v2/pokemon/27/"}, {"name": "sandslash", "url": "https://pokeapi.co/api/v2/pokemon/28/"}, {"name": "clefairy", "url": "https://pokeapi.co/api/v2/pokemon/35/"}, {"name": "clefable", "url": "https://pokeapi.co/api/v2/pokemon/36/"}, {"name": "jigglypuff", "url": "https://pokeapi.co/api/v2/pokemon/39/"}, {"name": "wigglytuff", "url": "https://pokeapi.co/api/v2/pokemon/40/"}, {"name": "paras", "url": "https://pokeapi.co/api/v2/pokemon/46/"}, {"name": "parasect", "url": "https://pokeapi.co/api/v2/pokemon/47/"}, {"name": "meowth", "url": "https://pokeapi.co/api/v2/pokemon/52/"}, {"name": "persian", "url": "https://pokeapi.co/api/v2/pokemon/53/"}, {"name": "psyduck", "url": "https://pokeapi.co/api/v2/pokemon/54/"}, {"name": "golduck", "url": "https://pokeapi.co/api/v2/pokemon/55/"}, {"name": "poliwrath", "url": "https://pokeapi.co/api/v2/pokemon/62/"}, {"name": "abra", "url": "https://pokeapi.co/api/v2/pokemon/63/"}, {"name": "kadabra", "url": "https://pokeapi.co/api/v2/pokemon/64/"}, {"name": "alakazam", "url": "https://pokeapi.co/api/v2/pokemon/65/"}, {"name": "machop", "url": "https://pokeapi.co/api/v2/pokemon/66/"}, {"name": "machoke", "url": "https://pokeapi.co/api/v2/pokemon/67/"}, {"name": "machamp", "url": "https://pokeapi.co/api/v2/pokemon/68/"}, {"name": "bellsprout", "url": "https://pokeapi.co/api/v2/pokemon/69/"}, {"name": "weepinbell", "url": "https://pokeapi.co/api/v2/pokemon/70/"}, {"name": "victreebel", "url": "https://pokeapi.co/api/v2/pokemon/71/"}, {"name": "tentacool", "url": "https://pokeapi.co/api/v2/pokemon/72/"}, {"name": "tentacruel", "url": "https://pokeapi.co/api/v2/pokemon/73/"}, {"name": "farfetchd", "url": "https://pokeapi.co/api/v2/pokemon/83/"}, {"name": "doduo", "url": "https://pokeapi.co/api/v2/pokemon/84/"}, {"name": "dodrio", "url": "https://pokeapi.co/api/v2/pokemon/85/"}, {"name": "dewgong", "url": "https://pokeapi.co/api/v2/pokemon/87/"}, {"name": "muk", "url": "https://pokeapi.co/api/v2/pokemon/89/"}, {"name": "gastly", "url": "https://pokeapi.co/api/v2/pokemon/92/"}, {"name": "haunter", "url": "https://pokeapi.co/api/v2/pokemon/93/"}, {"name": "gengar", "url": "https://pokeapi.co/api/v2/pokemon/94/"}, {"name": "drowzee", "url": "https://pokeapi.co/api/v2/pokemon/96/"}, {"name": "hypno", "url": "https://pokeapi.co/api/v2/pokemon/97/"}, {"name": "krabby", "url": "https://pokeapi.co/api/v2/pokemon/98/"}, {"name": "kingler", "url": "https://pokeapi.co/api/v2/pokemon/99/"}, {"name": "cubone", "url": "https://pokeapi.co/api/v2/pokemon/104/"}, {"name": "marowak", "url": "https://pokeapi.co/api/v2/pokemon/105/"}, {"name": "hitmonlee", "url": "https://pokeapi.co/api/v2/pokemon/106/"}, {"name": "hitmonchan", "url": "https://pokeapi.co/api/v2/pokemon/107/"}, {"name": "lickitung", "url": "https://pokeapi.co/api/v2/pokemon/108/"}, {"name": "tangela", "url": "https://pokeapi.co/api/v2/pokemon/114/"}, {"name": "goldeen", "url": "https://pokeapi.co/api/v2/pokemon/118/"}, {"name": "seaking", "url": "https://pokeapi.co/api/v2/pokemon/119/"}, {"name": "scyther", "url": "https://pokeapi.co/api/v2/pokemon/123/"}, {"name": "electabuzz", "url": "https://pokeapi.co/api/v2/pokemon/125/"}, {"name": "magmar", "url": "https://pokeapi.co/api/v2/pokemon/126/"}, {"name": "pinsir", "url": "https://pokeapi.co/api/v2/pokemon/127/"}, {"name": "omanyte", "url": "https://pokeapi.co/api/v2/pokemon/138/"}, {"name": "omastar", "url": "https://pokeapi.co/api/v2/pokemon/139/"}, {"name": "kabuto", "url": "https://pokeapi.co/api/v2/pokemon/140/"}, {"name": "kabutops", "url": "https://pokeapi.co/api/v2/pokemon/141/"}, {"name": "mewtwo", "url": "https://pokeapi.co/api/v2/pokemon/150/"}, {"name": "mew", "url": "https://pokeapi.co/api/v2/pokemon/151/"}, {"name": "bayleef", "url": "https://pokeapi.co/api/v2/pokemon/153/"}, {"name": "meganium", "url": "https://pokeapi.co/api/v2/pokemon/154/"}, {"name": "sentret", "url": "https://pokeapi.co/api/v2/pokemon/161/"}, {"name": "furret", "url": "https://pokeapi.co/api/v2/pokemon/162/"}, {"name": "ledyba", "url": "https://pokeapi.co/api/v2/pokemon/165/"}, {"name": "ledian", "url": "https://pokeapi.co/api/v2/pokemon/166/"}, {"name": "spinarak", "url": "https://pokeapi.co/api/v2/pokemon/167/"}, {"name": "ariados", "url": "https://pokeapi.co/api/v2/pokemon/168/"}, {"name": "marill", "url": "https://pokeapi.co/api/v2/pokemon/183/"}, {"name": "azumarill", "url": "https://pokeapi.co/api/v2/pokemon/184/"}, {"name": "aipom", "url": "https://pokeapi.co/api/v2/pokemon/190/"}, {"name": "gligar", "url": "https://pokeapi.co/api/v2/pokemon/207/"}, {"name": "scizor", "url": "https://pokeapi.co/api/v2/pokemon/212/"}, {"name": "shuckle", "url": "https://pokeapi.co/api/v2/pokemon/213/"}, {"name": "heracross", "url": "https://pokeapi.co/api/v2/pokemon/214/"}, {"name": "sneasel", "url": "https://pokeapi.co/api/v2/pokemon/215/"}, {"name": "phanpy", "url": "https://pokeapi.co/api/v2/pokemon/231/"}, {"name": "donphan", "url": "https://pokeapi.co/api/v2/pokemon/232/"}, {"name": "elekid", "url": "https://pokeapi.co/api/v2/pokemon/239/"}, {"name": "tyranitar", "url": "https://pokeapi.co/api/v2/pokemon/248/"}, {"name": "blaziken", "url": "https://pokeapi.co/api/v2/pokemon/257/"}, {"name": "swampert", "url": "https://pokeapi.co/api/v2/pokemon/260/"}, {"name": "lombre", "url": "https://pokeapi.co/api/v2/pokemon/271/"}, {"name": "ludicolo", "url": "https://pokeapi.co/api/v2/pokemon/272/"}, {"name": "nuzleaf", "url": "https://pokeapi.co/api/v2/pokemon/274/"}, {"name": "shiftry", "url": "https://pokeapi.co/api/v2/pokemon/275/"}, {"name": "wingull", "url": "https://pokeapi.co/api/v2/pokemon/278/"}, {"name": "pelipper", "url": "https://pokeapi.co/api/v2/pokemon/279/"}, {"name": "ralts", "url": "https://pokeapi.co/api/v2/pokemon/280/"}, {"name": "kirlia", "url": "https://pokeapi.co/api/v2/pokemon/281/"}, {"name": "gardevoir", "url": "https://pokeapi.co/api/v2/pokemon/282/"}, {"name": "vigoroth", "url": "https://pokeapi.co/api/v2/pokemon/288/"}, {"name": "slaking", "url": "https://pokeapi.co/api/v2/pokemon/289/"}, {"name": "makuhita", "url": "https://pokeapi.co/api/v2/pokemon/296/"}, {"name": "hariyama", "url": "https://pokeapi.co/api/v2/pokemon/297/"}, {"name": "azurill", "url": "https://pokeapi.co/api/v2/pokemon/298/"}, {"name": "sableye", "url": "https://pokeapi.co/api/v2/pokemon/302/"}, {"name": "mawile", "url": "https://pokeapi.co/api/v2/pokemon/303/"}, {"name": "swalot", "url": "https://pokeapi.co/api/v2/pokemon/317/"}, {"name": "cacturne", "url": "https://pokeapi.co/api/v2/pokemon/332/"}, {"name": "zangoose", "url": "https://pokeapi.co/api/v2/pokemon/335/"}, {"name": "seviper", "url": "https://pokeapi.co/api/v2/pokemon/336/"}, {"name": "corphish", "url": "https://pokeapi.co/api/v2/pokemon/341/"}, {"name": "crawdaunt", "url": "https://pokeapi.co/api/v2/pokemon/342/"}, {"name": "anorith", "url": "https://pokeapi.co/api/v2/pokemon/347/"}, {"name": "armaldo", "url": "https://pokeapi.co/api/v2/pokemon/348/"}, {"name": "kecleon", "url": "https://pokeapi.co/api/v2/pokemon/352/"}, {"name": "shuppet", "url": "https://pokeapi.co/api/v2/pokemon/353/"}, {"name": "banette", "url": "https://pokeapi.co/api/v2/pokemon/354/"}, {"name": "chimecho", "url": "https://pokeapi.co/api/v2/pokemon/358/"}, {"name": "absol", "url": "https://pokeapi.co/api/v2/pokemon/359/"}, {"name": "metagross", "url": "https://pokeapi.co/api/v2/pokemon/376/"}, {"name": "deoxys-normal", "url": "https://pokeapi.co/api/v2/pokemon/386/"}, {"name": "chimchar", "url": "https://pokeapi.co/api/v2/pokemon/390/"}, {"name": "monferno", "url": "https://pokeapi.co/api/v2/pokemon/391/"}, {"name": "infernape", "url": "https://pokeapi.co/api/v2/pokemon/392/"}, {"name": "empoleon", "url": "https://pokeapi.co/api/v2/pokemon/395/"}, {"name": "kricketune", "url": "https://pokeapi.co/api/v2/pokemon/402/"}, {"name": "ambipom", "url": "https://pokeapi.co/api/v2/pokemon/424/"}, {"name": "drifloon", "url": "https://pokeapi.co/api/v2/pokemon/425/"}, {"name": "drifblim", "url": "https://pokeapi.co/api/v2/pokemon/426/"}, {"name": "glameow", "url": "https://pokeapi.co/api/v2/pokemon/431/"}, {"name": "purugly", "url": "https://pokeapi.co/api/v2/pokemon/432/"}, {"name": "chingling", "url": "https://pokeapi.co/api/v2/pokemon/433/"}, {"name": "stunky", "url": "https://pokeapi.co/api/v2/pokemon/434/"}, {"name": "skuntank", "url": "https://pokeapi.co/api/v2/pokemon/435/"}, {"name": "skorupi", "url": "https://pokeapi.co/api/v2/pokemon/451/"}, {"name": "drapion", "url": "https://pokeapi.co/api/v2/pokemon/452/"}, {"name": "croagunk", "url": "https://pokeapi.co/api/v2/pokemon/453/"}, {"name": "toxicroak", "url": "https://pokeapi.co/api/v2/pokemon/454/"}, {"name": "carnivine", "url": "https://pokeapi.co/api/v2/pokemon/455/"}, {"name": "weavile", "url": "https://pokeapi.co/api/v2/pokemon/461/"}, {"name": "lickilicky", "url": "https://pokeapi.co/api/v2/pokemon/463/"}, {"name": "tangrowth", "url": "https://pokeapi.co/api/v2/pokemon/465/"}, {"name": "electivire", "url": "https://pokeapi.co/api/v2/pokemon/466/"}, {"name": "magmortar", "url": "https://pokeapi.co/api/v2/pokemon/467/"}, {"name": "leafeon", "url": "https://pokeapi.co/api/v2/pokemon/470/"}, {"name": "gliscor", "url": "https://pokeapi.co/api/v2/pokemon/472/"}, {"name": "mamoswine", "url": "https://pokeapi.co/api/v2/pokemon/473/"}, {"name": "gallade", "url": "https://pokeapi.co/api/v2/pokemon/475/"}, {"name": "uxie", "url": "https://pokeapi.co/api/v2/pokemon/480/"}, {"name": "mesprit", "url": "https://pokeapi.co/api/v2/pokemon/481/"}, {"name": "azelf", "url": "https://pokeapi.co/api/v2/pokemon/482/"}, {"name": "regigigas", "url": "https://pokeapi.co/api/v2/pokemon/486/"}, {"name": "phione", "url": "https://pokeapi.co/api/v2/pokemon/489/"}, {"name": "manaphy", "url": "https://pokeapi.co/api/v2/pokemon/490/"}, {"name": "darkrai", "url": "https://pokeapi.co/api/v2/pokemon/491/"}, {"name": "snivy", "url": "https://pokeapi.co/api/v2/pokemon/495/"}, {"name": "servine", "url": "https://pokeapi.co/api/v2/pokemon/496/"}, {"name": "serperior", "url": "https://pokeapi.co/api/v2/pokemon/497/"}, {"name": "pignite", "url": "https://pokeapi.co/api/v2/pokemon/499/"}, {"name": "emboar", "url": "https://pokeapi.co/api/v2/pokemon/500/"}, {"name": "oshawott", "url": "https://pokeapi.co/api/v2/pokemon/501/"}, {"name": "dewott", "url": "https://pokeapi.co/api/v2/pokemon/502/"}, {"name": "samurott", "url": "https://pokeapi.co/api/v2/pokemon/503/"}, {"name": "watchog", "url": "https://pokeapi.co/api/v2/pokemon/505/"}, {"name": "purrloin", "url": "https://pokeapi.co/api/v2/pokemon/509/"}, {"name": "liepard", "url": "https://pokeapi.co/api/v2/pokemon/510/"}, {"name": "pansage", "url": "https://pokeapi.co/api/v2/pokemon/511/"}, {"name": "simisage", "url": "https://pokeapi.co/api/v2/pokemon/512/"}, {"name": "pansear", "url": "https://pokeapi.co/api/v2/pokemon/513/"}, {"name": "simisear", "url": "https://pokeapi.co/api/v2/pokemon/514/"}, {"name": "panpour", "url": "https://pokeapi.co/api/v2/pokemon/515/"}, {"name": "simipour", "url": "https://pokeapi.co/api/v2/pokemon/516/"}, {"name": "woobat", "url": "https://pokeapi.co/api/v2/pokemon/527/"}, {"name": "swoobat", "url": "https://pokeapi.co/api/v2/pokemon/528/"}, {"name": "audino", "url": "https://pokeapi.co/api/v2/pokemon/531/"}, {"name": "timburr", "url": "https://pokeapi.co/api/v2/pokemon/532/"}, {"name": "gurdurr", "url": "https://pokeapi.co/api/v2/pokemon/533/"}, {"name": "conkeldurr", "url": "https://pokeapi.co/api/v2/pokemon/534/"}, {"name": "seismitoad", "url": "https://pokeapi.co/api/v2/pokemon/537/"}, {"name": "throh", "url": "https://pokeapi.co/api/v2/pokemon/538/"}, {"name": "sawk", "url": "https://pokeapi.co/api/v2/pokemon/539/"}, {"name": "leavanny", "url": "https://pokeapi.co/api/v2/pokemon/542/"}, {"name": "cottonee", "url": "https://pokeapi.co/api/v2/pokemon/546/"}, {"name": "whimsicott", "url": "https://pokeapi.co/api/v2/pokemon/547/"}, {"name": "krokorok", "url": "https://pokeapi.co/api/v2/pokemon/552/"}, {"name": "krookodile", "url": "https://pokeapi.co/api/v2/pokemon/553/"}, {"name": "maractus", "url": "https://pokeapi.co/api/v2/pokemon/556/"}, {"name": "dwebble", "url": "https://pokeapi.co/api/v2/pokemon/557/"}, {"name": "crustle", "url": "https://pokeapi.co/api/v2/pokemon/558/"}, {"name": "scraggy", "url": "https://pokeapi.co/api/v2/pokemon/559/"}, {"name": "scrafty", "url": "https://pokeapi.co/api/v2/pokemon/560/"}, {"name": "yamask", "url": "https://pokeapi.co/api/v2/pokemon/562/"}, {"name": "cofagrigus", "url": "https://pokeapi.co/api/v2/pokemon/563/"}, {"name": "tirtouga", "url": "https://pokeapi.co/api/v2/pokemon/564/"}, {"name": "carracosta", "url": "https://pokeapi.co/api/v2/pokemon/565/"}, {"name": "archen", "url": "https://pokeapi.co/api/v2/pokemon/566/"}, {"name": "archeops", "url": "https://pokeapi.co/api/v2/pokemon/567/"}, {"name": "zorua", "url": "https://pokeapi.co/api/v2/pokemon/570/"}, {"name": "zoroark", "url": "https://pokeapi.co/api/v2/pokemon/571/"}, {"name": "minccino", "url": "https://pokeapi.co/api/v2/pokemon/572/"}, {"name": "cinccino", "url": "https://pokeapi.co/api/v2/pokemon/573/"}, {"name": "reuniclus", "url": "https://pokeapi.co/api/v2/pokemon/579/"}, {"name": "swanna", "url": "https://pokeapi.co/api/v2/pokemon/581/"}, {"name": "emolga", "url": "https://pokeapi.co/api/v2/pokemon/587/"}, {"name": "karrablast", "url": "https://pokeapi.co/api/v2/pokemon/588/"}, {"name": "escavalier", "url": "https://pokeapi.co/api/v2/pokemon/589/"}, {"name": "alomomola", "url": "https://pokeapi.co/api/v2/pokemon/594/"}, {"name": "ferroseed", "url": "https://pokeapi.co/api/v2/pokemon/597/"}, {"name": "ferrothorn", "url": "https://pokeapi.co/api/v2/pokemon/598/"}, {"name": "tynamo", "url": "https://pokeapi.co/api/v2/pokemon/602/"}, {"name": "eelektrik", "url": "https://pokeapi.co/api/v2/pokemon/603/"}, {"name": "eelektross", "url": "https://pokeapi.co/api/v2/pokemon/604/"}, {"name": "cryogonal", "url": "https://pokeapi.co/api/v2/pokemon/615/"}, {"name": "accelgor", "url": "https://pokeapi.co/api/v2/pokemon/617/"}, {"name": "mienfoo", "url": "https://pokeapi.co/api/v2/pokemon/619/"}, {"name": "mienshao", "url": "https://pokeapi.co/api/v2/pokemon/620/"}, {"name": "golett", "url": "https://pokeapi.co/api/v2/pokemon/622/"}, {"name": "golurk", "url": "https://pokeapi.co/api/v2/pokemon/623/"}, {"name": "pawniard", "url": "https://pokeapi.co/api/v2/pokemon/624/"}, {"name": "bisharp", "url": "https://pokeapi.co/api/v2/pokemon/625/"}, {"name": "vullaby", "url": "https://pokeapi.co/api/v2/pokemon/629/"}, {"name": "mandibuzz", "url": "https://pokeapi.co/api/v2/pokemon/630/"}, {"name": "heatmor", "url": "https://pokeapi.co/api/v2/pokemon/631/"}, {"name": "tornadus-incarnate", "url": "https://pokeapi.co/api/v2/pokemon/641/"}, {"name": "thundurus-incarnate", "url": "https://pokeapi.co/api/v2/pokemon/642/"}, {"name": "landorus-incarnate", "url": "https://pokeapi.co/api/v2/pokemon/645/"}, {"name": "meloetta-aria", "url": "https://pokeapi.co/api/v2/pokemon/648/"}, {"name": "chesnaught", "url": "https://pokeapi.co/api/v2/pokemon/652/"}, {"name": "diggersby", "url": "https://pokeapi.co/api/v2/pokemon/660/"}, {"name": "pancham", "url": "https://pokeapi.co/api/v2/pokemon/674/"}, {"name": "pangoro", "url": "https://pokeapi.co/api/v2/pokemon/675/"}, {"name": "inkay", "url": "https://pokeapi.co/api/v2/pokemon/686/"}, {"name": "malamar", "url": "https://pokeapi.co/api/v2/pokemon/687/"}, {"name": "goodra", "url": "https://pokeapi.co/api/v2/pokemon/706/"}, {"name": "trevenant", "url": "https://pokeapi.co/api/v2/pokemon/709/"}, {"name": "yveltal", "url": "https://pokeapi.co/api/v2/pokemon/717/"}, {"name": "hoopa", "url": "https://pokeapi.co/api/v2/pokemon/720/"}, {"name": "rowlet", "url": "https://pokeapi.co/api/v2/pokemon/722/"}, {"name": "dartrix", "url": "https://pokeapi.co/api/v2/pokemon/723/"}, {"name": "decidueye", "url": "https://pokeapi.co/api/v2/pokemon/724/"}, {"name": "incineroar", "url": "https://pokeapi.co/api/v2/pokemon/727/"}, {"name": "pikipek", "url": "https://pokeapi.co/api/v2/pokemon/731/"}, {"name": "trumbeak", "url": "https://pokeapi.co/api/v2/pokemon/732/"}, {"name": "toucannon", "url": "https://pokeapi.co/api/v2/pokemon/733/"}, {"name": "gumshoos", "url": "https://pokeapi.co/api/v2/pokemon/735/"}, {"name": "crabrawler", "url": "https://pokeapi.co/api/v2/pokemon/739/"}, {"name": "crabominable", "url": "https://pokeapi.co/api/v2/pokemon/740/"}, {"name": "mareanie", "url": "https://pokeapi.co/api/v2/pokemon/747/"}, {"name": "toxapex", "url": "https://pokeapi.co/api/v2/pokemon/748/"}, {"name": "lurantis", "url": "https://pokeapi.co/api/v2/pokemon/754/"}, {"name": "salandit", "url": "https://pokeapi.co/api/v2/pokemon/757/"}, {"name": "salazzle", "url": "https://pokeapi.co/api/v2/pokemon/758/"}, {"name": "steenee", "url": "https://pokeapi.co/api/v2/pokemon/762/"}, {"name": "tsareena", "url": "https://pokeapi.co/api/v2/pokemon/763/"}, {"name": "comfey", "url": "https://pokeapi.co/api/v2/pokemon/764/"}, {"name": "oranguru", "url": "https://pokeapi.co/api/v2/pokemon/765/"}, {"name": "passimian", "url": "https://pokeapi.co/api/v2/pokemon/766/"}, {"name": "golisopod", "url": "https://pokeapi.co/api/v2/pokemon/768/"}, {"name": "komala", "url": "https://pokeapi.co/api/v2/pokemon/775/"}, {"name": "dhelmise", "url": "https://pokeapi.co/api/v2/pokemon/781/"}, {"name": "tapu-fini", "url": "https://pokeapi.co/api/v2/pokemon/788/"}, {"name": "solgaleo", "url": "https://pokeapi.co/api/v2/pokemon/791/"}, {"name": "nihilego", "url": "https://pokeapi.co/api/v2/pokemon/793/"}, {"name": "kartana", "url": "https://pokeapi.co/api/v2/pokemon/798/"}, {"name": "guzzlord", "url": "https://pokeapi.co/api/v2/pokemon/799/"}, {"name": "necrozma", "url": "https://pokeapi.co/api/v2/pokemon/800/"}, {"name": "marshadow", "url": "https://pokeapi.co/api/v2/pokemon/802/"}, {"name": "blacephalon", "url": "https://pokeapi.co/api/v2/pokemon/806/"}, {"name": "zeraora", "url": "https://pokeapi.co/api/v2/pokemon/807/"}, {"name": "grookey", "url": "https://pokeapi.co/api/v2/pokemon/810/"}, {"name": "thwackey", "url": "https://pokeapi.co/api/v2/pokemon/811/"}, {"name": "rillaboom", "url": "https://pokeapi.co/api/v2/pokemon/812/"}, {"name": "greedent", "url": "https://pokeapi.co/api/v2/pokemon/820/"}, {"name": "nickit", "url": "https://pokeapi.co/api/v2/pokemon/827/"}, {"name": "sizzlipede", "url": "https://pokeapi.co/api/v2/pokemon/850/"}, {"name": "perrserker", "url": "https://pokeapi.co/api/v2/pokemon/863/"}, {"name": "sirfetchd", "url": "https://pokeapi.co/api/v2/pokemon/865/"}, {"name": "falinks", "url": "https://pokeapi.co/api/v2/pokemon/870/"}, {"name": "morpeko-full-belly", "url": "https://pokeapi.co/api/v2/pokemon/877/"}, {"name": "copperajah", "url": "https://pokeapi.co/api/v2/pokemon/879/"}, {"name": "zarude", "url": "https://pokeapi.co/api/v2/pokemon/893/"}, {"name": "meowscarada", "url": "https://pokeapi.co/api/v2/pokemon/908/"}, {"name": "quaquaval", "url": "https://pokeapi.co/api/v2/pokemon/914/"}, {"name": "tarountula", "url": "https://pokeapi.co/api/v2/pokemon/917/"}, {"name": "spidops", "url": "https://pokeapi.co/api/v2/pokemon/918/"}, {"name": "lokix", "url": "https://pokeapi.co/api/v2/pokemon/920/"}, {"name": "pawmo", "url": "https://pokeapi.co/api/v2/pokemon/922/"}, {"name": "pawmot", "url": "https://pokeapi.co/api/v2/pokemon/923/"}, {"name": "shroodle", "url": "https://pokeapi.co/api/v2/pokemon/944/"}, {"name": "grafaiai", "url": "https://pokeapi.co/api/v2/pokemon/945/"}, {"name": "toedscool", "url": "https://pokeapi.co/api/v2/pokemon/948/"}, {"name": "toedscruel", "url": "https://pokeapi.co/api/v2/pokemon/949/"}, {"name": "klawf", "url": "https://pokeapi.co/api/v2/pokemon/950/"}, {"name": "tinkatink", "url": "https://pokeapi.co/api/v2/pokemon/957/"}, {"name": "tinkatuff", "url": "https://pokeapi.co/api/v2/pokemon/958/"}, {"name": "tinkaton", "url": "https://pokeapi.co/api/v2/pokemon/959/"}, {"name": "bombirdier", "url": "https://pokeapi.co/api/v2/pokemon/962/"}, {"name": "cyclizar", "url": "https://pokeapi.co/api/v2/pokemon/967/"}, {"name": "cetoddle", "url": "https://pokeapi.co/api/v2/pokemon/974/"}, {"name": "cetitan", "url": "https://pokeapi.co/api/v2/pokemon/975/"}, {"name": "great-tusk", "url": "https://pokeapi.co/api/v2/pokemon/984/"}, {"name": "iron-treads", "url": "https://pokeapi.co/api/v2/pokemon/990/"}, {"name": "iron-jugulis", "url": "https://pokeapi.co/api/v2/pokemon/993/"}, {"name": "wo-chien", "url": "https://pokeapi.co/api/v2/pokemon/1001/"}, {"name": "roaring-moon", "url": "https://pokeapi.co/api/v2/pokemon/1005/"}, {"name": "iron-valiant", "url": "https://pokeapi.co/api/v2/pokemon/1006/"}, {"name": "walking-wake", "url": "https://pokeapi.co/api/v2/pokemon/1009/"}, {"name": "okidogi", "url": "https://pokeapi.co/api/v2/pokemon/1014/"}, {"name": "ogerpon", "url": "https://pokeapi.co/api/v2/pokemon/1017/"}, {"name": "deoxys-attack", "url": "https://pokeapi.co/api/v2/pokemon/10001/"}, {"name": "deoxys-defense", "url": "https://pokeapi.co/api/v2/pokemon/10002/"}, {"name": "deoxys-speed", "url": "https://pokeapi.co/api/v2/pokemon/10003/"}, {"name": "meloetta-pirouette", "url": "https://pokeapi.co/api/v2/pokemon/10018/"}, {"name": "tornadus-therian", "url": "https://pokeapi.co/api/v2/pokemon/10019/"}, {"name": "thundurus-therian", "url": "https://pokeapi.co/api/v2/pokemon/10020/"}, {"name": "landorus-therian", "url": "https://pokeapi.co/api/v2/pokemon/10021/"}, {"name": "venusaur-mega", "url": "https://pokeapi.co/api/v2/pokemon/10033/"}, {"name": "alakazam-mega", "url": "https://pokeapi.co/api/v2/pokemon/10037/"}, {"name": "gengar-mega", "url": "https://pokeapi.co/api/v2/pokemon/10038/"}, {"name": "pinsir-mega", "url": "https://pokeapi.co/api/v2/pokemon/10040/"}, {"name": "scizor-mega", "url": "https://pokeapi.co/api/v2/pokemon/10046/"}, {"name": "heracross-mega", "url": "https://pokeapi.co/api/v2/pokemon/10047/"}, {"name": "blaziken-mega", "url": "https://pokeapi.co/api/v2/pokemon/10050/"}, {"name": "mawile-mega", "url": "https://pokeapi.co/api/v2/pokemon/10052/"}, {"name": "banette-mega", "url": "https://pokeapi.co/api/v2/pokemon/10056/"}, {"name": "absol-mega", "url": "https://pokeapi.co/api/v2/pokemon/10057/"}, {"name": "sableye-mega", "url": "https://pokeapi.co/api/v2/pokemon/10066/"}, {"name": "gallade-mega", "url": "https://pokeapi.co/api/v2/pokemon/10068/"}, {"name": "audino-mega", "url": "https://pokeapi.co/api/v2/pokemon/10069/"}, {"name": "pikachu-rock-star", "url": "https://pokeapi.co/api/v2/pokemon/10080/"}, {"name": "pikachu-belle", "url": "https://pokeapi.co/api/v2/pokemon/10081/"}, {"name": "pikachu-pop-star", "url": "https://pokeapi.co/api/v2/pokemon/10082/"}, {"name": "pikachu-phd", "url": "https://pokeapi.co/api/v2/pokemon/10083/"}, {"name": "pikachu-libre", "url": "https://pokeapi.co/api/v2/pokemon/10084/"}, {"name": "pikachu-cosplay", "url": "https://pokeapi.co/api/v2/pokemon/10085/"}, {"name": "hoopa-unbound", "url": "https://pokeapi.co/api/v2/pokemon/10086/"}, {"name": "beedrill-mega", "url": "https://pokeapi.co/api/v2/pokemon/10090/"}, {"name": "raticate-alola", "url": "https://pokeapi.co/api/v2/pokemon/10092/"}, {"name": "raticate-totem-alola", "url": "https://pokeapi.co/api/v2/pokemon/10093/"}, {"name": "pikachu-original-cap", "url": "https://pokeapi.co/api/v2/pokemon/10094/"}, {"name": "pikachu-hoenn-cap", "url": "https://pokeapi.co/api/v2/pokemon/10095/"}, {"name": "pikachu-sinnoh-cap", "url": "https://pokeapi.co/api/v2/pokemon/10096/"}, {"name": "pikachu-unova-cap", "url": "https://pokeapi.co/api/v2/pokemon/10097/"}, {"name": "pikachu-kalos-cap", "url": "https://pokeapi.co/api/v2/pokemon/10098/"}, {"name": "pikachu-alola-cap", "url": "https://pokeapi.co/api/v2/pokemon/10099/"}, {"name": "raichu-alola", "url": "https://pokeapi.co/api/v2/pokemon/10100/"}, {"name": "sandshrew-alola", "url": "https://pokeapi.co/api/v2/pokemon/10101/"}, {"name": "sandslash-alola", "url": "https://pokeapi.co/api/v2/pokemon/10102/"}, {"name": "meowth-alola", "url": "https://pokeapi.co/api/v2/pokemon/10107/"}, {"name": "persian-alola", "url": "https://pokeapi.co/api/v2/pokemon/10108/"}, {"name": "grimer-alola", "url": "https://pokeapi.co/api/v2/pokemon/10112/"}, {"name": "muk-alola", "url": "https://pokeapi.co/api/v2/pokemon/10113/"}, {"name": "exeggutor-alola", "url": "https://pokeapi.co/api/v2/pokemon/10114/"}, {"name": "marowak-alola", "url": "https://pokeapi.co/api/v2/pokemon/10115/"}, {"name": "lycanroc-midnight", "url": "https://pokeapi.co/api/v2/pokemon/10126/"}, {"name": "lurantis-totem", "url": "https://pokeapi.co/api/v2/pokemon/10128/"}, {"name": "salazzle-totem", "url": "https://pokeapi.co/api/v2/pokemon/10129/"}, {"name": "pikachu-partner-cap", "url": "https://pokeapi.co/api/v2/pokemon/10148/"}, {"name": "marowak-totem", "url": "https://pokeapi.co/api/v2/pokemon/10149/"}, {"name": "necrozma-dusk", "url": "https://pokeapi.co/api/v2/pokemon/10155/"}, {"name": "necrozma-dawn", "url": "https://pokeapi.co/api/v2/pokemon/10156/"}, {"name": "necrozma-ultra", "url": "https://pokeapi.co/api/v2/pokemon/10157/"}, {"name": "meowth-galar", "url": "https://pokeapi.co/api/v2/pokemon/10161/"}, {"name": "farfetchd-galar", "url": "https://pokeapi.co/api/v2/pokemon/10166/"}, {"name": "zapdos-galar", "url": "https://pokeapi.co/api/v2/pokemon/10170/"}, {"name": "zigzagoon-galar", "url": "https://pokeapi.co/api/v2/pokemon/10174/"}, {"name": "morpeko-hangry", "url": "https://pokeapi.co/api/v2/pokemon/10187/"}, {"name": "zarude-dada", "url": "https://pokeapi.co/api/v2/pokemon/10192/"}, {"name": "samurott-hisui", "url": "https://pokeapi.co/api/v2/pokemon/10236/"}, {"name": "zorua-hisui", "url": "https://pokeapi.co/api/v2/pokemon/10238/"}, {"name": "zoroark-hisui", "url": "https://pokeapi.co/api/v2/pokemon/10239/"}, {"name": "goodra-hisui", "url": "https://pokeapi.co/api/v2/pokemon/10242/"}, {"name": "decidueye-hisui", "url": "https://pokeapi.co/api/v2/pokemon/10244/"}, {"name": "ogerpon-wellspring-mask", "url": "https://pokeapi.co/api/v2/pokemon/10273/"}, {"name": "ogerpon-hearthflame-mask", "url": "https://pokeapi.co/api/v2/pokemon/10274/"}, {"name": "ogerpon-cornerstone-mask", "url": "https://pokeapi.co/api/v2/pokemon/10275/"}], "machines": [{"machine": {"url": "https://pokeapi.co/api/v2/machine/1886/"}, "version_group": {"name": "scarlet-violet", "url": "https://pokeapi.co/api/v2/version-group/25/"}}, {"machine": {"url": "https://pokeapi.co/api/v2/machine/1949/"}, "version_group": {"name": "the-teal-mask", "url": "https://pokeapi.co/api/v2/version-group/26/"}}, {"machine": {"url": "https://pokeapi.co/api/v2/machine/2063/"}, "version_group": {"name": "the-indigo-disk", "url": "https://pokeapi.co/api/v2/version-group/27/"}}], "meta": {"ailment": {"name": "none", "url": "https://pokeapi.co/api/v2/move-ailment/0/"}, "ailment_chance": 0, "category": {"name": "damage", "url": "https://pokeapi.co/api/v2/move-category/0/"}, "crit_rate": 0, "drain": 0, "flinch_chance": 0, "healing": 0, "max_hits": null, "max_turns": null, "min_hits": null, "min_turns": null, "stat_chance": 0}, "name": "knock-off", "names": [{"language": {"name": "ja-Hrkt", "url": "https://pokeapi.co/api/v2/language/1/"}, "name": "\u306f\u305f\u304d\u304a\u3068\u3059"}, {"language": {"name": "ko", "url": "https://pokeapi.co/api/v2/language/3/"}, "name": "\ud0c1\uccd0\uc11c\ub5a8\uad6c\uae30"}, {"language": {"name": "zh-Hant", "url": "https://pokeapi.co/api/v2/language/4/"}, "name": "\u62cd\u843d"}, {"language": {"name": "fr", "url": "https://pokeapi.co/api/v2/language/5/"}, "name": "Sabotage"}, {"language": {"name": "de", "url": "https://pokeapi.co/api/v2/language/6/"}, "name": "Abschlag"}, {"language": {"name": "es", "url": "https://pokeapi.co/api/v2/language/7/"}, "name": "Desarme"}, {"language": {"name": "it", "url": "https://pokeapi.co/api/v2/language/8/"}, "name": "Privazione"}, {"language": {"name": "en", "url": "https://pokeapi.co/api/v2/language/9/"}, "name": "Knock Off"}, {"language": {"name": "ja", "url": "https://pokeapi.co/api/v2/language/11/"}, "name": "\u306f\u305f\u304d\u304a\u3068\u3059"}, {"language": {"name": "zh-Hans", "url": "https://pokeapi.co/api/v2/language/12/"}, "name": "\u62cd\u843d"}], "past_values": [{"accuracy": null, "effect_chance": null, "effect_entries": [], "power": 20, "pp": null, "type": null, "version_group": {"name": "x-y", "url": "https://pokeapi.co/api/v2/version-group/15/"}}], "power": 65, "pp": 20, "priority": 0, "stat_changes": [], "super_contest_effect": {"url": "https://pokeapi.co/api/v2/super-contest-effect/5/"}, "target": {"name": "selected-pokemon", "url": "https://pokeapi.co/api/v2/move-target/10/"}, "type": {"name": "dark", "url": "https://pokeapi.co/api/v2/type/17/"}}