{"accuracy": null, "contest_combos": null, "contest_effect": null, "contest_type": null, "damage_class": {"name": "status", "url": "https://pokeapi.co/api/v2/move-damage-class/1/"}, "effect_chance": null, "effect_changes": [], "effect_entries": [], "flavor_text_entries": [], "generation": {"name": "generation-viii", "url": "https://pokeapi.co/api/v2/generation/8/"}, "id": 849, "learned_by_pokemon": [{"name": "cresselia", "url": "https://pokeapi.co/api/v2/pokemon/488/"}], "machines": [], "meta": null, "name": "lunar-blessing", "names": [{"language": {"name": "ja-Hrkt", "url": "https://pokeapi.co/api/v2/language/1/"}, "name": "\u307f\u304b\u3065\u304d\u306e\u3044\u306e\u308a"}, {"language": {"name": "zh-Hant", "url": "https://pokeapi.co/api/v2/language/4/"}, "name": "\u65b0\u6708\u7948\u7977"}, {"language": {"name": "it", "url": "https://pokeapi.co/api/v2/language/8/"}, "name": "Invocaluna"}, {"language": {"name": "en", "url": "https://pokeapi.co/api/v2/language/9/"}, "name": "Lunar Blessing"}, {"language": {"name": "ja", "url": "https://pokeapi.co/api/v2/language/11/"}, "name": "\u307f\u304b\u3065\u304d\u306e\u3044\u306e\u308a"}], "past_values": [], "power": 0, "pp": 5, "priority": 0, "stat_changes": [], "super_contest_effect": null, "target": {"name": "all-allies", "url": "https://pokeapi.co/api/v2/move-target/15/"}, "type": {"name": "psychic", "url": "https://pokeapi.co/api/v2/type/14/"}}