{"accuracy": null, "contest_combos": null, "contest_effect": null, "contest_type": null, "damage_class": {"name": "status", "url": "https://pokeapi.co/api/v2/move-damage-class/1/"}, "effect_chance": null, "effect_changes": [], "effect_entries": [{"effect": "Raises the Defense and Special Defense of all friendly Pok\u00e9mon with plus or minus by one stage.", "language": {"name": "en", "url": "https://pokeapi.co/api/v2/language/9/"}, "short_effect": "Raises the Defense and Special Defense of all friendly Pok\u00e9mon with plus or minus by one stage."}], "flavor_text_entries": [{"flavor_text": "\u78c1\u5834\u3092\u3000\u64cd\u4f5c\u3000\u3059\u308b\u3053\u3068\u306b\u3088\u3063\u3066\n\u7279\u6027\u3000\u30d7\u30e9\u30b9\u3068\u3000\u30de\u30a4\u30ca\u30b9\u306e\n\u9632\u5fa1\u3000\u7279\u9632\u304c\u3000\u3042\u304c\u308b\u3002", "language": {"name": "ja", "url": "https://pokeapi.co/api/v2/language/11/"}, "version_group": {"name": "omega-ruby-alpha-sapphire", "url": "https://pokeapi.co/api/v2/version-group/16/"}}, {"flavor_text": "\u3058\u3070\u3092\u3000\u305d\u3046\u3055\u3000\u3059\u308b\u3053\u3068\u306b\u3088\u3063\u3066\n\u3068\u304f\u305b\u3044\u3000\u30d7\u30e9\u30b9\u3068\u3000\u30de\u30a4\u30ca\u30b9\u306e\n\u307c\u3046\u304e\u3087\u3000\u3068\u304f\u307c\u3046\u304c\u3000\u3042\u304c\u308b\u3002", "language": {"name": "ja-Hrkt", "url": "https://pokeapi.co/api/v2/language/1/"}, "version_group": {"name": "x-y", "url": "https://pokeapi.co/api/v2/version-group/15/"}}, {"flavor_text": "\uc790\uae30\uc7a5 \uc870\uc791\uc73c\ub85c \uc778\ud574\n\ud2b9\uc131 \ud50c\ub7ec\uc2a4\uc640 \ub9c8\uc774\ub108\uc2a4\uc758\n\ubc29\uc5b4, \ud2b9\uc218\ubc29\uc5b4\uac00 \uc624\ub978\ub2e4.", "language": {"name": "ko", "url": "https://pokeapi.co/api/v2/language/3/"}, "version_group": {"name": "x-y", "url": "https://pokeapi.co/api/v2/version-group/15/"}}, {"flavor_text": "Manipule les champs magn\u00e9tiques pour augmenter\nla D\u00e9fense et la D\u00e9fense Sp\u00e9ciale des Pok\u00e9mon\nalli\u00e9s dot\u00e9s du talent Plus ou du talent Minus.", "language": {"name": "fr", "url": "https://pokeapi.co/api/v2/language/5/"}, "version_group": {"name": "x-y", "url": "https://pokeapi.co/api/v2/version-group/15/"}}, {"flavor_text": "Das Magnetfeld wird so manipuliert, dass Spezial-\nVerteidigung und Verteidigung von Team-Pok\u00e9mon\nmit der F\u00e4higkeit Plus oder Minus steigen.", "language": {"name": "de", "url": "https://pokeapi.co/api/v2/language/6/"}, "version_group": {"name": "x-y", "url": "https://pokeapi.co/api/v2/version-group/15/"}}, {"flavor_text": "Manipula el campo magn\u00e9tico y logra aumentar la\nDefensa y la Def. Esp. de los Pok\u00e9mon aliados\nque cuenten con las habilidades M\u00e1s y Menos.", "language": {"name": "es", "url": "https://pokeapi.co/api/v2/language/7/"}, "version_group": {"name": "x-y", "url": "https://pokeapi.co/api/v2/version-group/15/"}}, {"flavor_text": "Tramite il controllo dei campi magnetici, aumenta\nla Difesa e la Difesa Speciale dei Pok\u00e9mon alleati\ndotati dell\u2019abilit\u00e0 Pi\u00f9 o Meno.", "language": {"name": "it", "url": "https://pokeapi.co/api/v2/language/8/"}, "version_group": {"name": "x-y", "url": "https://pokeapi.co/api/v2/version-group/15/"}}, {"flavor_text": "The user manipulates magnetic fields,\nwhich raises the Defense and Sp. Def stats\nof ally Pok\u00e9mon with the Plus or Minus Ability.", "language": {"name": "en", "url": "https://pokeapi.co/api/v2/language/9/"}, "version_group": {"name": "x-y", "url": "https://pokeapi.co/api/v2/version-group/15/"}}, {"flavor_text": "\u78c1\u5834\u3092\u3000\u64cd\u4f5c\u3000\u3059\u308b\u3053\u3068\u306b\u3088\u3063\u3066\n\u7279\u6027\u3000\u30d7\u30e9\u30b9\u3068\u3000\u30de\u30a4\u30ca\u30b9\u306e\n\u9632\u5fa1\u3000\u7279\u9632\u304c\u3000\u3042\u304c\u308b\u3002", "language": {"name": "ja", "url": "https://pokeapi.co/api/v2/language/11/"}, "version_group": {"name": "x-y", "url": "https://pokeapi.co/api/v2/version-group/15/"}}, {"flavor_text": "\u3058\u3070\u3092\u3000\u305d\u3046\u3055\u3000\u3059\u308b\u3053\u3068\u306b\u3088\u3063\u3066\n\u3068\u304f\u305b\u3044\u3000\u30d7\u30e9\u30b9\u3068\u3000\u30de\u30a4\u30ca\u30b9\u306e\n\u307c\u3046\u304e\u3087\u3000\u3068\u304f\u307c\u3046\u304c\u3000\u3042\u304c\u308b\u3002", "language": {"name": "ja-Hrkt", "url": "https://pokeapi.co/api/v2/language/1/"}, "version_group": {"name": "omega-ruby-alpha-sapphire", "url": "https://pokeapi.co/api/v2/version-group/16/"}}, {"flavor_text": "\uc790\uae30\uc7a5 \uc870\uc791\uc73c\ub85c \uc778\ud574\n\ud2b9\uc131 \ud50c\ub7ec\uc2a4\uc640 \ub9c8\uc774\ub108\uc2a4\uc758\n\ubc29\uc5b4, \ud2b9\uc218\ubc29\uc5b4\uac00 \uc624\ub978\ub2e4.", "language": {"name": "ko", "url": "https://pokeapi.co/api/v2/language/3/"}, "version_group": {"name": "omega-ruby-alpha-sapphire", "url": "https://pokeapi.co/api/v2/version-group/16/"}}, {"flavor_text": "Manipule les champs magn\u00e9tiques pour augmenter\nla D\u00e9fense et la D\u00e9fense Sp\u00e9ciale des Pok\u00e9mon\nalli\u00e9s dot\u00e9s du talent Plus ou du talent Minus.", "language": {"name": "fr", "url": "https://pokeapi.co/api/v2/language/5/"}, "version_group": {"name": "omega-ruby-alpha-sapphire", "url": "https://pokeapi.co/api/v2/version-group/16/"}}, {"flavor_text": "Das Magnetfeld wird so manipuliert, dass Spezial-\nVerteidigung und Verteidigung von Team-Pok\u00e9mon\nmit der F\u00e4higkeit Plus oder Minus steigen.", "language": {"name": "de", "url": "https://pokeapi.co/api/v2/language/6/"}, "version_group": {"name": "omega-ruby-alpha-sapphire", "url": "https://pokeapi.co/api/v2/version-group/16/"}}, {"flavor_text": "Manipula el campo magn\u00e9tico y logra aumentar la \nDefensa y la Def. Esp. de los Pok\u00e9mon aliados\nque cuenten con las habilidades M\u00e1s y Menos.", "language": {"name": "es", "url": "https://pokeapi.co/api/v2/language/7/"}, "version_group": {"name": "omega-ruby-alpha-sapphire", "url": "https://pokeapi.co/api/v2/version-group/16/"}}, {"flavor_text": "Tramite il controllo dei campi magnetici, aumenta\nla Difesa e la Difesa Speciale dei Pok\u00e9mon alleati\ndotati dell\u2019abilit\u00e0 Pi\u00f9 o Meno.", "language": {"name": "it", "url": "https://pokeapi.co/api/v2/language/8/"}, "version_group": {"name": "omega-ruby-alpha-sapphire", "url": "https://pokeapi.co/api/v2/version-group/16/"}}, {"flavor_text": "The user manipulates magnetic fields,\nwhich raises the Defense and Sp. Def stats\nof ally Pok\u00e9mon with the Plus or Minus Ability.", "language": {"name": "en", "url": "https://pokeapi.co/api/v2/language/9/"}, "version_group": {"name": "omega-ruby-alpha-sapphire", "url": "https://pokeapi.co/api/v2/version-group/16/"}}, {"flavor_text": "\u3058\u3070\u3092\u3000\u305d\u3046\u3055\u3000\u3059\u308b\u3053\u3068\u306b\u3088\u3063\u3066\n\u3068\u304f\u305b\u3044\u3000\u30d7\u30e9\u30b9\u3068\u3000\u30de\u30a4\u30ca\u30b9\u306e\n\u307c\u3046\u304e\u3087\u3000\u3068\u304f\u307c\u3046\u304c\u3000\u3042\u304c\u308b\u3002", "language": {"name": "ja-Hrkt", "url": "https://pokeapi.co/api/v2/language/1/"}, "version_group": {"name": "sun-moon", "url": "https://pokeapi.co/api/v2/version-group/17/"}}, {"flavor_text": "\uc790\uae30\uc7a5 \uc870\uc791\uc73c\ub85c \uc778\ud574\n\ud2b9\uc131 \ud50c\ub7ec\uc2a4\uc640 \ub9c8\uc774\ub108\uc2a4\uc758\n\ubc29\uc5b4, \ud2b9\uc218\ubc29\uc5b4\uac00 \uc624\ub978\ub2e4.", "language": {"name": "ko", "url": "https://pokeapi.co/api/v2/language/3/"}, "version_group": {"name": "sun-moon", "url": "https://pokeapi.co/api/v2/version-group/17/"}}, {"flavor_text": "\u64cd\u63a7\u78c1\u5834\uff0c\n\u63d0\u9ad8\u7279\u6027\u662f\u6b63\u96fb\u548c\u8ca0\u96fb\u7684\n\u5bf6\u53ef\u5922\u7684\u9632\u79a6\u548c\u7279\u9632\u3002", "language": {"name": "zh-Hant", "url": "https://pokeapi.co/api/v2/language/4/"}, "version_group": {"name": "sun-moon", "url": "https://pokeapi.co/api/v2/version-group/17/"}}, {"flavor_text": "Manipule les champs magn\u00e9tiques pour augmenter\nla D\u00e9fense et la D\u00e9fense Sp\u00e9ciale des Pok\u00e9mon\nalli\u00e9s dot\u00e9s du talent Plus ou du talent Minus.", "language": {"name": "fr", "url": "https://pokeapi.co/api/v2/language/5/"}, "version_group": {"name": "sun-moon", "url": "https://pokeapi.co/api/v2/version-group/17/"}}, {"flavor_text": "Das Magnetfeld wird so manipuliert, dass Spezial-\nVerteidigung und Verteidigung von Team-Pok\u00e9mon\nmit der F\u00e4higkeit Plus oder Minus steigen.", "language": {"name": "de", "url": "https://pokeapi.co/api/v2/language/6/"}, "version_group": {"name": "sun-moon", "url": "https://pokeapi.co/api/v2/version-group/17/"}}, {"flavor_text": "Manipula el campo magn\u00e9tico y logra aumentar la \nDefensa y la Def. Esp. de los Pok\u00e9mon aliados\nque cuenten con las habilidades M\u00e1s y Menos.", "language": {"name": "es", "url": "https://pokeapi.co/api/v2/language/7/"}, "version_group": {"name": "sun-moon", "url": "https://pokeapi.co/api/v2/version-group/17/"}}, {"flavor_text": "Tramite il controllo dei campi magnetici, aumenta\nla Difesa e la Difesa Speciale dei Pok\u00e9mon alleati\ndotati delle abilit\u00e0 Pi\u00f9 o Meno.", "language": {"name": "it", "url": "https://pokeapi.co/api/v2/language/8/"}, "version_group": {"name": "sun-moon", "url": "https://pokeapi.co/api/v2/version-group/17/"}}, {"flavor_text": "The user manipulates magnetic fields, which raises\nthe Defense and Sp. Def stats of ally Pok\u00e9mon with\nthe Plus or Minus Ability.", "language": {"name": "en", "url": "https://pokeapi.co/api/v2/language/9/"}, "version_group": {"name": "sun-moon", "url": "https://pokeapi.co/api/v2/version-group/17/"}}, {"flavor_text": "\u78c1\u5834\u3092\u3000\u64cd\u4f5c\u3000\u3059\u308b\u3053\u3068\u306b\u3088\u3063\u3066\n\u7279\u6027\u3000\u30d7\u30e9\u30b9\u3068\u3000\u30de\u30a4\u30ca\u30b9\u306e\n\u9632\u5fa1\u3000\u7279\u9632\u304c\u3000\u3042\u304c\u308b\u3002", "language": {"name": "ja", "url": "https://pokeapi.co/api/v2/language/11/"}, "version_group": {"name": "sun-moon", "url": "https://pokeapi.co/api/v2/version-group/17/"}}, {"flavor_text": "\u901a\u8fc7\u64cd\u63a7\u78c1\u573a\uff0c\n\u4f1a\u63d0\u9ad8\u7279\u6027\u4e3a\u6b63\u7535\u548c\u8d1f\u7535\u7684\n\u5b9d\u53ef\u68a6\u7684\u9632\u5fa1\u548c\u7279\u9632\u3002", "language": {"name": "zh-Hans", "url": "https://pokeapi.co/api/v2/language/12/"}, "version_group": {"name": "sun-moon", "url": "https://pokeapi.co/api/v2/version-group/17/"}}, {"flavor_text": "\u3058\u3070\u3092\u3000\u305d\u3046\u3055\u3000\u3059\u308b\u3053\u3068\u306b\u3088\u3063\u3066\n\u3068\u304f\u305b\u3044\u3000\u30d7\u30e9\u30b9\u3068\u3000\u30de\u30a4\u30ca\u30b9\u306e\n\u307c\u3046\u304e\u3087\u3000\u3068\u304f\u307c\u3046\u304c\u3000\u3042\u304c\u308b\u3002", "language": {"name": "ja-Hrkt", "url": "https://pokeapi.co/api/v2/language/1/"}, "version_group": {"name": "ultra-sun-ultra-moon", "url": "https://pokeapi.co/api/v2/version-group/18/"}}, {"flavor_text": "\uc790\uae30\uc7a5 \uc870\uc791\uc73c\ub85c \uc778\ud574\n\ud2b9\uc131 \ud50c\ub7ec\uc2a4\uc640 \ub9c8\uc774\ub108\uc2a4\uc758\n\ubc29\uc5b4, \ud2b9\uc218\ubc29\uc5b4\uac00 \uc624\ub978\ub2e4.", "language": {"name": "ko", "url": "https://pokeapi.co/api/v2/language/3/"}, "version_group": {"name": "ultra-sun-ultra-moon", "url": "https://pokeapi.co/api/v2/version-group/18/"}}, {"flavor_text": "\u64cd\u63a7\u78c1\u5834\uff0c\n\u63d0\u9ad8\u7279\u6027\u662f\u6b63\u96fb\u548c\u8ca0\u96fb\u7684\n\u5bf6\u53ef\u5922\u7684\u9632\u79a6\u548c\u7279\u9632\u3002", "language": {"name": "zh-Hant", "url": "https://pokeapi.co/api/v2/language/4/"}, "version_group": {"name": "ultra-sun-ultra-moon", "url": "https://pokeapi.co/api/v2/version-group/18/"}}, {"flavor_text": "Manipule les champs magn\u00e9tiques pour augmenter\nla D\u00e9fense et la D\u00e9fense Sp\u00e9ciale des Pok\u00e9mon\nalli\u00e9s dot\u00e9s du talent Plus ou du talent Minus.", "language": {"name": "fr", "url": "https://pokeapi.co/api/v2/language/5/"}, "version_group": {"name": "ultra-sun-ultra-moon", "url": "https://pokeapi.co/api/v2/version-group/18/"}}, {"flavor_text": "Das Magnetfeld wird so manipuliert, dass Spezial-\nVerteidigung und Verteidigung von Team-Pok\u00e9mon\nmit der F\u00e4higkeit Plus oder Minus steigen.", "language": {"name": "de", "url": "https://pokeapi.co/api/v2/language/6/"}, "version_group": {"name": "ultra-sun-ultra-moon", "url": "https://pokeapi.co/api/v2/version-group/18/"}}, {"flavor_text": "Manipula el campo magn\u00e9tico y logra aumentar la \nDefensa y la Def. Esp. de los Pok\u00e9mon aliados\nque cuenten con las habilidades M\u00e1s y Menos.", "language": {"name": "es", "url": "https://pokeapi.co/api/v2/language/7/"}, "version_group": {"name": "ultra-sun-ultra-moon", "url": "https://pokeapi.co/api/v2/version-group/18/"}}, {"flavor_text": "Tramite il controllo dei campi magnetici, aumenta\nla Difesa e la Difesa Speciale dei Pok\u00e9mon alleati\ndotati delle abilit\u00e0 Pi\u00f9 o Meno.", "language": {"name": "it", "url": "https://pokeapi.co/api/v2/language/8/"}, "version_group": {"name": "ultra-sun-ultra-moon", "url": "https://pokeapi.co/api/v2/version-group/18/"}}, {"flavor_text": "The user manipulates magnetic fields, which raises\nthe Defense and Sp. Def stats of ally Pok\u00e9mon with\nthe Plus or Minus Ability.", "language": {"name": "en", "url": "https://pokeapi.co/api/v2/language/9/"}, "version_group": {"name": "ultra-sun-ultra-moon", "url": "https://pokeapi.co/api/v2/version-group/18/"}}, {"flavor_text": "\u78c1\u5834\u3092\u3000\u64cd\u4f5c\u3000\u3059\u308b\u3053\u3068\u306b\u3088\u3063\u3066\n\u7279\u6027\u3000\u30d7\u30e9\u30b9\u3068\u3000\u30de\u30a4\u30ca\u30b9\u306e\n\u9632\u5fa1\u3000\u7279\u9632\u304c\u3000\u3042\u304c\u308b\u3002", "language": {"name": "ja", "url": "https://pokeapi.co/api/v2/language/11/"}, "version_group": {"name": "ultra-sun-ultra-moon", "url": "https://pokeapi.co/api/v2/version-group/18/"}}, {"flavor_text": "\u901a\u8fc7\u64cd\u63a7\u78c1\u573a\uff0c\n\u4f1a\u63d0\u9ad8\u7279\u6027\u4e3a\u6b63\u7535\u548c\u8d1f\u7535\u7684\n\u5b9d\u53ef\u68a6\u7684\u9632\u5fa1\u548c\u7279\u9632\u3002", "language": {"name": "zh-Hans", "url": "https://pokeapi.co/api/v2/language/12/"}, "version_group": {"name": "ultra-sun-ultra-moon", "url": "https://pokeapi.co/api/v2/version-group/18/"}}, {"flavor_text": "\u3058\u3070\u3092\u3000\u305d\u3046\u3055\u3000\u3059\u308b\u3053\u3068\u306b\u3088\u3063\u3066\n\u3068\u304f\u305b\u3044\u3000\u30d7\u30e9\u30b9\u3068\u3000\u30de\u30a4\u30ca\u30b9\u306e\n\u307c\u3046\u304e\u3087\u3000\u3068\u304f\u307c\u3046\u304c\u3000\u3042\u304c\u308b\u3002", "language": {"name": "ja-Hrkt", "url": "https://pokeapi.co/api/v2/language/1/"}, "version_group": {"name": "lets-go-pikachu-lets-go-eevee", "url": "https://pokeapi.co/api/v2/version-group/19/"}}, {"flavor_text": "\uc790\uae30\uc7a5 \uc870\uc791\uc73c\ub85c \uc778\ud574\n\ud2b9\uc131 \ud50c\ub7ec\uc2a4\uc640 \ub9c8\uc774\ub108\uc2a4\uc758\n\ubc29\uc5b4, \ud2b9\uc218\ubc29\uc5b4\uac00 \uc624\ub978\ub2e4.", "language": {"name": "ko", "url": "https://pokeapi.co/api/v2/language/3/"}, "version_group": {"name": "lets-go-pikachu-lets-go-eevee", "url": "https://pokeapi.co/api/v2/version-group/19/"}}, {"flavor_text": "\u64cd\u63a7\u78c1\u5834\uff0c\n\u63d0\u9ad8\u7279\u6027\u662f\u6b63\u96fb\u548c\u8ca0\u96fb\u7684\n\u5bf6\u53ef\u5922\u7684\u9632\u79a6\u548c\u7279\u9632\u3002", "language": {"name": "zh-Hant", "url": "https://pokeapi.co/api/v2/language/4/"}, "version_group": {"name": "lets-go-pikachu-lets-go-eevee", "url": "https://pokeapi.co/api/v2/version-group/19/"}}, {"flavor_text": "Manipule les champs magn\u00e9tiques pour augmenter\nla D\u00e9fense et la D\u00e9fense Sp\u00e9ciale des Pok\u00e9mon alli\u00e9s\ndot\u00e9s du talent Plus ou du talent Minus.", "language": {"name": "fr", "url": "https://pokeapi.co/api/v2/language/5/"}, "version_group": {"name": "lets-go-pikachu-lets-go-eevee", "url": "https://pokeapi.co/api/v2/version-group/19/"}}, {"flavor_text": "Das Magnetfeld wird so manipuliert, dass Spezial-\nVerteidigung und Verteidigung von Team-Pok\u00e9mon\nmit der F\u00e4higkeit Plus oder Minus steigen.", "language": {"name": "de", "url": "https://pokeapi.co/api/v2/language/6/"}, "version_group": {"name": "lets-go-pikachu-lets-go-eevee", "url": "https://pokeapi.co/api/v2/version-group/19/"}}, {"flavor_text": "Manipula el campo magn\u00e9tico y logra aumentar la \nDefensa y la Def. Esp. de los Pok\u00e9mon aliados\nque cuenten con las habilidades M\u00e1s y Menos.", "language": {"name": "es", "url": "https://pokeapi.co/api/v2/language/7/"}, "version_group": {"name": "lets-go-pikachu-lets-go-eevee", "url": "https://pokeapi.co/api/v2/version-group/19/"}}, {"flavor_text": "Tramite il controllo dei campi magnetici, aumenta\nla Difesa e la Difesa Speciale dei Pok\u00e9mon alleati\ndotati delle abilit\u00e0 Pi\u00f9 o Meno.", "language": {"name": "it", "url": "https://pokeapi.co/api/v2/language/8/"}, "version_group": {"name": "lets-go-pikachu-lets-go-eevee", "url": "https://pokeapi.co/api/v2/version-group/19/"}}, {"flavor_text": "The user manipulates magnetic fields, which raises\nthe Defense and Sp. Def stats of ally Pok\u00e9mon with\nthe Plus or Minus Ability.", "language": {"name": "en", "url": "https://pokeapi.co/api/v2/language/9/"}, "version_group": {"name": "lets-go-pikachu-lets-go-eevee", "url": "https://pokeapi.co/api/v2/version-group/19/"}}, {"flavor_text": "\u78c1\u5834\u3092\u3000\u64cd\u4f5c\u3000\u3059\u308b\u3053\u3068\u306b\u3088\u3063\u3066\n\u7279\u6027\u3000\u30d7\u30e9\u30b9\u3068\u3000\u30de\u30a4\u30ca\u30b9\u306e\n\u9632\u5fa1\u3000\u7279\u9632\u304c\u3000\u3042\u304c\u308b\u3002", "language": {"name": "ja", "url": "https://pokeapi.co/api/v2/language/11/"}, "version_group": {"name": "lets-go-pikachu-lets-go-eevee", "url": "https://pokeapi.co/api/v2/version-group/19/"}}, {"flavor_text": "\u901a\u8fc7\u64cd\u63a7\u78c1\u573a\uff0c\n\u4f1a\u63d0\u9ad8\u7279\u6027\u4e3a\u6b63\u7535\u548c\u8d1f\u7535\u7684\n\u5b9d\u53ef\u68a6\u7684\u9632\u5fa1\u548c\u7279\u9632\u3002", "language": {"name": "zh-Hans", "url": "https://pokeapi.co/api/v2/language/12/"}, "version_group": {"name": "lets-go-pikachu-lets-go-eevee", "url": "https://pokeapi.co/api/v2/version-group/19/"}}, {"flavor_text": "\u3058\u3070\u3092\u3000\u305d\u3046\u3055\u3000\u3059\u308b\u3053\u3068\u306b\u3088\u3063\u3066\n\u3068\u304f\u305b\u3044\u3000\u30d7\u30e9\u30b9\u3068\u3000\u30de\u30a4\u30ca\u30b9\u306e\n\u307c\u3046\u304e\u3087\u3000\u3068\u304f\u307c\u3046\u304c\u3000\u3042\u304c\u308b\u3002", "language": {"name": "ja-Hrkt", "url": "https://pokeapi.co/api/v2/language/1/"}, "version_group": {"name": "sword-shield", "url": "https://pokeapi.co/api/v2/version-group/20/"}}, {"flavor_text": "\uc790\uae30\uc7a5 \uc870\uc791\uc73c\ub85c \uc778\ud574\n\ud2b9\uc131 \ud50c\ub7ec\uc2a4\uc640 \ub9c8\uc774\ub108\uc2a4\uc758\n\ubc29\uc5b4, \ud2b9\uc218\ubc29\uc5b4\uac00 \uc624\ub978\ub2e4.", "language": {"name": "ko", "url": "https://pokeapi.co/api/v2/language/3/"}, "version_group": {"name": "sword-shield", "url": "https://pokeapi.co/api/v2/version-group/20/"}}, {"flavor_text": "\u64cd\u63a7\u78c1\u5834\uff0c\n\u63d0\u9ad8\u7279\u6027\u662f\u6b63\u96fb\u548c\u8ca0\u96fb\u7684\n\u5bf6\u53ef\u5922\u7684\u9632\u79a6\u548c\u7279\u9632\u3002", "language": {"name": "zh-Hant", "url": "https://pokeapi.co/api/v2/language/4/"}, "version_group": {"name": "sword-shield", "url": "https://pokeapi.co/api/v2/version-group/20/"}}, {"flavor_text": "Manipule les champs magn\u00e9tiques pour augmenter\nla D\u00e9fense et la D\u00e9fense Sp\u00e9ciale des Pok\u00e9mon alli\u00e9s\ndot\u00e9s du talent Plus ou du talent Moins.", "language": {"name": "fr", "url": "https://pokeapi.co/api/v2/language/5/"}, "version_group": {"name": "sword-shield", "url": "https://pokeapi.co/api/v2/version-group/20/"}}, {"flavor_text": "Das Magnetfeld wird so manipuliert, dass Spezial-\nVerteidigung und Verteidigung von Team-Pok\u00e9mon\nmit der F\u00e4higkeit Plus oder Minus steigen.", "language": {"name": "de", "url": "https://pokeapi.co/api/v2/language/6/"}, "version_group": {"name": "sword-shield", "url": "https://pokeapi.co/api/v2/version-group/20/"}}, {"flavor_text": "Manipula el campo magn\u00e9tico y logra aumentar la\nDefensa y la Defensa Especial de los Pok\u00e9mon aliados\nque cuenten con las habilidades M\u00e1s y Menos.", "language": {"name": "es", "url": "https://pokeapi.co/api/v2/language/7/"}, "version_group": {"name": "sword-shield", "url": "https://pokeapi.co/api/v2/version-group/20/"}}, {"flavor_text": "Tramite il controllo dei campi magnetici, aumenta\nla Difesa e la Difesa Speciale dei Pok\u00e9mon alleati\ndotati delle abilit\u00e0 Pi\u00f9 o Meno.", "language": {"name": "it", "url": "https://pokeapi.co/api/v2/language/8/"}, "version_group": {"name": "sword-shield", "url": "https://pokeapi.co/api/v2/version-group/20/"}}, {"flavor_text": "The user manipulates magnetic fields, which raises\nthe Defense and Sp. Def stats of ally Pok\u00e9mon with\nthe Plus or Minus Ability.", "language": {"name": "en", "url": "https://pokeapi.co/api/v2/language/9/"}, "version_group": {"name": "sword-shield", "url": "https://pokeapi.co/api/v2/version-group/20/"}}, {"flavor_text": "\u78c1\u5834\u3092\u3000\u64cd\u4f5c\u3000\u3059\u308b\u3053\u3068\u306b\u3088\u3063\u3066\n\u7279\u6027\u3000\u30d7\u30e9\u30b9\u3068\u3000\u30de\u30a4\u30ca\u30b9\u306e\n\u9632\u5fa1\u3000\u7279\u9632\u304c\u3000\u3042\u304c\u308b\u3002", "language": {"name": "ja", "url": "https://pokeapi.co/api/v2/language/11/"}, "version_group": {"name": "sword-shield", "url": "https://pokeapi.co/api/v2/version-group/20/"}}, {"flavor_text": "\u901a\u8fc7\u64cd\u63a7\u78c1\u573a\uff0c\n\u4f1a\u63d0\u9ad8\u7279\u6027\u4e3a\u6b63\u7535\u548c\u8d1f\u7535\u7684\n\u5b9d\u53ef\u68a6\u7684\u9632\u5fa1\u548c\u7279\u9632\u3002", "language": {"name": "zh-Hans", "url": "https://pokeapi.co/api/v2/language/12/"}, "version_group": {"name": "sword-shield", "url": "https://pokeapi.co/api/v2/version-group/20/"}}], "generation": {"name": "generation-vi", "url": "https://pokeapi.co/api/v2/generation/6/"}, "id": 602, "learned_by_pokemon": [{"name": "electrode", "url": "https://pokeapi.co/api/v2/pokemon/101/"}, {"name": "zapdos", "url": "https://pokeapi.co/api/v2/pokemon/145/"}, {"name": "ampharos", "url": "https://pokeapi.co/api/v2/pokemon/181/"}, {"name": "magnezone", "url": "https://pokeapi.co/api/v2/pokemon/462/"}, {"name": "probopass", "url": "https://pokeapi.co/api/v2/pokemon/476/"}, {"name": "klinklang", "url": "https://pokeapi.co/api/v2/pokemon/601/"}, {"name": "magearna", "url": "https://pokeapi.co/api/v2/pokemon/801/"}, {"name": "sandy-shocks", "url": "https://pokeapi.co/api/v2/pokemon/989/"}, {"name": "ampharos-mega", "url": "https://pokeapi.co/api/v2/pokemon/10045/"}, {"name": "magearna-original", "url": "https://pokeapi.co/api/v2/pokemon/10147/"}, {"name": "toxtricity-low-key", "url": "https://pokeapi.co/api/v2/pokemon/10184/"}], "machines": [], "meta": {"ailment": {"name": "none", "url": "https://pokeapi.co/api/v2/move-ailment/0/"}, "ailment_chance": 0, "category": {"name": "net-good-stats", "url": "https://pokeapi.co/api/v2/move-category/2/"}, "crit_rate": 0, "drain": 0, "flinch_chance": 0, "healing": 0, "max_hits": null, "max_turns": null, "min_hits": null, "min_turns": null, "stat_chance": 0}, "name": "magnetic-flux", "names": [{"language": {"name": "ja-Hrkt", "url": "https://pokeapi.co/api/v2/language/1/"}, "name": "\u3058\u3070\u305d\u3046\u3055"}, {"language": {"name": "ko", "url": "https://pokeapi.co/api/v2/language/3/"}, "name": "\uc790\uae30\uc7a5\uc870\uc791"}, {"language": {"name": "zh-Hant", "url": "https://pokeapi.co/api/v2/language/4/"}, "name": "\u78c1\u5834\u64cd\u63a7"}, {"language": {"name": "fr", "url": "https://pokeapi.co/api/v2/language/5/"}, "name": "Magn\u00e9-Contr\u00f4le"}, {"language": {"name": "de", "url": "https://pokeapi.co/api/v2/language/6/"}, "name": "Magnetregler"}, {"language": {"name": "es", "url": "https://pokeapi.co/api/v2/language/7/"}, "name": "Aura Magn\u00e9tica"}, {"language": {"name": "it", "url": "https://pokeapi.co/api/v2/language/8/"}, "name": "Controllo Polare"}, {"language": {"name": "en", "url": "https://pokeapi.co/api/v2/language/9/"}, "name": "Magnetic Flux"}, {"language": {"name": "ja", "url": "https://pokeapi.co/api/v2/language/11/"}, "name": "\u3058\u3070\u305d\u3046\u3055"}, {"language": {"name": "zh-Hans", "url": "https://pokeapi.co/api/v2/language/12/"}, "name": "\u78c1\u573a\u64cd\u63a7"}], "past_values": [], "power": null, "pp": 20, "priority": 0, "stat_changes": [{"change": 1, "stat": {"name": "defense", "url": "https://pokeapi.co/api/v2/stat/3/"}}, {"change": 1, "stat": {"name": "special-defense", "url": "https://pokeapi.co/api/v2/stat/5/"}}], "super_contest_effect": null, "target": {"name": "user-and-allies", "url": "https://pokeapi.co/api/v2/move-target/13/"}, "type": {"name": "electric", "url": "https://pokeapi.co/api/v2/type/13/"}}