{"accuracy": 100, "contest_combos": null, "contest_effect": null, "contest_type": null, "damage_class": {"name": "special", "url": "https://pokeapi.co/api/v2/move-damage-class/3/"}, "effect_chance": null, "effect_changes": [], "effect_entries": [], "flavor_text_entries": [], "generation": {"name": "generation-ix", "url": "https://pokeapi.co/api/v2/generation/9/"}, "id": 874, "learned_by_pokemon": [{"name": "gholdengo", "url": "https://pokeapi.co/api/v2/pokemon/1000/"}], "machines": [], "meta": null, "name": "make-it-rain", "names": [{"language": {"name": "ja-Hrkt", "url": "https://pokeapi.co/api/v2/language/1/"}, "name": "\u30b4\u30fc\u30eb\u30c9\u30e9\u30c3\u30b7\u30e5"}, {"language": {"name": "zh-Hant", "url": "https://pokeapi.co/api/v2/language/4/"}, "name": "\u6dd8\u91d1\u6f6e"}, {"language": {"name": "it", "url": "https://pokeapi.co/api/v2/language/8/"}, "name": "Corsa all'Oro"}, {"language": {"name": "en", "url": "https://pokeapi.co/api/v2/language/9/"}, "name": "Make It Rain"}, {"language": {"name": "ja", "url": "https://pokeapi.co/api/v2/language/11/"}, "name": "\u30b4\u30fc\u30eb\u30c9\u30e9\u30c3\u30b7\u30e5"}], "past_values": [], "power": 120, "pp": 5, "priority": 0, "stat_changes": [], "super_contest_effect": null, "target": {"name": "all-opponents", "url": "https://pokeapi.co/api/v2/move-target/11/"}, "type": {"name": "steel", "url": "https://pokeapi.co/api/v2/type/9/"}}