{"accuracy": null, "contest_combos": null, "contest_effect": null, "contest_type": null, "damage_class": {"name": "physical", "url": "https://pokeapi.co/api/v2/move-damage-class/2/"}, "effect_chance": null, "effect_changes": [], "effect_entries": [{"effect": "Inflicts regular damage.", "language": {"name": "en", "url": "https://pokeapi.co/api/v2/language/9/"}, "short_effect": "Inflicts regular damage with no additional effect."}], "flavor_text_entries": [{"flavor_text": "\u30c0\u30a4\u30de\u30c3\u30af\u30b9\u3057\u305f\u3000\u30dd\u30b1\u30e2\u30f3\u304c\n\u304f\u308a\u3060\u3059\u3000\u3053\u304a\u308a\u30bf\u30a4\u30d7\u306e\u3000\u3053\u3046\u3052\u304d\u3002\n\uff15\u30bf\u30fc\u30f3\u306e\u3000\u3042\u3044\u3060\u3000\u3042\u3089\u308c\u3092\u3000\u3075\u3089\u3059\u3002", "language": {"name": "ja-Hrkt", "url": "https://pokeapi.co/api/v2/language/1/"}, "version_group": {"name": "sword-shield", "url": "https://pokeapi.co/api/v2/version-group/20/"}}, {"flavor_text": "\ub2e4\uc774\ub9e5\uc2a4\ud55c \ud3ec\ucf13\ubaac\uc774 \ub0a0\ub9ac\ub294\n\uc5bc\uc74c\ud0c0\uc785\uc758 \uacf5\uaca9.\n5\ud134 \ub3d9\uc548 \uc2f8\ub77c\uae30\ub208\uc744 \ub0b4\ub9ac\uac8c \ud55c\ub2e4.", "language": {"name": "ko", "url": "https://pokeapi.co/api/v2/language/3/"}, "version_group": {"name": "sword-shield", "url": "https://pokeapi.co/api/v2/version-group/20/"}}, {"flavor_text": "\u6975\u5de8\u5316\u5bf6\u53ef\u5922\n\u6240\u4f7f\u51fa\u7684\u51b0\u5c6c\u6027\u653b\u64ca\u3002\n\u5728\uff15\u56de\u5408\u5167\u6703\u964d\u4e0b\u51b0\u96f9\u3002", "language": {"name": "zh-Hant", "url": "https://pokeapi.co/api/v2/language/4/"}, "version_group": {"name": "sword-shield", "url": "https://pokeapi.co/api/v2/version-group/20/"}}, {"flavor_text": "Une attaque de type Glace que seuls\nles Pok\u00e9mon Dynamax peuvent utiliser.\nInvoque une temp\u00eate de gr\u00eale qui dure cinq tours.", "language": {"name": "fr", "url": "https://pokeapi.co/api/v2/language/5/"}, "version_group": {"name": "sword-shield", "url": "https://pokeapi.co/api/v2/version-group/20/"}}, {"flavor_text": "Eine Eis-Attacke, die nur Dynamax-Pok\u00e9mon\neinsetzen k\u00f6nnen. L\u00e4sst f\u00fcnf Runden lang einen\nHagelsturm toben.", "language": {"name": "de", "url": "https://pokeapi.co/api/v2/language/6/"}, "version_group": {"name": "sword-shield", "url": "https://pokeapi.co/api/v2/version-group/20/"}}, {"flavor_text": "Ataque de tipo Hielo ejecutado por un Pok\u00e9mon\nDinamax. Crea una tormenta de granizo que dura cinco\nturnos.", "language": {"name": "es", "url": "https://pokeapi.co/api/v2/language/7/"}, "version_group": {"name": "sword-shield", "url": "https://pokeapi.co/api/v2/version-group/20/"}}, {"flavor_text": "Un attacco di tipo Ghiaccio che pu\u00f2 essere eseguito\ndai Pok\u00e9mon dynamaxizzati. Causa una grandinata\nche dura per cinque turni.", "language": {"name": "it", "url": "https://pokeapi.co/api/v2/language/8/"}, "version_group": {"name": "sword-shield", "url": "https://pokeapi.co/api/v2/version-group/20/"}}, {"flavor_text": "This is an Ice-type attack Dynamax Pok\u00e9mon use.\nThe user summons a hailstorm lasting five turns.", "language": {"name": "en", "url": "https://pokeapi.co/api/v2/language/9/"}, "version_group": {"name": "sword-shield", "url": "https://pokeapi.co/api/v2/version-group/20/"}}, {"flavor_text": "\u30c0\u30a4\u30de\u30c3\u30af\u30b9\u3057\u305f\u3000\u30dd\u30b1\u30e2\u30f3\u304c\n\u7e70\u308a\u3060\u3059\u3000\u3053\u304a\u308a\u30bf\u30a4\u30d7\u306e\u3000\u653b\u6483\u3002\n\uff15\u30bf\u30fc\u30f3\u306e\u3000\u9593\u3000\u3042\u3089\u308c\u3092\u3000\u964d\u3089\u3059\u3002", "language": {"name": "ja", "url": "https://pokeapi.co/api/v2/language/11/"}, "version_group": {"name": "sword-shield", "url": "https://pokeapi.co/api/v2/version-group/20/"}}, {"flavor_text": "\u6781\u5de8\u5316\u5b9d\u53ef\u68a6\n\u624d\u80fd\u4f7f\u51fa\u7684\u51b0\u5c5e\u6027\u653b\u51fb\u3002\n\u5728\uff15\u56de\u5408\u5185\u4f1a\u964d\u4e0b\u51b0\u96f9\u3002", "language": {"name": "zh-Hans", "url": "https://pokeapi.co/api/v2/language/12/"}, "version_group": {"name": "sword-shield", "url": "https://pokeapi.co/api/v2/version-group/20/"}}], "generation": {"name": "generation-viii", "url": "https://pokeapi.co/api/v2/generation/8/"}, "id": 763, "learned_by_pokemon": [], "machines": [], "meta": {"ailment": {"name": "none", "url": "https://pokeapi.co/api/v2/move-ailment/0/"}, "ailment_chance": 0, "category": {"name": "damage", "url": "https://pokeapi.co/api/v2/move-category/0/"}, "crit_rate": 0, "drain": 0, "flinch_chance": 0, "healing": 0, "max_hits": null, "max_turns": null, "min_hits": null, "min_turns": null, "stat_chance": 0}, "name": "max-hailstorm", "names": [{"language": {"name": "ja-Hrkt", "url": "https://pokeapi.co/api/v2/language/1/"}, "name": "\u30c0\u30a4\u30a2\u30a4\u30b9"}, {"language": {"name": "ko", "url": "https://pokeapi.co/api/v2/language/3/"}, "name": "\ub2e4\uc774\uc544\uc774\uc2a4"}, {"language": {"name": "zh-Hant", "url": "https://pokeapi.co/api/v2/language/4/"}, "name": "\u6975\u5de8\u5bd2\u51b0"}, {"language": {"name": "fr", "url": "https://pokeapi.co/api/v2/language/5/"}, "name": "Cryomax"}, {"language": {"name": "de", "url": "https://pokeapi.co/api/v2/language/6/"}, "name": "Dyna-Frost"}, {"language": {"name": "es", "url": "https://pokeapi.co/api/v2/language/7/"}, "name": "Maxihelada"}, {"language": {"name": "it", "url": "https://pokeapi.co/api/v2/language/8/"}, "name": "Dynagelo"}, {"language": {"name": "en", "url": "https://pokeapi.co/api/v2/language/9/"}, "name": "Max Hailstorm"}, {"language": {"name": "ja", "url": "https://pokeapi.co/api/v2/language/11/"}, "name": "\u30c0\u30a4\u30a2\u30a4\u30b9"}, {"language": {"name": "zh-Hans", "url": "https://pokeapi.co/api/v2/language/12/"}, "name": "\u6781\u5de8\u5bd2\u51b0"}], "past_values": [], "power": 10, "pp": 10, "priority": 0, "stat_changes": [], "super_contest_effect": null, "target": {"name": "selected-pokemon-me-first", "url": "https://pokeapi.co/api/v2/move-target/2/"}, "type": {"name": "ice", "url": "https://pokeapi.co/api/v2/type/15/"}}