{"accuracy": 100, "contest_combos": null, "contest_effect": null, "contest_type": {"name": "beauty", "url": "https://pokeapi.co/api/v2/contest-type/2/"}, "damage_class": {"name": "physical", "url": "https://pokeapi.co/api/v2/move-damage-class/2/"}, "effect_chance": null, "effect_changes": [], "effect_entries": [{"effect": "Targets the last opposing Pok\u00e9mon to hit the user with a damaging move this turn.  Inflicts 1.5\u00d7 the damage that move did to the user.  If there is no eligible target, this move will fail.  Type immunity applies, but other type effects are ignored.", "language": {"name": "en", "url": "https://pokeapi.co/api/v2/language/9/"}, "short_effect": "Strikes back at the last Pok\u00e9mon to hit the user this turn with 1.5\u00d7 the damage."}], "flavor_text_entries": [{"flavor_text": "The user retaliates\nagainst the foe that\nlast inflicted damage\non it with much\ngreater power.", "language": {"name": "en", "url": "https://pokeapi.co/api/v2/language/9/"}, "version_group": {"name": "diamond-pearl", "url": "https://pokeapi.co/api/v2/version-group/8/"}}, {"flavor_text": "The user retaliates\nagainst the foe that\nlast inflicted damage\non it with much\ngreater power.", "language": {"name": "en", "url": "https://pokeapi.co/api/v2/language/9/"}, "version_group": {"name": "platinum", "url": "https://pokeapi.co/api/v2/version-group/9/"}}, {"flavor_text": "The user retaliates\nagainst the foe that\nlast inflicted damage\non it with much\ngreater power.", "language": {"name": "en", "url": "https://pokeapi.co/api/v2/language/9/"}, "version_group": {"name": "heartgold-soulsilver", "url": "https://pokeapi.co/api/v2/version-group/10/"}}, {"flavor_text": "Le lanceur attaque le dernier ennemi\nl\u2019ayant bless\u00e9 durant le m\u00eame tour\nen frappant plus fort.", "language": {"name": "fr", "url": "https://pokeapi.co/api/v2/language/5/"}, "version_group": {"name": "black-white", "url": "https://pokeapi.co/api/v2/version-group/11/"}}, {"flavor_text": "The user retaliates with much greater\npower against the target\nthat last inflicted damage on it.", "language": {"name": "en", "url": "https://pokeapi.co/api/v2/language/9/"}, "version_group": {"name": "black-white", "url": "https://pokeapi.co/api/v2/version-group/11/"}}, {"flavor_text": "The user retaliates with much greater\npower against the target\nthat last inflicted damage on it.", "language": {"name": "en", "url": "https://pokeapi.co/api/v2/language/9/"}, "version_group": {"name": "black-2-white-2", "url": "https://pokeapi.co/api/v2/version-group/14/"}}, {"flavor_text": "\u308f\u3056\u3092\u3000\u3060\u3059\u307e\u3048\u306b\n\u3055\u3044\u3054\u306b\u3000\u3046\u3051\u305f\u3000\u308f\u3056\u306e\u3000\u30c0\u30e1\u30fc\u30b8\u3092\n\u304a\u304a\u304d\u304f\u3057\u3066\u3000\u3060\u3057\u305f\u3000\u3042\u3044\u3066\u306b\u3000\u304b\u3048\u3059\u3002", "language": {"name": "ja-Hrkt", "url": "https://pokeapi.co/api/v2/language/1/"}, "version_group": {"name": "x-y", "url": "https://pokeapi.co/api/v2/version-group/15/"}}, {"flavor_text": "\uae30\uc220\uc744 \uc4f0\uae30 \uc804\uc5d0\n\ub9c8\uc9c0\ub9c9\uc73c\ub85c \ubc1b\uc740 \uae30\uc220\uc758 \ub370\ubbf8\uc9c0\ub97c\n\ub298\ub824\uc11c \uae30\uc220\uc744 \uc4f4 \uc0c1\ub300\uc5d0\uac8c \ub3cc\ub824\uc900\ub2e4.", "language": {"name": "ko", "url": "https://pokeapi.co/api/v2/language/3/"}, "version_group": {"name": "x-y", "url": "https://pokeapi.co/api/v2/version-group/15/"}}, {"flavor_text": "Le lanceur attaque le dernier ennemi l\u2019ayant bless\u00e9\ndurant le m\u00eame tour en frappant plus fort.", "language": {"name": "fr", "url": "https://pokeapi.co/api/v2/language/5/"}, "version_group": {"name": "x-y", "url": "https://pokeapi.co/api/v2/version-group/15/"}}, {"flavor_text": "Attacke mit gro\u00dfer Kraft gegen das Ziel,\ndas dem Anwender in derselben Runde\nzuletzt Schaden zuf\u00fcgte.", "language": {"name": "de", "url": "https://pokeapi.co/api/v2/language/6/"}, "version_group": {"name": "x-y", "url": "https://pokeapi.co/api/v2/version-group/15/"}}, {"flavor_text": "Devuelve al objetivo el \u00faltimo ataque recibido,\npero con mucha m\u00e1s fuerza.", "language": {"name": "es", "url": "https://pokeapi.co/api/v2/language/7/"}, "version_group": {"name": "x-y", "url": "https://pokeapi.co/api/v2/version-group/15/"}}, {"flavor_text": "Chi la usa si vendica sul nemico che l\u2019ha appena\nferito con una mossa anche pi\u00f9 potente.", "language": {"name": "it", "url": "https://pokeapi.co/api/v2/language/8/"}, "version_group": {"name": "x-y", "url": "https://pokeapi.co/api/v2/version-group/15/"}}, {"flavor_text": "The user retaliates with much greater\npower against the target\nthat last inflicted damage on it.", "language": {"name": "en", "url": "https://pokeapi.co/api/v2/language/9/"}, "version_group": {"name": "x-y", "url": "https://pokeapi.co/api/v2/version-group/15/"}}, {"flavor_text": "\u6280\u3092\u3000\u3060\u3059\u524d\u306b\n\u6700\u5f8c\u306b\u3000\u53d7\u3051\u305f\u3000\u6280\u306e\u3000\u30c0\u30e1\u30fc\u30b8\u3092\n\u5927\u304d\u304f\u3057\u3066\u3000\u3060\u3057\u305f\u3000\u76f8\u624b\u306b\u3000\u8fd4\u3059\u3002", "language": {"name": "ja", "url": "https://pokeapi.co/api/v2/language/11/"}, "version_group": {"name": "x-y", "url": "https://pokeapi.co/api/v2/version-group/15/"}}, {"flavor_text": "\u308f\u3056\u3092\u3000\u3060\u3059\u307e\u3048\u306b\n\u3055\u3044\u3054\u306b\u3000\u3046\u3051\u305f\u3000\u308f\u3056\u306e\u3000\u30c0\u30e1\u30fc\u30b8\u3092\n\u304a\u304a\u304d\u304f\u3057\u3066\u3000\u3060\u3057\u305f\u3000\u3042\u3044\u3066\u306b\u3000\u304b\u3048\u3059\u3002", "language": {"name": "ja-Hrkt", "url": "https://pokeapi.co/api/v2/language/1/"}, "version_group": {"name": "omega-ruby-alpha-sapphire", "url": "https://pokeapi.co/api/v2/version-group/16/"}}, {"flavor_text": "\uae30\uc220\uc744 \uc4f0\uae30 \uc804\uc5d0\n\ub9c8\uc9c0\ub9c9\uc73c\ub85c \ubc1b\uc740 \uae30\uc220\uc758 \ub370\ubbf8\uc9c0\ub97c\n\ub298\ub824\uc11c \uae30\uc220\uc744 \uc4f4 \uc0c1\ub300\uc5d0\uac8c \ub3cc\ub824\uc900\ub2e4.", "language": {"name": "ko", "url": "https://pokeapi.co/api/v2/language/3/"}, "version_group": {"name": "omega-ruby-alpha-sapphire", "url": "https://pokeapi.co/api/v2/version-group/16/"}}, {"flavor_text": "Le lanceur attaque le dernier ennemi l\u2019ayant bless\u00e9\ndurant le m\u00eame tour en frappant plus fort.", "language": {"name": "fr", "url": "https://pokeapi.co/api/v2/language/5/"}, "version_group": {"name": "omega-ruby-alpha-sapphire", "url": "https://pokeapi.co/api/v2/version-group/16/"}}, {"flavor_text": "Attacke mit gro\u00dfer Kraft gegen den Gegner,\nder dem Anwender in derselben Runde\nzuletzt Schaden zuf\u00fcgte.", "language": {"name": "de", "url": "https://pokeapi.co/api/v2/language/6/"}, "version_group": {"name": "omega-ruby-alpha-sapphire", "url": "https://pokeapi.co/api/v2/version-group/16/"}}, {"flavor_text": "Devuelve al rival el \u00faltimo ataque recibido, pero con \nmucha m\u00e1s fuerza.", "language": {"name": "es", "url": "https://pokeapi.co/api/v2/language/7/"}, "version_group": {"name": "omega-ruby-alpha-sapphire", "url": "https://pokeapi.co/api/v2/version-group/16/"}}, {"flavor_text": "Chi la usa si vendica sul nemico che l\u2019ha appena\nferito con una mossa anche pi\u00f9 potente.", "language": {"name": "it", "url": "https://pokeapi.co/api/v2/language/8/"}, "version_group": {"name": "omega-ruby-alpha-sapphire", "url": "https://pokeapi.co/api/v2/version-group/16/"}}, {"flavor_text": "The user retaliates with much greater\npower against the opponent\nthat last inflicted damage on it.", "language": {"name": "en", "url": "https://pokeapi.co/api/v2/language/9/"}, "version_group": {"name": "omega-ruby-alpha-sapphire", "url": "https://pokeapi.co/api/v2/version-group/16/"}}, {"flavor_text": "\u6280\u3092\u3000\u3060\u3059\u524d\u306b\n\u6700\u5f8c\u306b\u3000\u53d7\u3051\u305f\u3000\u6280\u306e\u3000\u30c0\u30e1\u30fc\u30b8\u3092\n\u5927\u304d\u304f\u3057\u3066\u3000\u3060\u3057\u305f\u3000\u76f8\u624b\u306b\u3000\u8fd4\u3059\u3002", "language": {"name": "ja", "url": "https://pokeapi.co/api/v2/language/11/"}, "version_group": {"name": "omega-ruby-alpha-sapphire", "url": "https://pokeapi.co/api/v2/version-group/16/"}}, {"flavor_text": "\u308f\u3056\u3092\u3000\u3060\u3059\u307e\u3048\u306b\n\u3055\u3044\u3054\u306b\u3000\u3046\u3051\u305f\u3000\u308f\u3056\u306e\u3000\u30c0\u30e1\u30fc\u30b8\u3092\n\u304a\u304a\u304d\u304f\u3057\u3066\u3000\u3060\u3057\u305f\u3000\u3042\u3044\u3066\u306b\u3000\u304b\u3048\u3059\u3002", "language": {"name": "ja-Hrkt", "url": "https://pokeapi.co/api/v2/language/1/"}, "version_group": {"name": "sun-moon", "url": "https://pokeapi.co/api/v2/version-group/17/"}}, {"flavor_text": "\uae30\uc220\uc744 \uc4f0\uae30 \uc804\uc5d0\n\ub9c8\uc9c0\ub9c9\uc73c\ub85c \ubc1b\uc740 \uae30\uc220\uc758 \ub370\ubbf8\uc9c0\ub97c\n\ub298\ub824\uc11c \uae30\uc220\uc744 \uc4f4 \uc0c1\ub300\uc5d0\uac8c \ub3cc\ub824\uc900\ub2e4.", "language": {"name": "ko", "url": "https://pokeapi.co/api/v2/language/3/"}, "version_group": {"name": "sun-moon", "url": "https://pokeapi.co/api/v2/version-group/17/"}}, {"flavor_text": "\u5c07\u767c\u52d5\u653b\u64ca\u524d\n\u6700\u5f8c\u53d7\u5230\u7684\u62db\u5f0f\u50b7\u5bb3\u653e\u5927\uff0c\n\u5411\u5c0d\u624b\u9032\u884c\u53cd\u64ca\u3002", "language": {"name": "zh-Hant", "url": "https://pokeapi.co/api/v2/language/4/"}, "version_group": {"name": "sun-moon", "url": "https://pokeapi.co/api/v2/version-group/17/"}}, {"flavor_text": "Le lanceur attaque le dernier ennemi l\u2019ayant bless\u00e9\ndurant le m\u00eame tour en frappant plus fort.", "language": {"name": "fr", "url": "https://pokeapi.co/api/v2/language/5/"}, "version_group": {"name": "sun-moon", "url": "https://pokeapi.co/api/v2/version-group/17/"}}, {"flavor_text": "Attacke mit gro\u00dfer Kraft gegen den Gegner, der dem\nAnwender in derselben Runde zuletzt Schaden\nzuf\u00fcgte.", "language": {"name": "de", "url": "https://pokeapi.co/api/v2/language/6/"}, "version_group": {"name": "sun-moon", "url": "https://pokeapi.co/api/v2/version-group/17/"}}, {"flavor_text": "Devuelve al rival el \u00faltimo ataque recibido, pero con \nmucha m\u00e1s fuerza.", "language": {"name": "es", "url": "https://pokeapi.co/api/v2/language/7/"}, "version_group": {"name": "sun-moon", "url": "https://pokeapi.co/api/v2/version-group/17/"}}, {"flavor_text": "Chi la usa si vendica sul nemico che l\u2019ha appena\nferito con una mossa anche pi\u00f9 potente.", "language": {"name": "it", "url": "https://pokeapi.co/api/v2/language/8/"}, "version_group": {"name": "sun-moon", "url": "https://pokeapi.co/api/v2/version-group/17/"}}, {"flavor_text": "The user retaliates with much greater force against\nthe opponent that last inflicted damage on it.", "language": {"name": "en", "url": "https://pokeapi.co/api/v2/language/9/"}, "version_group": {"name": "sun-moon", "url": "https://pokeapi.co/api/v2/version-group/17/"}}, {"flavor_text": "\u6280\u3092\u3000\u3060\u3059\u524d\u306b\n\u6700\u5f8c\u306b\u3000\u53d7\u3051\u305f\u3000\u6280\u306e\u3000\u30c0\u30e1\u30fc\u30b8\u3092\n\u5927\u304d\u304f\u3057\u3066\u3000\u3060\u3057\u305f\u3000\u76f8\u624b\u306b\u3000\u8fd4\u3059\u3002", "language": {"name": "ja", "url": "https://pokeapi.co/api/v2/language/11/"}, "version_group": {"name": "sun-moon", "url": "https://pokeapi.co/api/v2/version-group/17/"}}, {"flavor_text": "\u4f7f\u51fa\u62db\u5f0f\u524d\uff0c\n\u5c06\u6700\u540e\u53d7\u5230\u7684\u62db\u5f0f\u7684\u4f24\u5bb3\n\u5927\u529b\u8fd4\u8fd8\u7ed9\u5bf9\u624b\u3002", "language": {"name": "zh-Hans", "url": "https://pokeapi.co/api/v2/language/12/"}, "version_group": {"name": "sun-moon", "url": "https://pokeapi.co/api/v2/version-group/17/"}}, {"flavor_text": "\u308f\u3056\u3092\u3000\u3060\u3059\u307e\u3048\u306b\n\u3055\u3044\u3054\u306b\u3000\u3046\u3051\u305f\u3000\u308f\u3056\u306e\u3000\u30c0\u30e1\u30fc\u30b8\u3092\n\u304a\u304a\u304d\u304f\u3057\u3066\u3000\u3060\u3057\u305f\u3000\u3042\u3044\u3066\u306b\u3000\u304b\u3048\u3059\u3002", "language": {"name": "ja-Hrkt", "url": "https://pokeapi.co/api/v2/language/1/"}, "version_group": {"name": "ultra-sun-ultra-moon", "url": "https://pokeapi.co/api/v2/version-group/18/"}}, {"flavor_text": "\uae30\uc220\uc744 \uc4f0\uae30 \uc804\uc5d0\n\ub9c8\uc9c0\ub9c9\uc73c\ub85c \ubc1b\uc740 \uae30\uc220\uc758 \ub370\ubbf8\uc9c0\ub97c\n\ub298\ub824\uc11c \uae30\uc220\uc744 \uc4f4 \uc0c1\ub300\uc5d0\uac8c \ub3cc\ub824\uc900\ub2e4.", "language": {"name": "ko", "url": "https://pokeapi.co/api/v2/language/3/"}, "version_group": {"name": "ultra-sun-ultra-moon", "url": "https://pokeapi.co/api/v2/version-group/18/"}}, {"flavor_text": "\u5c07\u767c\u52d5\u653b\u64ca\u524d\n\u6700\u5f8c\u53d7\u5230\u7684\u62db\u5f0f\u50b7\u5bb3\u653e\u5927\uff0c\n\u5411\u5c0d\u624b\u9032\u884c\u53cd\u64ca\u3002", "language": {"name": "zh-Hant", "url": "https://pokeapi.co/api/v2/language/4/"}, "version_group": {"name": "ultra-sun-ultra-moon", "url": "https://pokeapi.co/api/v2/version-group/18/"}}, {"flavor_text": "Le lanceur attaque le dernier ennemi l\u2019ayant bless\u00e9\ndurant le m\u00eame tour en frappant plus fort.", "language": {"name": "fr", "url": "https://pokeapi.co/api/v2/language/5/"}, "version_group": {"name": "ultra-sun-ultra-moon", "url": "https://pokeapi.co/api/v2/version-group/18/"}}, {"flavor_text": "Attacke mit gro\u00dfer Kraft gegen den Gegner, der dem\nAnwender in derselben Runde zuletzt Schaden\nzuf\u00fcgte.", "language": {"name": "de", "url": "https://pokeapi.co/api/v2/language/6/"}, "version_group": {"name": "ultra-sun-ultra-moon", "url": "https://pokeapi.co/api/v2/version-group/18/"}}, {"flavor_text": "Devuelve al rival el \u00faltimo ataque recibido, pero con \nmucha m\u00e1s fuerza.", "language": {"name": "es", "url": "https://pokeapi.co/api/v2/language/7/"}, "version_group": {"name": "ultra-sun-ultra-moon", "url": "https://pokeapi.co/api/v2/version-group/18/"}}, {"flavor_text": "Chi la usa si vendica sul nemico che l\u2019ha appena\nferito con una mossa anche pi\u00f9 potente.", "language": {"name": "it", "url": "https://pokeapi.co/api/v2/language/8/"}, "version_group": {"name": "ultra-sun-ultra-moon", "url": "https://pokeapi.co/api/v2/version-group/18/"}}, {"flavor_text": "The user retaliates with much greater force against\nthe opponent that last inflicted damage on it.", "language": {"name": "en", "url": "https://pokeapi.co/api/v2/language/9/"}, "version_group": {"name": "ultra-sun-ultra-moon", "url": "https://pokeapi.co/api/v2/version-group/18/"}}, {"flavor_text": "\u6280\u3092\u3000\u3060\u3059\u524d\u306b\n\u6700\u5f8c\u306b\u3000\u53d7\u3051\u305f\u3000\u6280\u306e\u3000\u30c0\u30e1\u30fc\u30b8\u3092\n\u5927\u304d\u304f\u3057\u3066\u3000\u3060\u3057\u305f\u3000\u76f8\u624b\u306b\u3000\u8fd4\u3059\u3002", "language": {"name": "ja", "url": "https://pokeapi.co/api/v2/language/11/"}, "version_group": {"name": "ultra-sun-ultra-moon", "url": "https://pokeapi.co/api/v2/version-group/18/"}}, {"flavor_text": "\u4f7f\u51fa\u62db\u5f0f\u524d\uff0c\n\u5c06\u6700\u540e\u53d7\u5230\u7684\u62db\u5f0f\u7684\u4f24\u5bb3\n\u5927\u529b\u8fd4\u8fd8\u7ed9\u5bf9\u624b\u3002", "language": {"name": "zh-Hans", "url": "https://pokeapi.co/api/v2/language/12/"}, "version_group": {"name": "ultra-sun-ultra-moon", "url": "https://pokeapi.co/api/v2/version-group/18/"}}, {"flavor_text": "\u308f\u3056\u3092\u3000\u3060\u3059\u307e\u3048\u306b\n\u3055\u3044\u3054\u306b\u3000\u3046\u3051\u305f\u3000\u308f\u3056\u306e\u3000\u30c0\u30e1\u30fc\u30b8\u3092\n\u304a\u304a\u304d\u304f\u3057\u3066\u3000\u3060\u3057\u305f\u3000\u3042\u3044\u3066\u306b\u3000\u304b\u3048\u3059\u3002", "language": {"name": "ja-Hrkt", "url": "https://pokeapi.co/api/v2/language/1/"}, "version_group": {"name": "lets-go-pikachu-lets-go-eevee", "url": "https://pokeapi.co/api/v2/version-group/19/"}}, {"flavor_text": "\uae30\uc220\uc744 \uc4f0\uae30 \uc804\uc5d0\n\ub9c8\uc9c0\ub9c9\uc73c\ub85c \ubc1b\uc740 \uae30\uc220\uc758 \ub370\ubbf8\uc9c0\ub97c\n\ub298\ub824\uc11c \uae30\uc220\uc744 \uc4f4 \uc0c1\ub300\uc5d0\uac8c \ub3cc\ub824\uc900\ub2e4.", "language": {"name": "ko", "url": "https://pokeapi.co/api/v2/language/3/"}, "version_group": {"name": "lets-go-pikachu-lets-go-eevee", "url": "https://pokeapi.co/api/v2/version-group/19/"}}, {"flavor_text": "\u5c07\u767c\u52d5\u653b\u64ca\u524d\n\u6700\u5f8c\u53d7\u5230\u7684\u62db\u5f0f\u50b7\u5bb3\u653e\u5927\uff0c\n\u5411\u5c0d\u624b\u9032\u884c\u53cd\u64ca\u3002", "language": {"name": "zh-Hant", "url": "https://pokeapi.co/api/v2/language/4/"}, "version_group": {"name": "lets-go-pikachu-lets-go-eevee", "url": "https://pokeapi.co/api/v2/version-group/19/"}}, {"flavor_text": "Le lanceur attaque le dernier ennemi l\u2019ayant bless\u00e9\ndurant le m\u00eame tour en frappant plus fort.", "language": {"name": "fr", "url": "https://pokeapi.co/api/v2/language/5/"}, "version_group": {"name": "lets-go-pikachu-lets-go-eevee", "url": "https://pokeapi.co/api/v2/version-group/19/"}}, {"flavor_text": "Attacke mit gro\u00dfer Kraft gegen den Gegner, der dem\nAnwender in derselben Runde zuletzt Schaden\nzuf\u00fcgte.", "language": {"name": "de", "url": "https://pokeapi.co/api/v2/language/6/"}, "version_group": {"name": "lets-go-pikachu-lets-go-eevee", "url": "https://pokeapi.co/api/v2/version-group/19/"}}, {"flavor_text": "Devuelve al rival el \u00faltimo ataque recibido, pero con \nmucha m\u00e1s fuerza.", "language": {"name": "es", "url": "https://pokeapi.co/api/v2/language/7/"}, "version_group": {"name": "lets-go-pikachu-lets-go-eevee", "url": "https://pokeapi.co/api/v2/version-group/19/"}}, {"flavor_text": "Chi la usa si vendica sul nemico che l\u2019ha appena\nferito con una mossa anche pi\u00f9 potente.", "language": {"name": "it", "url": "https://pokeapi.co/api/v2/language/8/"}, "version_group": {"name": "lets-go-pikachu-lets-go-eevee", "url": "https://pokeapi.co/api/v2/version-group/19/"}}, {"flavor_text": "The user retaliates with much greater force against\nthe opponent that last inflicted damage on it.", "language": {"name": "en", "url": "https://pokeapi.co/api/v2/language/9/"}, "version_group": {"name": "lets-go-pikachu-lets-go-eevee", "url": "https://pokeapi.co/api/v2/version-group/19/"}}, {"flavor_text": "\u6280\u3092\u3000\u3060\u3059\u524d\u306b\n\u6700\u5f8c\u306b\u3000\u53d7\u3051\u305f\u3000\u6280\u306e\u3000\u30c0\u30e1\u30fc\u30b8\u3092\n\u5927\u304d\u304f\u3057\u3066\u3000\u3060\u3057\u305f\u3000\u76f8\u624b\u306b\u3000\u8fd4\u3059\u3002", "language": {"name": "ja", "url": "https://pokeapi.co/api/v2/language/11/"}, "version_group": {"name": "lets-go-pikachu-lets-go-eevee", "url": "https://pokeapi.co/api/v2/version-group/19/"}}, {"flavor_text": "\u4f7f\u51fa\u62db\u5f0f\u524d\uff0c\n\u5c06\u6700\u540e\u53d7\u5230\u7684\u62db\u5f0f\u7684\u4f24\u5bb3\n\u5927\u529b\u8fd4\u8fd8\u7ed9\u5bf9\u624b\u3002", "language": {"name": "zh-Hans", "url": "https://pokeapi.co/api/v2/language/12/"}, "version_group": {"name": "lets-go-pikachu-lets-go-eevee", "url": "https://pokeapi.co/api/v2/version-group/19/"}}, {"flavor_text": "\u308f\u3056\u3092\u3000\u3060\u3059\u307e\u3048\u306b\n\u3055\u3044\u3054\u306b\u3000\u3046\u3051\u305f\u3000\u308f\u3056\u306e\u3000\u30c0\u30e1\u30fc\u30b8\u3092\n\u304a\u304a\u304d\u304f\u3057\u3066\u3000\u3060\u3057\u305f\u3000\u3042\u3044\u3066\u306b\u3000\u304b\u3048\u3059\u3002", "language": {"name": "ja-Hrkt", "url": "https://pokeapi.co/api/v2/language/1/"}, "version_group": {"name": "sword-shield", "url": "https://pokeapi.co/api/v2/version-group/20/"}}, {"flavor_text": "\uae30\uc220\uc744 \uc4f0\uae30 \uc804\uc5d0\n\ub9c8\uc9c0\ub9c9\uc73c\ub85c \ubc1b\uc740 \uae30\uc220\uc758 \ub370\ubbf8\uc9c0\ub97c\n\ub298\ub824\uc11c \uae30\uc220\uc744 \uc4f4 \uc0c1\ub300\uc5d0\uac8c \ub3cc\ub824\uc900\ub2e4.", "language": {"name": "ko", "url": "https://pokeapi.co/api/v2/language/3/"}, "version_group": {"name": "sword-shield", "url": "https://pokeapi.co/api/v2/version-group/20/"}}, {"flavor_text": "\u5c07\u767c\u52d5\u653b\u64ca\u524d\n\u6700\u5f8c\u53d7\u5230\u7684\u62db\u5f0f\u50b7\u5bb3\u653e\u5927\uff0c\n\u5411\u5c0d\u624b\u9032\u884c\u53cd\u64ca\u3002", "language": {"name": "zh-Hant", "url": "https://pokeapi.co/api/v2/language/4/"}, "version_group": {"name": "sword-shield", "url": "https://pokeapi.co/api/v2/version-group/20/"}}, {"flavor_text": "Le lanceur attaque le dernier ennemi l\u2019ayant bless\u00e9\ndurant le m\u00eame tour en frappant plus fort.", "language": {"name": "fr", "url": "https://pokeapi.co/api/v2/language/5/"}, "version_group": {"name": "sword-shield", "url": "https://pokeapi.co/api/v2/version-group/20/"}}, {"flavor_text": "Attacke mit gro\u00dfer Kraft gegen den Gegner, der dem\nAnwender in derselben Runde zuletzt Schaden zuf\u00fcgte.", "language": {"name": "de", "url": "https://pokeapi.co/api/v2/language/6/"}, "version_group": {"name": "sword-shield", "url": "https://pokeapi.co/api/v2/version-group/20/"}}, {"flavor_text": "Devuelve al rival el \u00faltimo ataque recibido, pero con \nmucha m\u00e1s fuerza.", "language": {"name": "es", "url": "https://pokeapi.co/api/v2/language/7/"}, "version_group": {"name": "sword-shield", "url": "https://pokeapi.co/api/v2/version-group/20/"}}, {"flavor_text": "Chi la usa si vendica sul nemico che l\u2019ha appena\nferito con una mossa anche pi\u00f9 potente.", "language": {"name": "it", "url": "https://pokeapi.co/api/v2/language/8/"}, "version_group": {"name": "sword-shield", "url": "https://pokeapi.co/api/v2/version-group/20/"}}, {"flavor_text": "The user retaliates with much greater force against\nthe opponent that last inflicted damage on it.", "language": {"name": "en", "url": "https://pokeapi.co/api/v2/language/9/"}, "version_group": {"name": "sword-shield", "url": "https://pokeapi.co/api/v2/version-group/20/"}}, {"flavor_text": "\u6280\u3092\u3000\u3060\u3059\u524d\u306b\n\u6700\u5f8c\u306b\u3000\u53d7\u3051\u305f\u3000\u6280\u306e\u3000\u30c0\u30e1\u30fc\u30b8\u3092\n\u5927\u304d\u304f\u3057\u3066\u3000\u3060\u3057\u305f\u3000\u76f8\u624b\u306b\u3000\u8fd4\u3059\u3002", "language": {"name": "ja", "url": "https://pokeapi.co/api/v2/language/11/"}, "version_group": {"name": "sword-shield", "url": "https://pokeapi.co/api/v2/version-group/20/"}}, {"flavor_text": "\u4f7f\u51fa\u62db\u5f0f\u524d\uff0c\n\u5c06\u6700\u540e\u53d7\u5230\u7684\u62db\u5f0f\u7684\u4f24\u5bb3\n\u5927\u529b\u8fd4\u8fd8\u7ed9\u5bf9\u624b\u3002", "language": {"name": "zh-Hans", "url": "https://pokeapi.co/api/v2/language/12/"}, "version_group": {"name": "sword-shield", "url": "https://pokeapi.co/api/v2/version-group/20/"}}], "generation": {"name": "generation-iv", "url": "https://pokeapi.co/api/v2/generation/4/"}, "id": 368, "learned_by_pokemon": [{"name": "rhyhorn", "url": "https://pokeapi.co/api/v2/pokemon/111/"}, {"name": "rhydon", "url": "https://pokeapi.co/api/v2/pokemon/112/"}, {"name": "sableye", "url": "https://pokeapi.co/api/v2/pokemon/302/"}, {"name": "mawile", "url": "https://pokeapi.co/api/v2/pokemon/303/"}, {"name": "aron", "url": "https://pokeapi.co/api/v2/pokemon/304/"}, {"name": "lairon", "url": "https://pokeapi.co/api/v2/pokemon/305/"}, {"name": "aggron", "url": "https://pokeapi.co/api/v2/pokemon/306/"}, {"name": "shieldon", "url": "https://pokeapi.co/api/v2/pokemon/410/"}, {"name": "bastiodon", "url": "https://pokeapi.co/api/v2/pokemon/411/"}, {"name": "rhyperior", "url": "https://pokeapi.co/api/v2/pokemon/464/"}, {"name": "dialga", "url": "https://pokeapi.co/api/v2/pokemon/483/"}, {"name": "escavalier", "url": "https://pokeapi.co/api/v2/pokemon/589/"}, {"name": "bisharp", "url": "https://pokeapi.co/api/v2/pokemon/625/"}, {"name": "durant", "url": "https://pokeapi.co/api/v2/pokemon/632/"}, {"name": "cobalion", "url": "https://pokeapi.co/api/v2/pokemon/638/"}, {"name": "solgaleo", "url": "https://pokeapi.co/api/v2/pokemon/791/"}, {"name": "perrserker", "url": "https://pokeapi.co/api/v2/pokemon/863/"}, {"name": "duraludon", "url": "https://pokeapi.co/api/v2/pokemon/884/"}, {"name": "zamazenta", "url": "https://pokeapi.co/api/v2/pokemon/889/"}, {"name": "orthworm", "url": "https://pokeapi.co/api/v2/pokemon/968/"}, {"name": "kingambit", "url": "https://pokeapi.co/api/v2/pokemon/983/"}, {"name": "archaludon", "url": "https://pokeapi.co/api/v2/pokemon/1018/"}, {"name": "iron-crown", "url": "https://pokeapi.co/api/v2/pokemon/1023/"}, {"name": "wormadam-trash", "url": "https://pokeapi.co/api/v2/pokemon/10005/"}, {"name": "mawile-mega", "url": "https://pokeapi.co/api/v2/pokemon/10052/"}, {"name": "aggron-mega", "url": "https://pokeapi.co/api/v2/pokemon/10053/"}, {"name": "sableye-mega", "url": "https://pokeapi.co/api/v2/pokemon/10066/"}, {"name": "sandslash-alola", "url": "https://pokeapi.co/api/v2/pokemon/10102/"}, {"name": "zamazenta-crowned", "url": "https://pokeapi.co/api/v2/pokemon/10189/"}, {"name": "dialga-origin", "url": "https://pokeapi.co/api/v2/pokemon/10245/"}], "machines": [], "meta": {"ailment": {"name": "none", "url": "https://pokeapi.co/api/v2/move-ailment/0/"}, "ailment_chance": 0, "category": {"name": "damage", "url": "https://pokeapi.co/api/v2/move-category/0/"}, "crit_rate": 0, "drain": 0, "flinch_chance": 0, "healing": 0, "max_hits": null, "max_turns": null, "min_hits": null, "min_turns": null, "stat_chance": 0}, "name": "metal-burst", "names": [{"language": {"name": "ja-Hrkt", "url": "https://pokeapi.co/api/v2/language/1/"}, "name": "\u30e1\u30bf\u30eb\u30d0\u30fc\u30b9\u30c8"}, {"language": {"name": "ko", "url": "https://pokeapi.co/api/v2/language/3/"}, "name": "\uba54\ud0c8\ubc84\uc2a4\ud2b8"}, {"language": {"name": "zh-Hant", "url": "https://pokeapi.co/api/v2/language/4/"}, "name": "\u91d1\u5c6c\u7206\u70b8"}, {"language": {"name": "fr", "url": "https://pokeapi.co/api/v2/language/5/"}, "name": "Fulmifer"}, {"language": {"name": "de", "url": "https://pokeapi.co/api/v2/language/6/"}, "name": "Metallsto\u00df"}, {"language": {"name": "es", "url": "https://pokeapi.co/api/v2/language/7/"}, "name": "Represi\u00f3n Metal"}, {"language": {"name": "it", "url": "https://pokeapi.co/api/v2/language/8/"}, "name": "Metalscoppio"}, {"language": {"name": "en", "url": "https://pokeapi.co/api/v2/language/9/"}, "name": "Metal Burst"}, {"language": {"name": "ja", "url": "https://pokeapi.co/api/v2/language/11/"}, "name": "\u30e1\u30bf\u30eb\u30d0\u30fc\u30b9\u30c8"}, {"language": {"name": "zh-Hans", "url": "https://pokeapi.co/api/v2/language/12/"}, "name": "\u91d1\u5c5e\u7206\u70b8"}], "past_values": [], "power": null, "pp": 10, "priority": 0, "stat_changes": [], "super_contest_effect": {"url": "https://pokeapi.co/api/v2/super-contest-effect/15/"}, "target": {"name": "specific-move", "url": "https://pokeapi.co/api/v2/move-target/1/"}, "type": {"name": "steel", "url": "https://pokeapi.co/api/v2/type/9/"}}