{"accuracy": 100, "contest_combos": {"normal": {"use_after": [{"name": "taunt", "url": "https://pokeapi.co/api/v2/move/269/"}], "use_before": null}, "super": {"use_after": null, "use_before": null}}, "contest_effect": {"url": "https://pokeapi.co/api/v2/contest-effect/16/"}, "contest_type": {"name": "beauty", "url": "https://pokeapi.co/api/v2/contest-type/2/"}, "damage_class": {"name": "special", "url": "https://pokeapi.co/api/v2/move-damage-class/3/"}, "effect_chance": null, "effect_changes": [], "effect_entries": [{"effect": "Targets the last opposing Pok\u00e9mon to hit the user with a special move this turn.  Inflicts twice the damage that move did to the user.  If there is no eligible target, this move will fail.  Type immunity applies, but other type effects are ignored.\n\nThis move cannot be copied by mirror move, nor selected by assist or metronome.", "language": {"name": "en", "url": "https://pokeapi.co/api/v2/language/9/"}, "short_effect": "Inflicts twice the damage the user received from the last special hit it took."}], "flavor_text_entries": [{"flavor_text": "\u5c07\u4f86\u81ea\u5c0d\u624b\u7684\u7279\u6b8a\u653b\u64ca\u50b7\u5bb3\u52a0\u500d\u5f8c\uff0c\n\u8fd4\u9084\u7d66\u8a72\u5c0d\u624b\u3002", "language": {"name": "zh-Hant", "url": "https://pokeapi.co/api/v2/language/4/"}, "version_group": {"name": "lets-go-pikachu-lets-go-eevee", "url": "https://pokeapi.co/api/v2/version-group/19/"}}, {"flavor_text": "Counters a SPCL.\nATK. move double.", "language": {"name": "en", "url": "https://pokeapi.co/api/v2/language/9/"}, "version_group": {"name": "gold-silver", "url": "https://pokeapi.co/api/v2/version-group/3/"}}, {"flavor_text": "Counters a SPCL.\nATK move double.", "language": {"name": "en", "url": "https://pokeapi.co/api/v2/language/9/"}, "version_group": {"name": "crystal", "url": "https://pokeapi.co/api/v2/version-group/4/"}}, {"flavor_text": "Counters the foe\u2019s special\nattack at double the power.", "language": {"name": "en", "url": "https://pokeapi.co/api/v2/language/9/"}, "version_group": {"name": "ruby-sapphire", "url": "https://pokeapi.co/api/v2/version-group/5/"}}, {"flavor_text": "Counters the foe\u2019s special\nattack at double the power.", "language": {"name": "en", "url": "https://pokeapi.co/api/v2/language/9/"}, "version_group": {"name": "emerald", "url": "https://pokeapi.co/api/v2/version-group/6/"}}, {"flavor_text": "A retaliation move\nthat pays back the\nfoe\u2019s special attack\ndouble.", "language": {"name": "en", "url": "https://pokeapi.co/api/v2/language/9/"}, "version_group": {"name": "firered-leafgreen", "url": "https://pokeapi.co/api/v2/version-group/7/"}}, {"flavor_text": "A retaliation move\nthat counters any\nspecial attack,\ninflicting double the\ndamage taken.", "language": {"name": "en", "url": "https://pokeapi.co/api/v2/language/9/"}, "version_group": {"name": "diamond-pearl", "url": "https://pokeapi.co/api/v2/version-group/8/"}}, {"flavor_text": "A retaliation move\nthat counters any\nspecial attack,\ninflicting double the\ndamage taken.", "language": {"name": "en", "url": "https://pokeapi.co/api/v2/language/9/"}, "version_group": {"name": "platinum", "url": "https://pokeapi.co/api/v2/version-group/9/"}}, {"flavor_text": "A retaliation move\nthat counters any\nspecial attack,\ninflicting double the\ndamage taken.", "language": {"name": "en", "url": "https://pokeapi.co/api/v2/language/9/"}, "version_group": {"name": "heartgold-soulsilver", "url": "https://pokeapi.co/api/v2/version-group/10/"}}, {"flavor_text": "Une riposte qui contre n\u2019importe quelle\nattaque sp\u00e9ciale en infligeant le double\ndes d\u00e9g\u00e2ts subis.", "language": {"name": "fr", "url": "https://pokeapi.co/api/v2/language/5/"}, "version_group": {"name": "black-white", "url": "https://pokeapi.co/api/v2/version-group/11/"}}, {"flavor_text": "A retaliation move that counters any\nspecial attack, inflicting double the\ndamage taken.", "language": {"name": "en", "url": "https://pokeapi.co/api/v2/language/9/"}, "version_group": {"name": "black-white", "url": "https://pokeapi.co/api/v2/version-group/11/"}}, {"flavor_text": "A retaliation move that counters any\nspecial attack, inflicting double the\ndamage taken.", "language": {"name": "en", "url": "https://pokeapi.co/api/v2/language/9/"}, "version_group": {"name": "black-2-white-2", "url": "https://pokeapi.co/api/v2/version-group/14/"}}, {"flavor_text": "\u3042\u3044\u3066\u304b\u3089\u3000\u3046\u3051\u305f\u3000\u3068\u304f\u3057\u3085\u3000\u3053\u3046\u3052\u304d\u306e\n\u30c0\u30e1\u30fc\u30b8\u3092\u3000\uff12\u3070\u3044\u306b\u3000\u3057\u3066\n\u305d\u306e\u3042\u3044\u3066\u306b\u3000\u304b\u3048\u3059\u3002", "language": {"name": "ja-Hrkt", "url": "https://pokeapi.co/api/v2/language/1/"}, "version_group": {"name": "x-y", "url": "https://pokeapi.co/api/v2/version-group/15/"}}, {"flavor_text": "\uc0c1\ub300\uc5d0\uac8c \ubc1b\uc740 \ud2b9\uc218\uacf5\uaca9\uc758\n\ub370\ubbf8\uc9c0\ub97c 2\ubc30\ub85c \ub9cc\ub4e4\uc5b4\n\uadf8 \uc0c1\ub300\uc5d0\uac8c \ub3cc\ub824\uc900\ub2e4.", "language": {"name": "ko", "url": "https://pokeapi.co/api/v2/language/3/"}, "version_group": {"name": "x-y", "url": "https://pokeapi.co/api/v2/version-group/15/"}}, {"flavor_text": "Une riposte qui contre n\u2019importe quelle attaque\nsp\u00e9ciale en infligeant le double des d\u00e9g\u00e2ts subis.", "language": {"name": "fr", "url": "https://pokeapi.co/api/v2/language/5/"}, "version_group": {"name": "x-y", "url": "https://pokeapi.co/api/v2/version-group/15/"}}, {"flavor_text": "Kontert den Spezial-Angriff des Gegners\nmit doppeltem Schaden.", "language": {"name": "de", "url": "https://pokeapi.co/api/v2/language/6/"}, "version_group": {"name": "x-y", "url": "https://pokeapi.co/api/v2/version-group/15/"}}, {"flavor_text": "Responde a un ataque especial ocasionando el\ndoble del da\u00f1o recibido.", "language": {"name": "es", "url": "https://pokeapi.co/api/v2/language/7/"}, "version_group": {"name": "x-y", "url": "https://pokeapi.co/api/v2/version-group/15/"}}, {"flavor_text": "Mossa che replica ogni attacco speciale,\narrecando il doppio del danno ricevuto.", "language": {"name": "it", "url": "https://pokeapi.co/api/v2/language/8/"}, "version_group": {"name": "x-y", "url": "https://pokeapi.co/api/v2/version-group/15/"}}, {"flavor_text": "A retaliation move that counters any\nspecial attack, inflicting double the\ndamage taken.", "language": {"name": "en", "url": "https://pokeapi.co/api/v2/language/9/"}, "version_group": {"name": "x-y", "url": "https://pokeapi.co/api/v2/version-group/15/"}}, {"flavor_text": "\u76f8\u624b\u304b\u3089\u3000\u53d7\u3051\u305f\u3000\u7279\u6b8a\u653b\u6483\u306e\n\u30c0\u30e1\u30fc\u30b8\u3092\u3000\uff12\u500d\u306b\u3000\u3057\u3066\n\u305d\u306e\u76f8\u624b\u306b\u3000\u8fd4\u3059\u3002", "language": {"name": "ja", "url": "https://pokeapi.co/api/v2/language/11/"}, "version_group": {"name": "x-y", "url": "https://pokeapi.co/api/v2/version-group/15/"}}, {"flavor_text": "\u3042\u3044\u3066\u304b\u3089\u3000\u3046\u3051\u305f\u3000\u3068\u304f\u3057\u3085\u3000\u3053\u3046\u3052\u304d\u306e\n\u30c0\u30e1\u30fc\u30b8\u3092\u3000\uff12\u3070\u3044\u306b\u3000\u3057\u3066\n\u305d\u306e\u3042\u3044\u3066\u306b\u3000\u304b\u3048\u3059\u3002", "language": {"name": "ja-Hrkt", "url": "https://pokeapi.co/api/v2/language/1/"}, "version_group": {"name": "omega-ruby-alpha-sapphire", "url": "https://pokeapi.co/api/v2/version-group/16/"}}, {"flavor_text": "\uc0c1\ub300\uc5d0\uac8c \ubc1b\uc740 \ud2b9\uc218\uacf5\uaca9\uc758\n\ub370\ubbf8\uc9c0\ub97c 2\ubc30\ub85c \ub9cc\ub4e4\uc5b4\n\uadf8 \uc0c1\ub300\uc5d0\uac8c \ub3cc\ub824\uc900\ub2e4.", "language": {"name": "ko", "url": "https://pokeapi.co/api/v2/language/3/"}, "version_group": {"name": "omega-ruby-alpha-sapphire", "url": "https://pokeapi.co/api/v2/version-group/16/"}}, {"flavor_text": "Une riposte qui contre n\u2019importe quelle attaque\nsp\u00e9ciale en infligeant le double des d\u00e9g\u00e2ts subis.", "language": {"name": "fr", "url": "https://pokeapi.co/api/v2/language/5/"}, "version_group": {"name": "omega-ruby-alpha-sapphire", "url": "https://pokeapi.co/api/v2/version-group/16/"}}, {"flavor_text": "Kontert den Spezial-Angriff des Gegners\nmit doppeltem Schaden.", "language": {"name": "de", "url": "https://pokeapi.co/api/v2/language/6/"}, "version_group": {"name": "omega-ruby-alpha-sapphire", "url": "https://pokeapi.co/api/v2/version-group/16/"}}, {"flavor_text": "Responde a un ataque especial ocasionando el doble \ndel da\u00f1o recibido.", "language": {"name": "es", "url": "https://pokeapi.co/api/v2/language/7/"}, "version_group": {"name": "omega-ruby-alpha-sapphire", "url": "https://pokeapi.co/api/v2/version-group/16/"}}, {"flavor_text": "Mossa che replica ogni attacco speciale,\narrecando il doppio del danno ricevuto.", "language": {"name": "it", "url": "https://pokeapi.co/api/v2/language/8/"}, "version_group": {"name": "omega-ruby-alpha-sapphire", "url": "https://pokeapi.co/api/v2/version-group/16/"}}, {"flavor_text": "A retaliation move that counters any\nspecial attack, inflicting double the\ndamage taken.", "language": {"name": "en", "url": "https://pokeapi.co/api/v2/language/9/"}, "version_group": {"name": "omega-ruby-alpha-sapphire", "url": "https://pokeapi.co/api/v2/version-group/16/"}}, {"flavor_text": "\u76f8\u624b\u304b\u3089\u3000\u53d7\u3051\u305f\u3000\u7279\u6b8a\u653b\u6483\u306e\n\u30c0\u30e1\u30fc\u30b8\u3092\u3000\uff12\u500d\u306b\u3000\u3057\u3066\n\u305d\u306e\u76f8\u624b\u306b\u3000\u8fd4\u3059\u3002", "language": {"name": "ja", "url": "https://pokeapi.co/api/v2/language/11/"}, "version_group": {"name": "omega-ruby-alpha-sapphire", "url": "https://pokeapi.co/api/v2/version-group/16/"}}, {"flavor_text": "\u3042\u3044\u3066\u304b\u3089\u3000\u3046\u3051\u305f\u3000\u3068\u304f\u3057\u3085\u3000\u3053\u3046\u3052\u304d\u306e\n\u30c0\u30e1\u30fc\u30b8\u3092\u3000\uff12\u3070\u3044\u306b\u3000\u3057\u3066\n\u305d\u306e\u3042\u3044\u3066\u306b\u3000\u304b\u3048\u3059\u3002", "language": {"name": "ja-Hrkt", "url": "https://pokeapi.co/api/v2/language/1/"}, "version_group": {"name": "sun-moon", "url": "https://pokeapi.co/api/v2/version-group/17/"}}, {"flavor_text": "\uc0c1\ub300\uc5d0\uac8c \ubc1b\uc740 \ud2b9\uc218\uacf5\uaca9\uc758\n\ub370\ubbf8\uc9c0\ub97c 2\ubc30\ub85c \ub9cc\ub4e4\uc5b4\n\uadf8 \uc0c1\ub300\uc5d0\uac8c \ub3cc\ub824\uc900\ub2e4.", "language": {"name": "ko", "url": "https://pokeapi.co/api/v2/language/3/"}, "version_group": {"name": "sun-moon", "url": "https://pokeapi.co/api/v2/version-group/17/"}}, {"flavor_text": "\u5c07\u4f86\u81ea\u5c0d\u624b\u7684\u7279\u6b8a\u653b\u64ca\u50b7\u5bb3\u52a0\u500d\u5f8c\uff0c\n\u8fd4\u9084\u7d66\u8a72\u5c0d\u624b\u3002", "language": {"name": "zh-Hant", "url": "https://pokeapi.co/api/v2/language/4/"}, "version_group": {"name": "sun-moon", "url": "https://pokeapi.co/api/v2/version-group/17/"}}, {"flavor_text": "Une riposte qui contre n\u2019importe quelle capacit\u00e9\nsp\u00e9ciale en infligeant le double des d\u00e9g\u00e2ts subis.", "language": {"name": "fr", "url": "https://pokeapi.co/api/v2/language/5/"}, "version_group": {"name": "sun-moon", "url": "https://pokeapi.co/api/v2/version-group/17/"}}, {"flavor_text": "Kontert den Spezial-Angriff des Gegners mit\ndoppeltem Schaden.", "language": {"name": "de", "url": "https://pokeapi.co/api/v2/language/6/"}, "version_group": {"name": "sun-moon", "url": "https://pokeapi.co/api/v2/version-group/17/"}}, {"flavor_text": "Responde a un ataque especial ocasionando el doble \ndel da\u00f1o recibido.", "language": {"name": "es", "url": "https://pokeapi.co/api/v2/language/7/"}, "version_group": {"name": "sun-moon", "url": "https://pokeapi.co/api/v2/version-group/17/"}}, {"flavor_text": "Mossa che replica ogni attacco speciale,\narrecando il doppio del danno ricevuto.", "language": {"name": "it", "url": "https://pokeapi.co/api/v2/language/8/"}, "version_group": {"name": "sun-moon", "url": "https://pokeapi.co/api/v2/version-group/17/"}}, {"flavor_text": "A retaliation move that counters any special attack,\ninflicting double the damage taken.", "language": {"name": "en", "url": "https://pokeapi.co/api/v2/language/9/"}, "version_group": {"name": "sun-moon", "url": "https://pokeapi.co/api/v2/version-group/17/"}}, {"flavor_text": "\u76f8\u624b\u304b\u3089\u3000\u53d7\u3051\u305f\u3000\u7279\u6b8a\u653b\u6483\u306e\n\u30c0\u30e1\u30fc\u30b8\u3092\u3000\uff12\u500d\u306b\u3000\u3057\u3066\n\u305d\u306e\u76f8\u624b\u306b\u3000\u8fd4\u3059\u3002", "language": {"name": "ja", "url": "https://pokeapi.co/api/v2/language/11/"}, "version_group": {"name": "sun-moon", "url": "https://pokeapi.co/api/v2/version-group/17/"}}, {"flavor_text": "\u4ece\u5bf9\u624b\u90a3\u91cc\u53d7\u5230\n\u7279\u6b8a\u653b\u51fb\u7684\u4f24\u5bb3\u5c06\u4ee5\n\uff12\u500d\u8fd4\u8fd8\u7ed9\u540c\u4e00\u4e2a\u5bf9\u624b\u3002", "language": {"name": "zh-Hans", "url": "https://pokeapi.co/api/v2/language/12/"}, "version_group": {"name": "sun-moon", "url": "https://pokeapi.co/api/v2/version-group/17/"}}, {"flavor_text": "\u3042\u3044\u3066\u304b\u3089\u3000\u3046\u3051\u305f\u3000\u3068\u304f\u3057\u3085\u3000\u3053\u3046\u3052\u304d\u306e\n\u30c0\u30e1\u30fc\u30b8\u3092\u3000\uff12\u3070\u3044\u306b\u3000\u3057\u3066\n\u305d\u306e\u3042\u3044\u3066\u306b\u3000\u304b\u3048\u3059\u3002", "language": {"name": "ja-Hrkt", "url": "https://pokeapi.co/api/v2/language/1/"}, "version_group": {"name": "ultra-sun-ultra-moon", "url": "https://pokeapi.co/api/v2/version-group/18/"}}, {"flavor_text": "\uc0c1\ub300\uc5d0\uac8c \ubc1b\uc740 \ud2b9\uc218\uacf5\uaca9\uc758\n\ub370\ubbf8\uc9c0\ub97c 2\ubc30\ub85c \ub9cc\ub4e4\uc5b4\n\uadf8 \uc0c1\ub300\uc5d0\uac8c \ub3cc\ub824\uc900\ub2e4.", "language": {"name": "ko", "url": "https://pokeapi.co/api/v2/language/3/"}, "version_group": {"name": "ultra-sun-ultra-moon", "url": "https://pokeapi.co/api/v2/version-group/18/"}}, {"flavor_text": "\u5c07\u4f86\u81ea\u5c0d\u624b\u7684\u7279\u6b8a\u653b\u64ca\u50b7\u5bb3\u52a0\u500d\u5f8c\uff0c\n\u8fd4\u9084\u7d66\u8a72\u5c0d\u624b\u3002", "language": {"name": "zh-Hant", "url": "https://pokeapi.co/api/v2/language/4/"}, "version_group": {"name": "ultra-sun-ultra-moon", "url": "https://pokeapi.co/api/v2/version-group/18/"}}, {"flavor_text": "Une riposte qui contre n\u2019importe quelle capacit\u00e9\nsp\u00e9ciale en infligeant le double des d\u00e9g\u00e2ts subis.", "language": {"name": "fr", "url": "https://pokeapi.co/api/v2/language/5/"}, "version_group": {"name": "ultra-sun-ultra-moon", "url": "https://pokeapi.co/api/v2/version-group/18/"}}, {"flavor_text": "Kontert den Spezial-Angriff des Gegners mit\ndoppeltem Schaden.", "language": {"name": "de", "url": "https://pokeapi.co/api/v2/language/6/"}, "version_group": {"name": "ultra-sun-ultra-moon", "url": "https://pokeapi.co/api/v2/version-group/18/"}}, {"flavor_text": "Responde a un ataque especial ocasionando el doble \ndel da\u00f1o recibido.", "language": {"name": "es", "url": "https://pokeapi.co/api/v2/language/7/"}, "version_group": {"name": "ultra-sun-ultra-moon", "url": "https://pokeapi.co/api/v2/version-group/18/"}}, {"flavor_text": "Mossa che replica ogni attacco speciale,\narrecando il doppio del danno ricevuto.", "language": {"name": "it", "url": "https://pokeapi.co/api/v2/language/8/"}, "version_group": {"name": "ultra-sun-ultra-moon", "url": "https://pokeapi.co/api/v2/version-group/18/"}}, {"flavor_text": "A retaliation move that counters any special attack,\ninflicting double the damage taken.", "language": {"name": "en", "url": "https://pokeapi.co/api/v2/language/9/"}, "version_group": {"name": "ultra-sun-ultra-moon", "url": "https://pokeapi.co/api/v2/version-group/18/"}}, {"flavor_text": "\u76f8\u624b\u304b\u3089\u3000\u53d7\u3051\u305f\u3000\u7279\u6b8a\u653b\u6483\u306e\n\u30c0\u30e1\u30fc\u30b8\u3092\u3000\uff12\u500d\u306b\u3000\u3057\u3066\n\u305d\u306e\u76f8\u624b\u306b\u3000\u8fd4\u3059\u3002", "language": {"name": "ja", "url": "https://pokeapi.co/api/v2/language/11/"}, "version_group": {"name": "ultra-sun-ultra-moon", "url": "https://pokeapi.co/api/v2/version-group/18/"}}, {"flavor_text": "\u4ece\u5bf9\u624b\u90a3\u91cc\u53d7\u5230\n\u7279\u6b8a\u653b\u51fb\u7684\u4f24\u5bb3\u5c06\u4ee5\n\uff12\u500d\u8fd4\u8fd8\u7ed9\u540c\u4e00\u4e2a\u5bf9\u624b\u3002", "language": {"name": "zh-Hans", "url": "https://pokeapi.co/api/v2/language/12/"}, "version_group": {"name": "ultra-sun-ultra-moon", "url": "https://pokeapi.co/api/v2/version-group/18/"}}, {"flavor_text": "\u3042\u3044\u3066\u304b\u3089\u3000\u3046\u3051\u305f\u3000\u3068\u304f\u3057\u3085\u3000\u3053\u3046\u3052\u304d\u306e\n\u30c0\u30e1\u30fc\u30b8\u3092\u3000\uff12\u3070\u3044\u306b\u3000\u3057\u3066\n\u305d\u306e\u3042\u3044\u3066\u306b\u3000\u304b\u3048\u3059\u3002", "language": {"name": "ja-Hrkt", "url": "https://pokeapi.co/api/v2/language/1/"}, "version_group": {"name": "lets-go-pikachu-lets-go-eevee", "url": "https://pokeapi.co/api/v2/version-group/19/"}}, {"flavor_text": "\uc0c1\ub300\uc5d0\uac8c \ubc1b\uc740 \ud2b9\uc218\uacf5\uaca9\uc758\n\ub370\ubbf8\uc9c0\ub97c 2\ubc30\ub85c \ub9cc\ub4e4\uc5b4\n\uadf8 \uc0c1\ub300\uc5d0\uac8c \ub3cc\ub824\uc900\ub2e4.", "language": {"name": "ko", "url": "https://pokeapi.co/api/v2/language/3/"}, "version_group": {"name": "lets-go-pikachu-lets-go-eevee", "url": "https://pokeapi.co/api/v2/version-group/19/"}}, {"flavor_text": "Une riposte qui contre n\u2019importe quelle capacit\u00e9 sp\u00e9ciale\nen infligeant le double des d\u00e9g\u00e2ts subis.", "language": {"name": "fr", "url": "https://pokeapi.co/api/v2/language/5/"}, "version_group": {"name": "lets-go-pikachu-lets-go-eevee", "url": "https://pokeapi.co/api/v2/version-group/19/"}}, {"flavor_text": "Kontert den Spezial-Angriff des Gegners mit\ndoppeltem Schaden.", "language": {"name": "de", "url": "https://pokeapi.co/api/v2/language/6/"}, "version_group": {"name": "lets-go-pikachu-lets-go-eevee", "url": "https://pokeapi.co/api/v2/version-group/19/"}}, {"flavor_text": "Responde a un ataque especial ocasionando el doble \ndel da\u00f1o recibido.", "language": {"name": "es", "url": "https://pokeapi.co/api/v2/language/7/"}, "version_group": {"name": "lets-go-pikachu-lets-go-eevee", "url": "https://pokeapi.co/api/v2/version-group/19/"}}, {"flavor_text": "Mossa che replica ogni attacco speciale,\narrecando il doppio del danno ricevuto.", "language": {"name": "it", "url": "https://pokeapi.co/api/v2/language/8/"}, "version_group": {"name": "lets-go-pikachu-lets-go-eevee", "url": "https://pokeapi.co/api/v2/version-group/19/"}}, {"flavor_text": "A retaliation move that counters any special attack,\ninflicting double the damage taken.", "language": {"name": "en", "url": "https://pokeapi.co/api/v2/language/9/"}, "version_group": {"name": "lets-go-pikachu-lets-go-eevee", "url": "https://pokeapi.co/api/v2/version-group/19/"}}, {"flavor_text": "\u76f8\u624b\u304b\u3089\u3000\u53d7\u3051\u305f\u3000\u7279\u6b8a\u653b\u6483\u306e\n\u30c0\u30e1\u30fc\u30b8\u3092\u3000\uff12\u500d\u306b\u3000\u3057\u3066\n\u305d\u306e\u76f8\u624b\u306b\u3000\u8fd4\u3059\u3002", "language": {"name": "ja", "url": "https://pokeapi.co/api/v2/language/11/"}, "version_group": {"name": "lets-go-pikachu-lets-go-eevee", "url": "https://pokeapi.co/api/v2/version-group/19/"}}, {"flavor_text": "\u4ece\u5bf9\u624b\u90a3\u91cc\u53d7\u5230\n\u7279\u6b8a\u653b\u51fb\u7684\u4f24\u5bb3\u5c06\u4ee5\n\uff12\u500d\u8fd4\u8fd8\u7ed9\u540c\u4e00\u4e2a\u5bf9\u624b\u3002", "language": {"name": "zh-Hans", "url": "https://pokeapi.co/api/v2/language/12/"}, "version_group": {"name": "lets-go-pikachu-lets-go-eevee", "url": "https://pokeapi.co/api/v2/version-group/19/"}}, {"flavor_text": "\u3042\u3044\u3066\u304b\u3089\u3000\u3046\u3051\u305f\u3000\u3068\u304f\u3057\u3085\u3000\u3053\u3046\u3052\u304d\u306e\n\u30c0\u30e1\u30fc\u30b8\u3092\u3000\uff12\u3070\u3044\u306b\u3000\u3057\u3066\n\u305d\u306e\u3042\u3044\u3066\u306b\u3000\u304b\u3048\u3059\u3002", "language": {"name": "ja-Hrkt", "url": "https://pokeapi.co/api/v2/language/1/"}, "version_group": {"name": "sword-shield", "url": "https://pokeapi.co/api/v2/version-group/20/"}}, {"flavor_text": "\uc0c1\ub300\uc5d0\uac8c \ubc1b\uc740 \ud2b9\uc218\uacf5\uaca9\uc758\n\ub370\ubbf8\uc9c0\ub97c 2\ubc30\ub85c \ub9cc\ub4e4\uc5b4\n\uadf8 \uc0c1\ub300\uc5d0\uac8c \ub3cc\ub824\uc900\ub2e4.", "language": {"name": "ko", "url": "https://pokeapi.co/api/v2/language/3/"}, "version_group": {"name": "sword-shield", "url": "https://pokeapi.co/api/v2/version-group/20/"}}, {"flavor_text": "\u5c07\u4f86\u81ea\u5c0d\u624b\u7684\u7279\u6b8a\u653b\u64ca\u50b7\u5bb3\u52a0\u500d\u5f8c\uff0c\n\u8fd4\u9084\u7d66\u8a72\u5c0d\u624b\u3002", "language": {"name": "zh-Hant", "url": "https://pokeapi.co/api/v2/language/4/"}, "version_group": {"name": "sword-shield", "url": "https://pokeapi.co/api/v2/version-group/20/"}}, {"flavor_text": "Une riposte qui contre n\u2019importe quelle capacit\u00e9\nsp\u00e9ciale en infligeant le double des d\u00e9g\u00e2ts subis.", "language": {"name": "fr", "url": "https://pokeapi.co/api/v2/language/5/"}, "version_group": {"name": "sword-shield", "url": "https://pokeapi.co/api/v2/version-group/20/"}}, {"flavor_text": "Kontert die Spezial-Attacke des Gegners mit doppeltem\nSchaden.", "language": {"name": "de", "url": "https://pokeapi.co/api/v2/language/6/"}, "version_group": {"name": "sword-shield", "url": "https://pokeapi.co/api/v2/version-group/20/"}}, {"flavor_text": "Responde a un ataque especial ocasionando el doble \ndel da\u00f1o recibido.", "language": {"name": "es", "url": "https://pokeapi.co/api/v2/language/7/"}, "version_group": {"name": "sword-shield", "url": "https://pokeapi.co/api/v2/version-group/20/"}}, {"flavor_text": "Mossa che replica ogni attacco speciale,\narrecando il doppio del danno ricevuto.", "language": {"name": "it", "url": "https://pokeapi.co/api/v2/language/8/"}, "version_group": {"name": "sword-shield", "url": "https://pokeapi.co/api/v2/version-group/20/"}}, {"flavor_text": "A retaliation move that counters any special attack,\ninflicting double the damage taken.", "language": {"name": "en", "url": "https://pokeapi.co/api/v2/language/9/"}, "version_group": {"name": "sword-shield", "url": "https://pokeapi.co/api/v2/version-group/20/"}}, {"flavor_text": "\u76f8\u624b\u304b\u3089\u3000\u53d7\u3051\u305f\u3000\u7279\u6b8a\u653b\u6483\u306e\n\u30c0\u30e1\u30fc\u30b8\u3092\u3000\uff12\u500d\u306b\u3000\u3057\u3066\n\u305d\u306e\u76f8\u624b\u306b\u3000\u8fd4\u3059\u3002", "language": {"name": "ja", "url": "https://pokeapi.co/api/v2/language/11/"}, "version_group": {"name": "sword-shield", "url": "https://pokeapi.co/api/v2/version-group/20/"}}, {"flavor_text": "\u4ece\u5bf9\u624b\u90a3\u91cc\u53d7\u5230\n\u7279\u6b8a\u653b\u51fb\u7684\u4f24\u5bb3\u5c06\u4ee5\n\uff12\u500d\u8fd4\u8fd8\u7ed9\u540c\u4e00\u4e2a\u5bf9\u624b\u3002", "language": {"name": "zh-Hans", "url": "https://pokeapi.co/api/v2/language/12/"}, "version_group": {"name": "sword-shield", "url": "https://pokeapi.co/api/v2/version-group/20/"}}], "generation": {"name": "generation-ii", "url": "https://pokeapi.co/api/v2/generation/2/"}, "id": 243, "learned_by_pokemon": [{"name": "squirtle", "url": "https://pokeapi.co/api/v2/pokemon/7/"}, {"name": "wartortle", "url": "https://pokeapi.co/api/v2/pokemon/8/"}, {"name": "blastoise", "url": "https://pokeapi.co/api/v2/pokemon/9/"}, {"name": "tentacool", "url": "https://pokeapi.co/api/v2/pokemon/72/"}, {"name": "tentacruel", "url": "https://pokeapi.co/api/v2/pokemon/73/"}, {"name": "voltorb", "url": "https://pokeapi.co/api/v2/pokemon/100/"}, {"name": "electrode", "url": "https://pokeapi.co/api/v2/pokemon/101/"}, {"name": "articuno", "url": "https://pokeapi.co/api/v2/pokemon/144/"}, {"name": "wobbuffet", "url": "https://pokeapi.co/api/v2/pokemon/202/"}, {"name": "girafarig", "url": "https://pokeapi.co/api/v2/pokemon/203/"}, {"name": "corsola", "url": "https://pokeapi.co/api/v2/pokemon/222/"}, {"name": "mantine", "url": "https://pokeapi.co/api/v2/pokemon/226/"}, {"name": "suicune", "url": "https://pokeapi.co/api/v2/pokemon/245/"}, {"name": "mudkip", "url": "https://pokeapi.co/api/v2/pokemon/258/"}, {"name": "marshtomp", "url": "https://pokeapi.co/api/v2/pokemon/259/"}, {"name": "swampert", "url": "https://pokeapi.co/api/v2/pokemon/260/"}, {"name": "spoink", "url": "https://pokeapi.co/api/v2/pokemon/325/"}, {"name": "lileep", "url": "https://pokeapi.co/api/v2/pokemon/345/"}, {"name": "feebas", "url": "https://pokeapi.co/api/v2/pokemon/349/"}, {"name": "milotic", "url": "https://pokeapi.co/api/v2/pokemon/350/"}, {"name": "wynaut", "url": "https://pokeapi.co/api/v2/pokemon/360/"}, {"name": "shellos", "url": "https://pokeapi.co/api/v2/pokemon/422/"}, {"name": "lopunny", "url": "https://pokeapi.co/api/v2/pokemon/428/"}, {"name": "mantyke", "url": "https://pokeapi.co/api/v2/pokemon/458/"}, {"name": "magnezone", "url": "https://pokeapi.co/api/v2/pokemon/462/"}, {"name": "glaceon", "url": "https://pokeapi.co/api/v2/pokemon/471/"}, {"name": "snivy", "url": "https://pokeapi.co/api/v2/pokemon/495/"}, {"name": "servine", "url": "https://pokeapi.co/api/v2/pokemon/496/"}, {"name": "serperior", "url": "https://pokeapi.co/api/v2/pokemon/497/"}, {"name": "gothita", "url": "https://pokeapi.co/api/v2/pokemon/574/"}, {"name": "vanillite", "url": "https://pokeapi.co/api/v2/pokemon/582/"}, {"name": "vanillish", "url": "https://pokeapi.co/api/v2/pokemon/583/"}, {"name": "vanilluxe", "url": "https://pokeapi.co/api/v2/pokemon/584/"}, {"name": "alomomola", "url": "https://pokeapi.co/api/v2/pokemon/594/"}, {"name": "amaura", "url": "https://pokeapi.co/api/v2/pokemon/698/"}, {"name": "bergmite", "url": "https://pokeapi.co/api/v2/pokemon/712/"}, {"name": "dewpider", "url": "https://pokeapi.co/api/v2/pokemon/751/"}, {"name": "araquanid", "url": "https://pokeapi.co/api/v2/pokemon/752/"}, {"name": "pyukumuku", "url": "https://pokeapi.co/api/v2/pokemon/771/"}, {"name": "nihilego", "url": "https://pokeapi.co/api/v2/pokemon/793/"}, {"name": "orbeetle", "url": "https://pokeapi.co/api/v2/pokemon/826/"}, {"name": "cursola", "url": "https://pokeapi.co/api/v2/pokemon/864/"}, {"name": "mr-rime", "url": "https://pokeapi.co/api/v2/pokemon/866/"}, {"name": "snom", "url": "https://pokeapi.co/api/v2/pokemon/872/"}, {"name": "duraludon", "url": "https://pokeapi.co/api/v2/pokemon/884/"}, {"name": "arboliva", "url": "https://pokeapi.co/api/v2/pokemon/930/"}, {"name": "toedscool", "url": "https://pokeapi.co/api/v2/pokemon/948/"}, {"name": "tatsugiri", "url": "https://pokeapi.co/api/v2/pokemon/978/"}, {"name": "sandy-shocks", "url": "https://pokeapi.co/api/v2/pokemon/989/"}, {"name": "miraidon", "url": "https://pokeapi.co/api/v2/pokemon/1008/"}, {"name": "archaludon", "url": "https://pokeapi.co/api/v2/pokemon/1018/"}, {"name": "deoxys-defense", "url": "https://pokeapi.co/api/v2/pokemon/10002/"}, {"name": "lopunny-mega", "url": "https://pokeapi.co/api/v2/pokemon/10088/"}, {"name": "sandshrew-alola", "url": "https://pokeapi.co/api/v2/pokemon/10101/"}, {"name": "sandslash-alola", "url": "https://pokeapi.co/api/v2/pokemon/10102/"}, {"name": "araquanid-totem", "url": "https://pokeapi.co/api/v2/pokemon/10153/"}, {"name": "mr-mime-galar", "url": "https://pokeapi.co/api/v2/pokemon/10168/"}, {"name": "corsola-galar", "url": "https://pokeapi.co/api/v2/pokemon/10173/"}, {"name": "tatsugiri-droopy", "url": "https://pokeapi.co/api/v2/pokemon/10258/"}, {"name": "tatsugiri-stretchy", "url": "https://pokeapi.co/api/v2/pokemon/10259/"}, {"name": "miraidon-low-power-mode", "url": "https://pokeapi.co/api/v2/pokemon/10268/"}, {"name": "miraidon-drive-mode", "url": "https://pokeapi.co/api/v2/pokemon/10269/"}, {"name": "miraidon-aquatic-mode", "url": "https://pokeapi.co/api/v2/pokemon/10270/"}, {"name": "miraidon-glide-mode", "url": "https://pokeapi.co/api/v2/pokemon/10271/"}], "machines": [], "meta": {"ailment": {"name": "none", "url": "https://pokeapi.co/api/v2/move-ailment/0/"}, "ailment_chance": 0, "category": {"name": "damage", "url": "https://pokeapi.co/api/v2/move-category/0/"}, "crit_rate": 0, "drain": 0, "flinch_chance": 0, "healing": 0, "max_hits": null, "max_turns": null, "min_hits": null, "min_turns": null, "stat_chance": 0}, "name": "mirror-coat", "names": [{"language": {"name": "ja-Hrkt", "url": "https://pokeapi.co/api/v2/language/1/"}, "name": "\u30df\u30e9\u30fc\u30b3\u30fc\u30c8"}, {"language": {"name": "ko", "url": "https://pokeapi.co/api/v2/language/3/"}, "name": "\ubbf8\ub7ec\ucf54\ud2b8"}, {"language": {"name": "zh-Hant", "url": "https://pokeapi.co/api/v2/language/4/"}, "name": "\u93e1\u9762\u53cd\u5c04"}, {"language": {"name": "fr", "url": "https://pokeapi.co/api/v2/language/5/"}, "name": "Voile Miroir"}, {"language": {"name": "de", "url": "https://pokeapi.co/api/v2/language/6/"}, "name": "Spiegelcape"}, {"language": {"name": "es", "url": "https://pokeapi.co/api/v2/language/7/"}, "name": "Manto Espejo"}, {"language": {"name": "it", "url": "https://pokeapi.co/api/v2/language/8/"}, "name": "Specchiovelo"}, {"language": {"name": "en", "url": "https://pokeapi.co/api/v2/language/9/"}, "name": "Mirror Coat"}, {"language": {"name": "ja", "url": "https://pokeapi.co/api/v2/language/11/"}, "name": "\u30df\u30e9\u30fc\u30b3\u30fc\u30c8"}, {"language": {"name": "zh-Hans", "url": "https://pokeapi.co/api/v2/language/12/"}, "name": "\u955c\u9762\u53cd\u5c04"}], "past_values": [], "power": null, "pp": 20, "priority": -5, "stat_changes": [], "super_contest_effect": {"url": "https://pokeapi.co/api/v2/super-contest-effect/15/"}, "target": {"name": "specific-move", "url": "https://pokeapi.co/api/v2/move-target/1/"}, "type": {"name": "psychic", "url": "https://pokeapi.co/api/v2/type/14/"}}