{"accuracy": 100, "contest_combos": null, "contest_effect": null, "contest_type": null, "damage_class": {"name": "physical", "url": "https://pokeapi.co/api/v2/move-damage-class/2/"}, "effect_chance": null, "effect_changes": [], "effect_entries": [{"effect": "Inflicts regular damage.  If the user is holding a plate or a drive, this move's type is the type corresponding to that item.\n\nNote: This effect is technically shared by both techno blast and judgment; however, Techno Blast is only affected by drives, and Judgment is only affected by plates.", "language": {"name": "en", "url": "https://pokeapi.co/api/v2/language/9/"}, "short_effect": "If the user is holding a appropriate plate or drive, the damage inflicted will match it."}], "flavor_text_entries": [{"flavor_text": "\u305f\u304b\u3044\u3000\u30a8\u30cd\u30eb\u30ae\u30fc\u3092\u3000\u307e\u3068\u3044\u3064\u3064\n\u3042\u3044\u3066\u306b\u3000\u3076\u3064\u304b\u3063\u3066\u3000\u3053\u3046\u3052\u304d\u3059\u308b\u3002\n\u30e1\u30e2\u30ea\u306b\u3000\u3088\u308a\u3000\u30bf\u30a4\u30d7\u304c\u3000\u304b\u308f\u308b\u3002", "language": {"name": "ja-Hrkt", "url": "https://pokeapi.co/api/v2/language/1/"}, "version_group": {"name": "sun-moon", "url": "https://pokeapi.co/api/v2/version-group/17/"}}, {"flavor_text": "\ub192\uc740 \uc5d0\ub108\uc9c0\ub97c \ub458\ub7ec\uc2f8\n\uc0c1\ub300\uc5d0\uac8c \ubd80\ub52a\uccd0 \uacf5\uaca9\ud55c\ub2e4.\n\uba54\ubaa8\ub9ac\uc5d0 \ub530\ub77c \ud0c0\uc785\uc774 \ubc14\ub010\ub2e4.", "language": {"name": "ko", "url": "https://pokeapi.co/api/v2/language/3/"}, "version_group": {"name": "sun-moon", "url": "https://pokeapi.co/api/v2/version-group/17/"}}, {"flavor_text": "\u8b93\u5f37\u5927\u80fd\u91cf\u570d\u7e5e\u5168\u8eab\uff0c\n\u649e\u5411\u5c0d\u624b\u9032\u884c\u653b\u64ca\u3002\n\u62db\u5f0f\u5c6c\u6027\u6703\u96a8\u8457\u8a18\u61b6\u789f\u800c\u6539\u8b8a\u3002", "language": {"name": "zh-Hant", "url": "https://pokeapi.co/api/v2/language/4/"}, "version_group": {"name": "sun-moon", "url": "https://pokeapi.co/api/v2/version-group/17/"}}, {"flavor_text": "Le Pok\u00e9mon s\u2019entoure d\u2019une puissante \u00e9nergie\navant de foncer sur sa cible. Le type de la capacit\u00e9\nd\u00e9pend de la ROM install\u00e9e.", "language": {"name": "fr", "url": "https://pokeapi.co/api/v2/language/5/"}, "version_group": {"name": "sun-moon", "url": "https://pokeapi.co/api/v2/version-group/17/"}}, {"flavor_text": "Der Anwender sammelt eine gro\u00dfe Menge Energie\nund greift das Ziel damit an. Der Typ der Attacke\nh\u00e4ngt von dem der Disc ab.", "language": {"name": "de", "url": "https://pokeapi.co/api/v2/language/6/"}, "version_group": {"name": "sun-moon", "url": "https://pokeapi.co/api/v2/version-group/17/"}}, {"flavor_text": "El Pok\u00e9mon se rodea de una potente energ\u00eda con la\nque golpea al rival. El tipo del movimiento depende\ndel disco que lleva el usuario.", "language": {"name": "es", "url": "https://pokeapi.co/api/v2/language/7/"}, "version_group": {"name": "sun-moon", "url": "https://pokeapi.co/api/v2/version-group/17/"}}, {"flavor_text": "Chi la usa si avvolge in un potente campo\nenergetico e colpisce il bersaglio. Il tipo della\nmossa varia in base alla ROM installata.", "language": {"name": "it", "url": "https://pokeapi.co/api/v2/language/8/"}, "version_group": {"name": "sun-moon", "url": "https://pokeapi.co/api/v2/version-group/17/"}}, {"flavor_text": "Cloaking itself in high energy, the user slams into the\ntarget. The memory held determines the move\u2019s type.", "language": {"name": "en", "url": "https://pokeapi.co/api/v2/language/9/"}, "version_group": {"name": "sun-moon", "url": "https://pokeapi.co/api/v2/version-group/17/"}}, {"flavor_text": "\u9ad8\u3044\u3000\u30a8\u30cd\u30eb\u30ae\u30fc\u3092\u3000\u307e\u3068\u3044\u3064\u3064\n\u76f8\u624b\u306b\u3000\u3076\u3064\u304b\u3063\u3066\u3000\u653b\u6483\u3059\u308b\u3002\n\u30e1\u30e2\u30ea\u306b\u3000\u3088\u308a\u3000\u30bf\u30a4\u30d7\u304c\u3000\u5909\u308f\u308b\u3002", "language": {"name": "ja", "url": "https://pokeapi.co/api/v2/language/11/"}, "version_group": {"name": "sun-moon", "url": "https://pokeapi.co/api/v2/version-group/17/"}}, {"flavor_text": "\u4e00\u8fb9\u8986\u76d6\u9ad8\u80fd\u91cf\uff0c\n\u4e00\u8fb9\u649e\u5411\u5bf9\u624b\u8fdb\u884c\u653b\u51fb\u3002\n\u6839\u636e\u5b58\u50a8\u789f\u4e0d\u540c\uff0c\u5c5e\u6027\u4f1a\u6539\u53d8\u3002", "language": {"name": "zh-Hans", "url": "https://pokeapi.co/api/v2/language/12/"}, "version_group": {"name": "sun-moon", "url": "https://pokeapi.co/api/v2/version-group/17/"}}, {"flavor_text": "\u305f\u304b\u3044\u3000\u30a8\u30cd\u30eb\u30ae\u30fc\u3092\u3000\u307e\u3068\u3044\u3064\u3064\n\u3042\u3044\u3066\u306b\u3000\u3076\u3064\u304b\u3063\u3066\u3000\u3053\u3046\u3052\u304d\u3059\u308b\u3002\n\u30e1\u30e2\u30ea\u306b\u3000\u3088\u308a\u3000\u30bf\u30a4\u30d7\u304c\u3000\u304b\u308f\u308b\u3002", "language": {"name": "ja-Hrkt", "url": "https://pokeapi.co/api/v2/language/1/"}, "version_group": {"name": "ultra-sun-ultra-moon", "url": "https://pokeapi.co/api/v2/version-group/18/"}}, {"flavor_text": "\ub192\uc740 \uc5d0\ub108\uc9c0\ub97c \ub458\ub7ec\uc2f8\n\uc0c1\ub300\uc5d0\uac8c \ubd80\ub52a\uccd0 \uacf5\uaca9\ud55c\ub2e4.\n\uba54\ubaa8\ub9ac\uc5d0 \ub530\ub77c \ud0c0\uc785\uc774 \ubc14\ub010\ub2e4.", "language": {"name": "ko", "url": "https://pokeapi.co/api/v2/language/3/"}, "version_group": {"name": "ultra-sun-ultra-moon", "url": "https://pokeapi.co/api/v2/version-group/18/"}}, {"flavor_text": "\u8b93\u5f37\u5927\u80fd\u91cf\u570d\u7e5e\u5168\u8eab\uff0c\n\u649e\u5411\u5c0d\u624b\u9032\u884c\u653b\u64ca\u3002\n\u62db\u5f0f\u5c6c\u6027\u6703\u96a8\u8457\u8a18\u61b6\u789f\u800c\u6539\u8b8a\u3002", "language": {"name": "zh-Hant", "url": "https://pokeapi.co/api/v2/language/4/"}, "version_group": {"name": "ultra-sun-ultra-moon", "url": "https://pokeapi.co/api/v2/version-group/18/"}}, {"flavor_text": "Le Pok\u00e9mon s\u2019entoure d\u2019une puissante \u00e9nergie\navant de foncer sur sa cible. Le type de la capacit\u00e9\nd\u00e9pend de la ROM install\u00e9e.", "language": {"name": "fr", "url": "https://pokeapi.co/api/v2/language/5/"}, "version_group": {"name": "ultra-sun-ultra-moon", "url": "https://pokeapi.co/api/v2/version-group/18/"}}, {"flavor_text": "Der Anwender sammelt eine gro\u00dfe Menge Energie\nund greift das Ziel damit an. Der Typ der Attacke\nh\u00e4ngt von dem der Disc ab.", "language": {"name": "de", "url": "https://pokeapi.co/api/v2/language/6/"}, "version_group": {"name": "ultra-sun-ultra-moon", "url": "https://pokeapi.co/api/v2/version-group/18/"}}, {"flavor_text": "El Pok\u00e9mon se rodea de una potente energ\u00eda con la\nque golpea al rival. El tipo del movimiento depende\ndel disco que lleva el usuario.", "language": {"name": "es", "url": "https://pokeapi.co/api/v2/language/7/"}, "version_group": {"name": "ultra-sun-ultra-moon", "url": "https://pokeapi.co/api/v2/version-group/18/"}}, {"flavor_text": "Chi la usa si avvolge in un potente campo\nenergetico e colpisce il bersaglio. Il tipo della\nmossa varia in base alla ROM installata.", "language": {"name": "it", "url": "https://pokeapi.co/api/v2/language/8/"}, "version_group": {"name": "ultra-sun-ultra-moon", "url": "https://pokeapi.co/api/v2/version-group/18/"}}, {"flavor_text": "Cloaking itself in high energy, the user slams into the\ntarget. The memory held determines the move\u2019s type.", "language": {"name": "en", "url": "https://pokeapi.co/api/v2/language/9/"}, "version_group": {"name": "ultra-sun-ultra-moon", "url": "https://pokeapi.co/api/v2/version-group/18/"}}, {"flavor_text": "\u9ad8\u3044\u3000\u30a8\u30cd\u30eb\u30ae\u30fc\u3092\u3000\u307e\u3068\u3044\u3064\u3064\n\u76f8\u624b\u306b\u3000\u3076\u3064\u304b\u3063\u3066\u3000\u653b\u6483\u3059\u308b\u3002\n\u30e1\u30e2\u30ea\u306b\u3000\u3088\u308a\u3000\u30bf\u30a4\u30d7\u304c\u3000\u5909\u308f\u308b\u3002", "language": {"name": "ja", "url": "https://pokeapi.co/api/v2/language/11/"}, "version_group": {"name": "ultra-sun-ultra-moon", "url": "https://pokeapi.co/api/v2/version-group/18/"}}, {"flavor_text": "\u4e00\u8fb9\u8986\u76d6\u9ad8\u80fd\u91cf\uff0c\n\u4e00\u8fb9\u649e\u5411\u5bf9\u624b\u8fdb\u884c\u653b\u51fb\u3002\n\u6839\u636e\u5b58\u50a8\u789f\u4e0d\u540c\uff0c\u5c5e\u6027\u4f1a\u6539\u53d8\u3002", "language": {"name": "zh-Hans", "url": "https://pokeapi.co/api/v2/language/12/"}, "version_group": {"name": "ultra-sun-ultra-moon", "url": "https://pokeapi.co/api/v2/version-group/18/"}}, {"flavor_text": "\u305f\u304b\u3044\u3000\u30a8\u30cd\u30eb\u30ae\u30fc\u3092\u3000\u307e\u3068\u3044\u3064\u3064\n\u3042\u3044\u3066\u306b\u3000\u3076\u3064\u304b\u3063\u3066\u3000\u3053\u3046\u3052\u304d\u3059\u308b\u3002\n\u30e1\u30e2\u30ea\u306b\u3000\u3088\u308a\u3000\u30bf\u30a4\u30d7\u304c\u3000\u304b\u308f\u308b\u3002", "language": {"name": "ja-Hrkt", "url": "https://pokeapi.co/api/v2/language/1/"}, "version_group": {"name": "lets-go-pikachu-lets-go-eevee", "url": "https://pokeapi.co/api/v2/version-group/19/"}}, {"flavor_text": "\ub192\uc740 \uc5d0\ub108\uc9c0\ub97c \ub458\ub7ec\uc2f8\n\uc0c1\ub300\uc5d0\uac8c \ubd80\ub52a\uccd0 \uacf5\uaca9\ud55c\ub2e4.\n\uba54\ubaa8\ub9ac\uc5d0 \ub530\ub77c \ud0c0\uc785\uc774 \ubc14\ub010\ub2e4.", "language": {"name": "ko", "url": "https://pokeapi.co/api/v2/language/3/"}, "version_group": {"name": "lets-go-pikachu-lets-go-eevee", "url": "https://pokeapi.co/api/v2/version-group/19/"}}, {"flavor_text": "\u8b93\u5f37\u5927\u80fd\u91cf\u570d\u7e5e\u5168\u8eab\uff0c\n\u649e\u5411\u5c0d\u624b\u9032\u884c\u653b\u64ca\u3002\n\u62db\u5f0f\u5c6c\u6027\u6703\u96a8\u8457\u8a18\u61b6\u789f\u800c\u6539\u8b8a\u3002", "language": {"name": "zh-Hant", "url": "https://pokeapi.co/api/v2/language/4/"}, "version_group": {"name": "lets-go-pikachu-lets-go-eevee", "url": "https://pokeapi.co/api/v2/version-group/19/"}}, {"flavor_text": "Le Pok\u00e9mon s\u2019entoure d\u2019une puissante \u00e9nergie\navant de foncer sur sa cible. Le type de la capacit\u00e9\nd\u00e9pend de la ROM install\u00e9e.", "language": {"name": "fr", "url": "https://pokeapi.co/api/v2/language/5/"}, "version_group": {"name": "lets-go-pikachu-lets-go-eevee", "url": "https://pokeapi.co/api/v2/version-group/19/"}}, {"flavor_text": "Der Anwender sammelt eine gro\u00dfe Menge Energie\nund greift das Ziel damit an. Der Typ der Attacke\nh\u00e4ngt von dem der Disc ab.", "language": {"name": "de", "url": "https://pokeapi.co/api/v2/language/6/"}, "version_group": {"name": "lets-go-pikachu-lets-go-eevee", "url": "https://pokeapi.co/api/v2/version-group/19/"}}, {"flavor_text": "El Pok\u00e9mon se rodea de una potente energ\u00eda con la\nque golpea al rival. El tipo del movimiento depende\ndel disco que lleva el usuario.", "language": {"name": "es", "url": "https://pokeapi.co/api/v2/language/7/"}, "version_group": {"name": "lets-go-pikachu-lets-go-eevee", "url": "https://pokeapi.co/api/v2/version-group/19/"}}, {"flavor_text": "Chi la usa si avvolge in un potente campo\nenergetico e colpisce il bersaglio. Il tipo della\nmossa varia in base alla ROM installata.", "language": {"name": "it", "url": "https://pokeapi.co/api/v2/language/8/"}, "version_group": {"name": "lets-go-pikachu-lets-go-eevee", "url": "https://pokeapi.co/api/v2/version-group/19/"}}, {"flavor_text": "Cloaking itself in high energy, the user slams into the\ntarget. The memory held determines the move\u2019s type.", "language": {"name": "en", "url": "https://pokeapi.co/api/v2/language/9/"}, "version_group": {"name": "lets-go-pikachu-lets-go-eevee", "url": "https://pokeapi.co/api/v2/version-group/19/"}}, {"flavor_text": "\u9ad8\u3044\u3000\u30a8\u30cd\u30eb\u30ae\u30fc\u3092\u3000\u307e\u3068\u3044\u3064\u3064\n\u76f8\u624b\u306b\u3000\u3076\u3064\u304b\u3063\u3066\u3000\u653b\u6483\u3059\u308b\u3002\n\u30e1\u30e2\u30ea\u306b\u3000\u3088\u308a\u3000\u30bf\u30a4\u30d7\u304c\u3000\u5909\u308f\u308b\u3002", "language": {"name": "ja", "url": "https://pokeapi.co/api/v2/language/11/"}, "version_group": {"name": "lets-go-pikachu-lets-go-eevee", "url": "https://pokeapi.co/api/v2/version-group/19/"}}, {"flavor_text": "\u4e00\u8fb9\u8986\u76d6\u9ad8\u80fd\u91cf\uff0c\n\u4e00\u8fb9\u649e\u5411\u5bf9\u624b\u8fdb\u884c\u653b\u51fb\u3002\n\u6839\u636e\u5b58\u50a8\u789f\u4e0d\u540c\uff0c\u5c5e\u6027\u4f1a\u6539\u53d8\u3002", "language": {"name": "zh-Hans", "url": "https://pokeapi.co/api/v2/language/12/"}, "version_group": {"name": "lets-go-pikachu-lets-go-eevee", "url": "https://pokeapi.co/api/v2/version-group/19/"}}, {"flavor_text": "\u305f\u304b\u3044\u3000\u30a8\u30cd\u30eb\u30ae\u30fc\u3092\u3000\u307e\u3068\u3044\u3064\u3064\n\u3042\u3044\u3066\u306b\u3000\u3076\u3064\u304b\u3063\u3066\u3000\u3053\u3046\u3052\u304d\u3059\u308b\u3002\n\u30e1\u30e2\u30ea\u306b\u3000\u3088\u308a\u3000\u30bf\u30a4\u30d7\u304c\u3000\u304b\u308f\u308b\u3002", "language": {"name": "ja-Hrkt", "url": "https://pokeapi.co/api/v2/language/1/"}, "version_group": {"name": "sword-shield", "url": "https://pokeapi.co/api/v2/version-group/20/"}}, {"flavor_text": "\ub192\uc740 \uc5d0\ub108\uc9c0\ub97c \ub458\ub7ec\uc2f8\n\uc0c1\ub300\uc5d0\uac8c \ubd80\ub52a\uccd0 \uacf5\uaca9\ud55c\ub2e4.\n\uba54\ubaa8\ub9ac\uc5d0 \ub530\ub77c \ud0c0\uc785\uc774 \ubc14\ub010\ub2e4.", "language": {"name": "ko", "url": "https://pokeapi.co/api/v2/language/3/"}, "version_group": {"name": "sword-shield", "url": "https://pokeapi.co/api/v2/version-group/20/"}}, {"flavor_text": "\u8b93\u5f37\u5927\u80fd\u91cf\u570d\u7e5e\u5168\u8eab\uff0c\n\u649e\u5411\u5c0d\u624b\u9032\u884c\u653b\u64ca\u3002\n\u62db\u5f0f\u5c6c\u6027\u6703\u96a8\u8457\u8a18\u61b6\u789f\u800c\u6539\u8b8a\u3002", "language": {"name": "zh-Hant", "url": "https://pokeapi.co/api/v2/language/4/"}, "version_group": {"name": "sword-shield", "url": "https://pokeapi.co/api/v2/version-group/20/"}}, {"flavor_text": "Le Pok\u00e9mon s\u2019entoure d\u2019une puissante \u00e9nergie\navant de foncer sur sa cible. Le type de la capacit\u00e9\nd\u00e9pend de la ROM install\u00e9e.", "language": {"name": "fr", "url": "https://pokeapi.co/api/v2/language/5/"}, "version_group": {"name": "sword-shield", "url": "https://pokeapi.co/api/v2/version-group/20/"}}, {"flavor_text": "Der Anwender sammelt eine gro\u00dfe Menge Energie und\ngreift das Ziel damit an. Der Typ der Attacke h\u00e4ngt von\ndem der Disc ab.", "language": {"name": "de", "url": "https://pokeapi.co/api/v2/language/6/"}, "version_group": {"name": "sword-shield", "url": "https://pokeapi.co/api/v2/version-group/20/"}}, {"flavor_text": "El Pok\u00e9mon se rodea de una potente energ\u00eda con la\nque golpea al rival. El tipo del movimiento depende\ndel disco que lleva el usuario.", "language": {"name": "es", "url": "https://pokeapi.co/api/v2/language/7/"}, "version_group": {"name": "sword-shield", "url": "https://pokeapi.co/api/v2/version-group/20/"}}, {"flavor_text": "Chi la usa si avvolge in un potente campo\nenergetico e colpisce il bersaglio. Il tipo della\nmossa varia in base alla ROM installata.", "language": {"name": "it", "url": "https://pokeapi.co/api/v2/language/8/"}, "version_group": {"name": "sword-shield", "url": "https://pokeapi.co/api/v2/version-group/20/"}}, {"flavor_text": "Cloaking itself in high energy, the user slams into the\ntarget. The memory held determines the move\u2019s type.", "language": {"name": "en", "url": "https://pokeapi.co/api/v2/language/9/"}, "version_group": {"name": "sword-shield", "url": "https://pokeapi.co/api/v2/version-group/20/"}}, {"flavor_text": "\u9ad8\u3044\u3000\u30a8\u30cd\u30eb\u30ae\u30fc\u3092\u3000\u307e\u3068\u3044\u3064\u3064\n\u76f8\u624b\u306b\u3000\u3076\u3064\u304b\u3063\u3066\u3000\u653b\u6483\u3059\u308b\u3002\n\u30e1\u30e2\u30ea\u306b\u3000\u3088\u308a\u3000\u30bf\u30a4\u30d7\u304c\u3000\u5909\u308f\u308b\u3002", "language": {"name": "ja", "url": "https://pokeapi.co/api/v2/language/11/"}, "version_group": {"name": "sword-shield", "url": "https://pokeapi.co/api/v2/version-group/20/"}}, {"flavor_text": "\u4e00\u8fb9\u8986\u76d6\u9ad8\u80fd\u91cf\uff0c\n\u4e00\u8fb9\u649e\u5411\u5bf9\u624b\u8fdb\u884c\u653b\u51fb\u3002\n\u6839\u636e\u5b58\u50a8\u789f\u4e0d\u540c\uff0c\u5c5e\u6027\u4f1a\u6539\u53d8\u3002", "language": {"name": "zh-Hans", "url": "https://pokeapi.co/api/v2/language/12/"}, "version_group": {"name": "sword-shield", "url": "https://pokeapi.co/api/v2/version-group/20/"}}], "generation": {"name": "generation-vii", "url": "https://pokeapi.co/api/v2/generation/7/"}, "id": 718, "learned_by_pokemon": [{"name": "silvally", "url": "https://pokeapi.co/api/v2/pokemon/773/"}], "machines": [], "meta": {"ailment": {"name": "none", "url": "https://pokeapi.co/api/v2/move-ailment/0/"}, "ailment_chance": 0, "category": {"name": "damage", "url": "https://pokeapi.co/api/v2/move-category/0/"}, "crit_rate": 0, "drain": 0, "flinch_chance": 0, "healing": 0, "max_hits": null, "max_turns": null, "min_hits": null, "min_turns": null, "stat_chance": 0}, "name": "multi-attack", "names": [{"language": {"name": "ja-Hrkt", "url": "https://pokeapi.co/api/v2/language/1/"}, "name": "\u30de\u30eb\u30c1\u30a2\u30bf\u30c3\u30af"}, {"language": {"name": "ko", "url": "https://pokeapi.co/api/v2/language/3/"}, "name": "\uba40\ud2f0\uc5b4\ud0dd"}, {"language": {"name": "zh-Hant", "url": "https://pokeapi.co/api/v2/language/4/"}, "name": "\u591a\u5c6c\u6027\u653b\u64ca"}, {"language": {"name": "fr", "url": "https://pokeapi.co/api/v2/language/5/"}, "name": "Coup Varia-Type"}, {"language": {"name": "de", "url": "https://pokeapi.co/api/v2/language/6/"}, "name": "Multi-Angriff"}, {"language": {"name": "es", "url": "https://pokeapi.co/api/v2/language/7/"}, "name": "Multiataque"}, {"language": {"name": "it", "url": "https://pokeapi.co/api/v2/language/8/"}, "name": "Multiattacco"}, {"language": {"name": "en", "url": "https://pokeapi.co/api/v2/language/9/"}, "name": "Multi-Attack"}, {"language": {"name": "ja", "url": "https://pokeapi.co/api/v2/language/11/"}, "name": "\u30de\u30eb\u30c1\u30a2\u30bf\u30c3\u30af"}, {"language": {"name": "zh-Hans", "url": "https://pokeapi.co/api/v2/language/12/"}, "name": "\u591a\u5c5e\u6027\u653b\u51fb"}], "past_values": [{"accuracy": null, "effect_chance": null, "effect_entries": [], "power": 90, "pp": null, "type": null, "version_group": {"name": "sword-shield", "url": "https://pokeapi.co/api/v2/version-group/20/"}}], "power": 120, "pp": 10, "priority": 0, "stat_changes": [], "super_contest_effect": null, "target": {"name": "selected-pokemon", "url": "https://pokeapi.co/api/v2/move-target/10/"}, "type": {"name": "normal", "url": "https://pokeapi.co/api/v2/type/1/"}}