{"accuracy": null, "contest_combos": null, "contest_effect": null, "contest_type": {"name": "cute", "url": "https://pokeapi.co/api/v2/contest-type/3/"}, "damage_class": {"name": "status", "url": "https://pokeapi.co/api/v2/move-damage-class/1/"}, "effect_chance": null, "effect_changes": [], "effect_entries": [{"effect": "Raises the user's Special Attack by two stages.", "language": {"name": "en", "url": "https://pokeapi.co/api/v2/language/9/"}, "short_effect": "Raises the user's Special Attack by two stages."}], "flavor_text_entries": [{"flavor_text": "The user stimulates\nits brain by thinking\nbad thoughts.\nIt sharply raises the\nuser\u2019s Sp. Atk.", "language": {"name": "en", "url": "https://pokeapi.co/api/v2/language/9/"}, "version_group": {"name": "diamond-pearl", "url": "https://pokeapi.co/api/v2/version-group/8/"}}, {"flavor_text": "The user stimulates\nits brain by thinking\nbad thoughts.\nIt sharply raises the\nuser\u2019s Sp. Atk.", "language": {"name": "en", "url": "https://pokeapi.co/api/v2/language/9/"}, "version_group": {"name": "platinum", "url": "https://pokeapi.co/api/v2/version-group/9/"}}, {"flavor_text": "The user stimulates\nits brain by thinking\nbad thoughts.\nIt sharply raises the\nuser\u2019s Sp. Atk.", "language": {"name": "en", "url": "https://pokeapi.co/api/v2/language/9/"}, "version_group": {"name": "heartgold-soulsilver", "url": "https://pokeapi.co/api/v2/version-group/10/"}}, {"flavor_text": "Stimule l\u2019esprit par de mauvaises pens\u00e9es.\nAugmente fortement l\u2019Attaque Sp\u00e9ciale\ndu lanceur.", "language": {"name": "fr", "url": "https://pokeapi.co/api/v2/language/5/"}, "version_group": {"name": "black-white", "url": "https://pokeapi.co/api/v2/version-group/11/"}}, {"flavor_text": "The user stimulates its brain by thinking\nbad thoughts.\nIt sharply raises the user\u2019s Sp. Atk.", "language": {"name": "en", "url": "https://pokeapi.co/api/v2/language/9/"}, "version_group": {"name": "black-white", "url": "https://pokeapi.co/api/v2/version-group/11/"}}, {"flavor_text": "The user stimulates its brain by thinking\nbad thoughts.\nIt sharply raises the user\u2019s Sp. Atk.", "language": {"name": "en", "url": "https://pokeapi.co/api/v2/language/9/"}, "version_group": {"name": "black-2-white-2", "url": "https://pokeapi.co/api/v2/version-group/14/"}}, {"flavor_text": "\u308f\u308b\u3044\u3053\u3068\u3092\u3000\u304b\u3093\u304c\u3048\u3066\n\u3042\u305f\u307e\u3092\u3000\u304b\u3063\u305b\u3044\u304b\u3000\u3055\u305b\u308b\u3002\n\u3058\u3076\u3093\u306e\u3000\u3068\u304f\u3053\u3046\u3092\u3000\u3050\u30fc\u3093\u3068\u3000\u3042\u3052\u308b\u3002", "language": {"name": "ja-Hrkt", "url": "https://pokeapi.co/api/v2/language/1/"}, "version_group": {"name": "x-y", "url": "https://pokeapi.co/api/v2/version-group/15/"}}, {"flavor_text": "\ub098\uc05c \uc77c\uc744 \uc0dd\uac01\ud574\uc11c\n\uba38\ub9ac\ub97c \ud65c\uc131\ud654\uc2dc\ud0a8\ub2e4.\n\uc790\uc2e0\uc758 \ud2b9\uc218\uacf5\uaca9\uc744 \ud06c\uac8c \uc62c\ub9b0\ub2e4.", "language": {"name": "ko", "url": "https://pokeapi.co/api/v2/language/3/"}, "version_group": {"name": "x-y", "url": "https://pokeapi.co/api/v2/version-group/15/"}}, {"flavor_text": "Stimule l\u2019esprit par de mauvaises pens\u00e9es.\nAugmente fortement l\u2019Attaque Sp\u00e9ciale du lanceur.", "language": {"name": "fr", "url": "https://pokeapi.co/api/v2/language/5/"}, "version_group": {"name": "x-y", "url": "https://pokeapi.co/api/v2/version-group/15/"}}, {"flavor_text": "Anwender stimuliert sein Gehirn und hat\nfinstere Gedanken. Steigert Spezial-Angriff stark.", "language": {"name": "de", "url": "https://pokeapi.co/api/v2/language/6/"}, "version_group": {"name": "x-y", "url": "https://pokeapi.co/api/v2/version-group/15/"}}, {"flavor_text": "Estimula su cerebro pensando en cosas malas.\nAumenta considerablemente el Ataque Especial.", "language": {"name": "es", "url": "https://pokeapi.co/api/v2/language/7/"}, "version_group": {"name": "x-y", "url": "https://pokeapi.co/api/v2/version-group/15/"}}, {"flavor_text": "Chi la usa stimola il cervello pensando a cose\ncattive. Aumenta di molto l\u2019Attacco Speciale.", "language": {"name": "it", "url": "https://pokeapi.co/api/v2/language/8/"}, "version_group": {"name": "x-y", "url": "https://pokeapi.co/api/v2/version-group/15/"}}, {"flavor_text": "The user stimulates its brain by thinking\nbad thoughts.\nThis sharply raises the user\u2019s Sp. Atk.", "language": {"name": "en", "url": "https://pokeapi.co/api/v2/language/9/"}, "version_group": {"name": "x-y", "url": "https://pokeapi.co/api/v2/version-group/15/"}}, {"flavor_text": "\u60aa\u3044\u3053\u3068\u3092\u3000\u8003\u3048\u3066\n\u982d\u3092\u3000\u6d3b\u6027\u5316\u3055\u305b\u308b\u3002\n\u81ea\u5206\u306e\u3000\u7279\u653b\u3092\u3000\u3050\u30fc\u3093\u3068\u3000\u3042\u3052\u308b\u3002", "language": {"name": "ja", "url": "https://pokeapi.co/api/v2/language/11/"}, "version_group": {"name": "x-y", "url": "https://pokeapi.co/api/v2/version-group/15/"}}, {"flavor_text": "\u308f\u308b\u3044\u3053\u3068\u3092\u3000\u304b\u3093\u304c\u3048\u3066\n\u3042\u305f\u307e\u3092\u3000\u304b\u3063\u305b\u3044\u304b\u3000\u3055\u305b\u308b\u3002\n\u3058\u3076\u3093\u306e\u3000\u3068\u304f\u3053\u3046\u3092\u3000\u3050\u30fc\u3093\u3068\u3000\u3042\u3052\u308b\u3002", "language": {"name": "ja-Hrkt", "url": "https://pokeapi.co/api/v2/language/1/"}, "version_group": {"name": "omega-ruby-alpha-sapphire", "url": "https://pokeapi.co/api/v2/version-group/16/"}}, {"flavor_text": "\ub098\uc05c \uc77c\uc744 \uc0dd\uac01\ud574\uc11c\n\uba38\ub9ac\ub97c \ud65c\uc131\ud654\uc2dc\ud0a8\ub2e4.\n\uc790\uc2e0\uc758 \ud2b9\uc218\uacf5\uaca9\uc744 \ud06c\uac8c \uc62c\ub9b0\ub2e4.", "language": {"name": "ko", "url": "https://pokeapi.co/api/v2/language/3/"}, "version_group": {"name": "omega-ruby-alpha-sapphire", "url": "https://pokeapi.co/api/v2/version-group/16/"}}, {"flavor_text": "Stimule l\u2019esprit par de mauvaises pens\u00e9es.\nAugmente fortement l\u2019Attaque Sp\u00e9ciale du lanceur.", "language": {"name": "fr", "url": "https://pokeapi.co/api/v2/language/5/"}, "version_group": {"name": "omega-ruby-alpha-sapphire", "url": "https://pokeapi.co/api/v2/version-group/16/"}}, {"flavor_text": "Anwender stimuliert sein Gehirn und hat\nfinstere Gedanken. Steigert Spezial-Angriff stark.", "language": {"name": "de", "url": "https://pokeapi.co/api/v2/language/6/"}, "version_group": {"name": "omega-ruby-alpha-sapphire", "url": "https://pokeapi.co/api/v2/version-group/16/"}}, {"flavor_text": "Estimula su cerebro pensando en cosas malas.\nAumenta considerablemente el Ataque Especial. ", "language": {"name": "es", "url": "https://pokeapi.co/api/v2/language/7/"}, "version_group": {"name": "omega-ruby-alpha-sapphire", "url": "https://pokeapi.co/api/v2/version-group/16/"}}, {"flavor_text": "Chi la usa stimola il cervello pensando a cose\ncattive. Aumenta di molto l\u2019Attacco Speciale.", "language": {"name": "it", "url": "https://pokeapi.co/api/v2/language/8/"}, "version_group": {"name": "omega-ruby-alpha-sapphire", "url": "https://pokeapi.co/api/v2/version-group/16/"}}, {"flavor_text": "The user stimulates its brain by thinking\nbad thoughts.\nThis sharply raises the user\u2019s Sp. Atk.", "language": {"name": "en", "url": "https://pokeapi.co/api/v2/language/9/"}, "version_group": {"name": "omega-ruby-alpha-sapphire", "url": "https://pokeapi.co/api/v2/version-group/16/"}}, {"flavor_text": "\u60aa\u3044\u3053\u3068\u3092\u3000\u8003\u3048\u3066\n\u982d\u3092\u3000\u6d3b\u6027\u5316\u3055\u305b\u308b\u3002\n\u81ea\u5206\u306e\u3000\u7279\u653b\u3092\u3000\u3050\u30fc\u3093\u3068\u3000\u3042\u3052\u308b\u3002", "language": {"name": "ja", "url": "https://pokeapi.co/api/v2/language/11/"}, "version_group": {"name": "omega-ruby-alpha-sapphire", "url": "https://pokeapi.co/api/v2/version-group/16/"}}, {"flavor_text": "\u308f\u308b\u3044\u3053\u3068\u3092\u3000\u304b\u3093\u304c\u3048\u3066\n\u3042\u305f\u307e\u3092\u3000\u304b\u3063\u305b\u3044\u304b\u3000\u3055\u305b\u308b\u3002\n\u3058\u3076\u3093\u306e\u3000\u3068\u304f\u3053\u3046\u3092\u3000\u3050\u30fc\u3093\u3068\u3000\u3042\u3052\u308b\u3002", "language": {"name": "ja-Hrkt", "url": "https://pokeapi.co/api/v2/language/1/"}, "version_group": {"name": "sun-moon", "url": "https://pokeapi.co/api/v2/version-group/17/"}}, {"flavor_text": "\ub098\uc05c \uc77c\uc744 \uc0dd\uac01\ud574\uc11c\n\uba38\ub9ac\ub97c \ud65c\uc131\ud654\uc2dc\ud0a8\ub2e4.\n\uc790\uc2e0\uc758 \ud2b9\uc218\uacf5\uaca9\uc744 \ud06c\uac8c \uc62c\ub9b0\ub2e4.", "language": {"name": "ko", "url": "https://pokeapi.co/api/v2/language/3/"}, "version_group": {"name": "sun-moon", "url": "https://pokeapi.co/api/v2/version-group/17/"}}, {"flavor_text": "\u52d5\u6b6a\u8166\u7b4b\uff0c\u6d3b\u5316\u5927\u8166\u3002\n\u5927\u5e45\u63d0\u9ad8\u81ea\u5df1\u7684\u7279\u653b\u3002", "language": {"name": "zh-Hant", "url": "https://pokeapi.co/api/v2/language/4/"}, "version_group": {"name": "sun-moon", "url": "https://pokeapi.co/api/v2/version-group/17/"}}, {"flavor_text": "Stimule l\u2019esprit par de mauvaises pens\u00e9es.\nAugmente beaucoup l\u2019Attaque Sp\u00e9ciale du lanceur.", "language": {"name": "fr", "url": "https://pokeapi.co/api/v2/language/5/"}, "version_group": {"name": "sun-moon", "url": "https://pokeapi.co/api/v2/version-group/17/"}}, {"flavor_text": "Anwender stimuliert sein Gehirn und hat finstere\nGedanken. Erh\u00f6ht Spezial-Angriff stark.", "language": {"name": "de", "url": "https://pokeapi.co/api/v2/language/6/"}, "version_group": {"name": "sun-moon", "url": "https://pokeapi.co/api/v2/version-group/17/"}}, {"flavor_text": "Estimula su cerebro pensando en cosas malas.\nAumenta considerablemente el Ataque Especial. ", "language": {"name": "es", "url": "https://pokeapi.co/api/v2/language/7/"}, "version_group": {"name": "sun-moon", "url": "https://pokeapi.co/api/v2/version-group/17/"}}, {"flavor_text": "Chi la usa stimola il cervello pensando a cose\ncattive. Aumenta di molto l\u2019Attacco Speciale.", "language": {"name": "it", "url": "https://pokeapi.co/api/v2/language/8/"}, "version_group": {"name": "sun-moon", "url": "https://pokeapi.co/api/v2/version-group/17/"}}, {"flavor_text": "The user stimulates its brain by thinking bad\nthoughts. This sharply raises the user\u2019s Sp. Atk stat.", "language": {"name": "en", "url": "https://pokeapi.co/api/v2/language/9/"}, "version_group": {"name": "sun-moon", "url": "https://pokeapi.co/api/v2/version-group/17/"}}, {"flavor_text": "\u60aa\u3044\u3053\u3068\u3092\u3000\u8003\u3048\u3066\n\u982d\u3092\u3000\u6d3b\u6027\u5316\u3055\u305b\u308b\u3002\n\u81ea\u5206\u306e\u3000\u7279\u653b\u3092\u3000\u3050\u30fc\u3093\u3068\u3000\u3042\u3052\u308b\u3002", "language": {"name": "ja", "url": "https://pokeapi.co/api/v2/language/11/"}, "version_group": {"name": "sun-moon", "url": "https://pokeapi.co/api/v2/version-group/17/"}}, {"flavor_text": "\u8c0b\u5212\u8be1\u8ba1\uff0c\u6fc0\u6d3b\u5934\u8111\u3002\n\u5927\u5e45\u63d0\u9ad8\u81ea\u5df1\u7684\u7279\u653b\u3002", "language": {"name": "zh-Hans", "url": "https://pokeapi.co/api/v2/language/12/"}, "version_group": {"name": "sun-moon", "url": "https://pokeapi.co/api/v2/version-group/17/"}}, {"flavor_text": "\u308f\u308b\u3044\u3053\u3068\u3092\u3000\u304b\u3093\u304c\u3048\u3066\n\u3042\u305f\u307e\u3092\u3000\u304b\u3063\u305b\u3044\u304b\u3000\u3055\u305b\u308b\u3002\n\u3058\u3076\u3093\u306e\u3000\u3068\u304f\u3053\u3046\u3092\u3000\u3050\u30fc\u3093\u3068\u3000\u3042\u3052\u308b\u3002", "language": {"name": "ja-Hrkt", "url": "https://pokeapi.co/api/v2/language/1/"}, "version_group": {"name": "ultra-sun-ultra-moon", "url": "https://pokeapi.co/api/v2/version-group/18/"}}, {"flavor_text": "\ub098\uc05c \uc77c\uc744 \uc0dd\uac01\ud574\uc11c\n\uba38\ub9ac\ub97c \ud65c\uc131\ud654\uc2dc\ud0a8\ub2e4.\n\uc790\uc2e0\uc758 \ud2b9\uc218\uacf5\uaca9\uc744 \ud06c\uac8c \uc62c\ub9b0\ub2e4.", "language": {"name": "ko", "url": "https://pokeapi.co/api/v2/language/3/"}, "version_group": {"name": "ultra-sun-ultra-moon", "url": "https://pokeapi.co/api/v2/version-group/18/"}}, {"flavor_text": "\u52d5\u6b6a\u8166\u7b4b\uff0c\u6d3b\u5316\u5927\u8166\u3002\n\u5927\u5e45\u63d0\u9ad8\u81ea\u5df1\u7684\u7279\u653b\u3002", "language": {"name": "zh-Hant", "url": "https://pokeapi.co/api/v2/language/4/"}, "version_group": {"name": "ultra-sun-ultra-moon", "url": "https://pokeapi.co/api/v2/version-group/18/"}}, {"flavor_text": "Stimule l\u2019esprit par de mauvaises pens\u00e9es.\nAugmente beaucoup l\u2019Attaque Sp\u00e9ciale du lanceur.", "language": {"name": "fr", "url": "https://pokeapi.co/api/v2/language/5/"}, "version_group": {"name": "ultra-sun-ultra-moon", "url": "https://pokeapi.co/api/v2/version-group/18/"}}, {"flavor_text": "Anwender stimuliert sein Gehirn und hat finstere\nGedanken. Erh\u00f6ht Spezial-Angriff stark.", "language": {"name": "de", "url": "https://pokeapi.co/api/v2/language/6/"}, "version_group": {"name": "ultra-sun-ultra-moon", "url": "https://pokeapi.co/api/v2/version-group/18/"}}, {"flavor_text": "Estimula su cerebro pensando en cosas malas.\nAumenta considerablemente el Ataque Especial. ", "language": {"name": "es", "url": "https://pokeapi.co/api/v2/language/7/"}, "version_group": {"name": "ultra-sun-ultra-moon", "url": "https://pokeapi.co/api/v2/version-group/18/"}}, {"flavor_text": "Chi la usa stimola il cervello pensando a cose\ncattive. Aumenta di molto l\u2019Attacco Speciale.", "language": {"name": "it", "url": "https://pokeapi.co/api/v2/language/8/"}, "version_group": {"name": "ultra-sun-ultra-moon", "url": "https://pokeapi.co/api/v2/version-group/18/"}}, {"flavor_text": "The user stimulates its brain by thinking bad\nthoughts. This sharply raises the user\u2019s Sp. Atk stat.", "language": {"name": "en", "url": "https://pokeapi.co/api/v2/language/9/"}, "version_group": {"name": "ultra-sun-ultra-moon", "url": "https://pokeapi.co/api/v2/version-group/18/"}}, {"flavor_text": "\u60aa\u3044\u3053\u3068\u3092\u3000\u8003\u3048\u3066\n\u982d\u3092\u3000\u6d3b\u6027\u5316\u3055\u305b\u308b\u3002\n\u81ea\u5206\u306e\u3000\u7279\u653b\u3092\u3000\u3050\u30fc\u3093\u3068\u3000\u3042\u3052\u308b\u3002", "language": {"name": "ja", "url": "https://pokeapi.co/api/v2/language/11/"}, "version_group": {"name": "ultra-sun-ultra-moon", "url": "https://pokeapi.co/api/v2/version-group/18/"}}, {"flavor_text": "\u8c0b\u5212\u8be1\u8ba1\uff0c\u6fc0\u6d3b\u5934\u8111\u3002\n\u5927\u5e45\u63d0\u9ad8\u81ea\u5df1\u7684\u7279\u653b\u3002", "language": {"name": "zh-Hans", "url": "https://pokeapi.co/api/v2/language/12/"}, "version_group": {"name": "ultra-sun-ultra-moon", "url": "https://pokeapi.co/api/v2/version-group/18/"}}, {"flavor_text": "\u308f\u308b\u3044\u3053\u3068\u3092\u3000\u304b\u3093\u304c\u3048\u3066\n\u3042\u305f\u307e\u3092\u3000\u304b\u3063\u305b\u3044\u304b\u3000\u3055\u305b\u308b\u3002\n\u3058\u3076\u3093\u306e\u3000\u3068\u304f\u3053\u3046\u3092\u3000\u3050\u30fc\u3093\u3068\u3000\u3042\u3052\u308b\u3002", "language": {"name": "ja-Hrkt", "url": "https://pokeapi.co/api/v2/language/1/"}, "version_group": {"name": "lets-go-pikachu-lets-go-eevee", "url": "https://pokeapi.co/api/v2/version-group/19/"}}, {"flavor_text": "\ub098\uc05c \uc77c\uc744 \uc0dd\uac01\ud574\uc11c\n\uba38\ub9ac\ub97c \ud65c\uc131\ud654\uc2dc\ud0a8\ub2e4.\n\uc790\uc2e0\uc758 \ud2b9\uc218\uacf5\uaca9\uc744 \ud06c\uac8c \uc62c\ub9b0\ub2e4.", "language": {"name": "ko", "url": "https://pokeapi.co/api/v2/language/3/"}, "version_group": {"name": "lets-go-pikachu-lets-go-eevee", "url": "https://pokeapi.co/api/v2/version-group/19/"}}, {"flavor_text": "\u52d5\u6b6a\u8166\u7b4b\uff0c\u6d3b\u5316\u5927\u8166\u3002\n\u5927\u5e45\u63d0\u9ad8\u81ea\u5df1\u7684\u7279\u653b\u3002", "language": {"name": "zh-Hant", "url": "https://pokeapi.co/api/v2/language/4/"}, "version_group": {"name": "lets-go-pikachu-lets-go-eevee", "url": "https://pokeapi.co/api/v2/version-group/19/"}}, {"flavor_text": "Stimule l\u2019esprit par de mauvaises pens\u00e9es.\nAugmente beaucoup l\u2019Attaque Sp\u00e9ciale du lanceur.", "language": {"name": "fr", "url": "https://pokeapi.co/api/v2/language/5/"}, "version_group": {"name": "lets-go-pikachu-lets-go-eevee", "url": "https://pokeapi.co/api/v2/version-group/19/"}}, {"flavor_text": "Anwender stimuliert sein Gehirn und hat finstere\nGedanken. Erh\u00f6ht Spezial-Angriff stark.", "language": {"name": "de", "url": "https://pokeapi.co/api/v2/language/6/"}, "version_group": {"name": "lets-go-pikachu-lets-go-eevee", "url": "https://pokeapi.co/api/v2/version-group/19/"}}, {"flavor_text": "Estimula su cerebro pensando en cosas malas.\nAumenta considerablemente el Ataque Especial. ", "language": {"name": "es", "url": "https://pokeapi.co/api/v2/language/7/"}, "version_group": {"name": "lets-go-pikachu-lets-go-eevee", "url": "https://pokeapi.co/api/v2/version-group/19/"}}, {"flavor_text": "Chi la usa stimola il cervello pensando a cose\ncattive. Aumenta di molto l\u2019Attacco Speciale.", "language": {"name": "it", "url": "https://pokeapi.co/api/v2/language/8/"}, "version_group": {"name": "lets-go-pikachu-lets-go-eevee", "url": "https://pokeapi.co/api/v2/version-group/19/"}}, {"flavor_text": "The user stimulates its brain by thinking bad\nthoughts. This sharply raises the user\u2019s Sp. Atk stat.", "language": {"name": "en", "url": "https://pokeapi.co/api/v2/language/9/"}, "version_group": {"name": "lets-go-pikachu-lets-go-eevee", "url": "https://pokeapi.co/api/v2/version-group/19/"}}, {"flavor_text": "\u60aa\u3044\u3053\u3068\u3092\u3000\u8003\u3048\u3066\n\u982d\u3092\u3000\u6d3b\u6027\u5316\u3055\u305b\u308b\u3002\n\u81ea\u5206\u306e\u3000\u7279\u653b\u3092\u3000\u3050\u30fc\u3093\u3068\u3000\u3042\u3052\u308b\u3002", "language": {"name": "ja", "url": "https://pokeapi.co/api/v2/language/11/"}, "version_group": {"name": "lets-go-pikachu-lets-go-eevee", "url": "https://pokeapi.co/api/v2/version-group/19/"}}, {"flavor_text": "\u8c0b\u5212\u8be1\u8ba1\uff0c\u6fc0\u6d3b\u5934\u8111\u3002\n\u5927\u5e45\u63d0\u9ad8\u81ea\u5df1\u7684\u7279\u653b\u3002", "language": {"name": "zh-Hans", "url": "https://pokeapi.co/api/v2/language/12/"}, "version_group": {"name": "lets-go-pikachu-lets-go-eevee", "url": "https://pokeapi.co/api/v2/version-group/19/"}}, {"flavor_text": "\u308f\u308b\u3044\u3053\u3068\u3092\u3000\u304b\u3093\u304c\u3048\u3066\n\u3042\u305f\u307e\u3092\u3000\u304b\u3063\u305b\u3044\u304b\u3000\u3055\u305b\u308b\u3002\n\u3058\u3076\u3093\u306e\u3000\u3068\u304f\u3053\u3046\u3092\u3000\u3050\u30fc\u3093\u3068\u3000\u3042\u3052\u308b\u3002", "language": {"name": "ja-Hrkt", "url": "https://pokeapi.co/api/v2/language/1/"}, "version_group": {"name": "sword-shield", "url": "https://pokeapi.co/api/v2/version-group/20/"}}, {"flavor_text": "\ub098\uc05c \uc77c\uc744 \uc0dd\uac01\ud574\uc11c\n\uba38\ub9ac\ub97c \ud65c\uc131\ud654\uc2dc\ud0a8\ub2e4.\n\uc790\uc2e0\uc758 \ud2b9\uc218\uacf5\uaca9\uc744 \ud06c\uac8c \uc62c\ub9b0\ub2e4.", "language": {"name": "ko", "url": "https://pokeapi.co/api/v2/language/3/"}, "version_group": {"name": "sword-shield", "url": "https://pokeapi.co/api/v2/version-group/20/"}}, {"flavor_text": "\u52d5\u6b6a\u8166\u7b4b\uff0c\u6d3b\u5316\u5927\u8166\u3002\n\u5927\u5e45\u63d0\u9ad8\u81ea\u5df1\u7684\u7279\u653b\u3002", "language": {"name": "zh-Hant", "url": "https://pokeapi.co/api/v2/language/4/"}, "version_group": {"name": "sword-shield", "url": "https://pokeapi.co/api/v2/version-group/20/"}}, {"flavor_text": "Stimule l\u2019esprit par de mauvaises pens\u00e9es.\nAugmente beaucoup l\u2019Attaque Sp\u00e9ciale du lanceur.", "language": {"name": "fr", "url": "https://pokeapi.co/api/v2/language/5/"}, "version_group": {"name": "sword-shield", "url": "https://pokeapi.co/api/v2/version-group/20/"}}, {"flavor_text": "Anwender stimuliert sein Gehirn und hat finstere\nGedanken. Erh\u00f6ht Spezial-Angriff stark.", "language": {"name": "de", "url": "https://pokeapi.co/api/v2/language/6/"}, "version_group": {"name": "sword-shield", "url": "https://pokeapi.co/api/v2/version-group/20/"}}, {"flavor_text": "Estimula su cerebro pensando en cosas malas.\nAumenta mucho el Ataque Especial.", "language": {"name": "es", "url": "https://pokeapi.co/api/v2/language/7/"}, "version_group": {"name": "sword-shield", "url": "https://pokeapi.co/api/v2/version-group/20/"}}, {"flavor_text": "Chi la usa stimola il cervello pensando a cose\ncattive. Aumenta di molto l\u2019Attacco Speciale.", "language": {"name": "it", "url": "https://pokeapi.co/api/v2/language/8/"}, "version_group": {"name": "sword-shield", "url": "https://pokeapi.co/api/v2/version-group/20/"}}, {"flavor_text": "The user stimulates its brain by thinking bad\nthoughts. This sharply raises the user\u2019s Sp. Atk stat.", "language": {"name": "en", "url": "https://pokeapi.co/api/v2/language/9/"}, "version_group": {"name": "sword-shield", "url": "https://pokeapi.co/api/v2/version-group/20/"}}, {"flavor_text": "\u60aa\u3044\u3053\u3068\u3092\u3000\u8003\u3048\u3066\n\u982d\u3092\u3000\u6d3b\u6027\u5316\u3055\u305b\u308b\u3002\n\u81ea\u5206\u306e\u3000\u7279\u653b\u3092\u3000\u3050\u30fc\u3093\u3068\u3000\u3042\u3052\u308b\u3002", "language": {"name": "ja", "url": "https://pokeapi.co/api/v2/language/11/"}, "version_group": {"name": "sword-shield", "url": "https://pokeapi.co/api/v2/version-group/20/"}}, {"flavor_text": "\u8c0b\u5212\u8be1\u8ba1\uff0c\u6fc0\u6d3b\u5934\u8111\u3002\n\u5927\u5e45\u63d0\u9ad8\u81ea\u5df1\u7684\u7279\u653b\u3002", "language": {"name": "zh-Hans", "url": "https://pokeapi.co/api/v2/language/12/"}, "version_group": {"name": "sword-shield", "url": "https://pokeapi.co/api/v2/version-group/20/"}}], "generation": {"name": "generation-iv", "url": "https://pokeapi.co/api/v2/generation/4/"}, "id": 417, "learned_by_pokemon": [{"name": "pikachu", "url": "https://pokeapi.co/api/v2/pokemon/25/"}, {"name": "raichu", "url": "https://pokeapi.co/api/v2/pokemon/26/"}, {"name": "vulpix", "url": "https://pokeapi.co/api/v2/pokemon/37/"}, {"name": "ninetales", "url": "https://pokeapi.co/api/v2/pokemon/38/"}, {"name": "jigglypuff", "url": "https://pokeapi.co/api/v2/pokemon/39/"}, {"name": "wigglytuff", "url": "https://pokeapi.co/api/v2/pokemon/40/"}, {"name": "zubat", "url": "https://pokeapi.co/api/v2/pokemon/41/"}, {"name": "golbat", "url": "https://pokeapi.co/api/v2/pokemon/42/"}, {"name": "meowth", "url": "https://pokeapi.co/api/v2/pokemon/52/"}, {"name": "persian", "url": "https://pokeapi.co/api/v2/pokemon/53/"}, {"name": "psyduck", "url": "https://pokeapi.co/api/v2/pokemon/54/"}, {"name": "golduck", "url": "https://pokeapi.co/api/v2/pokemon/55/"}, {"name": "alakazam", "url": "https://pokeapi.co/api/v2/pokemon/65/"}, {"name": "slowbro", "url": "https://pokeapi.co/api/v2/pokemon/80/"}, {"name": "gastly", "url": "https://pokeapi.co/api/v2/pokemon/92/"}, {"name": "haunter", "url": "https://pokeapi.co/api/v2/pokemon/93/"}, {"name": "gengar", "url": "https://pokeapi.co/api/v2/pokemon/94/"}, {"name": "drowzee", "url": "https://pokeapi.co/api/v2/pokemon/96/"}, {"name": "hypno", "url": "https://pokeapi.co/api/v2/pokemon/97/"}, {"name": "mr-mime", "url": "https://pokeapi.co/api/v2/pokemon/122/"}, {"name": "jynx", "url": "https://pokeapi.co/api/v2/pokemon/124/"}, {"name": "mewtwo", "url": "https://pokeapi.co/api/v2/pokemon/150/"}, {"name": "mew", "url": "https://pokeapi.co/api/v2/pokemon/151/"}, {"name": "hoothoot", "url": "https://pokeapi.co/api/v2/pokemon/163/"}, {"name": "noctowl", "url": "https://pokeapi.co/api/v2/pokemon/164/"}, {"name": "crobat", "url": "https://pokeapi.co/api/v2/pokemon/169/"}, {"name": "pichu", "url": "https://pokeapi.co/api/v2/pokemon/172/"}, {"name": "togepi", "url": "https://pokeapi.co/api/v2/pokemon/175/"}, {"name": "togetic", "url": "https://pokeapi.co/api/v2/pokemon/176/"}, {"name": "aipom", "url": "https://pokeapi.co/api/v2/pokemon/190/"}, {"name": "murkrow", "url": "https://pokeapi.co/api/v2/pokemon/198/"}, {"name": "slowking", "url": "https://pokeapi.co/api/v2/pokemon/199/"}, {"name": "misdreavus", "url": "https://pokeapi.co/api/v2/pokemon/200/"}, {"name": "girafarig", "url": "https://pokeapi.co/api/v2/pokemon/203/"}, {"name": "sneasel", "url": "https://pokeapi.co/api/v2/pokemon/215/"}, {"name": "houndour", "url": "https://pokeapi.co/api/v2/pokemon/228/"}, {"name": "houndoom", "url": "https://pokeapi.co/api/v2/pokemon/229/"}, {"name": "smoochum", "url": "https://pokeapi.co/api/v2/pokemon/238/"}, {"name": "celebi", "url": "https://pokeapi.co/api/v2/pokemon/251/"}, {"name": "poochyena", "url": "https://pokeapi.co/api/v2/pokemon/261/"}, {"name": "mightyena", "url": "https://pokeapi.co/api/v2/pokemon/262/"}, {"name": "seedot", "url": "https://pokeapi.co/api/v2/pokemon/273/"}, {"name": "nuzleaf", "url": "https://pokeapi.co/api/v2/pokemon/274/"}, {"name": "shiftry", "url": "https://pokeapi.co/api/v2/pokemon/275/"}, {"name": "skitty", "url": "https://pokeapi.co/api/v2/pokemon/300/"}, {"name": "delcatty", "url": "https://pokeapi.co/api/v2/pokemon/301/"}, {"name": "sableye", "url": "https://pokeapi.co/api/v2/pokemon/302/"}, {"name": "plusle", "url": "https://pokeapi.co/api/v2/pokemon/311/"}, {"name": "minun", "url": "https://pokeapi.co/api/v2/pokemon/312/"}, {"name": "grumpig", "url": "https://pokeapi.co/api/v2/pokemon/326/"}, {"name": "cacnea", "url": "https://pokeapi.co/api/v2/pokemon/331/"}, {"name": "cacturne", "url": "https://pokeapi.co/api/v2/pokemon/332/"}, {"name": "lunatone", "url": "https://pokeapi.co/api/v2/pokemon/337/"}, {"name": "crawdaunt", "url": "https://pokeapi.co/api/v2/pokemon/342/"}, {"name": "claydol", "url": "https://pokeapi.co/api/v2/pokemon/344/"}, {"name": "kecleon", "url": "https://pokeapi.co/api/v2/pokemon/352/"}, {"name": "shuppet", "url": "https://pokeapi.co/api/v2/pokemon/353/"}, {"name": "banette", "url": "https://pokeapi.co/api/v2/pokemon/354/"}, {"name": "deoxys-normal", "url": "https://pokeapi.co/api/v2/pokemon/386/"}, {"name": "chimchar", "url": "https://pokeapi.co/api/v2/pokemon/390/"}, {"name": "monferno", "url": "https://pokeapi.co/api/v2/pokemon/391/"}, {"name": "infernape", "url": "https://pokeapi.co/api/v2/pokemon/392/"}, {"name": "ambipom", "url": "https://pokeapi.co/api/v2/pokemon/424/"}, {"name": "mismagius", "url": "https://pokeapi.co/api/v2/pokemon/429/"}, {"name": "honchkrow", "url": "https://pokeapi.co/api/v2/pokemon/430/"}, {"name": "stunky", "url": "https://pokeapi.co/api/v2/pokemon/434/"}, {"name": "skuntank", "url": "https://pokeapi.co/api/v2/pokemon/435/"}, {"name": "mime-jr", "url": "https://pokeapi.co/api/v2/pokemon/439/"}, {"name": "chatot", "url": "https://pokeapi.co/api/v2/pokemon/441/"}, {"name": "spiritomb", "url": "https://pokeapi.co/api/v2/pokemon/442/"}, {"name": "riolu", "url": "https://pokeapi.co/api/v2/pokemon/447/"}, {"name": "lucario", "url": "https://pokeapi.co/api/v2/pokemon/448/"}, {"name": "croagunk", "url": "https://pokeapi.co/api/v2/pokemon/453/"}, {"name": "toxicroak", "url": "https://pokeapi.co/api/v2/pokemon/454/"}, {"name": "weavile", "url": "https://pokeapi.co/api/v2/pokemon/461/"}, {"name": "togekiss", "url": "https://pokeapi.co/api/v2/pokemon/468/"}, {"name": "porygon-z", "url": "https://pokeapi.co/api/v2/pokemon/474/"}, {"name": "rotom", "url": "https://pokeapi.co/api/v2/pokemon/479/"}, {"name": "uxie", "url": "https://pokeapi.co/api/v2/pokemon/480/"}, {"name": "mesprit", "url": "https://pokeapi.co/api/v2/pokemon/481/"}, {"name": "azelf", "url": "https://pokeapi.co/api/v2/pokemon/482/"}, {"name": "darkrai", "url": "https://pokeapi.co/api/v2/pokemon/491/"}, {"name": "patrat", "url": "https://pokeapi.co/api/v2/pokemon/504/"}, {"name": "watchog", "url": "https://pokeapi.co/api/v2/pokemon/505/"}, {"name": "purrloin", "url": "https://pokeapi.co/api/v2/pokemon/509/"}, {"name": "liepard", "url": "https://pokeapi.co/api/v2/pokemon/510/"}, {"name": "pansage", "url": "https://pokeapi.co/api/v2/pokemon/511/"}, {"name": "pansear", "url": "https://pokeapi.co/api/v2/pokemon/513/"}, {"name": "panpour", "url": "https://pokeapi.co/api/v2/pokemon/515/"}, {"name": "woobat", "url": "https://pokeapi.co/api/v2/pokemon/527/"}, {"name": "swoobat", "url": "https://pokeapi.co/api/v2/pokemon/528/"}, {"name": "yamask", "url": "https://pokeapi.co/api/v2/pokemon/562/"}, {"name": "cofagrigus", "url": "https://pokeapi.co/api/v2/pokemon/563/"}, {"name": "zorua", "url": "https://pokeapi.co/api/v2/pokemon/570/"}, {"name": "zoroark", "url": "https://pokeapi.co/api/v2/pokemon/571/"}, {"name": "gothita", "url": "https://pokeapi.co/api/v2/pokemon/574/"}, {"name": "gothorita", "url": "https://pokeapi.co/api/v2/pokemon/575/"}, {"name": "gothitelle", "url": "https://pokeapi.co/api/v2/pokemon/576/"}, {"name": "elgyem", "url": "https://pokeapi.co/api/v2/pokemon/605/"}, {"name": "beheeyem", "url": "https://pokeapi.co/api/v2/pokemon/606/"}, {"name": "vullaby", "url": "https://pokeapi.co/api/v2/pokemon/629/"}, {"name": "mandibuzz", "url": "https://pokeapi.co/api/v2/pokemon/630/"}, {"name": "deino", "url": "https://pokeapi.co/api/v2/pokemon/633/"}, {"name": "zweilous", "url": "https://pokeapi.co/api/v2/pokemon/634/"}, {"name": "hydreigon", "url": "https://pokeapi.co/api/v2/pokemon/635/"}, {"name": "tornadus-incarnate", "url": "https://pokeapi.co/api/v2/pokemon/641/"}, {"name": "thundurus-incarnate", "url": "https://pokeapi.co/api/v2/pokemon/642/"}, {"name": "landorus-incarnate", "url": "https://pokeapi.co/api/v2/pokemon/645/"}, {"name": "delphox", "url": "https://pokeapi.co/api/v2/pokemon/655/"}, {"name": "espurr", "url": "https://pokeapi.co/api/v2/pokemon/677/"}, {"name": "meowstic-male", "url": "https://pokeapi.co/api/v2/pokemon/678/"}, {"name": "spritzee", "url": "https://pokeapi.co/api/v2/pokemon/682/"}, {"name": "aromatisse", "url": "https://pokeapi.co/api/v2/pokemon/683/"}, {"name": "inkay", "url": "https://pokeapi.co/api/v2/pokemon/686/"}, {"name": "malamar", "url": "https://pokeapi.co/api/v2/pokemon/687/"}, {"name": "gourgeist-average", "url": "https://pokeapi.co/api/v2/pokemon/711/"}, {"name": "hoopa", "url": "https://pokeapi.co/api/v2/pokemon/720/"}, {"name": "rowlet", "url": "https://pokeapi.co/api/v2/pokemon/722/"}, {"name": "dartrix", "url": "https://pokeapi.co/api/v2/pokemon/723/"}, {"name": "decidueye", "url": "https://pokeapi.co/api/v2/pokemon/724/"}, {"name": "litten", "url": "https://pokeapi.co/api/v2/pokemon/725/"}, {"name": "torracat", "url": "https://pokeapi.co/api/v2/pokemon/726/"}, {"name": "incineroar", "url": "https://pokeapi.co/api/v2/pokemon/727/"}, {"name": "salandit", "url": "https://pokeapi.co/api/v2/pokemon/757/"}, {"name": "salazzle", "url": "https://pokeapi.co/api/v2/pokemon/758/"}, {"name": "oranguru", "url": "https://pokeapi.co/api/v2/pokemon/765/"}, {"name": "poipole", "url": "https://pokeapi.co/api/v2/pokemon/803/"}, {"name": "naganadel", "url": "https://pokeapi.co/api/v2/pokemon/804/"}, {"name": "rookidee", "url": "https://pokeapi.co/api/v2/pokemon/821/"}, {"name": "corvisquire", "url": "https://pokeapi.co/api/v2/pokemon/822/"}, {"name": "corviknight", "url": "https://pokeapi.co/api/v2/pokemon/823/"}, {"name": "nickit", "url": "https://pokeapi.co/api/v2/pokemon/827/"}, {"name": "thievul", "url": "https://pokeapi.co/api/v2/pokemon/828/"}, {"name": "sinistea", "url": "https://pokeapi.co/api/v2/pokemon/854/"}, {"name": "polteageist", "url": "https://pokeapi.co/api/v2/pokemon/855/"}, {"name": "impidimp", "url": "https://pokeapi.co/api/v2/pokemon/859/"}, {"name": "morgrem", "url": "https://pokeapi.co/api/v2/pokemon/860/"}, {"name": "grimmsnarl", "url": "https://pokeapi.co/api/v2/pokemon/861/"}, {"name": "perrserker", "url": "https://pokeapi.co/api/v2/pokemon/863/"}, {"name": "mr-rime", "url": "https://pokeapi.co/api/v2/pokemon/866/"}, {"name": "runerigus", "url": "https://pokeapi.co/api/v2/pokemon/867/"}, {"name": "morpeko-full-belly", "url": "https://pokeapi.co/api/v2/pokemon/877/"}, {"name": "zarude", "url": "https://pokeapi.co/api/v2/pokemon/893/"}, {"name": "spectrier", "url": "https://pokeapi.co/api/v2/pokemon/897/"}, {"name": "sneasler", "url": "https://pokeapi.co/api/v2/pokemon/903/"}, {"name": "sprigatito", "url": "https://pokeapi.co/api/v2/pokemon/906/"}, {"name": "floragato", "url": "https://pokeapi.co/api/v2/pokemon/907/"}, {"name": "meowscarada", "url": "https://pokeapi.co/api/v2/pokemon/908/"}, {"name": "shroodle", "url": "https://pokeapi.co/api/v2/pokemon/944/"}, {"name": "grafaiai", "url": "https://pokeapi.co/api/v2/pokemon/945/"}, {"name": "bombirdier", "url": "https://pokeapi.co/api/v2/pokemon/962/"}, {"name": "tatsugiri", "url": "https://pokeapi.co/api/v2/pokemon/978/"}, {"name": "farigiraf", "url": "https://pokeapi.co/api/v2/pokemon/981/"}, {"name": "gimmighoul", "url": "https://pokeapi.co/api/v2/pokemon/999/"}, {"name": "gholdengo", "url": "https://pokeapi.co/api/v2/pokemon/1000/"}, {"name": "chi-yu", "url": "https://pokeapi.co/api/v2/pokemon/1004/"}, {"name": "poltchageist", "url": "https://pokeapi.co/api/v2/pokemon/1012/"}, {"name": "sinistcha", "url": "https://pokeapi.co/api/v2/pokemon/1013/"}, {"name": "munkidori", "url": "https://pokeapi.co/api/v2/pokemon/1015/"}, {"name": "fezandipiti", "url": "https://pokeapi.co/api/v2/pokemon/1016/"}, {"name": "hydrapple", "url": "https://pokeapi.co/api/v2/pokemon/1019/"}, {"name": "pecharunt", "url": "https://pokeapi.co/api/v2/pokemon/1025/"}, {"name": "deoxys-attack", "url": "https://pokeapi.co/api/v2/pokemon/10001/"}, {"name": "deoxys-speed", "url": "https://pokeapi.co/api/v2/pokemon/10003/"}, {"name": "rotom-heat", "url": "https://pokeapi.co/api/v2/pokemon/10008/"}, {"name": "rotom-wash", "url": "https://pokeapi.co/api/v2/pokemon/10009/"}, {"name": "rotom-frost", "url": "https://pokeapi.co/api/v2/pokemon/10010/"}, {"name": "rotom-fan", "url": "https://pokeapi.co/api/v2/pokemon/10011/"}, {"name": "rotom-mow", "url": "https://pokeapi.co/api/v2/pokemon/10012/"}, {"name": "tornadus-therian", "url": "https://pokeapi.co/api/v2/pokemon/10019/"}, {"name": "thundurus-therian", "url": "https://pokeapi.co/api/v2/pokemon/10020/"}, {"name": "landorus-therian", "url": "https://pokeapi.co/api/v2/pokemon/10021/"}, {"name": "meowstic-female", "url": "https://pokeapi.co/api/v2/pokemon/10025/"}, {"name": "gourgeist-small", "url": "https://pokeapi.co/api/v2/pokemon/10030/"}, {"name": "gourgeist-large", "url": "https://pokeapi.co/api/v2/pokemon/10031/"}, {"name": "gourgeist-super", "url": "https://pokeapi.co/api/v2/pokemon/10032/"}, {"name": "houndoom-mega", "url": "https://pokeapi.co/api/v2/pokemon/10048/"}, {"name": "sableye-mega", "url": "https://pokeapi.co/api/v2/pokemon/10066/"}, {"name": "hoopa-unbound", "url": "https://pokeapi.co/api/v2/pokemon/10086/"}, {"name": "pikachu-original-cap", "url": "https://pokeapi.co/api/v2/pokemon/10094/"}, {"name": "pikachu-hoenn-cap", "url": "https://pokeapi.co/api/v2/pokemon/10095/"}, {"name": "pikachu-sinnoh-cap", "url": "https://pokeapi.co/api/v2/pokemon/10096/"}, {"name": "pikachu-unova-cap", "url": "https://pokeapi.co/api/v2/pokemon/10097/"}, {"name": "pikachu-kalos-cap", "url": "https://pokeapi.co/api/v2/pokemon/10098/"}, {"name": "pikachu-alola-cap", "url": "https://pokeapi.co/api/v2/pokemon/10099/"}, {"name": "raichu-alola", "url": "https://pokeapi.co/api/v2/pokemon/10100/"}, {"name": "vulpix-alola", "url": "https://pokeapi.co/api/v2/pokemon/10103/"}, {"name": "ninetales-alola", "url": "https://pokeapi.co/api/v2/pokemon/10104/"}, {"name": "meowth-alola", "url": "https://pokeapi.co/api/v2/pokemon/10107/"}, {"name": "persian-alola", "url": "https://pokeapi.co/api/v2/pokemon/10108/"}, {"name": "salazzle-totem", "url": "https://pokeapi.co/api/v2/pokemon/10129/"}, {"name": "pikachu-partner-cap", "url": "https://pokeapi.co/api/v2/pokemon/10148/"}, {"name": "pikachu-world-cap", "url": "https://pokeapi.co/api/v2/pokemon/10160/"}, {"name": "meowth-galar", "url": "https://pokeapi.co/api/v2/pokemon/10161/"}, {"name": "slowbro-galar", "url": "https://pokeapi.co/api/v2/pokemon/10165/"}, {"name": "mr-mime-galar", "url": "https://pokeapi.co/api/v2/pokemon/10168/"}, {"name": "moltres-galar", "url": "https://pokeapi.co/api/v2/pokemon/10171/"}, {"name": "slowking-galar", "url": "https://pokeapi.co/api/v2/pokemon/10172/"}, {"name": "yamask-galar", "url": "https://pokeapi.co/api/v2/pokemon/10179/"}, {"name": "morpeko-hangry", "url": "https://pokeapi.co/api/v2/pokemon/10187/"}, {"name": "zarude-dada", "url": "https://pokeapi.co/api/v2/pokemon/10192/"}, {"name": "calyrex-shadow", "url": "https://pokeapi.co/api/v2/pokemon/10194/"}, {"name": "sneasel-hisui", "url": "https://pokeapi.co/api/v2/pokemon/10235/"}, {"name": "zorua-hisui", "url": "https://pokeapi.co/api/v2/pokemon/10238/"}, {"name": "zoroark-hisui", "url": "https://pokeapi.co/api/v2/pokemon/10239/"}, {"name": "decidueye-hisui", "url": "https://pokeapi.co/api/v2/pokemon/10244/"}, {"name": "tatsugiri-droopy", "url": "https://pokeapi.co/api/v2/pokemon/10258/"}, {"name": "tatsugiri-stretchy", "url": "https://pokeapi.co/api/v2/pokemon/10259/"}, {"name": "gimmighoul-roaming", "url": "https://pokeapi.co/api/v2/pokemon/10263/"}], "machines": [{"machine": {"url": "https://pokeapi.co/api/v2/machine/1657/"}, "version_group": {"name": "sword-shield", "url": "https://pokeapi.co/api/v2/version-group/20/"}}, {"machine": {"url": "https://pokeapi.co/api/v2/machine/1695/"}, "version_group": {"name": "brilliant-diamond-and-shining-pearl", "url": "https://pokeapi.co/api/v2/version-group/23/"}}, {"machine": {"url": "https://pokeapi.co/api/v2/machine/1845/"}, "version_group": {"name": "scarlet-violet", "url": "https://pokeapi.co/api/v2/version-group/25/"}}, {"machine": {"url": "https://pokeapi.co/api/v2/machine/2036/"}, "version_group": {"name": "the-indigo-disk", "url": "https://pokeapi.co/api/v2/version-group/27/"}}], "meta": {"ailment": {"name": "none", "url": "https://pokeapi.co/api/v2/move-ailment/0/"}, "ailment_chance": 0, "category": {"name": "net-good-stats", "url": "https://pokeapi.co/api/v2/move-category/2/"}, "crit_rate": 0, "drain": 0, "flinch_chance": 0, "healing": 0, "max_hits": null, "max_turns": null, "min_hits": null, "min_turns": null, "stat_chance": 0}, "name": "nasty-plot", "names": [{"language": {"name": "ja-Hrkt", "url": "https://pokeapi.co/api/v2/language/1/"}, "name": "\u308f\u308b\u3060\u304f\u307f"}, {"language": {"name": "ko", "url": "https://pokeapi.co/api/v2/language/3/"}, "name": "\ub098\uc05c\uc74c\ubaa8"}, {"language": {"name": "zh-Hant", "url": "https://pokeapi.co/api/v2/language/4/"}, "name": "\u8a6d\u8a08"}, {"language": {"name": "fr", "url": "https://pokeapi.co/api/v2/language/5/"}, "name": "Machination"}, {"language": {"name": "de", "url": "https://pokeapi.co/api/v2/language/6/"}, "name": "R\u00e4nkeschmied"}, {"language": {"name": "es", "url": "https://pokeapi.co/api/v2/language/7/"}, "name": "Maquinaci\u00f3n"}, {"language": {"name": "it", "url": "https://pokeapi.co/api/v2/language/8/"}, "name": "Congiura"}, {"language": {"name": "en", "url": "https://pokeapi.co/api/v2/language/9/"}, "name": "Nasty Plot"}, {"language": {"name": "ja", "url": "https://pokeapi.co/api/v2/language/11/"}, "name": "\u308f\u308b\u3060\u304f\u307f"}, {"language": {"name": "zh-Hans", "url": "https://pokeapi.co/api/v2/language/12/"}, "name": "\u8be1\u8ba1"}], "past_values": [], "power": null, "pp": 20, "priority": 0, "stat_changes": [{"change": 2, "stat": {"name": "special-attack", "url": "https://pokeapi.co/api/v2/stat/4/"}}], "super_contest_effect": {"url": "https://pokeapi.co/api/v2/super-contest-effect/11/"}, "target": {"name": "user", "url": "https://pokeapi.co/api/v2/move-target/7/"}, "type": {"name": "dark", "url": "https://pokeapi.co/api/v2/type/17/"}}