{"accuracy": 100, "contest_combos": null, "contest_effect": {"url": "https://pokeapi.co/api/v2/contest-effect/23/"}, "contest_type": {"name": "smart", "url": "https://pokeapi.co/api/v2/contest-type/4/"}, "damage_class": {"name": "special", "url": "https://pokeapi.co/api/v2/move-damage-class/3/"}, "effect_chance": null, "effect_changes": [], "effect_entries": [{"effect": "Inflicts damage equal to the user's level.  Type immunity applies, but other type effects are ignored.", "language": {"name": "en", "url": "https://pokeapi.co/api/v2/language/9/"}, "short_effect": "Inflicts damage equal to the user's level."}], "flavor_text_entries": [{"flavor_text": "The user's level\nequals damage HP.", "language": {"name": "en", "url": "https://pokeapi.co/api/v2/language/9/"}, "version_group": {"name": "gold-silver", "url": "https://pokeapi.co/api/v2/version-group/3/"}}, {"flavor_text": "The user's level\nequals damage HP.", "language": {"name": "en", "url": "https://pokeapi.co/api/v2/language/9/"}, "version_group": {"name": "crystal", "url": "https://pokeapi.co/api/v2/version-group/4/"}}, {"flavor_text": "Inflicts damage identical\nto the user\u2019s level.", "language": {"name": "en", "url": "https://pokeapi.co/api/v2/language/9/"}, "version_group": {"name": "ruby-sapphire", "url": "https://pokeapi.co/api/v2/version-group/5/"}}, {"flavor_text": "Inflicts damage identical\nto the user\u2019s level.", "language": {"name": "en", "url": "https://pokeapi.co/api/v2/language/9/"}, "version_group": {"name": "emerald", "url": "https://pokeapi.co/api/v2/version-group/6/"}}, {"flavor_text": "An attack with a\nmirage that inflicts\ndamage matching\nthe user\u2019s level.", "language": {"name": "en", "url": "https://pokeapi.co/api/v2/language/9/"}, "version_group": {"name": "firered-leafgreen", "url": "https://pokeapi.co/api/v2/version-group/7/"}}, {"flavor_text": "The user makes the\nfoe see a mirage.\nIt inflicts damage\nmatching the user\u2019s\nlevel.", "language": {"name": "en", "url": "https://pokeapi.co/api/v2/language/9/"}, "version_group": {"name": "diamond-pearl", "url": "https://pokeapi.co/api/v2/version-group/8/"}}, {"flavor_text": "The user makes the\nfoe see a mirage.\nIt inflicts damage\nmatching the user\u2019s\nlevel.", "language": {"name": "en", "url": "https://pokeapi.co/api/v2/language/9/"}, "version_group": {"name": "platinum", "url": "https://pokeapi.co/api/v2/version-group/9/"}}, {"flavor_text": "The user makes the\nfoe see a mirage.\nIt inflicts damage\nmatching the user\u2019s\nlevel.", "language": {"name": "en", "url": "https://pokeapi.co/api/v2/language/9/"}, "version_group": {"name": "heartgold-soulsilver", "url": "https://pokeapi.co/api/v2/version-group/10/"}}, {"flavor_text": "Le lanceur invoque un mirage. Inflige des\nd\u00e9g\u00e2ts \u00e9quivalents au niveau du lanceur.", "language": {"name": "fr", "url": "https://pokeapi.co/api/v2/language/5/"}, "version_group": {"name": "black-white", "url": "https://pokeapi.co/api/v2/version-group/11/"}}, {"flavor_text": "The user makes the target see a\nfrightening mirage. It inflicts damage\nmatching the user\u2019s level.", "language": {"name": "en", "url": "https://pokeapi.co/api/v2/language/9/"}, "version_group": {"name": "black-white", "url": "https://pokeapi.co/api/v2/version-group/11/"}}, {"flavor_text": "The user makes the target see a\nfrightening mirage. It inflicts damage\nmatching the user\u2019s level.", "language": {"name": "en", "url": "https://pokeapi.co/api/v2/language/9/"}, "version_group": {"name": "black-2-white-2", "url": "https://pokeapi.co/api/v2/version-group/14/"}}, {"flavor_text": "\u304a\u305d\u308d\u3057\u3044\u3000\u307e\u307c\u308d\u3057\u3092\u3000\u307f\u305b\u3066\n\u3058\u3076\u3093\u306e\u3000\u30ec\u30d9\u30eb\u3068\u3000\u304a\u306a\u3058\u3000\u3060\u3051\u306e\n\u30c0\u30e1\u30fc\u30b8\u3092\u3000\u3042\u3044\u3066\u306b\u3000\u3042\u305f\u3048\u308b\u3002", "language": {"name": "ja-Hrkt", "url": "https://pokeapi.co/api/v2/language/1/"}, "version_group": {"name": "x-y", "url": "https://pokeapi.co/api/v2/version-group/15/"}}, {"flavor_text": "\ubb34\uc2dc\ubb34\uc2dc\ud55c \ud658\uc0c1\uc744 \ubcf4\uac8c \ud574\uc11c\n\uc790\uc2e0\uc758 \ub808\ubca8\uacfc \ub611\uac19\uc740 \ub9cc\ud07c\uc758\n\ub370\ubbf8\uc9c0\ub97c \uc0c1\ub300\uc5d0\uac8c \uc900\ub2e4.", "language": {"name": "ko", "url": "https://pokeapi.co/api/v2/language/3/"}, "version_group": {"name": "x-y", "url": "https://pokeapi.co/api/v2/version-group/15/"}}, {"flavor_text": "Le lanceur invoque un mirage.\nInflige des d\u00e9g\u00e2ts \u00e9quivalents au niveau du\nlanceur.", "language": {"name": "fr", "url": "https://pokeapi.co/api/v2/language/5/"}, "version_group": {"name": "x-y", "url": "https://pokeapi.co/api/v2/version-group/15/"}}, {"flavor_text": "Das Ziel sieht eine Illusion. Richtet Schaden\ngem\u00e4\u00df dem Level des Anwenders an.", "language": {"name": "de", "url": "https://pokeapi.co/api/v2/language/6/"}, "version_group": {"name": "x-y", "url": "https://pokeapi.co/api/v2/version-group/15/"}}, {"flavor_text": "Produce un espejismo ante el objetivo, que pierde\ntantos PS como nivel tenga el agresor.", "language": {"name": "es", "url": "https://pokeapi.co/api/v2/language/7/"}, "version_group": {"name": "x-y", "url": "https://pokeapi.co/api/v2/version-group/15/"}}, {"flavor_text": "Fa apparire un orribile miraggio al bersaglio\ne infligge un danno pari al livello di chi la usa.", "language": {"name": "it", "url": "https://pokeapi.co/api/v2/language/8/"}, "version_group": {"name": "x-y", "url": "https://pokeapi.co/api/v2/version-group/15/"}}, {"flavor_text": "The user makes the target see a\nfrightening mirage. It inflicts damage\nequal to the user\u2019s level.", "language": {"name": "en", "url": "https://pokeapi.co/api/v2/language/9/"}, "version_group": {"name": "x-y", "url": "https://pokeapi.co/api/v2/version-group/15/"}}, {"flavor_text": "\u6050\u308d\u3057\u3044\u3000\u5e7b\u3092\u3000\u307f\u305b\u3066\n\u81ea\u5206\u306e\u3000\u30ec\u30d9\u30eb\u3068\u3000\u540c\u3058\u3060\u3051\u306e\n\u30c0\u30e1\u30fc\u30b8\u3092\u3000\u76f8\u624b\u306b\u3000\u4e0e\u3048\u308b\u3002", "language": {"name": "ja", "url": "https://pokeapi.co/api/v2/language/11/"}, "version_group": {"name": "x-y", "url": "https://pokeapi.co/api/v2/version-group/15/"}}, {"flavor_text": "\u304a\u305d\u308d\u3057\u3044\u3000\u307e\u307c\u308d\u3057\u3092\u3000\u202f\u305b\u3066\n\u3058\u3076\u3093\u306e\u3000\u30ec\u30d9\u30eb\u3068\u3000\u304a\u306a\u3058\u3000\u3060\u3051\u306e\n\u30c0\u30e1\u30fc\u30b8\u3092\u3000\u3042\u3044\u3066\u306b\u3000\u3042\u305f\u3048\u308b\u3002", "language": {"name": "ja-Hrkt", "url": "https://pokeapi.co/api/v2/language/1/"}, "version_group": {"name": "omega-ruby-alpha-sapphire", "url": "https://pokeapi.co/api/v2/version-group/16/"}}, {"flavor_text": "\ubb34\uc2dc\ubb34\uc2dc\ud55c \ud658\uc0c1\uc744 \ubcf4\uac8c \ud574\uc11c\n\uc790\uc2e0\uc758 \ub808\ubca8\uacfc \ub611\uac19\uc740 \ub9cc\ud07c\uc758\n\ub370\ubbf8\uc9c0\ub97c \uc0c1\ub300\uc5d0\uac8c \uc900\ub2e4.", "language": {"name": "ko", "url": "https://pokeapi.co/api/v2/language/3/"}, "version_group": {"name": "omega-ruby-alpha-sapphire", "url": "https://pokeapi.co/api/v2/version-group/16/"}}, {"flavor_text": "Le lanceur invoque un mirage.\nInflige des d\u00e9g\u00e2ts \u00e9quivalents au niveau du\nlanceur.", "language": {"name": "fr", "url": "https://pokeapi.co/api/v2/language/5/"}, "version_group": {"name": "omega-ruby-alpha-sapphire", "url": "https://pokeapi.co/api/v2/version-group/16/"}}, {"flavor_text": "Das Ziel sieht eine Illusion. Richtet Schaden\ngem\u00e4\u00df dem Level des Anwenders an.", "language": {"name": "de", "url": "https://pokeapi.co/api/v2/language/6/"}, "version_group": {"name": "omega-ruby-alpha-sapphire", "url": "https://pokeapi.co/api/v2/version-group/16/"}}, {"flavor_text": "Produce un espejismo ante el objetivo, que pierde \ntantos PS como nivel tenga el agresor.", "language": {"name": "es", "url": "https://pokeapi.co/api/v2/language/7/"}, "version_group": {"name": "omega-ruby-alpha-sapphire", "url": "https://pokeapi.co/api/v2/version-group/16/"}}, {"flavor_text": "Fa apparire un orribile miraggio al bersaglio\ne infligge un danno pari al livello di chi la usa.", "language": {"name": "it", "url": "https://pokeapi.co/api/v2/language/8/"}, "version_group": {"name": "omega-ruby-alpha-sapphire", "url": "https://pokeapi.co/api/v2/version-group/16/"}}, {"flavor_text": "The user makes the target see a\nfrightening mirage. It inflicts damage\nequal to the user\u2019s level.", "language": {"name": "en", "url": "https://pokeapi.co/api/v2/language/9/"}, "version_group": {"name": "omega-ruby-alpha-sapphire", "url": "https://pokeapi.co/api/v2/version-group/16/"}}, {"flavor_text": "\u6050\u308d\u3057\u3044\u3000\u5e7b\u3092\u3000\u202f\u305b\u3066\n\u81ea\u5206\u306e\u3000\u30ec\u30d9\u30eb\u3068\u3000\u540c\u3058\u3060\u3051\u306e\n\u30c0\u30e1\u30fc\u30b8\u3092\u3000\u76f8\u624b\u306b\u3000\u4e0e\u3048\u308b\u3002", "language": {"name": "ja", "url": "https://pokeapi.co/api/v2/language/11/"}, "version_group": {"name": "omega-ruby-alpha-sapphire", "url": "https://pokeapi.co/api/v2/version-group/16/"}}, {"flavor_text": "\u304a\u305d\u308d\u3057\u3044\u3000\u307e\u307c\u308d\u3057\u3092\u3000\u307f\u305b\u3066\n\u3058\u3076\u3093\u306e\u3000\u30ec\u30d9\u30eb\u3068\u3000\u304a\u306a\u3058\u3000\u3060\u3051\u306e\n\u30c0\u30e1\u30fc\u30b8\u3092\u3000\u3042\u3044\u3066\u306b\u3000\u3042\u305f\u3048\u308b\u3002", "language": {"name": "ja-Hrkt", "url": "https://pokeapi.co/api/v2/language/1/"}, "version_group": {"name": "sun-moon", "url": "https://pokeapi.co/api/v2/version-group/17/"}}, {"flavor_text": "\ubb34\uc2dc\ubb34\uc2dc\ud55c \ud658\uc0c1\uc744 \ubcf4\uac8c \ud574\uc11c\n\uc790\uc2e0\uc758 \ub808\ubca8\uacfc \ub611\uac19\uc740 \ub9cc\ud07c\uc758\n\ub370\ubbf8\uc9c0\ub97c \uc0c1\ub300\uc5d0\uac8c \uc900\ub2e4.", "language": {"name": "ko", "url": "https://pokeapi.co/api/v2/language/3/"}, "version_group": {"name": "sun-moon", "url": "https://pokeapi.co/api/v2/version-group/17/"}}, {"flavor_text": "\u8b93\u5c0d\u624b\u770b\u898b\u6050\u6016\u5e7b\u5f71\uff0c\n\u7d66\u4e88\u5c0d\u624b\u548c\u81ea\u5df1\u7b49\u7d1a\n\u76f8\u540c\u7684\u50b7\u5bb3\u3002", "language": {"name": "zh-Hant", "url": "https://pokeapi.co/api/v2/language/4/"}, "version_group": {"name": "sun-moon", "url": "https://pokeapi.co/api/v2/version-group/17/"}}, {"flavor_text": "Le lanceur invoque un mirage.\nInflige des d\u00e9g\u00e2ts \u00e9quivalents au niveau du\nlanceur.", "language": {"name": "fr", "url": "https://pokeapi.co/api/v2/language/5/"}, "version_group": {"name": "sun-moon", "url": "https://pokeapi.co/api/v2/version-group/17/"}}, {"flavor_text": "Das Ziel sieht eine Illusion. Richtet Schaden gem\u00e4\u00df\ndem Level des Anwenders an.", "language": {"name": "de", "url": "https://pokeapi.co/api/v2/language/6/"}, "version_group": {"name": "sun-moon", "url": "https://pokeapi.co/api/v2/version-group/17/"}}, {"flavor_text": "Produce un espejismo ante el objetivo, que pierde\ntantos PS como nivel tenga el usuario.", "language": {"name": "es", "url": "https://pokeapi.co/api/v2/language/7/"}, "version_group": {"name": "sun-moon", "url": "https://pokeapi.co/api/v2/version-group/17/"}}, {"flavor_text": "Fa apparire un orribile miraggio al bersaglio\ne infligge un danno pari al livello di chi la usa.", "language": {"name": "it", "url": "https://pokeapi.co/api/v2/language/8/"}, "version_group": {"name": "sun-moon", "url": "https://pokeapi.co/api/v2/version-group/17/"}}, {"flavor_text": "The user makes the target see a frightening mirage.\nIt inflicts damage equal to the user\u2019s level.", "language": {"name": "en", "url": "https://pokeapi.co/api/v2/language/9/"}, "version_group": {"name": "sun-moon", "url": "https://pokeapi.co/api/v2/version-group/17/"}}, {"flavor_text": "\u6050\u308d\u3057\u3044\u3000\u5e7b\u3092\u3000\u307f\u305b\u3066\n\u81ea\u5206\u306e\u3000\u30ec\u30d9\u30eb\u3068\u3000\u540c\u3058\u3060\u3051\u306e\n\u30c0\u30e1\u30fc\u30b8\u3092\u3000\u76f8\u624b\u306b\u3000\u4e0e\u3048\u308b\u3002", "language": {"name": "ja", "url": "https://pokeapi.co/api/v2/language/11/"}, "version_group": {"name": "sun-moon", "url": "https://pokeapi.co/api/v2/version-group/17/"}}, {"flavor_text": "\u663e\u793a\u6050\u6016\u5e7b\u5f71\uff0c\n\u53ea\u7ed9\u4e88\u5bf9\u624b\n\u548c\u81ea\u5df1\u7b49\u7ea7\u76f8\u540c\u7684\u4f24\u5bb3\u3002", "language": {"name": "zh-Hans", "url": "https://pokeapi.co/api/v2/language/12/"}, "version_group": {"name": "sun-moon", "url": "https://pokeapi.co/api/v2/version-group/17/"}}, {"flavor_text": "\u304a\u305d\u308d\u3057\u3044\u3000\u307e\u307c\u308d\u3057\u3092\u3000\u307f\u305b\u3066\n\u3058\u3076\u3093\u306e\u3000\u30ec\u30d9\u30eb\u3068\u3000\u304a\u306a\u3058\u3000\u3060\u3051\u306e\n\u30c0\u30e1\u30fc\u30b8\u3092\u3000\u3042\u3044\u3066\u306b\u3000\u3042\u305f\u3048\u308b\u3002", "language": {"name": "ja-Hrkt", "url": "https://pokeapi.co/api/v2/language/1/"}, "version_group": {"name": "ultra-sun-ultra-moon", "url": "https://pokeapi.co/api/v2/version-group/18/"}}, {"flavor_text": "\ubb34\uc2dc\ubb34\uc2dc\ud55c \ud658\uc0c1\uc744 \ubcf4\uac8c \ud574\uc11c\n\uc790\uc2e0\uc758 \ub808\ubca8\uacfc \ub611\uac19\uc740 \ub9cc\ud07c\uc758\n\ub370\ubbf8\uc9c0\ub97c \uc0c1\ub300\uc5d0\uac8c \uc900\ub2e4.", "language": {"name": "ko", "url": "https://pokeapi.co/api/v2/language/3/"}, "version_group": {"name": "ultra-sun-ultra-moon", "url": "https://pokeapi.co/api/v2/version-group/18/"}}, {"flavor_text": "\u8b93\u5c0d\u624b\u770b\u898b\u6050\u6016\u5e7b\u5f71\uff0c\n\u7d66\u4e88\u5c0d\u624b\u548c\u81ea\u5df1\u7b49\u7d1a\n\u76f8\u540c\u7684\u50b7\u5bb3\u3002", "language": {"name": "zh-Hant", "url": "https://pokeapi.co/api/v2/language/4/"}, "version_group": {"name": "ultra-sun-ultra-moon", "url": "https://pokeapi.co/api/v2/version-group/18/"}}, {"flavor_text": "Le lanceur invoque un mirage.\nInflige des d\u00e9g\u00e2ts \u00e9quivalents au niveau du\nlanceur.", "language": {"name": "fr", "url": "https://pokeapi.co/api/v2/language/5/"}, "version_group": {"name": "ultra-sun-ultra-moon", "url": "https://pokeapi.co/api/v2/version-group/18/"}}, {"flavor_text": "Das Ziel sieht eine Illusion. Richtet Schaden gem\u00e4\u00df\ndem Level des Anwenders an.", "language": {"name": "de", "url": "https://pokeapi.co/api/v2/language/6/"}, "version_group": {"name": "ultra-sun-ultra-moon", "url": "https://pokeapi.co/api/v2/version-group/18/"}}, {"flavor_text": "Produce un espejismo ante el objetivo, que pierde\ntantos PS como nivel tenga el usuario.", "language": {"name": "es", "url": "https://pokeapi.co/api/v2/language/7/"}, "version_group": {"name": "ultra-sun-ultra-moon", "url": "https://pokeapi.co/api/v2/version-group/18/"}}, {"flavor_text": "Fa apparire un orribile miraggio al bersaglio\ne infligge un danno pari al livello di chi la usa.", "language": {"name": "it", "url": "https://pokeapi.co/api/v2/language/8/"}, "version_group": {"name": "ultra-sun-ultra-moon", "url": "https://pokeapi.co/api/v2/version-group/18/"}}, {"flavor_text": "The user makes the target see a frightening mirage.\nIt inflicts damage equal to the user\u2019s level.", "language": {"name": "en", "url": "https://pokeapi.co/api/v2/language/9/"}, "version_group": {"name": "ultra-sun-ultra-moon", "url": "https://pokeapi.co/api/v2/version-group/18/"}}, {"flavor_text": "\u6050\u308d\u3057\u3044\u3000\u5e7b\u3092\u3000\u307f\u305b\u3066\n\u81ea\u5206\u306e\u3000\u30ec\u30d9\u30eb\u3068\u3000\u540c\u3058\u3060\u3051\u306e\n\u30c0\u30e1\u30fc\u30b8\u3092\u3000\u76f8\u624b\u306b\u3000\u4e0e\u3048\u308b\u3002", "language": {"name": "ja", "url": "https://pokeapi.co/api/v2/language/11/"}, "version_group": {"name": "ultra-sun-ultra-moon", "url": "https://pokeapi.co/api/v2/version-group/18/"}}, {"flavor_text": "\u663e\u793a\u6050\u6016\u5e7b\u5f71\uff0c\n\u53ea\u7ed9\u4e88\u5bf9\u624b\n\u548c\u81ea\u5df1\u7b49\u7ea7\u76f8\u540c\u7684\u4f24\u5bb3\u3002", "language": {"name": "zh-Hans", "url": "https://pokeapi.co/api/v2/language/12/"}, "version_group": {"name": "ultra-sun-ultra-moon", "url": "https://pokeapi.co/api/v2/version-group/18/"}}, {"flavor_text": "\u304a\u305d\u308d\u3057\u3044\u3000\u307e\u307c\u308d\u3057\u3092\u3000\u307f\u305b\u3066\n\u3058\u3076\u3093\u306e\u3000\u30ec\u30d9\u30eb\u3068\u3000\u304a\u306a\u3058\u3000\u3060\u3051\u306e\n\u30c0\u30e1\u30fc\u30b8\u3092\u3000\u3042\u3044\u3066\u306b\u3000\u3042\u305f\u3048\u308b\u3002", "language": {"name": "ja-Hrkt", "url": "https://pokeapi.co/api/v2/language/1/"}, "version_group": {"name": "lets-go-pikachu-lets-go-eevee", "url": "https://pokeapi.co/api/v2/version-group/19/"}}, {"flavor_text": "\ubb34\uc2dc\ubb34\uc2dc\ud55c \ud658\uc0c1\uc744 \ubcf4\uac8c \ud574\uc11c\n\uc790\uc2e0\uc758 \ub808\ubca8\uacfc \ub611\uac19\uc740 \ub9cc\ud07c\uc758\n\ub370\ubbf8\uc9c0\ub97c \uc0c1\ub300\uc5d0\uac8c \uc900\ub2e4.", "language": {"name": "ko", "url": "https://pokeapi.co/api/v2/language/3/"}, "version_group": {"name": "lets-go-pikachu-lets-go-eevee", "url": "https://pokeapi.co/api/v2/version-group/19/"}}, {"flavor_text": "\u8b93\u5c0d\u624b\u770b\u898b\u6050\u6016\u5e7b\u5f71\uff0c\n\u7d66\u4e88\u5c0d\u624b\u548c\u81ea\u5df1\u7b49\u7d1a\n\u76f8\u540c\u7684\u50b7\u5bb3\u3002", "language": {"name": "zh-Hant", "url": "https://pokeapi.co/api/v2/language/4/"}, "version_group": {"name": "lets-go-pikachu-lets-go-eevee", "url": "https://pokeapi.co/api/v2/version-group/19/"}}, {"flavor_text": "Le lanceur invoque un mirage.\nInflige des d\u00e9g\u00e2ts \u00e9quivalents au niveau du lanceur.", "language": {"name": "fr", "url": "https://pokeapi.co/api/v2/language/5/"}, "version_group": {"name": "lets-go-pikachu-lets-go-eevee", "url": "https://pokeapi.co/api/v2/version-group/19/"}}, {"flavor_text": "Das Ziel sieht eine Illusion. Richtet Schaden gem\u00e4\u00df\ndem Level des Anwenders an.", "language": {"name": "de", "url": "https://pokeapi.co/api/v2/language/6/"}, "version_group": {"name": "lets-go-pikachu-lets-go-eevee", "url": "https://pokeapi.co/api/v2/version-group/19/"}}, {"flavor_text": "Produce un espejismo ante el objetivo, que pierde\ntantos PS como nivel tenga el usuario.", "language": {"name": "es", "url": "https://pokeapi.co/api/v2/language/7/"}, "version_group": {"name": "lets-go-pikachu-lets-go-eevee", "url": "https://pokeapi.co/api/v2/version-group/19/"}}, {"flavor_text": "Fa apparire un orribile miraggio al bersaglio\ne infligge un danno pari al livello di chi la usa.", "language": {"name": "it", "url": "https://pokeapi.co/api/v2/language/8/"}, "version_group": {"name": "lets-go-pikachu-lets-go-eevee", "url": "https://pokeapi.co/api/v2/version-group/19/"}}, {"flavor_text": "The user makes the target see a frightening mirage.\nIt inflicts damage equal to the user\u2019s level.", "language": {"name": "en", "url": "https://pokeapi.co/api/v2/language/9/"}, "version_group": {"name": "lets-go-pikachu-lets-go-eevee", "url": "https://pokeapi.co/api/v2/version-group/19/"}}, {"flavor_text": "\u6050\u308d\u3057\u3044\u3000\u5e7b\u3092\u3000\u307f\u305b\u3066\n\u81ea\u5206\u306e\u3000\u30ec\u30d9\u30eb\u3068\u3000\u540c\u3058\u3060\u3051\u306e\n\u30c0\u30e1\u30fc\u30b8\u3092\u3000\u76f8\u624b\u306b\u3000\u4e0e\u3048\u308b\u3002", "language": {"name": "ja", "url": "https://pokeapi.co/api/v2/language/11/"}, "version_group": {"name": "lets-go-pikachu-lets-go-eevee", "url": "https://pokeapi.co/api/v2/version-group/19/"}}, {"flavor_text": "\u663e\u793a\u6050\u6016\u5e7b\u5f71\uff0c\n\u53ea\u7ed9\u4e88\u5bf9\u624b\n\u548c\u81ea\u5df1\u7b49\u7ea7\u76f8\u540c\u7684\u4f24\u5bb3\u3002", "language": {"name": "zh-Hans", "url": "https://pokeapi.co/api/v2/language/12/"}, "version_group": {"name": "lets-go-pikachu-lets-go-eevee", "url": "https://pokeapi.co/api/v2/version-group/19/"}}, {"flavor_text": "\u304a\u305d\u308d\u3057\u3044\u3000\u307e\u307c\u308d\u3057\u3092\u3000\u307f\u305b\u3066\n\u3058\u3076\u3093\u306e\u3000\u30ec\u30d9\u30eb\u3068\u3000\u304a\u306a\u3058\u3000\u3060\u3051\u306e\n\u30c0\u30e1\u30fc\u30b8\u3092\u3000\u3042\u3044\u3066\u306b\u3000\u3042\u305f\u3048\u308b\u3002", "language": {"name": "ja-Hrkt", "url": "https://pokeapi.co/api/v2/language/1/"}, "version_group": {"name": "sword-shield", "url": "https://pokeapi.co/api/v2/version-group/20/"}}, {"flavor_text": "\ubb34\uc2dc\ubb34\uc2dc\ud55c \ud658\uc0c1\uc744 \ubcf4\uac8c \ud574\uc11c\n\uc790\uc2e0\uc758 \ub808\ubca8\uacfc \ub611\uac19\uc740 \ub9cc\ud07c\uc758\n\ub370\ubbf8\uc9c0\ub97c \uc0c1\ub300\uc5d0\uac8c \uc900\ub2e4.", "language": {"name": "ko", "url": "https://pokeapi.co/api/v2/language/3/"}, "version_group": {"name": "sword-shield", "url": "https://pokeapi.co/api/v2/version-group/20/"}}, {"flavor_text": "\u8b93\u5c0d\u624b\u770b\u898b\u6050\u6016\u5e7b\u5f71\uff0c\n\u7d66\u4e88\u5c0d\u624b\u548c\u81ea\u5df1\u7b49\u7d1a\n\u76f8\u540c\u7684\u50b7\u5bb3\u3002", "language": {"name": "zh-Hant", "url": "https://pokeapi.co/api/v2/language/4/"}, "version_group": {"name": "sword-shield", "url": "https://pokeapi.co/api/v2/version-group/20/"}}, {"flavor_text": "Le lanceur invoque un mirage.\nInflige des d\u00e9g\u00e2ts \u00e9quivalents au niveau du lanceur.", "language": {"name": "fr", "url": "https://pokeapi.co/api/v2/language/5/"}, "version_group": {"name": "sword-shield", "url": "https://pokeapi.co/api/v2/version-group/20/"}}, {"flavor_text": "Das Ziel sieht eine Illusion. Richtet Schaden gem\u00e4\u00df dem\nLevel des Anwenders an.", "language": {"name": "de", "url": "https://pokeapi.co/api/v2/language/6/"}, "version_group": {"name": "sword-shield", "url": "https://pokeapi.co/api/v2/version-group/20/"}}, {"flavor_text": "Produce un espejismo ante el objetivo, que pierde\ntantos PS como nivel tenga el usuario.", "language": {"name": "es", "url": "https://pokeapi.co/api/v2/language/7/"}, "version_group": {"name": "sword-shield", "url": "https://pokeapi.co/api/v2/version-group/20/"}}, {"flavor_text": "Fa apparire un orribile miraggio al bersaglio\ne infligge un danno pari al livello di chi la usa.", "language": {"name": "it", "url": "https://pokeapi.co/api/v2/language/8/"}, "version_group": {"name": "sword-shield", "url": "https://pokeapi.co/api/v2/version-group/20/"}}, {"flavor_text": "The user makes the target see a frightening mirage.\nIt inflicts damage equal to the user\u2019s level.", "language": {"name": "en", "url": "https://pokeapi.co/api/v2/language/9/"}, "version_group": {"name": "sword-shield", "url": "https://pokeapi.co/api/v2/version-group/20/"}}, {"flavor_text": "\u6050\u308d\u3057\u3044\u3000\u5e7b\u3092\u3000\u307f\u305b\u3066\n\u81ea\u5206\u306e\u3000\u30ec\u30d9\u30eb\u3068\u3000\u540c\u3058\u3060\u3051\u306e\n\u30c0\u30e1\u30fc\u30b8\u3092\u3000\u76f8\u624b\u306b\u3000\u4e0e\u3048\u308b\u3002", "language": {"name": "ja", "url": "https://pokeapi.co/api/v2/language/11/"}, "version_group": {"name": "sword-shield", "url": "https://pokeapi.co/api/v2/version-group/20/"}}, {"flavor_text": "\u663e\u793a\u6050\u6016\u5e7b\u5f71\uff0c\n\u53ea\u7ed9\u4e88\u5bf9\u624b\n\u548c\u81ea\u5df1\u7b49\u7ea7\u76f8\u540c\u7684\u4f24\u5bb3\u3002", "language": {"name": "zh-Hans", "url": "https://pokeapi.co/api/v2/language/12/"}, "version_group": {"name": "sword-shield", "url": "https://pokeapi.co/api/v2/version-group/20/"}}], "generation": {"name": "generation-i", "url": "https://pokeapi.co/api/v2/generation/1/"}, "id": 101, "learned_by_pokemon": [{"name": "clefairy", "url": "https://pokeapi.co/api/v2/pokemon/35/"}, {"name": "clefable", "url": "https://pokeapi.co/api/v2/pokemon/36/"}, {"name": "ninetales", "url": "https://pokeapi.co/api/v2/pokemon/38/"}, {"name": "venonat", "url": "https://pokeapi.co/api/v2/pokemon/48/"}, {"name": "venomoth", "url": "https://pokeapi.co/api/v2/pokemon/49/"}, {"name": "kadabra", "url": "https://pokeapi.co/api/v2/pokemon/64/"}, {"name": "alakazam", "url": "https://pokeapi.co/api/v2/pokemon/65/"}, {"name": "gastly", "url": "https://pokeapi.co/api/v2/pokemon/92/"}, {"name": "haunter", "url": "https://pokeapi.co/api/v2/pokemon/93/"}, {"name": "gengar", "url": "https://pokeapi.co/api/v2/pokemon/94/"}, {"name": "drowzee", "url": "https://pokeapi.co/api/v2/pokemon/96/"}, {"name": "hypno", "url": "https://pokeapi.co/api/v2/pokemon/97/"}, {"name": "mewtwo", "url": "https://pokeapi.co/api/v2/pokemon/150/"}, {"name": "mew", "url": "https://pokeapi.co/api/v2/pokemon/151/"}, {"name": "typhlosion", "url": "https://pokeapi.co/api/v2/pokemon/157/"}, {"name": "hoothoot", "url": "https://pokeapi.co/api/v2/pokemon/163/"}, {"name": "noctowl", "url": "https://pokeapi.co/api/v2/pokemon/164/"}, {"name": "spinarak", "url": "https://pokeapi.co/api/v2/pokemon/167/"}, {"name": "ariados", "url": "https://pokeapi.co/api/v2/pokemon/168/"}, {"name": "natu", "url": "https://pokeapi.co/api/v2/pokemon/177/"}, {"name": "xatu", "url": "https://pokeapi.co/api/v2/pokemon/178/"}, {"name": "murkrow", "url": "https://pokeapi.co/api/v2/pokemon/198/"}, {"name": "misdreavus", "url": "https://pokeapi.co/api/v2/pokemon/200/"}, {"name": "gardevoir", "url": "https://pokeapi.co/api/v2/pokemon/282/"}, {"name": "sableye", "url": "https://pokeapi.co/api/v2/pokemon/302/"}, {"name": "meditite", "url": "https://pokeapi.co/api/v2/pokemon/307/"}, {"name": "medicham", "url": "https://pokeapi.co/api/v2/pokemon/308/"}, {"name": "spoink", "url": "https://pokeapi.co/api/v2/pokemon/325/"}, {"name": "grumpig", "url": "https://pokeapi.co/api/v2/pokemon/326/"}, {"name": "shuppet", "url": "https://pokeapi.co/api/v2/pokemon/353/"}, {"name": "banette", "url": "https://pokeapi.co/api/v2/pokemon/354/"}, {"name": "duskull", "url": "https://pokeapi.co/api/v2/pokemon/355/"}, {"name": "dusclops", "url": "https://pokeapi.co/api/v2/pokemon/356/"}, {"name": "deoxys-normal", "url": "https://pokeapi.co/api/v2/pokemon/386/"}, {"name": "drifloon", "url": "https://pokeapi.co/api/v2/pokemon/425/"}, {"name": "drifblim", "url": "https://pokeapi.co/api/v2/pokemon/426/"}, {"name": "mismagius", "url": "https://pokeapi.co/api/v2/pokemon/429/"}, {"name": "honchkrow", "url": "https://pokeapi.co/api/v2/pokemon/430/"}, {"name": "bronzong", "url": "https://pokeapi.co/api/v2/pokemon/437/"}, {"name": "chatot", "url": "https://pokeapi.co/api/v2/pokemon/441/"}, {"name": "spiritomb", "url": "https://pokeapi.co/api/v2/pokemon/442/"}, {"name": "gallade", "url": "https://pokeapi.co/api/v2/pokemon/475/"}, {"name": "dusknoir", "url": "https://pokeapi.co/api/v2/pokemon/477/"}, {"name": "froslass", "url": "https://pokeapi.co/api/v2/pokemon/478/"}, {"name": "rotom", "url": "https://pokeapi.co/api/v2/pokemon/479/"}, {"name": "darkrai", "url": "https://pokeapi.co/api/v2/pokemon/491/"}, {"name": "yamask", "url": "https://pokeapi.co/api/v2/pokemon/562/"}, {"name": "cofagrigus", "url": "https://pokeapi.co/api/v2/pokemon/563/"}, {"name": "zorua", "url": "https://pokeapi.co/api/v2/pokemon/570/"}, {"name": "zoroark", "url": "https://pokeapi.co/api/v2/pokemon/571/"}, {"name": "solosis", "url": "https://pokeapi.co/api/v2/pokemon/577/"}, {"name": "duosion", "url": "https://pokeapi.co/api/v2/pokemon/578/"}, {"name": "reuniclus", "url": "https://pokeapi.co/api/v2/pokemon/579/"}, {"name": "frillish", "url": "https://pokeapi.co/api/v2/pokemon/592/"}, {"name": "jellicent", "url": "https://pokeapi.co/api/v2/pokemon/593/"}, {"name": "litwick", "url": "https://pokeapi.co/api/v2/pokemon/607/"}, {"name": "lampent", "url": "https://pokeapi.co/api/v2/pokemon/608/"}, {"name": "chandelure", "url": "https://pokeapi.co/api/v2/pokemon/609/"}, {"name": "golett", "url": "https://pokeapi.co/api/v2/pokemon/622/"}, {"name": "golurk", "url": "https://pokeapi.co/api/v2/pokemon/623/"}, {"name": "delphox", "url": "https://pokeapi.co/api/v2/pokemon/655/"}, {"name": "phantump", "url": "https://pokeapi.co/api/v2/pokemon/708/"}, {"name": "trevenant", "url": "https://pokeapi.co/api/v2/pokemon/709/"}, {"name": "rowlet", "url": "https://pokeapi.co/api/v2/pokemon/722/"}, {"name": "dartrix", "url": "https://pokeapi.co/api/v2/pokemon/723/"}, {"name": "decidueye", "url": "https://pokeapi.co/api/v2/pokemon/724/"}, {"name": "sandygast", "url": "https://pokeapi.co/api/v2/pokemon/769/"}, {"name": "palossand", "url": "https://pokeapi.co/api/v2/pokemon/770/"}, {"name": "mimikyu-disguised", "url": "https://pokeapi.co/api/v2/pokemon/778/"}, {"name": "lunala", "url": "https://pokeapi.co/api/v2/pokemon/792/"}, {"name": "blacephalon", "url": "https://pokeapi.co/api/v2/pokemon/806/"}, {"name": "sinistea", "url": "https://pokeapi.co/api/v2/pokemon/854/"}, {"name": "polteageist", "url": "https://pokeapi.co/api/v2/pokemon/855/"}, {"name": "cursola", "url": "https://pokeapi.co/api/v2/pokemon/864/"}, {"name": "runerigus", "url": "https://pokeapi.co/api/v2/pokemon/867/"}, {"name": "drakloak", "url": "https://pokeapi.co/api/v2/pokemon/886/"}, {"name": "dragapult", "url": "https://pokeapi.co/api/v2/pokemon/887/"}, {"name": "spectrier", "url": "https://pokeapi.co/api/v2/pokemon/897/"}, {"name": "basculegion-male", "url": "https://pokeapi.co/api/v2/pokemon/902/"}, {"name": "skeledirge", "url": "https://pokeapi.co/api/v2/pokemon/911/"}, {"name": "charcadet", "url": "https://pokeapi.co/api/v2/pokemon/935/"}, {"name": "armarouge", "url": "https://pokeapi.co/api/v2/pokemon/936/"}, {"name": "ceruledge", "url": "https://pokeapi.co/api/v2/pokemon/937/"}, {"name": "bramblin", "url": "https://pokeapi.co/api/v2/pokemon/946/"}, {"name": "brambleghast", "url": "https://pokeapi.co/api/v2/pokemon/947/"}, {"name": "espathra", "url": "https://pokeapi.co/api/v2/pokemon/956/"}, {"name": "greavard", "url": "https://pokeapi.co/api/v2/pokemon/971/"}, {"name": "houndstone", "url": "https://pokeapi.co/api/v2/pokemon/972/"}, {"name": "annihilape", "url": "https://pokeapi.co/api/v2/pokemon/979/"}, {"name": "farigiraf", "url": "https://pokeapi.co/api/v2/pokemon/981/"}, {"name": "flutter-mane", "url": "https://pokeapi.co/api/v2/pokemon/987/"}, {"name": "gimmighoul", "url": "https://pokeapi.co/api/v2/pokemon/999/"}, {"name": "gholdengo", "url": "https://pokeapi.co/api/v2/pokemon/1000/"}, {"name": "poltchageist", "url": "https://pokeapi.co/api/v2/pokemon/1012/"}, {"name": "sinistcha", "url": "https://pokeapi.co/api/v2/pokemon/1013/"}, {"name": "munkidori", "url": "https://pokeapi.co/api/v2/pokemon/1015/"}, {"name": "pecharunt", "url": "https://pokeapi.co/api/v2/pokemon/1025/"}, {"name": "deoxys-attack", "url": "https://pokeapi.co/api/v2/pokemon/10001/"}, {"name": "deoxys-defense", "url": "https://pokeapi.co/api/v2/pokemon/10002/"}, {"name": "deoxys-speed", "url": "https://pokeapi.co/api/v2/pokemon/10003/"}, {"name": "rotom-heat", "url": "https://pokeapi.co/api/v2/pokemon/10008/"}, {"name": "rotom-wash", "url": "https://pokeapi.co/api/v2/pokemon/10009/"}, {"name": "rotom-frost", "url": "https://pokeapi.co/api/v2/pokemon/10010/"}, {"name": "rotom-fan", "url": "https://pokeapi.co/api/v2/pokemon/10011/"}, {"name": "rotom-mow", "url": "https://pokeapi.co/api/v2/pokemon/10012/"}, {"name": "alakazam-mega", "url": "https://pokeapi.co/api/v2/pokemon/10037/"}, {"name": "gengar-mega", "url": "https://pokeapi.co/api/v2/pokemon/10038/"}, {"name": "banette-mega", "url": "https://pokeapi.co/api/v2/pokemon/10056/"}, {"name": "sableye-mega", "url": "https://pokeapi.co/api/v2/pokemon/10066/"}, {"name": "mimikyu-busted", "url": "https://pokeapi.co/api/v2/pokemon/10143/"}, {"name": "corsola-galar", "url": "https://pokeapi.co/api/v2/pokemon/10173/"}, {"name": "yamask-galar", "url": "https://pokeapi.co/api/v2/pokemon/10179/"}, {"name": "calyrex-shadow", "url": "https://pokeapi.co/api/v2/pokemon/10194/"}, {"name": "typhlosion-hisui", "url": "https://pokeapi.co/api/v2/pokemon/10233/"}, {"name": "zorua-hisui", "url": "https://pokeapi.co/api/v2/pokemon/10238/"}, {"name": "zoroark-hisui", "url": "https://pokeapi.co/api/v2/pokemon/10239/"}, {"name": "braviary-hisui", "url": "https://pokeapi.co/api/v2/pokemon/10240/"}, {"name": "basculegion-female", "url": "https://pokeapi.co/api/v2/pokemon/10248/"}, {"name": "gimmighoul-roaming", "url": "https://pokeapi.co/api/v2/pokemon/10263/"}], "machines": [{"machine": {"url": "https://pokeapi.co/api/v2/machine/1747/"}, "version_group": {"name": "scarlet-violet", "url": "https://pokeapi.co/api/v2/version-group/25/"}}], "meta": {"ailment": {"name": "none", "url": "https://pokeapi.co/api/v2/move-ailment/0/"}, "ailment_chance": 0, "category": {"name": "damage", "url": "https://pokeapi.co/api/v2/move-category/0/"}, "crit_rate": 0, "drain": 0, "flinch_chance": 0, "healing": 0, "max_hits": null, "max_turns": null, "min_hits": null, "min_turns": null, "stat_chance": 0}, "name": "night-shade", "names": [{"language": {"name": "ja-Hrkt", "url": "https://pokeapi.co/api/v2/language/1/"}, "name": "\u30ca\u30a4\u30c8\u30d8\u30c3\u30c9"}, {"language": {"name": "ko", "url": "https://pokeapi.co/api/v2/language/3/"}, "name": "\ub098\uc774\ud2b8\ud5e4\ub4dc"}, {"language": {"name": "zh-Hant", "url": "https://pokeapi.co/api/v2/language/4/"}, "name": "\u9ed1\u591c\u9b54\u5f71"}, {"language": {"name": "fr", "url": "https://pokeapi.co/api/v2/language/5/"}, "name": "Ombre Nocturne"}, {"language": {"name": "de", "url": "https://pokeapi.co/api/v2/language/6/"}, "name": "Nachtnebel"}, {"language": {"name": "es", "url": "https://pokeapi.co/api/v2/language/7/"}, "name": "Tinieblas"}, {"language": {"name": "it", "url": "https://pokeapi.co/api/v2/language/8/"}, "name": "Ombra Notturna"}, {"language": {"name": "en", "url": "https://pokeapi.co/api/v2/language/9/"}, "name": "Night Shade"}, {"language": {"name": "ja", "url": "https://pokeapi.co/api/v2/language/11/"}, "name": "\u30ca\u30a4\u30c8\u30d8\u30c3\u30c9"}, {"language": {"name": "zh-Hans", "url": "https://pokeapi.co/api/v2/language/12/"}, "name": "\u9ed1\u591c\u9b54\u5f71"}], "past_values": [], "power": null, "pp": 15, "priority": 0, "stat_changes": [], "super_contest_effect": {"url": "https://pokeapi.co/api/v2/super-contest-effect/5/"}, "target": {"name": "selected-pokemon", "url": "https://pokeapi.co/api/v2/move-target/10/"}, "type": {"name": "ghost", "url": "https://pokeapi.co/api/v2/type/8/"}}