{"accuracy": 100, "contest_combos": null, "contest_effect": null, "contest_type": null, "damage_class": {"name": "status", "url": "https://pokeapi.co/api/v2/move-damage-class/1/"}, "effect_chance": null, "effect_changes": [], "effect_entries": [], "flavor_text_entries": [{"flavor_text": "\u3042\u3044\u3066\u306e\u3000\u3053\u3046\u3052\u304d\u3092\u3000\u307e\u3063\u305f\u304f\u3000\u3046\u3051\u306a\u3044\u3002\n\u308c\u3093\u305e\u304f\u3067\u3000\u3060\u3059\u3068\u3000\u3057\u3063\u3071\u3044\u3000\u3057\u3084\u3059\u3044\u3002\n\u3075\u308c\u308b\u3068\u3000\u307c\u3046\u304e\u3087\u304c\u3000\u304c\u304f\u3063\u3068\u3000\u3055\u304c\u308b\u3002", "language": {"name": "ja-Hrkt", "url": "https://pokeapi.co/api/v2/language/1/"}, "version_group": {"name": "sword-shield", "url": "https://pokeapi.co/api/v2/version-group/20/"}}, {"flavor_text": "\uc0c1\ub300\uc758 \uacf5\uaca9\uc744 \uc804\ud600 \ubc1b\uc9c0 \uc54a\ub294\ub2e4.\n\uc5f0\uc18d\uc73c\ub85c \uc4f0\uba74 \uc2e4\ud328\ud558\uae30 \uc27d\ub2e4.\n\uc811\ucd09\ud55c \uc0c1\ub300\uc758 \ubc29\uc5b4\ub97c \ud06c\uac8c \ub5a8\uc5b4\ub728\ub9b0\ub2e4.", "language": {"name": "ko", "url": "https://pokeapi.co/api/v2/language/3/"}, "version_group": {"name": "sword-shield", "url": "https://pokeapi.co/api/v2/version-group/20/"}}, {"flavor_text": "\u5b8c\u5168\u9632\u4f4f\u5c0d\u624b\u7684\u6240\u6709\u653b\u64ca\u3002\n\u9023\u7e8c\u4f7f\u7528\u6642\u5bb9\u6613\u5931\u6557\u3002\n\u4e00\u65e6\u89f8\u78b0\u5230\uff0c\u9632\u79a6\u6703\u5927\u5e45\u964d\u4f4e\u3002", "language": {"name": "zh-Hant", "url": "https://pokeapi.co/api/v2/language/4/"}, "version_group": {"name": "sword-shield", "url": "https://pokeapi.co/api/v2/version-group/20/"}}, {"flavor_text": "Le lanceur se prot\u00e8ge de toutes les attaques. Peut\n\u00e9chouer si utilis\u00e9e plusieurs fois de suite. Baisse beaucoup\nla D\u00e9fense de l\u2019assaillant s\u2019il utilise une attaque directe.", "language": {"name": "fr", "url": "https://pokeapi.co/api/v2/language/5/"}, "version_group": {"name": "sword-shield", "url": "https://pokeapi.co/api/v2/version-group/20/"}}, {"flavor_text": "Der Anwender wehrt jede Attacke ab. Ber\u00fchrt ihn\nw\u00e4hrenddessen ein Pok\u00e9mon, sinkt dessen Verteidigung\nstark. Scheitert eventuell bei Wiederholung.", "language": {"name": "de", "url": "https://pokeapi.co/api/v2/language/6/"}, "version_group": {"name": "sword-shield", "url": "https://pokeapi.co/api/v2/version-group/20/"}}, {"flavor_text": "Frena todos los ataques, pero puede fallar si se usa\nrepetidamente. Reduce mucho la Defensa de quien\nejecute un movimiento de contacto contra el usuario.", "language": {"name": "es", "url": "https://pokeapi.co/api/v2/language/7/"}, "version_group": {"name": "sword-shield", "url": "https://pokeapi.co/api/v2/version-group/20/"}}, {"flavor_text": "Permette di eludere tutti gli attacchi. Se usata in\nsuccessione pu\u00f2 fallire. Se un Pok\u00e9mon tocca chi\nla usa, la sua Difesa diminuisce di molto.", "language": {"name": "it", "url": "https://pokeapi.co/api/v2/language/8/"}, "version_group": {"name": "sword-shield", "url": "https://pokeapi.co/api/v2/version-group/20/"}}, {"flavor_text": "This move enables the user to protect itself from all attacks.\nIts chance of failing rises if it is used in succession.\nDirect contact harshly lowers the attacker\u2019s Defense stat.", "language": {"name": "en", "url": "https://pokeapi.co/api/v2/language/9/"}, "version_group": {"name": "sword-shield", "url": "https://pokeapi.co/api/v2/version-group/20/"}}, {"flavor_text": "\u76f8\u624b\u306e\u3000\u653b\u6483\u3092\u3000\u307e\u3063\u305f\u304f\u3000\u53d7\u3051\u306a\u3044\u3002\n\u9023\u7d9a\u3067\u3000\u3060\u3059\u3068\u3000\u5931\u6557\u3057\u3084\u3059\u3044\u3002\n\u89e6\u308c\u308b\u3068\u3000\u9632\u5fa1\u304c\u3000\u304c\u304f\u3063\u3068\u3000\u4e0b\u304c\u308b\u3002", "language": {"name": "ja", "url": "https://pokeapi.co/api/v2/language/11/"}, "version_group": {"name": "sword-shield", "url": "https://pokeapi.co/api/v2/version-group/20/"}}, {"flavor_text": "\u5b8c\u5168\u62b5\u6321\u5bf9\u624b\u7684\u653b\u51fb\u3002\n\u8fde\u7eed\u4f7f\u51fa\u5219\u5bb9\u6613\u5931\u8d25\u3002\n\u4e00\u65e6\u89e6\u78b0\uff0c\u9632\u5fa1\u5c31\u4f1a\u5927\u5e45\u964d\u4f4e\u3002", "language": {"name": "zh-Hans", "url": "https://pokeapi.co/api/v2/language/12/"}, "version_group": {"name": "sword-shield", "url": "https://pokeapi.co/api/v2/version-group/20/"}}], "generation": {"name": "generation-viii", "url": "https://pokeapi.co/api/v2/generation/8/"}, "id": 792, "learned_by_pokemon": [{"name": "obstagoon", "url": "https://pokeapi.co/api/v2/pokemon/862/"}], "machines": [], "meta": {"ailment": {"name": "none", "url": "https://pokeapi.co/api/v2/move-ailment/0/"}, "ailment_chance": 0, "category": {"name": "unique", "url": "https://pokeapi.co/api/v2/move-category/13/"}, "crit_rate": 0, "drain": 0, "flinch_chance": 0, "healing": 0, "max_hits": null, "max_turns": null, "min_hits": null, "min_turns": null, "stat_chance": 0}, "name": "obstruct", "names": [{"language": {"name": "ja-Hrkt", "url": "https://pokeapi.co/api/v2/language/1/"}, "name": "\u30d6\u30ed\u30c3\u30ad\u30f3\u30b0"}, {"language": {"name": "ko", "url": "https://pokeapi.co/api/v2/language/3/"}, "name": "\ube14\ub85c\ud0b9"}, {"language": {"name": "zh-Hant", "url": "https://pokeapi.co/api/v2/language/4/"}, "name": "\u6514\u5835"}, {"language": {"name": "fr", "url": "https://pokeapi.co/api/v2/language/5/"}, "name": "Blocage"}, {"language": {"name": "de", "url": "https://pokeapi.co/api/v2/language/6/"}, "name": "Abblocker"}, {"language": {"name": "es", "url": "https://pokeapi.co/api/v2/language/7/"}, "name": "Obstrucci\u00f3n"}, {"language": {"name": "it", "url": "https://pokeapi.co/api/v2/language/8/"}, "name": "Sbarramento"}, {"language": {"name": "en", "url": "https://pokeapi.co/api/v2/language/9/"}, "name": "Obstruct"}, {"language": {"name": "ja", "url": "https://pokeapi.co/api/v2/language/11/"}, "name": "\u30d6\u30ed\u30c3\u30ad\u30f3\u30b0"}, {"language": {"name": "zh-Hans", "url": "https://pokeapi.co/api/v2/language/12/"}, "name": "\u62e6\u5835"}], "past_values": [], "power": null, "pp": 10, "priority": 4, "stat_changes": [], "super_contest_effect": null, "target": {"name": "user", "url": "https://pokeapi.co/api/v2/move-target/7/"}, "type": {"name": "dark", "url": "https://pokeapi.co/api/v2/type/17/"}}