{"accuracy": 85, "contest_combos": {"normal": {"use_after": [{"name": "lock-on", "url": "https://pokeapi.co/api/v2/move/199/"}, {"name": "rain-dance", "url": "https://pokeapi.co/api/v2/move/240/"}], "use_before": null}, "super": {"use_after": null, "use_before": null}}, "contest_effect": {"url": "https://pokeapi.co/api/v2/contest-effect/10/"}, "contest_type": {"name": "tough", "url": "https://pokeapi.co/api/v2/contest-type/5/"}, "damage_class": {"name": "special", "url": "https://pokeapi.co/api/v2/move-damage-class/3/"}, "effect_chance": 50, "effect_changes": [], "effect_entries": [{"effect": "Inflicts regular damage.  Has a 50% chance to lower the target's accuracy by one stage.", "language": {"name": "en", "url": "https://pokeapi.co/api/v2/language/9/"}, "short_effect": "Has a 50% chance to lower the target's accuracy by one stage."}], "flavor_text_entries": [{"flavor_text": "An attack that may\nreduce accuracy.", "language": {"name": "en", "url": "https://pokeapi.co/api/v2/language/9/"}, "version_group": {"name": "gold-silver", "url": "https://pokeapi.co/api/v2/version-group/3/"}}, {"flavor_text": "An attack that may\nreduce accuracy.", "language": {"name": "en", "url": "https://pokeapi.co/api/v2/language/9/"}, "version_group": {"name": "crystal", "url": "https://pokeapi.co/api/v2/version-group/4/"}}, {"flavor_text": "Fires a lump of ink to\ndamage and cut accuracy.", "language": {"name": "en", "url": "https://pokeapi.co/api/v2/language/9/"}, "version_group": {"name": "ruby-sapphire", "url": "https://pokeapi.co/api/v2/version-group/5/"}}, {"flavor_text": "Fires a lump of ink to\ndamage and cut accuracy.", "language": {"name": "en", "url": "https://pokeapi.co/api/v2/language/9/"}, "version_group": {"name": "emerald", "url": "https://pokeapi.co/api/v2/version-group/6/"}}, {"flavor_text": "Ink is blasted in\nthe foe\u2019s face or\neyes to damage and\nlower accuracy.", "language": {"name": "en", "url": "https://pokeapi.co/api/v2/language/9/"}, "version_group": {"name": "firered-leafgreen", "url": "https://pokeapi.co/api/v2/version-group/7/"}}, {"flavor_text": "The user attacks by\nspraying ink in the\nfoe\u2019s face or eyes.\nIt may also lower the\ntarget\u2019s accuracy.", "language": {"name": "en", "url": "https://pokeapi.co/api/v2/language/9/"}, "version_group": {"name": "diamond-pearl", "url": "https://pokeapi.co/api/v2/version-group/8/"}}, {"flavor_text": "The user attacks by\nspraying ink in the\nfoe\u2019s face or eyes.\nIt may also lower the\ntarget\u2019s accuracy.", "language": {"name": "en", "url": "https://pokeapi.co/api/v2/language/9/"}, "version_group": {"name": "platinum", "url": "https://pokeapi.co/api/v2/version-group/9/"}}, {"flavor_text": "The user attacks by\nspraying ink in the\nfoe\u2019s face or eyes.\nIt may also lower the\ntarget\u2019s accuracy.", "language": {"name": "en", "url": "https://pokeapi.co/api/v2/language/9/"}, "version_group": {"name": "heartgold-soulsilver", "url": "https://pokeapi.co/api/v2/version-group/10/"}}, {"flavor_text": "Le lanceur attaque en projetant de\nl\u2019encre au visage de l\u2019ennemi. Peut aussi\nbaisser la Pr\u00e9cision de l\u2019ennemi.", "language": {"name": "fr", "url": "https://pokeapi.co/api/v2/language/5/"}, "version_group": {"name": "black-white", "url": "https://pokeapi.co/api/v2/version-group/11/"}}, {"flavor_text": "The user attacks by spraying ink in the\ntarget\u2019s face or eyes.\nIt may also lower the target\u2019s accuracy.", "language": {"name": "en", "url": "https://pokeapi.co/api/v2/language/9/"}, "version_group": {"name": "black-white", "url": "https://pokeapi.co/api/v2/version-group/11/"}}, {"flavor_text": "The user attacks by spraying ink in the\ntarget\u2019s face or eyes.\nIt may also lower the target\u2019s accuracy.", "language": {"name": "en", "url": "https://pokeapi.co/api/v2/language/9/"}, "version_group": {"name": "black-2-white-2", "url": "https://pokeapi.co/api/v2/version-group/14/"}}, {"flavor_text": "\u3042\u3044\u3066\u306e\u3000\u304b\u304a\u306a\u3069\u306b\n\u3059\u307f\u3092\u3000\u3075\u304d\u304b\u3051\u3066\u3000\u3053\u3046\u3052\u304d\u3059\u308b\u3002\n\u3081\u3044\u3061\u3085\u3046\u308a\u3064\u3092\u3000\u3055\u3052\u308b\u3053\u3068\u304c\u3000\u3042\u308b\u3002", "language": {"name": "ja-Hrkt", "url": "https://pokeapi.co/api/v2/language/1/"}, "version_group": {"name": "x-y", "url": "https://pokeapi.co/api/v2/version-group/15/"}}, {"flavor_text": "\uc0c1\ub300\uc758 \uc5bc\uad74 \ub4f1\uc5d0\n\uba39\ubb3c\uc744 \ub0b4\ubfdc\uc5b4 \uacf5\uaca9\ud55c\ub2e4.\n\uba85\uc911\ub960\uc744 \ub5a8\uc5b4\ub728\ub9b4 \ub54c\uac00 \uc788\ub2e4.", "language": {"name": "ko", "url": "https://pokeapi.co/api/v2/language/3/"}, "version_group": {"name": "x-y", "url": "https://pokeapi.co/api/v2/version-group/15/"}}, {"flavor_text": "Le lanceur attaque en projetant de l\u2019encre au\nvisage de l\u2019ennemi. Peut aussi baisser sa Pr\u00e9cision.", "language": {"name": "fr", "url": "https://pokeapi.co/api/v2/language/5/"}, "version_group": {"name": "x-y", "url": "https://pokeapi.co/api/v2/version-group/15/"}}, {"flavor_text": "Schie\u00dft mit Tinte, um Schaden anzurichten\nund die Genauigkeit zu senken.", "language": {"name": "de", "url": "https://pokeapi.co/api/v2/language/6/"}, "version_group": {"name": "x-y", "url": "https://pokeapi.co/api/v2/version-group/15/"}}, {"flavor_text": "Dispara tinta a la cara. Puede bajar la Precisi\u00f3n.", "language": {"name": "es", "url": "https://pokeapi.co/api/v2/language/7/"}, "version_group": {"name": "x-y", "url": "https://pokeapi.co/api/v2/version-group/15/"}}, {"flavor_text": "Chi la usa spruzza inchiostro in faccia al bersaglio.\nPu\u00f2 anche ridurne la precisione.", "language": {"name": "it", "url": "https://pokeapi.co/api/v2/language/8/"}, "version_group": {"name": "x-y", "url": "https://pokeapi.co/api/v2/version-group/15/"}}, {"flavor_text": "The user attacks by spraying ink in the\ntarget\u2019s face or eyes.\nThis may also lower the target\u2019s accuracy.", "language": {"name": "en", "url": "https://pokeapi.co/api/v2/language/9/"}, "version_group": {"name": "x-y", "url": "https://pokeapi.co/api/v2/version-group/15/"}}, {"flavor_text": "\u76f8\u624b\u306e\u3000\u9854\u306a\u3069\u306b\n\u58a8\u3092\u3000\u5439\u304d\u304b\u3051\u3066\u3000\u653b\u6483\u3059\u308b\u3002\n\u547d\u4e2d\u7387\u3092\u3000\u3055\u3052\u308b\u3053\u3068\u304c\u3000\u3042\u308b\u3002", "language": {"name": "ja", "url": "https://pokeapi.co/api/v2/language/11/"}, "version_group": {"name": "x-y", "url": "https://pokeapi.co/api/v2/version-group/15/"}}, {"flavor_text": "\u3042\u3044\u3066\u306e\u3000\u304b\u304a\u306a\u3069\u306b\n\u3059\u202f\u3092\u3000\u3075\u304d\u304b\u3051\u3066\u3000\u3053\u3046\u3052\u304d\u3059\u308b\u3002\n\u3081\u3044\u3061\u3085\u3046\u308a\u3064\u3092\u3000\u3055\u3052\u308b\u3053\u3068\u304c\u3000\u3042\u308b\u3002", "language": {"name": "ja-Hrkt", "url": "https://pokeapi.co/api/v2/language/1/"}, "version_group": {"name": "omega-ruby-alpha-sapphire", "url": "https://pokeapi.co/api/v2/version-group/16/"}}, {"flavor_text": "\uc0c1\ub300\uc758 \uc5bc\uad74 \ub4f1\uc5d0\n\uba39\ubb3c\uc744 \ub0b4\ubfdc\uc5b4 \uacf5\uaca9\ud55c\ub2e4.\n\uba85\uc911\ub960\uc744 \ub5a8\uc5b4\ub728\ub9b4 \ub54c\uac00 \uc788\ub2e4.", "language": {"name": "ko", "url": "https://pokeapi.co/api/v2/language/3/"}, "version_group": {"name": "omega-ruby-alpha-sapphire", "url": "https://pokeapi.co/api/v2/version-group/16/"}}, {"flavor_text": "Le lanceur attaque en projetant de l\u2019encre au\nvisage de l\u2019ennemi. Peut aussi baisser sa Pr\u00e9cision. ", "language": {"name": "fr", "url": "https://pokeapi.co/api/v2/language/5/"}, "version_group": {"name": "omega-ruby-alpha-sapphire", "url": "https://pokeapi.co/api/v2/version-group/16/"}}, {"flavor_text": "Schie\u00dft mit Tinte, um Schaden anzurichten\nund die Genauigkeit zu senken.", "language": {"name": "de", "url": "https://pokeapi.co/api/v2/language/6/"}, "version_group": {"name": "omega-ruby-alpha-sapphire", "url": "https://pokeapi.co/api/v2/version-group/16/"}}, {"flavor_text": "Dispara tinta a la cara. Puede bajar la Precisi\u00f3n.", "language": {"name": "es", "url": "https://pokeapi.co/api/v2/language/7/"}, "version_group": {"name": "omega-ruby-alpha-sapphire", "url": "https://pokeapi.co/api/v2/version-group/16/"}}, {"flavor_text": "Chi la usa spruzza inchiostro in faccia al bersaglio.\nPu\u00f2 anche ridurne la precisione.", "language": {"name": "it", "url": "https://pokeapi.co/api/v2/language/8/"}, "version_group": {"name": "omega-ruby-alpha-sapphire", "url": "https://pokeapi.co/api/v2/version-group/16/"}}, {"flavor_text": "The user attacks by spraying ink in the\ntarget\u2019s face or eyes.\nThis may also lower the target\u2019s accuracy.", "language": {"name": "en", "url": "https://pokeapi.co/api/v2/language/9/"}, "version_group": {"name": "omega-ruby-alpha-sapphire", "url": "https://pokeapi.co/api/v2/version-group/16/"}}, {"flavor_text": "\u76f8\u624b\u306e\u3000\u9854\u306a\u3069\u306b\n\u58a8\u3092\u3000\u5439\u304d\u304b\u3051\u3066\u3000\u653b\u6483\u3059\u308b\u3002\n\u547d\u4e2d\u7387\u3092\u3000\u3055\u3052\u308b\u3053\u3068\u304c\u3000\u3042\u308b\u3002", "language": {"name": "ja", "url": "https://pokeapi.co/api/v2/language/11/"}, "version_group": {"name": "omega-ruby-alpha-sapphire", "url": "https://pokeapi.co/api/v2/version-group/16/"}}, {"flavor_text": "\u3042\u3044\u3066\u306e\u3000\u304b\u304a\u306a\u3069\u306b\n\u3059\u307f\u3092\u3000\u3075\u304d\u304b\u3051\u3066\u3000\u3053\u3046\u3052\u304d\u3059\u308b\u3002\n\u3081\u3044\u3061\u3085\u3046\u308a\u3064\u3092\u3000\u3055\u3052\u308b\u3053\u3068\u304c\u3000\u3042\u308b\u3002", "language": {"name": "ja-Hrkt", "url": "https://pokeapi.co/api/v2/language/1/"}, "version_group": {"name": "sun-moon", "url": "https://pokeapi.co/api/v2/version-group/17/"}}, {"flavor_text": "\uc0c1\ub300\uc758 \uc5bc\uad74 \ub4f1\uc5d0\n\uba39\ubb3c\uc744 \ub0b4\ubfdc\uc5b4 \uacf5\uaca9\ud55c\ub2e4.\n\uba85\uc911\ub960\uc744 \ub5a8\uc5b4\ub728\ub9b4 \ub54c\uac00 \uc788\ub2e4.", "language": {"name": "ko", "url": "https://pokeapi.co/api/v2/language/3/"}, "version_group": {"name": "sun-moon", "url": "https://pokeapi.co/api/v2/version-group/17/"}}, {"flavor_text": "\u5411\u5c0d\u624b\u7684\u81c9\u7b49\n\u5674\u51fa\u58a8\u6c41\u9032\u884c\u653b\u64ca\u3002\n\u6709\u6642\u6703\u964d\u4f4e\u5c0d\u624b\u7684\u547d\u4e2d\u7387\u3002", "language": {"name": "zh-Hant", "url": "https://pokeapi.co/api/v2/language/4/"}, "version_group": {"name": "sun-moon", "url": "https://pokeapi.co/api/v2/version-group/17/"}}, {"flavor_text": "Le lanceur attaque en projetant de l\u2019encre au\nvisage de l\u2019ennemi. Peut aussi baisser sa Pr\u00e9cision. ", "language": {"name": "fr", "url": "https://pokeapi.co/api/v2/language/5/"}, "version_group": {"name": "sun-moon", "url": "https://pokeapi.co/api/v2/version-group/17/"}}, {"flavor_text": "Schie\u00dft mit Tinte, um Schaden anzurichten und die\nGenauigkeit zu senken.", "language": {"name": "de", "url": "https://pokeapi.co/api/v2/language/6/"}, "version_group": {"name": "sun-moon", "url": "https://pokeapi.co/api/v2/version-group/17/"}}, {"flavor_text": "Dispara tinta a la cara. Puede bajar la Precisi\u00f3n.", "language": {"name": "es", "url": "https://pokeapi.co/api/v2/language/7/"}, "version_group": {"name": "sun-moon", "url": "https://pokeapi.co/api/v2/version-group/17/"}}, {"flavor_text": "Chi la usa spruzza inchiostro in faccia al bersaglio.\nPu\u00f2 anche ridurne la precisione.", "language": {"name": "it", "url": "https://pokeapi.co/api/v2/language/8/"}, "version_group": {"name": "sun-moon", "url": "https://pokeapi.co/api/v2/version-group/17/"}}, {"flavor_text": "The user attacks by spraying ink in the target\u2019s face\nor eyes. This may also lower the target\u2019s accuracy.", "language": {"name": "en", "url": "https://pokeapi.co/api/v2/language/9/"}, "version_group": {"name": "sun-moon", "url": "https://pokeapi.co/api/v2/version-group/17/"}}, {"flavor_text": "\u76f8\u624b\u306e\u3000\u9854\u306a\u3069\u306b\n\u58a8\u3092\u3000\u5439\u304d\u304b\u3051\u3066\u3000\u653b\u6483\u3059\u308b\u3002\n\u547d\u4e2d\u7387\u3092\u3000\u3055\u3052\u308b\u3053\u3068\u304c\u3000\u3042\u308b\u3002", "language": {"name": "ja", "url": "https://pokeapi.co/api/v2/language/11/"}, "version_group": {"name": "sun-moon", "url": "https://pokeapi.co/api/v2/version-group/17/"}}, {"flavor_text": "\u5411\u5bf9\u624b\u7684\u8138\u7b49\n\u55b7\u51fa\u58a8\u6c41\u8fdb\u884c\u653b\u51fb\u3002\n\u6709\u65f6\u4f1a\u964d\u4f4e\u5bf9\u624b\u7684\u547d\u4e2d\u7387\u3002", "language": {"name": "zh-Hans", "url": "https://pokeapi.co/api/v2/language/12/"}, "version_group": {"name": "sun-moon", "url": "https://pokeapi.co/api/v2/version-group/17/"}}, {"flavor_text": "\u3042\u3044\u3066\u306e\u3000\u304b\u304a\u306a\u3069\u306b\n\u3059\u307f\u3092\u3000\u3075\u304d\u304b\u3051\u3066\u3000\u3053\u3046\u3052\u304d\u3059\u308b\u3002\n\u3081\u3044\u3061\u3085\u3046\u308a\u3064\u3092\u3000\u3055\u3052\u308b\u3053\u3068\u304c\u3000\u3042\u308b\u3002", "language": {"name": "ja-Hrkt", "url": "https://pokeapi.co/api/v2/language/1/"}, "version_group": {"name": "ultra-sun-ultra-moon", "url": "https://pokeapi.co/api/v2/version-group/18/"}}, {"flavor_text": "\uc0c1\ub300\uc758 \uc5bc\uad74 \ub4f1\uc5d0\n\uba39\ubb3c\uc744 \ub0b4\ubfdc\uc5b4 \uacf5\uaca9\ud55c\ub2e4.\n\uba85\uc911\ub960\uc744 \ub5a8\uc5b4\ub728\ub9b4 \ub54c\uac00 \uc788\ub2e4.", "language": {"name": "ko", "url": "https://pokeapi.co/api/v2/language/3/"}, "version_group": {"name": "ultra-sun-ultra-moon", "url": "https://pokeapi.co/api/v2/version-group/18/"}}, {"flavor_text": "\u5411\u5c0d\u624b\u7684\u81c9\u7b49\n\u5674\u51fa\u58a8\u6c41\u9032\u884c\u653b\u64ca\u3002\n\u6709\u6642\u6703\u964d\u4f4e\u5c0d\u624b\u7684\u547d\u4e2d\u7387\u3002", "language": {"name": "zh-Hant", "url": "https://pokeapi.co/api/v2/language/4/"}, "version_group": {"name": "ultra-sun-ultra-moon", "url": "https://pokeapi.co/api/v2/version-group/18/"}}, {"flavor_text": "Le lanceur attaque en projetant de l\u2019encre au\nvisage de l\u2019ennemi. Peut aussi baisser sa Pr\u00e9cision. ", "language": {"name": "fr", "url": "https://pokeapi.co/api/v2/language/5/"}, "version_group": {"name": "ultra-sun-ultra-moon", "url": "https://pokeapi.co/api/v2/version-group/18/"}}, {"flavor_text": "Schie\u00dft mit Tinte, um Schaden anzurichten und die\nGenauigkeit zu senken.", "language": {"name": "de", "url": "https://pokeapi.co/api/v2/language/6/"}, "version_group": {"name": "ultra-sun-ultra-moon", "url": "https://pokeapi.co/api/v2/version-group/18/"}}, {"flavor_text": "Dispara tinta a la cara. Puede bajar la Precisi\u00f3n.", "language": {"name": "es", "url": "https://pokeapi.co/api/v2/language/7/"}, "version_group": {"name": "ultra-sun-ultra-moon", "url": "https://pokeapi.co/api/v2/version-group/18/"}}, {"flavor_text": "Chi la usa spruzza inchiostro in faccia al bersaglio.\nPu\u00f2 anche ridurne la precisione.", "language": {"name": "it", "url": "https://pokeapi.co/api/v2/language/8/"}, "version_group": {"name": "ultra-sun-ultra-moon", "url": "https://pokeapi.co/api/v2/version-group/18/"}}, {"flavor_text": "The user attacks by spraying ink in the target\u2019s face\nor eyes. This may also lower the target\u2019s accuracy.", "language": {"name": "en", "url": "https://pokeapi.co/api/v2/language/9/"}, "version_group": {"name": "ultra-sun-ultra-moon", "url": "https://pokeapi.co/api/v2/version-group/18/"}}, {"flavor_text": "\u76f8\u624b\u306e\u3000\u9854\u306a\u3069\u306b\n\u58a8\u3092\u3000\u5439\u304d\u304b\u3051\u3066\u3000\u653b\u6483\u3059\u308b\u3002\n\u547d\u4e2d\u7387\u3092\u3000\u3055\u3052\u308b\u3053\u3068\u304c\u3000\u3042\u308b\u3002", "language": {"name": "ja", "url": "https://pokeapi.co/api/v2/language/11/"}, "version_group": {"name": "ultra-sun-ultra-moon", "url": "https://pokeapi.co/api/v2/version-group/18/"}}, {"flavor_text": "\u5411\u5bf9\u624b\u7684\u8138\u7b49\n\u55b7\u51fa\u58a8\u6c41\u8fdb\u884c\u653b\u51fb\u3002\n\u6709\u65f6\u4f1a\u964d\u4f4e\u5bf9\u624b\u7684\u547d\u4e2d\u7387\u3002", "language": {"name": "zh-Hans", "url": "https://pokeapi.co/api/v2/language/12/"}, "version_group": {"name": "ultra-sun-ultra-moon", "url": "https://pokeapi.co/api/v2/version-group/18/"}}, {"flavor_text": "\u3042\u3044\u3066\u306e\u3000\u304b\u304a\u306a\u3069\u306b\n\u3059\u307f\u3092\u3000\u3075\u304d\u304b\u3051\u3066\u3000\u3053\u3046\u3052\u304d\u3059\u308b\u3002\n\u3081\u3044\u3061\u3085\u3046\u308a\u3064\u3092\u3000\u3055\u3052\u308b\u3053\u3068\u304c\u3000\u3042\u308b\u3002", "language": {"name": "ja-Hrkt", "url": "https://pokeapi.co/api/v2/language/1/"}, "version_group": {"name": "lets-go-pikachu-lets-go-eevee", "url": "https://pokeapi.co/api/v2/version-group/19/"}}, {"flavor_text": "\uc0c1\ub300\uc758 \uc5bc\uad74 \ub4f1\uc5d0\n\uba39\ubb3c\uc744 \ub0b4\ubfdc\uc5b4 \uacf5\uaca9\ud55c\ub2e4.\n\uba85\uc911\ub960\uc744 \ub5a8\uc5b4\ub728\ub9b4 \ub54c\uac00 \uc788\ub2e4.", "language": {"name": "ko", "url": "https://pokeapi.co/api/v2/language/3/"}, "version_group": {"name": "lets-go-pikachu-lets-go-eevee", "url": "https://pokeapi.co/api/v2/version-group/19/"}}, {"flavor_text": "\u5411\u5c0d\u624b\u7684\u81c9\u7b49\n\u5674\u51fa\u58a8\u6c41\u9032\u884c\u653b\u64ca\u3002\n\u6709\u6642\u6703\u964d\u4f4e\u5c0d\u624b\u7684\u547d\u4e2d\u7387\u3002", "language": {"name": "zh-Hant", "url": "https://pokeapi.co/api/v2/language/4/"}, "version_group": {"name": "lets-go-pikachu-lets-go-eevee", "url": "https://pokeapi.co/api/v2/version-group/19/"}}, {"flavor_text": "Le lanceur attaque en projetant de l\u2019encre au visage\nde l\u2019ennemi. Peut aussi baisser sa Pr\u00e9cision.", "language": {"name": "fr", "url": "https://pokeapi.co/api/v2/language/5/"}, "version_group": {"name": "lets-go-pikachu-lets-go-eevee", "url": "https://pokeapi.co/api/v2/version-group/19/"}}, {"flavor_text": "Schie\u00dft mit Tinte, um Schaden anzurichten und die\nGenauigkeit zu senken.", "language": {"name": "de", "url": "https://pokeapi.co/api/v2/language/6/"}, "version_group": {"name": "lets-go-pikachu-lets-go-eevee", "url": "https://pokeapi.co/api/v2/version-group/19/"}}, {"flavor_text": "Dispara tinta a la cara. Puede bajar la Precisi\u00f3n.", "language": {"name": "es", "url": "https://pokeapi.co/api/v2/language/7/"}, "version_group": {"name": "lets-go-pikachu-lets-go-eevee", "url": "https://pokeapi.co/api/v2/version-group/19/"}}, {"flavor_text": "Chi la usa spruzza inchiostro in faccia al bersaglio.\nPu\u00f2 anche ridurne la precisione.", "language": {"name": "it", "url": "https://pokeapi.co/api/v2/language/8/"}, "version_group": {"name": "lets-go-pikachu-lets-go-eevee", "url": "https://pokeapi.co/api/v2/version-group/19/"}}, {"flavor_text": "The user attacks by spraying ink in the target\u2019s face\nor eyes. This may also lower the target\u2019s accuracy.", "language": {"name": "en", "url": "https://pokeapi.co/api/v2/language/9/"}, "version_group": {"name": "lets-go-pikachu-lets-go-eevee", "url": "https://pokeapi.co/api/v2/version-group/19/"}}, {"flavor_text": "\u76f8\u624b\u306e\u3000\u9854\u306a\u3069\u306b\n\u58a8\u3092\u3000\u5439\u304d\u304b\u3051\u3066\u3000\u653b\u6483\u3059\u308b\u3002\n\u547d\u4e2d\u7387\u3092\u3000\u3055\u3052\u308b\u3053\u3068\u304c\u3000\u3042\u308b\u3002", "language": {"name": "ja", "url": "https://pokeapi.co/api/v2/language/11/"}, "version_group": {"name": "lets-go-pikachu-lets-go-eevee", "url": "https://pokeapi.co/api/v2/version-group/19/"}}, {"flavor_text": "\u5411\u5bf9\u624b\u7684\u8138\u7b49\n\u55b7\u51fa\u58a8\u6c41\u8fdb\u884c\u653b\u51fb\u3002\n\u6709\u65f6\u4f1a\u964d\u4f4e\u5bf9\u624b\u7684\u547d\u4e2d\u7387\u3002", "language": {"name": "zh-Hans", "url": "https://pokeapi.co/api/v2/language/12/"}, "version_group": {"name": "lets-go-pikachu-lets-go-eevee", "url": "https://pokeapi.co/api/v2/version-group/19/"}}, {"flavor_text": "\u3042\u3044\u3066\u306e\u3000\u304b\u304a\u306a\u3069\u306b\n\u3059\u307f\u3092\u3000\u3075\u304d\u304b\u3051\u3066\u3000\u3053\u3046\u3052\u304d\u3059\u308b\u3002\n\u3081\u3044\u3061\u3085\u3046\u308a\u3064\u3092\u3000\u3055\u3052\u308b\u3053\u3068\u304c\u3000\u3042\u308b\u3002", "language": {"name": "ja-Hrkt", "url": "https://pokeapi.co/api/v2/language/1/"}, "version_group": {"name": "sword-shield", "url": "https://pokeapi.co/api/v2/version-group/20/"}}, {"flavor_text": "\uc0c1\ub300\uc758 \uc5bc\uad74 \ub4f1\uc5d0\n\uba39\ubb3c\uc744 \ub0b4\ubfdc\uc5b4 \uacf5\uaca9\ud55c\ub2e4.\n\uba85\uc911\ub960\uc744 \ub5a8\uc5b4\ub728\ub9b4 \ub54c\uac00 \uc788\ub2e4.", "language": {"name": "ko", "url": "https://pokeapi.co/api/v2/language/3/"}, "version_group": {"name": "sword-shield", "url": "https://pokeapi.co/api/v2/version-group/20/"}}, {"flavor_text": "\u5411\u5c0d\u624b\u7684\u81c9\u7b49\n\u5674\u51fa\u58a8\u6c41\u9032\u884c\u653b\u64ca\u3002\n\u6709\u6642\u6703\u964d\u4f4e\u5c0d\u624b\u7684\u547d\u4e2d\u7387\u3002", "language": {"name": "zh-Hant", "url": "https://pokeapi.co/api/v2/language/4/"}, "version_group": {"name": "sword-shield", "url": "https://pokeapi.co/api/v2/version-group/20/"}}, {"flavor_text": "Le lanceur attaque en projetant de l\u2019encre au visage\nde l\u2019ennemi. Peut aussi baisser sa Pr\u00e9cision.", "language": {"name": "fr", "url": "https://pokeapi.co/api/v2/language/5/"}, "version_group": {"name": "sword-shield", "url": "https://pokeapi.co/api/v2/version-group/20/"}}, {"flavor_text": "Schie\u00dft mit Tinte, um Schaden anzurichten und die\nGenauigkeit zu senken.", "language": {"name": "de", "url": "https://pokeapi.co/api/v2/language/6/"}, "version_group": {"name": "sword-shield", "url": "https://pokeapi.co/api/v2/version-group/20/"}}, {"flavor_text": "Dispara tinta a la cara. Puede bajar la Precisi\u00f3n.", "language": {"name": "es", "url": "https://pokeapi.co/api/v2/language/7/"}, "version_group": {"name": "sword-shield", "url": "https://pokeapi.co/api/v2/version-group/20/"}}, {"flavor_text": "Chi la usa spruzza inchiostro in faccia al bersaglio.\nPu\u00f2 anche ridurne la precisione.", "language": {"name": "it", "url": "https://pokeapi.co/api/v2/language/8/"}, "version_group": {"name": "sword-shield", "url": "https://pokeapi.co/api/v2/version-group/20/"}}, {"flavor_text": "The user attacks by spraying ink in the target\u2019s face\nor eyes. This may also lower the target\u2019s accuracy.", "language": {"name": "en", "url": "https://pokeapi.co/api/v2/language/9/"}, "version_group": {"name": "sword-shield", "url": "https://pokeapi.co/api/v2/version-group/20/"}}, {"flavor_text": "\u76f8\u624b\u306e\u3000\u9854\u306a\u3069\u306b\n\u58a8\u3092\u3000\u5439\u304d\u304b\u3051\u3066\u3000\u653b\u6483\u3059\u308b\u3002\n\u547d\u4e2d\u7387\u3092\u3000\u3055\u3052\u308b\u3053\u3068\u304c\u3000\u3042\u308b\u3002", "language": {"name": "ja", "url": "https://pokeapi.co/api/v2/language/11/"}, "version_group": {"name": "sword-shield", "url": "https://pokeapi.co/api/v2/version-group/20/"}}, {"flavor_text": "\u5411\u5bf9\u624b\u7684\u8138\u7b49\n\u55b7\u51fa\u58a8\u6c41\u8fdb\u884c\u653b\u51fb\u3002\n\u6709\u65f6\u4f1a\u964d\u4f4e\u5bf9\u624b\u7684\u547d\u4e2d\u7387\u3002", "language": {"name": "zh-Hans", "url": "https://pokeapi.co/api/v2/language/12/"}, "version_group": {"name": "sword-shield", "url": "https://pokeapi.co/api/v2/version-group/20/"}}], "generation": {"name": "generation-ii", "url": "https://pokeapi.co/api/v2/generation/2/"}, "id": 190, "learned_by_pokemon": [{"name": "horsea", "url": "https://pokeapi.co/api/v2/pokemon/116/"}, {"name": "remoraid", "url": "https://pokeapi.co/api/v2/pokemon/223/"}, {"name": "octillery", "url": "https://pokeapi.co/api/v2/pokemon/224/"}, {"name": "grapploct", "url": "https://pokeapi.co/api/v2/pokemon/853/"}], "machines": [], "meta": {"ailment": {"name": "none", "url": "https://pokeapi.co/api/v2/move-ailment/0/"}, "ailment_chance": 0, "category": {"name": "damage+lower", "url": "https://pokeapi.co/api/v2/move-category/6/"}, "crit_rate": 0, "drain": 0, "flinch_chance": 0, "healing": 0, "max_hits": null, "max_turns": null, "min_hits": null, "min_turns": null, "stat_chance": 50}, "name": "octazooka", "names": [{"language": {"name": "ja-Hrkt", "url": "https://pokeapi.co/api/v2/language/1/"}, "name": "\u30aa\u30af\u30bf\u30f3\u307b\u3046"}, {"language": {"name": "ko", "url": "https://pokeapi.co/api/v2/language/3/"}, "name": "\ub300\ud3ec\ubb34\ub178\ud3ec"}, {"language": {"name": "zh-Hant", "url": "https://pokeapi.co/api/v2/language/4/"}, "name": "\u7ae0\u9b5a\u6876\u70ae"}, {"language": {"name": "fr", "url": "https://pokeapi.co/api/v2/language/5/"}, "name": "Octazooka"}, {"language": {"name": "de", "url": "https://pokeapi.co/api/v2/language/6/"}, "name": "Octazooka"}, {"language": {"name": "es", "url": "https://pokeapi.co/api/v2/language/7/"}, "name": "Pulpoca\u00f1\u00f3n"}, {"language": {"name": "it", "url": "https://pokeapi.co/api/v2/language/8/"}, "name": "Octazooka"}, {"language": {"name": "en", "url": "https://pokeapi.co/api/v2/language/9/"}, "name": "Octazooka"}, {"language": {"name": "ja", "url": "https://pokeapi.co/api/v2/language/11/"}, "name": "\u30aa\u30af\u30bf\u30f3\u307b\u3046"}, {"language": {"name": "zh-Hans", "url": "https://pokeapi.co/api/v2/language/12/"}, "name": "\u7ae0\u9c7c\u6876\u70ae"}], "past_values": [], "power": 65, "pp": 10, "priority": 0, "stat_changes": [{"change": -1, "stat": {"name": "accuracy", "url": "https://pokeapi.co/api/v2/stat/7/"}}], "super_contest_effect": {"url": "https://pokeapi.co/api/v2/super-contest-effect/4/"}, "target": {"name": "selected-pokemon", "url": "https://pokeapi.co/api/v2/move-target/10/"}, "type": {"name": "water", "url": "https://pokeapi.co/api/v2/type/11/"}}