{"accuracy": 100, "contest_combos": null, "contest_effect": null, "contest_type": null, "damage_class": {"name": "special", "url": "https://pokeapi.co/api/v2/move-damage-class/3/"}, "effect_chance": null, "effect_changes": [], "effect_entries": [{"effect": "Heals the user for half the total damage dealt to all targets.", "language": {"name": "en", "url": "https://pokeapi.co/api/v2/language/9/"}, "short_effect": "Heals the user for half the total damage dealt to all targets."}], "flavor_text_entries": [{"flavor_text": "\u307e\u308f\u308a\u306b\u3044\u308b\u3000\u30dd\u30b1\u30e2\u30f3\u3000\u305c\u3093\u3044\u3093\u306b\n\u30c0\u30e1\u30fc\u30b8\u3002\u3000\u3042\u305f\u3048\u305f\u3000\u30c0\u30e1\u30fc\u30b8\u306e\n\u306f\u3093\u3076\u3093\u3092\u3000\u3058\u3076\u3093\u304c\u3000\u304b\u3044\u3075\u304f\u3059\u308b\u3002", "language": {"name": "ja-Hrkt", "url": "https://pokeapi.co/api/v2/language/1/"}, "version_group": {"name": "x-y", "url": "https://pokeapi.co/api/v2/version-group/15/"}}, {"flavor_text": "\uc8fc\uc704\uc5d0 \uc788\ub294 \ubaa8\ub4e0 \ud3ec\ucf13\ubaac\uc5d0\uac8c\n\ub370\ubbf8\uc9c0\ub97c \uc900\ub2e4. \uc900 \ub370\ubbf8\uc9c0\uc758\n\uc808\ubc18\uc744 \uc790\uc2e0\uc774 \ud68c\ubcf5\ud55c\ub2e4.", "language": {"name": "ko", "url": "https://pokeapi.co/api/v2/language/3/"}, "version_group": {"name": "x-y", "url": "https://pokeapi.co/api/v2/version-group/15/"}}, {"flavor_text": "Inflige des d\u00e9g\u00e2ts \u00e0 tous les Pok\u00e9mon autour du\nlanceur. Il r\u00e9cup\u00e8re en PV la moiti\u00e9 des d\u00e9g\u00e2ts\ninflig\u00e9s.", "language": {"name": "fr", "url": "https://pokeapi.co/api/v2/language/5/"}, "version_group": {"name": "x-y", "url": "https://pokeapi.co/api/v2/version-group/15/"}}, {"flavor_text": "F\u00fcgt allen Pok\u00e9mon in der Umgebung Schaden zu.\nDer Anwender wird um die H\u00e4lfte des insgesamt\nangerichteten Schadens geheilt.", "language": {"name": "de", "url": "https://pokeapi.co/api/v2/language/6/"}, "version_group": {"name": "x-y", "url": "https://pokeapi.co/api/v2/version-group/15/"}}, {"flavor_text": "Inflige da\u00f1o a todos los Pok\u00e9mon a su alrededor.\nEl usuario absorbe la mitad del da\u00f1o producido\npara restaurar sus propios PS.", "language": {"name": "es", "url": "https://pokeapi.co/api/v2/language/7/"}, "version_group": {"name": "x-y", "url": "https://pokeapi.co/api/v2/version-group/15/"}}, {"flavor_text": "Infligge danni a tutti i Pok\u00e9mon vicini. Chi la\nusa recupera una quantit\u00e0 di PS pari alla met\u00e0\ndel danno inferto.", "language": {"name": "it", "url": "https://pokeapi.co/api/v2/language/8/"}, "version_group": {"name": "x-y", "url": "https://pokeapi.co/api/v2/version-group/15/"}}, {"flavor_text": "The user attacks everything around it.\nThe user\u2019s HP is restored by half\nthe damage taken by those hit.", "language": {"name": "en", "url": "https://pokeapi.co/api/v2/language/9/"}, "version_group": {"name": "x-y", "url": "https://pokeapi.co/api/v2/version-group/15/"}}, {"flavor_text": "\u5468\u308a\u306b\u3044\u308b\u3000\u30dd\u30b1\u30e2\u30f3\u3000\u5168\u54e1\u306b\n\u30c0\u30e1\u30fc\u30b8\u3002\u4e0e\u3048\u305f\u3000\u30c0\u30e1\u30fc\u30b8\u306e\n\u534a\u5206\u3092\u3000\u81ea\u5206\u304c\u3000\u56de\u5fa9\u3059\u308b\u3002", "language": {"name": "ja", "url": "https://pokeapi.co/api/v2/language/11/"}, "version_group": {"name": "x-y", "url": "https://pokeapi.co/api/v2/version-group/15/"}}, {"flavor_text": "\u307e\u308f\u308a\u306b\u3044\u308b\u3000\u30dd\u30b1\u30e2\u30f3\u3000\u305c\u3093\u3044\u3093\u306b\n\u30c0\u30e1\u30fc\u30b8\u3002\u3000\u3042\u305f\u3048\u305f\u3000\u30c0\u30e1\u30fc\u30b8\u306e\n\u306f\u3093\u3076\u3093\u3092\u3000\u3058\u3076\u3093\u304c\u3000\u304b\u3044\u3075\u304f\u3059\u308b\u3002", "language": {"name": "ja-Hrkt", "url": "https://pokeapi.co/api/v2/language/1/"}, "version_group": {"name": "omega-ruby-alpha-sapphire", "url": "https://pokeapi.co/api/v2/version-group/16/"}}, {"flavor_text": "\uc8fc\uc704\uc5d0 \uc788\ub294 \ubaa8\ub4e0 \ud3ec\ucf13\ubaac\uc5d0\uac8c\n\ub370\ubbf8\uc9c0\ub97c \uc900\ub2e4. \uc900 \ub370\ubbf8\uc9c0\uc758\n\uc808\ubc18\uc744 \uc790\uc2e0\uc774 \ud68c\ubcf5\ud55c\ub2e4.", "language": {"name": "ko", "url": "https://pokeapi.co/api/v2/language/3/"}, "version_group": {"name": "omega-ruby-alpha-sapphire", "url": "https://pokeapi.co/api/v2/version-group/16/"}}, {"flavor_text": "Inflige des d\u00e9g\u00e2ts \u00e0 tous les Pok\u00e9mon autour du\nlanceur. Il r\u00e9cup\u00e8re en PV la moiti\u00e9 des d\u00e9g\u00e2ts\ninflig\u00e9s.", "language": {"name": "fr", "url": "https://pokeapi.co/api/v2/language/5/"}, "version_group": {"name": "omega-ruby-alpha-sapphire", "url": "https://pokeapi.co/api/v2/version-group/16/"}}, {"flavor_text": "F\u00fcgt allen Pok\u00e9mon in der Umgebung Schaden zu.\nDer Anwender wird um die H\u00e4lfte des insgesamt\nangerichteten Schadens geheilt.", "language": {"name": "de", "url": "https://pokeapi.co/api/v2/language/6/"}, "version_group": {"name": "omega-ruby-alpha-sapphire", "url": "https://pokeapi.co/api/v2/version-group/16/"}}, {"flavor_text": "Inflige da\u00f1o a todos los Pok\u00e9mon a su alrededor. \nEl usuario absorbe la mitad del da\u00f1o producido\npara restaurar sus propios PS.", "language": {"name": "es", "url": "https://pokeapi.co/api/v2/language/7/"}, "version_group": {"name": "omega-ruby-alpha-sapphire", "url": "https://pokeapi.co/api/v2/version-group/16/"}}, {"flavor_text": "Infligge danni a tutti i Pok\u00e9mon vicini. Chi la\nusa recupera una quantit\u00e0 di PS pari alla met\u00e0\ndel danno inferto.", "language": {"name": "it", "url": "https://pokeapi.co/api/v2/language/8/"}, "version_group": {"name": "omega-ruby-alpha-sapphire", "url": "https://pokeapi.co/api/v2/version-group/16/"}}, {"flavor_text": "The user attacks everything around it.\nThe user\u2019s HP is restored by half\nthe damage taken by those hit.", "language": {"name": "en", "url": "https://pokeapi.co/api/v2/language/9/"}, "version_group": {"name": "omega-ruby-alpha-sapphire", "url": "https://pokeapi.co/api/v2/version-group/16/"}}, {"flavor_text": "\u5468\u308a\u306b\u3044\u308b\u3000\u30dd\u30b1\u30e2\u30f3\u3000\u5168\u54e1\u306b\n\u30c0\u30e1\u30fc\u30b8\u3002\u4e0e\u3048\u305f\u3000\u30c0\u30e1\u30fc\u30b8\u306e\n\u534a\u5206\u3092\u3000\u81ea\u5206\u304c\u3000\u56de\u5fa9\u3059\u308b\u3002", "language": {"name": "ja", "url": "https://pokeapi.co/api/v2/language/11/"}, "version_group": {"name": "omega-ruby-alpha-sapphire", "url": "https://pokeapi.co/api/v2/version-group/16/"}}, {"flavor_text": "\u307e\u308f\u308a\u306b\u3044\u308b\u3000\u30dd\u30b1\u30e2\u30f3\u3000\u305c\u3093\u3044\u3093\u306b\n\u30c0\u30e1\u30fc\u30b8\u3002\u3000\u3042\u305f\u3048\u305f\u3000\u30c0\u30e1\u30fc\u30b8\u306e\n\u306f\u3093\u3076\u3093\u3092\u3000\u3058\u3076\u3093\u304c\u3000\u304b\u3044\u3075\u304f\u3059\u308b\u3002", "language": {"name": "ja-Hrkt", "url": "https://pokeapi.co/api/v2/language/1/"}, "version_group": {"name": "sun-moon", "url": "https://pokeapi.co/api/v2/version-group/17/"}}, {"flavor_text": "\uc8fc\uc704\uc5d0 \uc788\ub294 \ubaa8\ub4e0 \ud3ec\ucf13\ubaac\uc5d0\uac8c\n\ub370\ubbf8\uc9c0\ub97c \uc900\ub2e4. \uc900 \ub370\ubbf8\uc9c0\uc758\n\uc808\ubc18\uc744 \uc790\uc2e0\uc774 \ud68c\ubcf5\ud55c\ub2e4.", "language": {"name": "ko", "url": "https://pokeapi.co/api/v2/language/3/"}, "version_group": {"name": "sun-moon", "url": "https://pokeapi.co/api/v2/version-group/17/"}}, {"flavor_text": "\u653b\u64ca\u81ea\u5df1\u5468\u570d\u6240\u6709\u7684\u5bf6\u53ef\u5922\u3002\n\u53ef\u4ee5\u56de\u5fa9\u7d66\u4e88\u50b7\u5bb3\u7684\u4e00\u534a\uff28\uff30\u3002", "language": {"name": "zh-Hant", "url": "https://pokeapi.co/api/v2/language/4/"}, "version_group": {"name": "sun-moon", "url": "https://pokeapi.co/api/v2/version-group/17/"}}, {"flavor_text": "Inflige des d\u00e9g\u00e2ts \u00e0 tous les Pok\u00e9mon autour du\nlanceur. Il r\u00e9cup\u00e8re en PV la moiti\u00e9 des d\u00e9g\u00e2ts\ninflig\u00e9s.", "language": {"name": "fr", "url": "https://pokeapi.co/api/v2/language/5/"}, "version_group": {"name": "sun-moon", "url": "https://pokeapi.co/api/v2/version-group/17/"}}, {"flavor_text": "F\u00fcgt allen Pok\u00e9mon in der Umgebung Schaden zu.\nDer Anwender wird um die H\u00e4lfte des insgesamt\nangerichteten Schadens geheilt.", "language": {"name": "de", "url": "https://pokeapi.co/api/v2/language/6/"}, "version_group": {"name": "sun-moon", "url": "https://pokeapi.co/api/v2/version-group/17/"}}, {"flavor_text": "Inflige da\u00f1o a todos los Pok\u00e9mon a su alrededor. \nEl usuario absorbe la mitad del da\u00f1o producido\npara restaurar sus propios PS.", "language": {"name": "es", "url": "https://pokeapi.co/api/v2/language/7/"}, "version_group": {"name": "sun-moon", "url": "https://pokeapi.co/api/v2/version-group/17/"}}, {"flavor_text": "Infligge danni a tutti i Pok\u00e9mon vicini. Chi la\nusa recupera una quantit\u00e0 di PS pari alla met\u00e0\ndel danno inferto.", "language": {"name": "it", "url": "https://pokeapi.co/api/v2/language/8/"}, "version_group": {"name": "sun-moon", "url": "https://pokeapi.co/api/v2/version-group/17/"}}, {"flavor_text": "The user attacks everything around it. The user\u2019s HP\nis restored by half the damage taken by those hit.", "language": {"name": "en", "url": "https://pokeapi.co/api/v2/language/9/"}, "version_group": {"name": "sun-moon", "url": "https://pokeapi.co/api/v2/version-group/17/"}}, {"flavor_text": "\u5468\u308a\u306b\u3044\u308b\u3000\u30dd\u30b1\u30e2\u30f3\u3000\u5168\u54e1\u306b\n\u30c0\u30e1\u30fc\u30b8\u3002\u3000\u4e0e\u3048\u305f\u3000\u30c0\u30e1\u30fc\u30b8\u306e\n\u534a\u5206\u3092\u3000\u81ea\u5206\u304c\u3000\u56de\u5fa9\u3059\u308b\u3002", "language": {"name": "ja", "url": "https://pokeapi.co/api/v2/language/11/"}, "version_group": {"name": "sun-moon", "url": "https://pokeapi.co/api/v2/version-group/17/"}}, {"flavor_text": "\u7ed9\u5468\u56f4\u5168\u4f53\u5b9d\u53ef\u68a6\u9020\u6210\u4f24\u5bb3\u3002\n\u53ef\u4ee5\u56de\u590d\u7ed9\u4e88\u4f24\u5bb3\u7684\u4e00\u534a\uff28\uff30\u3002", "language": {"name": "zh-Hans", "url": "https://pokeapi.co/api/v2/language/12/"}, "version_group": {"name": "sun-moon", "url": "https://pokeapi.co/api/v2/version-group/17/"}}, {"flavor_text": "\u307e\u308f\u308a\u306b\u3044\u308b\u3000\u30dd\u30b1\u30e2\u30f3\u3000\u305c\u3093\u3044\u3093\u306b\n\u30c0\u30e1\u30fc\u30b8\u3002\u3000\u3042\u305f\u3048\u305f\u3000\u30c0\u30e1\u30fc\u30b8\u306e\n\u306f\u3093\u3076\u3093\u3092\u3000\u3058\u3076\u3093\u304c\u3000\u304b\u3044\u3075\u304f\u3059\u308b\u3002", "language": {"name": "ja-Hrkt", "url": "https://pokeapi.co/api/v2/language/1/"}, "version_group": {"name": "ultra-sun-ultra-moon", "url": "https://pokeapi.co/api/v2/version-group/18/"}}, {"flavor_text": "\uc8fc\uc704\uc5d0 \uc788\ub294 \ubaa8\ub4e0 \ud3ec\ucf13\ubaac\uc5d0\uac8c\n\ub370\ubbf8\uc9c0\ub97c \uc900\ub2e4. \uc900 \ub370\ubbf8\uc9c0\uc758\n\uc808\ubc18\uc744 \uc790\uc2e0\uc774 \ud68c\ubcf5\ud55c\ub2e4.", "language": {"name": "ko", "url": "https://pokeapi.co/api/v2/language/3/"}, "version_group": {"name": "ultra-sun-ultra-moon", "url": "https://pokeapi.co/api/v2/version-group/18/"}}, {"flavor_text": "\u653b\u64ca\u81ea\u5df1\u5468\u570d\u6240\u6709\u7684\u5bf6\u53ef\u5922\u3002\n\u53ef\u4ee5\u56de\u5fa9\u7d66\u4e88\u50b7\u5bb3\u7684\u4e00\u534a\uff28\uff30\u3002", "language": {"name": "zh-Hant", "url": "https://pokeapi.co/api/v2/language/4/"}, "version_group": {"name": "ultra-sun-ultra-moon", "url": "https://pokeapi.co/api/v2/version-group/18/"}}, {"flavor_text": "Inflige des d\u00e9g\u00e2ts \u00e0 tous les Pok\u00e9mon autour du\nlanceur. Il r\u00e9cup\u00e8re en PV la moiti\u00e9 des d\u00e9g\u00e2ts\ninflig\u00e9s.", "language": {"name": "fr", "url": "https://pokeapi.co/api/v2/language/5/"}, "version_group": {"name": "ultra-sun-ultra-moon", "url": "https://pokeapi.co/api/v2/version-group/18/"}}, {"flavor_text": "F\u00fcgt allen Pok\u00e9mon in der Umgebung Schaden zu.\nDer Anwender wird um die H\u00e4lfte des insgesamt\nangerichteten Schadens geheilt.", "language": {"name": "de", "url": "https://pokeapi.co/api/v2/language/6/"}, "version_group": {"name": "ultra-sun-ultra-moon", "url": "https://pokeapi.co/api/v2/version-group/18/"}}, {"flavor_text": "Inflige da\u00f1o a todos los Pok\u00e9mon a su alrededor. \nEl usuario absorbe la mitad del da\u00f1o producido\npara restaurar sus propios PS.", "language": {"name": "es", "url": "https://pokeapi.co/api/v2/language/7/"}, "version_group": {"name": "ultra-sun-ultra-moon", "url": "https://pokeapi.co/api/v2/version-group/18/"}}, {"flavor_text": "Infligge danni a tutti i Pok\u00e9mon vicini. Chi la\nusa recupera una quantit\u00e0 di PS pari alla met\u00e0\ndel danno inferto.", "language": {"name": "it", "url": "https://pokeapi.co/api/v2/language/8/"}, "version_group": {"name": "ultra-sun-ultra-moon", "url": "https://pokeapi.co/api/v2/version-group/18/"}}, {"flavor_text": "The user attacks everything around it. The user\u2019s HP\nis restored by half the damage taken by those hit.", "language": {"name": "en", "url": "https://pokeapi.co/api/v2/language/9/"}, "version_group": {"name": "ultra-sun-ultra-moon", "url": "https://pokeapi.co/api/v2/version-group/18/"}}, {"flavor_text": "\u5468\u308a\u306b\u3044\u308b\u3000\u30dd\u30b1\u30e2\u30f3\u3000\u5168\u54e1\u306b\n\u30c0\u30e1\u30fc\u30b8\u3002\u3000\u4e0e\u3048\u305f\u3000\u30c0\u30e1\u30fc\u30b8\u306e\n\u534a\u5206\u3092\u3000\u81ea\u5206\u304c\u3000\u56de\u5fa9\u3059\u308b\u3002", "language": {"name": "ja", "url": "https://pokeapi.co/api/v2/language/11/"}, "version_group": {"name": "ultra-sun-ultra-moon", "url": "https://pokeapi.co/api/v2/version-group/18/"}}, {"flavor_text": "\u7ed9\u5468\u56f4\u5168\u4f53\u5b9d\u53ef\u68a6\u9020\u6210\u4f24\u5bb3\u3002\n\u53ef\u4ee5\u56de\u590d\u7ed9\u4e88\u4f24\u5bb3\u7684\u4e00\u534a\uff28\uff30\u3002", "language": {"name": "zh-Hans", "url": "https://pokeapi.co/api/v2/language/12/"}, "version_group": {"name": "ultra-sun-ultra-moon", "url": "https://pokeapi.co/api/v2/version-group/18/"}}, {"flavor_text": "\u307e\u308f\u308a\u306b\u3044\u308b\u3000\u30dd\u30b1\u30e2\u30f3\u3000\u305c\u3093\u3044\u3093\u306b\n\u30c0\u30e1\u30fc\u30b8\u3002\u3000\u3042\u305f\u3048\u305f\u3000\u30c0\u30e1\u30fc\u30b8\u306e\n\u306f\u3093\u3076\u3093\u3092\u3000\u3058\u3076\u3093\u304c\u3000\u304b\u3044\u3075\u304f\u3059\u308b\u3002", "language": {"name": "ja-Hrkt", "url": "https://pokeapi.co/api/v2/language/1/"}, "version_group": {"name": "lets-go-pikachu-lets-go-eevee", "url": "https://pokeapi.co/api/v2/version-group/19/"}}, {"flavor_text": "\uc8fc\uc704\uc5d0 \uc788\ub294 \ubaa8\ub4e0 \ud3ec\ucf13\ubaac\uc5d0\uac8c\n\ub370\ubbf8\uc9c0\ub97c \uc900\ub2e4. \uc900 \ub370\ubbf8\uc9c0\uc758\n\uc808\ubc18\uc744 \uc790\uc2e0\uc774 \ud68c\ubcf5\ud55c\ub2e4.", "language": {"name": "ko", "url": "https://pokeapi.co/api/v2/language/3/"}, "version_group": {"name": "lets-go-pikachu-lets-go-eevee", "url": "https://pokeapi.co/api/v2/version-group/19/"}}, {"flavor_text": "\u653b\u64ca\u81ea\u5df1\u5468\u570d\u6240\u6709\u7684\u5bf6\u53ef\u5922\u3002\n\u53ef\u4ee5\u56de\u5fa9\u7d66\u4e88\u50b7\u5bb3\u7684\u4e00\u534aHP\u3002", "language": {"name": "zh-Hant", "url": "https://pokeapi.co/api/v2/language/4/"}, "version_group": {"name": "lets-go-pikachu-lets-go-eevee", "url": "https://pokeapi.co/api/v2/version-group/19/"}}, {"flavor_text": "Inflige des d\u00e9g\u00e2ts \u00e0 tous les Pok\u00e9mon autour du lanceur.\nIl r\u00e9cup\u00e8re en PV la moiti\u00e9 des d\u00e9g\u00e2ts inflig\u00e9s.", "language": {"name": "fr", "url": "https://pokeapi.co/api/v2/language/5/"}, "version_group": {"name": "lets-go-pikachu-lets-go-eevee", "url": "https://pokeapi.co/api/v2/version-group/19/"}}, {"flavor_text": "F\u00fcgt allen Pok\u00e9mon in der Umgebung Schaden zu.\nDer Anwender wird um die H\u00e4lfte des insgesamt\nangerichteten Schadens geheilt.", "language": {"name": "de", "url": "https://pokeapi.co/api/v2/language/6/"}, "version_group": {"name": "lets-go-pikachu-lets-go-eevee", "url": "https://pokeapi.co/api/v2/version-group/19/"}}, {"flavor_text": "Inflige da\u00f1o a todos los Pok\u00e9mon a su alrededor. \nEl usuario absorbe la mitad del da\u00f1o producido\npara restaurar sus propios PS.", "language": {"name": "es", "url": "https://pokeapi.co/api/v2/language/7/"}, "version_group": {"name": "lets-go-pikachu-lets-go-eevee", "url": "https://pokeapi.co/api/v2/version-group/19/"}}, {"flavor_text": "Infligge danni a tutti i Pok\u00e9mon vicini. Chi la\nusa recupera una quantit\u00e0 di PS pari alla met\u00e0\ndel danno inferto.", "language": {"name": "it", "url": "https://pokeapi.co/api/v2/language/8/"}, "version_group": {"name": "lets-go-pikachu-lets-go-eevee", "url": "https://pokeapi.co/api/v2/version-group/19/"}}, {"flavor_text": "The user attacks everything around it. The user\u2019s HP\nis restored by half the damage taken by those hit.", "language": {"name": "en", "url": "https://pokeapi.co/api/v2/language/9/"}, "version_group": {"name": "lets-go-pikachu-lets-go-eevee", "url": "https://pokeapi.co/api/v2/version-group/19/"}}, {"flavor_text": "\u5468\u308a\u306b\u3044\u308b\u3000\u30dd\u30b1\u30e2\u30f3\u3000\u5168\u54e1\u306b\n\u30c0\u30e1\u30fc\u30b8\u3002\u3000\u4e0e\u3048\u305f\u3000\u30c0\u30e1\u30fc\u30b8\u306e\n\u534a\u5206\u3092\u3000\u81ea\u5206\u304c\u3000\u56de\u5fa9\u3059\u308b\u3002", "language": {"name": "ja", "url": "https://pokeapi.co/api/v2/language/11/"}, "version_group": {"name": "lets-go-pikachu-lets-go-eevee", "url": "https://pokeapi.co/api/v2/version-group/19/"}}, {"flavor_text": "\u7ed9\u5468\u56f4\u5168\u4f53\u5b9d\u53ef\u68a6\u9020\u6210\u4f24\u5bb3\u3002\n\u53ef\u4ee5\u56de\u590d\u7ed9\u4e88\u4f24\u5bb3\u7684\u4e00\u534aHP\u3002", "language": {"name": "zh-Hans", "url": "https://pokeapi.co/api/v2/language/12/"}, "version_group": {"name": "lets-go-pikachu-lets-go-eevee", "url": "https://pokeapi.co/api/v2/version-group/19/"}}, {"flavor_text": "\u307e\u308f\u308a\u306b\u3044\u308b\u3000\u30dd\u30b1\u30e2\u30f3\u3000\u305c\u3093\u3044\u3093\u306b\n\u30c0\u30e1\u30fc\u30b8\u3002\u3000\u3042\u305f\u3048\u305f\u3000\u30c0\u30e1\u30fc\u30b8\u306e\n\u306f\u3093\u3076\u3093\u3092\u3000\u3058\u3076\u3093\u304c\u3000\u304b\u3044\u3075\u304f\u3059\u308b\u3002", "language": {"name": "ja-Hrkt", "url": "https://pokeapi.co/api/v2/language/1/"}, "version_group": {"name": "sword-shield", "url": "https://pokeapi.co/api/v2/version-group/20/"}}, {"flavor_text": "\uc8fc\uc704\uc5d0 \uc788\ub294 \ubaa8\ub4e0 \ud3ec\ucf13\ubaac\uc5d0\uac8c\n\ub370\ubbf8\uc9c0\ub97c \uc900\ub2e4. \uc900 \ub370\ubbf8\uc9c0\uc758\n\uc808\ubc18\uc744 \uc790\uc2e0\uc774 \ud68c\ubcf5\ud55c\ub2e4.", "language": {"name": "ko", "url": "https://pokeapi.co/api/v2/language/3/"}, "version_group": {"name": "sword-shield", "url": "https://pokeapi.co/api/v2/version-group/20/"}}, {"flavor_text": "\u653b\u64ca\u81ea\u5df1\u5468\u570d\u6240\u6709\u7684\u5bf6\u53ef\u5922\u3002\n\u53ef\u4ee5\u56de\u5fa9\u7d66\u4e88\u50b7\u5bb3\u7684\u4e00\u534a\uff28\uff30\u3002", "language": {"name": "zh-Hant", "url": "https://pokeapi.co/api/v2/language/4/"}, "version_group": {"name": "sword-shield", "url": "https://pokeapi.co/api/v2/version-group/20/"}}, {"flavor_text": "Inflige des d\u00e9g\u00e2ts \u00e0 tous les Pok\u00e9mon autour du lanceur.\nIl r\u00e9cup\u00e8re en PV la moiti\u00e9 des d\u00e9g\u00e2ts inflig\u00e9s.", "language": {"name": "fr", "url": "https://pokeapi.co/api/v2/language/5/"}, "version_group": {"name": "sword-shield", "url": "https://pokeapi.co/api/v2/version-group/20/"}}, {"flavor_text": "F\u00fcgt allen Pok\u00e9mon im Umkreis Schaden zu.\nDer Anwender wird um die H\u00e4lfte des insgesamt\nangerichteten Schadens geheilt.", "language": {"name": "de", "url": "https://pokeapi.co/api/v2/language/6/"}, "version_group": {"name": "sword-shield", "url": "https://pokeapi.co/api/v2/version-group/20/"}}, {"flavor_text": "Inflige da\u00f1o a todos los Pok\u00e9mon a su alrededor.\nEl usuario absorbe la mitad del da\u00f1o producido para\nrestaurar sus propios PS.", "language": {"name": "es", "url": "https://pokeapi.co/api/v2/language/7/"}, "version_group": {"name": "sword-shield", "url": "https://pokeapi.co/api/v2/version-group/20/"}}, {"flavor_text": "Infligge danni a tutti i Pok\u00e9mon vicini. Chi la\nusa recupera una quantit\u00e0 di PS pari alla met\u00e0\ndel danno inferto.", "language": {"name": "it", "url": "https://pokeapi.co/api/v2/language/8/"}, "version_group": {"name": "sword-shield", "url": "https://pokeapi.co/api/v2/version-group/20/"}}, {"flavor_text": "The user attacks everything around it. The user\u2019s HP\nis restored by half the damage taken by those hit.", "language": {"name": "en", "url": "https://pokeapi.co/api/v2/language/9/"}, "version_group": {"name": "sword-shield", "url": "https://pokeapi.co/api/v2/version-group/20/"}}, {"flavor_text": "\u5468\u308a\u306b\u3044\u308b\u3000\u30dd\u30b1\u30e2\u30f3\u3000\u5168\u54e1\u306b\n\u30c0\u30e1\u30fc\u30b8\u3002\u3000\u4e0e\u3048\u305f\u3000\u30c0\u30e1\u30fc\u30b8\u306e\n\u534a\u5206\u3092\u3000\u81ea\u5206\u304c\u3000\u56de\u5fa9\u3059\u308b\u3002", "language": {"name": "ja", "url": "https://pokeapi.co/api/v2/language/11/"}, "version_group": {"name": "sword-shield", "url": "https://pokeapi.co/api/v2/version-group/20/"}}, {"flavor_text": "\u7ed9\u5468\u56f4\u5168\u4f53\u5b9d\u53ef\u68a6\u9020\u6210\u4f24\u5bb3\u3002\n\u53ef\u4ee5\u56de\u590d\u7ed9\u4e88\u4f24\u5bb3\u7684\u4e00\u534aHP\u3002", "language": {"name": "zh-Hans", "url": "https://pokeapi.co/api/v2/language/12/"}, "version_group": {"name": "sword-shield", "url": "https://pokeapi.co/api/v2/version-group/20/"}}], "generation": {"name": "generation-vi", "url": "https://pokeapi.co/api/v2/generation/6/"}, "id": 570, "learned_by_pokemon": [{"name": "helioptile", "url": "https://pokeapi.co/api/v2/pokemon/694/"}, {"name": "heliolisk", "url": "https://pokeapi.co/api/v2/pokemon/695/"}, {"name": "dedenne", "url": "https://pokeapi.co/api/v2/pokemon/702/"}, {"name": "tadbulb", "url": "https://pokeapi.co/api/v2/pokemon/938/"}, {"name": "miraidon", "url": "https://pokeapi.co/api/v2/pokemon/1008/"}, {"name": "miraidon-low-power-mode", "url": "https://pokeapi.co/api/v2/pokemon/10268/"}, {"name": "miraidon-drive-mode", "url": "https://pokeapi.co/api/v2/pokemon/10269/"}, {"name": "miraidon-aquatic-mode", "url": "https://pokeapi.co/api/v2/pokemon/10270/"}, {"name": "miraidon-glide-mode", "url": "https://pokeapi.co/api/v2/pokemon/10271/"}], "machines": [], "meta": {"ailment": {"name": "none", "url": "https://pokeapi.co/api/v2/move-ailment/0/"}, "ailment_chance": 0, "category": {"name": "damage+heal", "url": "https://pokeapi.co/api/v2/move-category/8/"}, "crit_rate": 0, "drain": 50, "flinch_chance": 0, "healing": 0, "max_hits": null, "max_turns": null, "min_hits": null, "min_turns": null, "stat_chance": 0}, "name": "parabolic-charge", "names": [{"language": {"name": "ja-Hrkt", "url": "https://pokeapi.co/api/v2/language/1/"}, "name": "\u30d1\u30e9\u30dc\u30e9\u30c1\u30e3\u30fc\u30b8"}, {"language": {"name": "ko", "url": "https://pokeapi.co/api/v2/language/3/"}, "name": "\ud30c\ub77c\ubcfc\ub77c\ucc28\uc9c0"}, {"language": {"name": "zh-Hant", "url": "https://pokeapi.co/api/v2/language/4/"}, "name": "\u62cb\u7269\u9762\u5145\u96fb"}, {"language": {"name": "fr", "url": "https://pokeapi.co/api/v2/language/5/"}, "name": "Parabocharge"}, {"language": {"name": "de", "url": "https://pokeapi.co/api/v2/language/6/"}, "name": "Parabolladung"}, {"language": {"name": "es", "url": "https://pokeapi.co/api/v2/language/7/"}, "name": "Carga Par\u00e1bola"}, {"language": {"name": "it", "url": "https://pokeapi.co/api/v2/language/8/"}, "name": "Caricaparabola"}, {"language": {"name": "en", "url": "https://pokeapi.co/api/v2/language/9/"}, "name": "Parabolic Charge"}, {"language": {"name": "ja", "url": "https://pokeapi.co/api/v2/language/11/"}, "name": "\u30d1\u30e9\u30dc\u30e9\u30c1\u30e3\u30fc\u30b8"}, {"language": {"name": "zh-Hans", "url": "https://pokeapi.co/api/v2/language/12/"}, "name": "\u629b\u7269\u9762\u5145\u7535"}], "past_values": [{"accuracy": null, "effect_chance": null, "effect_entries": [], "power": 50, "pp": null, "type": null, "version_group": {"name": "sun-moon", "url": "https://pokeapi.co/api/v2/version-group/17/"}}], "power": 65, "pp": 20, "priority": 0, "stat_changes": [], "super_contest_effect": null, "target": {"name": "all-other-pokemon", "url": "https://pokeapi.co/api/v2/move-target/9/"}, "type": {"name": "electric", "url": "https://pokeapi.co/api/v2/type/13/"}}