{"accuracy": null, "contest_combos": null, "contest_effect": null, "contest_type": null, "damage_class": {"name": "status", "url": "https://pokeapi.co/api/v2/move-damage-class/1/"}, "effect_chance": 100, "effect_changes": [], "effect_entries": [{"effect": "Lowers the target's Attack by one stage.", "language": {"name": "en", "url": "https://pokeapi.co/api/v2/language/9/"}, "short_effect": "Lowers the target's Attack by one stage."}], "flavor_text_entries": [{"flavor_text": "\u548c\u5bf9\u624b\u548c\u7766\u76f8\u5904\uff0c\n\u4f7f\u5176\u5931\u53bb\u6218\u6597\u7684\u6c14\u529b\uff0c\n\u4ece\u800c\u964d\u4f4e\u5bf9\u624b\u7684\u653b\u51fb\u3002", "language": {"name": "zh-Hans", "url": "https://pokeapi.co/api/v2/language/12/"}, "version_group": {"name": "lets-go-pikachu-lets-go-eevee", "url": "https://pokeapi.co/api/v2/version-group/19/"}}, {"flavor_text": "\u3042\u3044\u3066\u3068\u3000\u306a\u304b\u3088\u304f\u306a\u3063\u3066\n\u305f\u305f\u304b\u3046\u3000\u304d\u308a\u3087\u304f\u3092\u3000\u3046\u3057\u306a\u308f\u305b\n\u3042\u3044\u3066\u306e\u3000\u3053\u3046\u3052\u304d\u3092\u3000\u3055\u3052\u308b\u3002", "language": {"name": "ja-Hrkt", "url": "https://pokeapi.co/api/v2/language/1/"}, "version_group": {"name": "x-y", "url": "https://pokeapi.co/api/v2/version-group/15/"}}, {"flavor_text": "\uc0c1\ub300\uc640 \uce5c\ud574\uc838\uc11c\n\uc2f8\uc6b8 \ub9c8\uc74c\uc744 \uc783\uac8c \ud558\uc5ec\n\uc0c1\ub300\uc758 \uacf5\uaca9\uc744 \ub5a8\uc5b4\ub728\ub9b0\ub2e4.", "language": {"name": "ko", "url": "https://pokeapi.co/api/v2/language/3/"}, "version_group": {"name": "x-y", "url": "https://pokeapi.co/api/v2/version-group/15/"}}, {"flavor_text": "L\u2019ennemi se lie d\u2019amiti\u00e9 avec le lanceur et perd\nsa combativit\u00e9, diminuant son Attaque.", "language": {"name": "fr", "url": "https://pokeapi.co/api/v2/language/5/"}, "version_group": {"name": "x-y", "url": "https://pokeapi.co/api/v2/version-group/15/"}}, {"flavor_text": "Der Anwender schlie\u00dft mit dem Ziel Freundschaft\nund nimmt ihm seine Angriffslust. Der Angriffs-Wert\ndes Zieles sinkt.", "language": {"name": "de", "url": "https://pokeapi.co/api/v2/language/6/"}, "version_group": {"name": "x-y", "url": "https://pokeapi.co/api/v2/version-group/15/"}}, {"flavor_text": "Se hace amigo de su oponente y consigue que a\neste se le quiten las ganas de combatir. Adem\u00e1s,\nreduce su Ataque.", "language": {"name": "es", "url": "https://pokeapi.co/api/v2/language/7/"}, "version_group": {"name": "x-y", "url": "https://pokeapi.co/api/v2/version-group/15/"}}, {"flavor_text": "Chi la usa diventa amico del bersaglio,\nrabbonendolo e riducendone cos\u00ec l\u2019Attacco.", "language": {"name": "it", "url": "https://pokeapi.co/api/v2/language/8/"}, "version_group": {"name": "x-y", "url": "https://pokeapi.co/api/v2/version-group/15/"}}, {"flavor_text": "The user and the target become friends,\nand the target loses its will to fight.\nThis lowers the target\u2019s Attack stat.", "language": {"name": "en", "url": "https://pokeapi.co/api/v2/language/9/"}, "version_group": {"name": "x-y", "url": "https://pokeapi.co/api/v2/version-group/15/"}}, {"flavor_text": "\u76f8\u624b\u3068\u3000\u4ef2\u826f\u304f\u306a\u3063\u3066\n\u6226\u3046\u3000\u6c17\u529b\u3092\u3000\u5931\u308f\u305b\n\u76f8\u624b\u306e\u3000\u653b\u6483\u3092\u3000\u3055\u3052\u308b\u3002", "language": {"name": "ja", "url": "https://pokeapi.co/api/v2/language/11/"}, "version_group": {"name": "x-y", "url": "https://pokeapi.co/api/v2/version-group/15/"}}, {"flavor_text": "\u3042\u3044\u3066\u3068\u3000\u306a\u304b\u3088\u304f\u306a\u3063\u3066\n\u305f\u305f\u304b\u3046\u3000\u304d\u308a\u3087\u304f\u3092\u3000\u3046\u3057\u306a\u308f\u305b\n\u3042\u3044\u3066\u306e\u3000\u3053\u3046\u3052\u304d\u3092\u3000\u3055\u3052\u308b\u3002", "language": {"name": "ja-Hrkt", "url": "https://pokeapi.co/api/v2/language/1/"}, "version_group": {"name": "omega-ruby-alpha-sapphire", "url": "https://pokeapi.co/api/v2/version-group/16/"}}, {"flavor_text": "\uc0c1\ub300\uc640 \uce5c\ud574\uc838\uc11c\n\uc2f8\uc6b8 \ub9c8\uc74c\uc744 \uc783\uac8c \ud558\uc5ec\n\uc0c1\ub300\uc758 \uacf5\uaca9\uc744 \ub5a8\uc5b4\ub728\ub9b0\ub2e4.", "language": {"name": "ko", "url": "https://pokeapi.co/api/v2/language/3/"}, "version_group": {"name": "omega-ruby-alpha-sapphire", "url": "https://pokeapi.co/api/v2/version-group/16/"}}, {"flavor_text": "L\u2019ennemi se lie d\u2019amiti\u00e9 avec le lanceur et perd\nsa combativit\u00e9, diminuant son Attaque.", "language": {"name": "fr", "url": "https://pokeapi.co/api/v2/language/5/"}, "version_group": {"name": "omega-ruby-alpha-sapphire", "url": "https://pokeapi.co/api/v2/version-group/16/"}}, {"flavor_text": "Der Anwender schlie\u00dft mit dem Ziel Freundschaft\nund nimmt ihm seine Angriffslust. Der Angriffs-Wert\ndes Zieles sinkt.", "language": {"name": "de", "url": "https://pokeapi.co/api/v2/language/6/"}, "version_group": {"name": "omega-ruby-alpha-sapphire", "url": "https://pokeapi.co/api/v2/version-group/16/"}}, {"flavor_text": "Se hace amigo de su oponente y consigue que a \neste se le quiten las ganas de combatir. Adem\u00e1s, \nreduce su Ataque.", "language": {"name": "es", "url": "https://pokeapi.co/api/v2/language/7/"}, "version_group": {"name": "omega-ruby-alpha-sapphire", "url": "https://pokeapi.co/api/v2/version-group/16/"}}, {"flavor_text": "Chi la usa diventa amico del bersaglio,\nrabbonendolo e riducendone cos\u00ec l\u2019Attacco.", "language": {"name": "it", "url": "https://pokeapi.co/api/v2/language/8/"}, "version_group": {"name": "omega-ruby-alpha-sapphire", "url": "https://pokeapi.co/api/v2/version-group/16/"}}, {"flavor_text": "The user and the target become friends,\nand the target loses its will to fight.\nThis lowers the target\u2019s Attack stat.", "language": {"name": "en", "url": "https://pokeapi.co/api/v2/language/9/"}, "version_group": {"name": "omega-ruby-alpha-sapphire", "url": "https://pokeapi.co/api/v2/version-group/16/"}}, {"flavor_text": "\u76f8\u624b\u3068\u3000\u4ef2\u826f\u304f\u306a\u3063\u3066\n\u6226\u3046\u3000\u6c17\u529b\u3092\u3000\u5931\u308f\u305b\n\u76f8\u624b\u306e\u3000\u653b\u6483\u3092\u3000\u3055\u3052\u308b\u3002", "language": {"name": "ja", "url": "https://pokeapi.co/api/v2/language/11/"}, "version_group": {"name": "omega-ruby-alpha-sapphire", "url": "https://pokeapi.co/api/v2/version-group/16/"}}, {"flavor_text": "\u3042\u3044\u3066\u3068\u3000\u306a\u304b\u3088\u304f\u306a\u3063\u3066\n\u305f\u305f\u304b\u3046\u3000\u304d\u308a\u3087\u304f\u3092\u3000\u3046\u3057\u306a\u308f\u305b\n\u3042\u3044\u3066\u306e\u3000\u3053\u3046\u3052\u304d\u3092\u3000\u3055\u3052\u308b\u3002", "language": {"name": "ja-Hrkt", "url": "https://pokeapi.co/api/v2/language/1/"}, "version_group": {"name": "sun-moon", "url": "https://pokeapi.co/api/v2/version-group/17/"}}, {"flavor_text": "\uc0c1\ub300\uc640 \uce5c\ud574\uc838\uc11c\n\uc2f8\uc6b8 \ub9c8\uc74c\uc744 \uc783\uac8c \ud558\uc5ec\n\uc0c1\ub300\uc758 \uacf5\uaca9\uc744 \ub5a8\uc5b4\ub728\ub9b0\ub2e4.", "language": {"name": "ko", "url": "https://pokeapi.co/api/v2/language/3/"}, "version_group": {"name": "sun-moon", "url": "https://pokeapi.co/api/v2/version-group/17/"}}, {"flavor_text": "\u548c\u5c0d\u624b\u548c\u7766\u76f8\u8655\uff0c\n\u8b93\u5c0d\u624b\u5931\u53bb\u6230\u9b25\u610f\u5fd7\uff0c\n\u964d\u4f4e\u5c0d\u624b\u7684\u653b\u64ca\u3002", "language": {"name": "zh-Hant", "url": "https://pokeapi.co/api/v2/language/4/"}, "version_group": {"name": "sun-moon", "url": "https://pokeapi.co/api/v2/version-group/17/"}}, {"flavor_text": "L\u2019ennemi se lie d\u2019amiti\u00e9 avec le lanceur et perd\nsa combativit\u00e9, diminuant son Attaque.", "language": {"name": "fr", "url": "https://pokeapi.co/api/v2/language/5/"}, "version_group": {"name": "sun-moon", "url": "https://pokeapi.co/api/v2/version-group/17/"}}, {"flavor_text": "Der Anwender schlie\u00dft mit dem Ziel Freundschaft\nund nimmt ihm seine Angriffslust. Der Angriffs-Wert\ndes Zieles sinkt.", "language": {"name": "de", "url": "https://pokeapi.co/api/v2/language/6/"}, "version_group": {"name": "sun-moon", "url": "https://pokeapi.co/api/v2/version-group/17/"}}, {"flavor_text": "Se hace amigo de su oponente y consigue que a \neste se le quiten las ganas de combatir. Adem\u00e1s, \nreduce su Ataque.", "language": {"name": "es", "url": "https://pokeapi.co/api/v2/language/7/"}, "version_group": {"name": "sun-moon", "url": "https://pokeapi.co/api/v2/version-group/17/"}}, {"flavor_text": "Chi la usa diventa amico del bersaglio,\nrabbonendolo e riducendone cos\u00ec l\u2019Attacco.", "language": {"name": "it", "url": "https://pokeapi.co/api/v2/language/8/"}, "version_group": {"name": "sun-moon", "url": "https://pokeapi.co/api/v2/version-group/17/"}}, {"flavor_text": "The user and the target become friends, and the\ntarget loses its will to fight. This lowers the target\u2019s\nAttack stat.", "language": {"name": "en", "url": "https://pokeapi.co/api/v2/language/9/"}, "version_group": {"name": "sun-moon", "url": "https://pokeapi.co/api/v2/version-group/17/"}}, {"flavor_text": "\u76f8\u624b\u3068\u3000\u4ef2\u826f\u304f\u306a\u3063\u3066\n\u6226\u3046\u3000\u6c17\u529b\u3092\u3000\u5931\u308f\u305b\n\u76f8\u624b\u306e\u3000\u653b\u6483\u3092\u3000\u3055\u3052\u308b\u3002", "language": {"name": "ja", "url": "https://pokeapi.co/api/v2/language/11/"}, "version_group": {"name": "sun-moon", "url": "https://pokeapi.co/api/v2/version-group/17/"}}, {"flavor_text": "\u548c\u5bf9\u624b\u548c\u7766\u76f8\u5904\uff0c\n\u4f7f\u5176\u5931\u53bb\u6218\u6597\u7684\u6c14\u529b\uff0c\n\u4ece\u800c\u964d\u4f4e\u5bf9\u624b\u7684\u653b\u51fb\u3002", "language": {"name": "zh-Hans", "url": "https://pokeapi.co/api/v2/language/12/"}, "version_group": {"name": "sun-moon", "url": "https://pokeapi.co/api/v2/version-group/17/"}}, {"flavor_text": "\u3042\u3044\u3066\u3068\u3000\u306a\u304b\u3088\u304f\u306a\u3063\u3066\n\u305f\u305f\u304b\u3046\u3000\u304d\u308a\u3087\u304f\u3092\u3000\u3046\u3057\u306a\u308f\u305b\n\u3042\u3044\u3066\u306e\u3000\u3053\u3046\u3052\u304d\u3092\u3000\u3055\u3052\u308b\u3002", "language": {"name": "ja-Hrkt", "url": "https://pokeapi.co/api/v2/language/1/"}, "version_group": {"name": "ultra-sun-ultra-moon", "url": "https://pokeapi.co/api/v2/version-group/18/"}}, {"flavor_text": "\uc0c1\ub300\uc640 \uce5c\ud574\uc838\uc11c\n\uc2f8\uc6b8 \ub9c8\uc74c\uc744 \uc783\uac8c \ud558\uc5ec\n\uc0c1\ub300\uc758 \uacf5\uaca9\uc744 \ub5a8\uc5b4\ub728\ub9b0\ub2e4.", "language": {"name": "ko", "url": "https://pokeapi.co/api/v2/language/3/"}, "version_group": {"name": "ultra-sun-ultra-moon", "url": "https://pokeapi.co/api/v2/version-group/18/"}}, {"flavor_text": "\u548c\u5c0d\u624b\u548c\u7766\u76f8\u8655\uff0c\n\u8b93\u5c0d\u624b\u5931\u53bb\u6230\u9b25\u610f\u5fd7\uff0c\n\u964d\u4f4e\u5c0d\u624b\u7684\u653b\u64ca\u3002", "language": {"name": "zh-Hant", "url": "https://pokeapi.co/api/v2/language/4/"}, "version_group": {"name": "ultra-sun-ultra-moon", "url": "https://pokeapi.co/api/v2/version-group/18/"}}, {"flavor_text": "L\u2019ennemi se lie d\u2019amiti\u00e9 avec le lanceur et perd\nsa combativit\u00e9, diminuant son Attaque.", "language": {"name": "fr", "url": "https://pokeapi.co/api/v2/language/5/"}, "version_group": {"name": "ultra-sun-ultra-moon", "url": "https://pokeapi.co/api/v2/version-group/18/"}}, {"flavor_text": "Der Anwender schlie\u00dft mit dem Ziel Freundschaft\nund nimmt ihm seine Angriffslust. Der Angriffs-Wert\ndes Zieles sinkt.", "language": {"name": "de", "url": "https://pokeapi.co/api/v2/language/6/"}, "version_group": {"name": "ultra-sun-ultra-moon", "url": "https://pokeapi.co/api/v2/version-group/18/"}}, {"flavor_text": "Se hace amigo de su oponente y consigue que a \neste se le quiten las ganas de combatir. Adem\u00e1s, \nreduce su Ataque.", "language": {"name": "es", "url": "https://pokeapi.co/api/v2/language/7/"}, "version_group": {"name": "ultra-sun-ultra-moon", "url": "https://pokeapi.co/api/v2/version-group/18/"}}, {"flavor_text": "Chi la usa diventa amico del bersaglio,\nrabbonendolo e riducendone cos\u00ec l\u2019Attacco.", "language": {"name": "it", "url": "https://pokeapi.co/api/v2/language/8/"}, "version_group": {"name": "ultra-sun-ultra-moon", "url": "https://pokeapi.co/api/v2/version-group/18/"}}, {"flavor_text": "The user and the target become friends, and the\ntarget loses its will to fight. This lowers the target\u2019s\nAttack stat.", "language": {"name": "en", "url": "https://pokeapi.co/api/v2/language/9/"}, "version_group": {"name": "ultra-sun-ultra-moon", "url": "https://pokeapi.co/api/v2/version-group/18/"}}, {"flavor_text": "\u76f8\u624b\u3068\u3000\u306a\u304b\u3088\u304f\u306a\u3063\u3066\n\u6226\u3046\u3000\u6c17\u529b\u3092\u3000\u5931\u308f\u305b\n\u76f8\u624b\u306e\u3000\u653b\u6483\u3092\u3000\u3055\u3052\u308b\u3002", "language": {"name": "ja", "url": "https://pokeapi.co/api/v2/language/11/"}, "version_group": {"name": "ultra-sun-ultra-moon", "url": "https://pokeapi.co/api/v2/version-group/18/"}}, {"flavor_text": "\u548c\u5bf9\u624b\u548c\u7766\u76f8\u5904\uff0c\n\u4f7f\u5176\u5931\u53bb\u6218\u6597\u7684\u6c14\u529b\uff0c\n\u4ece\u800c\u964d\u4f4e\u5bf9\u624b\u7684\u653b\u51fb\u3002", "language": {"name": "zh-Hans", "url": "https://pokeapi.co/api/v2/language/12/"}, "version_group": {"name": "ultra-sun-ultra-moon", "url": "https://pokeapi.co/api/v2/version-group/18/"}}, {"flavor_text": "\u3042\u3044\u3066\u3068\u3000\u306a\u304b\u3088\u304f\u306a\u3063\u3066\n\u305f\u305f\u304b\u3046\u3000\u304d\u308a\u3087\u304f\u3092\u3000\u3046\u3057\u306a\u308f\u305b\n\u3042\u3044\u3066\u306e\u3000\u3053\u3046\u3052\u304d\u3092\u3000\u3055\u3052\u308b\u3002", "language": {"name": "ja-Hrkt", "url": "https://pokeapi.co/api/v2/language/1/"}, "version_group": {"name": "lets-go-pikachu-lets-go-eevee", "url": "https://pokeapi.co/api/v2/version-group/19/"}}, {"flavor_text": "\uc0c1\ub300\uc640 \uce5c\ud574\uc838\uc11c\n\uc2f8\uc6b8 \ub9c8\uc74c\uc744 \uc783\uac8c \ud558\uc5ec\n\uc0c1\ub300\uc758 \uacf5\uaca9\uc744 \ub5a8\uc5b4\ub728\ub9b0\ub2e4.", "language": {"name": "ko", "url": "https://pokeapi.co/api/v2/language/3/"}, "version_group": {"name": "lets-go-pikachu-lets-go-eevee", "url": "https://pokeapi.co/api/v2/version-group/19/"}}, {"flavor_text": "\u548c\u5c0d\u624b\u548c\u7766\u76f8\u8655\uff0c\n\u8b93\u5c0d\u624b\u5931\u53bb\u6230\u9b25\u610f\u5fd7\uff0c\n\u964d\u4f4e\u5c0d\u624b\u7684\u653b\u64ca\u3002", "language": {"name": "zh-Hant", "url": "https://pokeapi.co/api/v2/language/4/"}, "version_group": {"name": "lets-go-pikachu-lets-go-eevee", "url": "https://pokeapi.co/api/v2/version-group/19/"}}, {"flavor_text": "L\u2019ennemi se lie d\u2019amiti\u00e9 avec le lanceur et perd\nsa combativit\u00e9, diminuant son Attaque.", "language": {"name": "fr", "url": "https://pokeapi.co/api/v2/language/5/"}, "version_group": {"name": "lets-go-pikachu-lets-go-eevee", "url": "https://pokeapi.co/api/v2/version-group/19/"}}, {"flavor_text": "Der Anwender schlie\u00dft mit dem Ziel Freundschaft\nund nimmt ihm seine Angriffslust. Der Angriffs-Wert\ndes Zieles sinkt.", "language": {"name": "de", "url": "https://pokeapi.co/api/v2/language/6/"}, "version_group": {"name": "lets-go-pikachu-lets-go-eevee", "url": "https://pokeapi.co/api/v2/version-group/19/"}}, {"flavor_text": "Se hace amigo de su oponente y consigue que a \neste se le quiten las ganas de combatir. Adem\u00e1s, \nreduce su Ataque.", "language": {"name": "es", "url": "https://pokeapi.co/api/v2/language/7/"}, "version_group": {"name": "lets-go-pikachu-lets-go-eevee", "url": "https://pokeapi.co/api/v2/version-group/19/"}}, {"flavor_text": "Chi la usa diventa amico del bersaglio,\nrabbonendolo e riducendone cos\u00ec l\u2019Attacco.", "language": {"name": "it", "url": "https://pokeapi.co/api/v2/language/8/"}, "version_group": {"name": "lets-go-pikachu-lets-go-eevee", "url": "https://pokeapi.co/api/v2/version-group/19/"}}, {"flavor_text": "The user and the target become friends, and the\ntarget loses its will to fight. This lowers the target\u2019s\nAttack stat.", "language": {"name": "en", "url": "https://pokeapi.co/api/v2/language/9/"}, "version_group": {"name": "lets-go-pikachu-lets-go-eevee", "url": "https://pokeapi.co/api/v2/version-group/19/"}}, {"flavor_text": "\u76f8\u624b\u3068\u3000\u306a\u304b\u3088\u304f\u306a\u3063\u3066\n\u6226\u3046\u3000\u6c17\u529b\u3092\u3000\u5931\u308f\u305b\n\u76f8\u624b\u306e\u3000\u653b\u6483\u3092\u3000\u3055\u3052\u308b\u3002", "language": {"name": "ja", "url": "https://pokeapi.co/api/v2/language/11/"}, "version_group": {"name": "lets-go-pikachu-lets-go-eevee", "url": "https://pokeapi.co/api/v2/version-group/19/"}}, {"flavor_text": "\u3042\u3044\u3066\u3068\u3000\u306a\u304b\u3088\u304f\u306a\u3063\u3066\n\u305f\u305f\u304b\u3046\u3000\u304d\u308a\u3087\u304f\u3092\u3000\u3046\u3057\u306a\u308f\u305b\n\u3042\u3044\u3066\u306e\u3000\u3053\u3046\u3052\u304d\u3092\u3000\u3055\u3052\u308b\u3002", "language": {"name": "ja-Hrkt", "url": "https://pokeapi.co/api/v2/language/1/"}, "version_group": {"name": "sword-shield", "url": "https://pokeapi.co/api/v2/version-group/20/"}}, {"flavor_text": "\uc0c1\ub300\uc640 \uce5c\ud574\uc838\uc11c\n\uc2f8\uc6b8 \ub9c8\uc74c\uc744 \uc783\uac8c \ud558\uc5ec\n\uc0c1\ub300\uc758 \uacf5\uaca9\uc744 \ub5a8\uc5b4\ub728\ub9b0\ub2e4.", "language": {"name": "ko", "url": "https://pokeapi.co/api/v2/language/3/"}, "version_group": {"name": "sword-shield", "url": "https://pokeapi.co/api/v2/version-group/20/"}}, {"flavor_text": "\u548c\u5c0d\u624b\u548c\u7766\u76f8\u8655\uff0c\n\u8b93\u5c0d\u624b\u5931\u53bb\u6230\u9b25\u610f\u5fd7\uff0c\n\u964d\u4f4e\u5c0d\u624b\u7684\u653b\u64ca\u3002", "language": {"name": "zh-Hant", "url": "https://pokeapi.co/api/v2/language/4/"}, "version_group": {"name": "sword-shield", "url": "https://pokeapi.co/api/v2/version-group/20/"}}, {"flavor_text": "L\u2019ennemi se lie d\u2019amiti\u00e9 avec le lanceur et perd\nsa combativit\u00e9, diminuant son Attaque.", "language": {"name": "fr", "url": "https://pokeapi.co/api/v2/language/5/"}, "version_group": {"name": "sword-shield", "url": "https://pokeapi.co/api/v2/version-group/20/"}}, {"flavor_text": "Der Anwender schlie\u00dft mit dem Ziel Freundschaft\nund nimmt ihm seine Angriffslust. Der Angriffs-Wert\ndes Zieles sinkt.", "language": {"name": "de", "url": "https://pokeapi.co/api/v2/language/6/"}, "version_group": {"name": "sword-shield", "url": "https://pokeapi.co/api/v2/version-group/20/"}}, {"flavor_text": "Se hace amigo de su oponente y consigue que a este\nse le quiten las ganas de combatir. Adem\u00e1s, reduce su\nAtaque.", "language": {"name": "es", "url": "https://pokeapi.co/api/v2/language/7/"}, "version_group": {"name": "sword-shield", "url": "https://pokeapi.co/api/v2/version-group/20/"}}, {"flavor_text": "Chi la usa diventa amico del bersaglio,\nrabbonendolo e riducendone cos\u00ec l\u2019Attacco.", "language": {"name": "it", "url": "https://pokeapi.co/api/v2/language/8/"}, "version_group": {"name": "sword-shield", "url": "https://pokeapi.co/api/v2/version-group/20/"}}, {"flavor_text": "The user and the target become friends, and the\ntarget loses its will to fight. This lowers the target\u2019s\nAttack stat.", "language": {"name": "en", "url": "https://pokeapi.co/api/v2/language/9/"}, "version_group": {"name": "sword-shield", "url": "https://pokeapi.co/api/v2/version-group/20/"}}, {"flavor_text": "\u76f8\u624b\u3068\u3000\u306a\u304b\u3088\u304f\u306a\u3063\u3066\n\u6226\u3046\u3000\u6c17\u529b\u3092\u3000\u5931\u308f\u305b\n\u76f8\u624b\u306e\u3000\u653b\u6483\u3092\u3000\u3055\u3052\u308b\u3002", "language": {"name": "ja", "url": "https://pokeapi.co/api/v2/language/11/"}, "version_group": {"name": "sword-shield", "url": "https://pokeapi.co/api/v2/version-group/20/"}}, {"flavor_text": "\u548c\u5bf9\u624b\u548c\u7766\u76f8\u5904\uff0c\n\u4f7f\u5176\u5931\u53bb\u6218\u6597\u7684\u6c14\u529b\uff0c\n\u4ece\u800c\u964d\u4f4e\u5bf9\u624b\u7684\u653b\u51fb\u3002", "language": {"name": "zh-Hans", "url": "https://pokeapi.co/api/v2/language/12/"}, "version_group": {"name": "sword-shield", "url": "https://pokeapi.co/api/v2/version-group/20/"}}], "generation": {"name": "generation-vi", "url": "https://pokeapi.co/api/v2/generation/6/"}, "id": 589, "learned_by_pokemon": [{"name": "pikachu", "url": "https://pokeapi.co/api/v2/pokemon/25/"}, {"name": "raichu", "url": "https://pokeapi.co/api/v2/pokemon/26/"}, {"name": "jigglypuff", "url": "https://pokeapi.co/api/v2/pokemon/39/"}, {"name": "pichu", "url": "https://pokeapi.co/api/v2/pokemon/172/"}, {"name": "teddiursa", "url": "https://pokeapi.co/api/v2/pokemon/216/"}, {"name": "ursaring", "url": "https://pokeapi.co/api/v2/pokemon/217/"}, {"name": "plusle", "url": "https://pokeapi.co/api/v2/pokemon/311/"}, {"name": "minun", "url": "https://pokeapi.co/api/v2/pokemon/312/"}, {"name": "volbeat", "url": "https://pokeapi.co/api/v2/pokemon/313/"}, {"name": "illumise", "url": "https://pokeapi.co/api/v2/pokemon/314/"}, {"name": "pansage", "url": "https://pokeapi.co/api/v2/pokemon/511/"}, {"name": "pansear", "url": "https://pokeapi.co/api/v2/pokemon/513/"}, {"name": "panpour", "url": "https://pokeapi.co/api/v2/pokemon/515/"}, {"name": "audino", "url": "https://pokeapi.co/api/v2/pokemon/531/"}, {"name": "gothita", "url": "https://pokeapi.co/api/v2/pokemon/574/"}, {"name": "gothorita", "url": "https://pokeapi.co/api/v2/pokemon/575/"}, {"name": "gothitelle", "url": "https://pokeapi.co/api/v2/pokemon/576/"}, {"name": "alomomola", "url": "https://pokeapi.co/api/v2/pokemon/594/"}, {"name": "cubchoo", "url": "https://pokeapi.co/api/v2/pokemon/613/"}, {"name": "beartic", "url": "https://pokeapi.co/api/v2/pokemon/614/"}, {"name": "swirlix", "url": "https://pokeapi.co/api/v2/pokemon/684/"}, {"name": "slurpuff", "url": "https://pokeapi.co/api/v2/pokemon/685/"}, {"name": "bounsweet", "url": "https://pokeapi.co/api/v2/pokemon/761/"}, {"name": "steenee", "url": "https://pokeapi.co/api/v2/pokemon/762/"}, {"name": "tsareena", "url": "https://pokeapi.co/api/v2/pokemon/763/"}, {"name": "drampa", "url": "https://pokeapi.co/api/v2/pokemon/780/"}, {"name": "hatenna", "url": "https://pokeapi.co/api/v2/pokemon/856/"}, {"name": "hattrem", "url": "https://pokeapi.co/api/v2/pokemon/857/"}, {"name": "hatterene", "url": "https://pokeapi.co/api/v2/pokemon/858/"}, {"name": "indeedee-male", "url": "https://pokeapi.co/api/v2/pokemon/876/"}, {"name": "ursaluna", "url": "https://pokeapi.co/api/v2/pokemon/901/"}, {"name": "audino-mega", "url": "https://pokeapi.co/api/v2/pokemon/10069/"}, {"name": "pikachu-rock-star", "url": "https://pokeapi.co/api/v2/pokemon/10080/"}, {"name": "pikachu-belle", "url": "https://pokeapi.co/api/v2/pokemon/10081/"}, {"name": "pikachu-pop-star", "url": "https://pokeapi.co/api/v2/pokemon/10082/"}, {"name": "pikachu-phd", "url": "https://pokeapi.co/api/v2/pokemon/10083/"}, {"name": "pikachu-libre", "url": "https://pokeapi.co/api/v2/pokemon/10084/"}, {"name": "pikachu-cosplay", "url": "https://pokeapi.co/api/v2/pokemon/10085/"}, {"name": "pikachu-original-cap", "url": "https://pokeapi.co/api/v2/pokemon/10094/"}, {"name": "pikachu-hoenn-cap", "url": "https://pokeapi.co/api/v2/pokemon/10095/"}, {"name": "pikachu-sinnoh-cap", "url": "https://pokeapi.co/api/v2/pokemon/10096/"}, {"name": "pikachu-unova-cap", "url": "https://pokeapi.co/api/v2/pokemon/10097/"}, {"name": "pikachu-kalos-cap", "url": "https://pokeapi.co/api/v2/pokemon/10098/"}, {"name": "pikachu-alola-cap", "url": "https://pokeapi.co/api/v2/pokemon/10099/"}, {"name": "raichu-alola", "url": "https://pokeapi.co/api/v2/pokemon/10100/"}, {"name": "pikachu-partner-cap", "url": "https://pokeapi.co/api/v2/pokemon/10148/"}, {"name": "pikachu-world-cap", "url": "https://pokeapi.co/api/v2/pokemon/10160/"}, {"name": "indeedee-female", "url": "https://pokeapi.co/api/v2/pokemon/10186/"}, {"name": "ursaluna-bloodmoon", "url": "https://pokeapi.co/api/v2/pokemon/10272/"}], "machines": [], "meta": {"ailment": {"name": "none", "url": "https://pokeapi.co/api/v2/move-ailment/0/"}, "ailment_chance": 0, "category": {"name": "net-good-stats", "url": "https://pokeapi.co/api/v2/move-category/2/"}, "crit_rate": 0, "drain": 0, "flinch_chance": 0, "healing": 0, "max_hits": null, "max_turns": null, "min_hits": null, "min_turns": null, "stat_chance": 100}, "name": "play-nice", "names": [{"language": {"name": "ja-Hrkt", "url": "https://pokeapi.co/api/v2/language/1/"}, "name": "\u306a\u304b\u3088\u304f\u3059\u308b"}, {"language": {"name": "ko", "url": "https://pokeapi.co/api/v2/language/3/"}, "name": "\uce5c\ud574\uc9c0\uae30"}, {"language": {"name": "zh-Hant", "url": "https://pokeapi.co/api/v2/language/4/"}, "name": "\u548c\u7766\u76f8\u8655"}, {"language": {"name": "fr", "url": "https://pokeapi.co/api/v2/language/5/"}, "name": "Camaraderie"}, {"language": {"name": "de", "url": "https://pokeapi.co/api/v2/language/6/"}, "name": "Kameradschaft"}, {"language": {"name": "es", "url": "https://pokeapi.co/api/v2/language/7/"}, "name": "Camarader\u00eda"}, {"language": {"name": "it", "url": "https://pokeapi.co/api/v2/language/8/"}, "name": "Simpatia"}, {"language": {"name": "en", "url": "https://pokeapi.co/api/v2/language/9/"}, "name": "Play Nice"}, {"language": {"name": "ja", "url": "https://pokeapi.co/api/v2/language/11/"}, "name": "\u306a\u304b\u3088\u304f\u3059\u308b"}, {"language": {"name": "zh-Hans", "url": "https://pokeapi.co/api/v2/language/12/"}, "name": "\u548c\u7766\u76f8\u5904"}], "past_values": [], "power": null, "pp": 20, "priority": 0, "stat_changes": [{"change": -1, "stat": {"name": "attack", "url": "https://pokeapi.co/api/v2/stat/2/"}}], "super_contest_effect": null, "target": {"name": "selected-pokemon", "url": "https://pokeapi.co/api/v2/move-target/10/"}, "type": {"name": "normal", "url": "https://pokeapi.co/api/v2/type/1/"}}