{"accuracy": 90, "contest_combos": null, "contest_effect": null, "contest_type": null, "damage_class": {"name": "physical", "url": "https://pokeapi.co/api/v2/move-damage-class/2/"}, "effect_chance": 10, "effect_changes": [], "effect_entries": [{"effect": "Inflicts regular damage.  Has a 10% chance to lower the target's Attack by one stage.", "language": {"name": "en", "url": "https://pokeapi.co/api/v2/language/9/"}, "short_effect": "Has a 10% chance to lower the target's Attack by one stage."}], "flavor_text_entries": [{"flavor_text": "\u3042\u3044\u3066\u306b\u3000\u3058\u3083\u308c\u3064\u3044\u3066\n\u3053\u3046\u3052\u304d\u3059\u308b\u3002\u3000\u3042\u3044\u3066\u306e\n\u3053\u3046\u3052\u304d\u3092\u3000\u3055\u3052\u308b\u3000\u3053\u3068\u304c\u3042\u308b\u3002", "language": {"name": "ja-Hrkt", "url": "https://pokeapi.co/api/v2/language/1/"}, "version_group": {"name": "x-y", "url": "https://pokeapi.co/api/v2/version-group/15/"}}, {"flavor_text": "\uc0c1\ub300\uc5d0\uac8c \uce58\uadfc\uac70\ub9ac\uba70\n\uacf5\uaca9\ud55c\ub2e4. \uc0c1\ub300\uc758\n\uacf5\uaca9\uc744 \ub5a8\uc5b4\ub728\ub9b4 \ub54c\uac00 \uc788\ub2e4.", "language": {"name": "ko", "url": "https://pokeapi.co/api/v2/language/3/"}, "version_group": {"name": "x-y", "url": "https://pokeapi.co/api/v2/version-group/15/"}}, {"flavor_text": "Attaque l\u2019ennemi avec un c\u00e2lin.\nPeut diminuer son Attaque.", "language": {"name": "fr", "url": "https://pokeapi.co/api/v2/language/5/"}, "version_group": {"name": "x-y", "url": "https://pokeapi.co/api/v2/version-group/15/"}}, {"flavor_text": "Der Anwender knuddelt das Ziel und greift es an.\nGelegentlich sinkt dabei auch dessen\nAngriffs-Wert.", "language": {"name": "de", "url": "https://pokeapi.co/api/v2/language/6/"}, "version_group": {"name": "x-y", "url": "https://pokeapi.co/api/v2/version-group/15/"}}, {"flavor_text": "El Pok\u00e9mon que lo usa le hace cucamonas al\nobjetivo y lo ataca. Puede disminuir el Ataque\ndel objetivo.", "language": {"name": "es", "url": "https://pokeapi.co/api/v2/language/7/"}, "version_group": {"name": "x-y", "url": "https://pokeapi.co/api/v2/version-group/15/"}}, {"flavor_text": "Chi la usa attacca il bersaglio con delle carinerie.\nPu\u00f2 anche ridurne l\u2019Attacco.", "language": {"name": "it", "url": "https://pokeapi.co/api/v2/language/8/"}, "version_group": {"name": "x-y", "url": "https://pokeapi.co/api/v2/version-group/15/"}}, {"flavor_text": "The user plays rough with the target\nand attacks it. This may also lower\nthe target\u2019s Attack stat.", "language": {"name": "en", "url": "https://pokeapi.co/api/v2/language/9/"}, "version_group": {"name": "x-y", "url": "https://pokeapi.co/api/v2/version-group/15/"}}, {"flavor_text": "\u76f8\u624b\u306b\u3000\u3058\u3083\u308c\u3064\u3044\u3066\n\u653b\u6483\u3059\u308b\u3002\u3000\u76f8\u624b\u306e\n\u653b\u6483\u3092\u3000\u3055\u3052\u308b\u3000\u3053\u3068\u304c\u3042\u308b\u3002", "language": {"name": "ja", "url": "https://pokeapi.co/api/v2/language/11/"}, "version_group": {"name": "x-y", "url": "https://pokeapi.co/api/v2/version-group/15/"}}, {"flavor_text": "\u3042\u3044\u3066\u306b\u3000\u3058\u3083\u308c\u3064\u3044\u3066\n\u3053\u3046\u3052\u304d\u3059\u308b\u3002\u3000\u3042\u3044\u3066\u306e\n\u3053\u3046\u3052\u304d\u3092\u3000\u3055\u3052\u308b\u3000\u3053\u3068\u304c\u3042\u308b\u3002", "language": {"name": "ja-Hrkt", "url": "https://pokeapi.co/api/v2/language/1/"}, "version_group": {"name": "omega-ruby-alpha-sapphire", "url": "https://pokeapi.co/api/v2/version-group/16/"}}, {"flavor_text": "\uc0c1\ub300\uc5d0\uac8c \uce58\uadfc\uac70\ub9ac\uba70\n\uacf5\uaca9\ud55c\ub2e4. \uc0c1\ub300\uc758\n\uacf5\uaca9\uc744 \ub5a8\uc5b4\ub728\ub9b4 \ub54c\uac00 \uc788\ub2e4.", "language": {"name": "ko", "url": "https://pokeapi.co/api/v2/language/3/"}, "version_group": {"name": "omega-ruby-alpha-sapphire", "url": "https://pokeapi.co/api/v2/version-group/16/"}}, {"flavor_text": "Attaque l\u2019ennemi avec un c\u00e2lin.\nPeut diminuer son Attaque.", "language": {"name": "fr", "url": "https://pokeapi.co/api/v2/language/5/"}, "version_group": {"name": "omega-ruby-alpha-sapphire", "url": "https://pokeapi.co/api/v2/version-group/16/"}}, {"flavor_text": "Der Anwender knuddelt das Ziel und greift es an.\nGelegentlich sinkt dabei auch dessen\nAngriffs-Wert.", "language": {"name": "de", "url": "https://pokeapi.co/api/v2/language/6/"}, "version_group": {"name": "omega-ruby-alpha-sapphire", "url": "https://pokeapi.co/api/v2/version-group/16/"}}, {"flavor_text": "El Pok\u00e9mon que lo usa le hace cucamonas al \nobjetivo y lo ataca. Puede disminuir el Ataque\ndel objetivo.", "language": {"name": "es", "url": "https://pokeapi.co/api/v2/language/7/"}, "version_group": {"name": "omega-ruby-alpha-sapphire", "url": "https://pokeapi.co/api/v2/version-group/16/"}}, {"flavor_text": "Chi la usa attacca il bersaglio con delle carinerie.\nPu\u00f2 anche ridurne l\u2019Attacco.", "language": {"name": "it", "url": "https://pokeapi.co/api/v2/language/8/"}, "version_group": {"name": "omega-ruby-alpha-sapphire", "url": "https://pokeapi.co/api/v2/version-group/16/"}}, {"flavor_text": "The user plays rough with the target\nand attacks it. This may also lower\nthe target\u2019s Attack stat.", "language": {"name": "en", "url": "https://pokeapi.co/api/v2/language/9/"}, "version_group": {"name": "omega-ruby-alpha-sapphire", "url": "https://pokeapi.co/api/v2/version-group/16/"}}, {"flavor_text": "\u76f8\u624b\u306b\u3000\u3058\u3083\u308c\u3064\u3044\u3066\n\u653b\u6483\u3059\u308b\u3002\u3000\u76f8\u624b\u306e\n\u653b\u6483\u3092\u3000\u3055\u3052\u308b\u3000\u3053\u3068\u304c\u3042\u308b\u3002", "language": {"name": "ja", "url": "https://pokeapi.co/api/v2/language/11/"}, "version_group": {"name": "omega-ruby-alpha-sapphire", "url": "https://pokeapi.co/api/v2/version-group/16/"}}, {"flavor_text": "\u3042\u3044\u3066\u306b\u3000\u3058\u3083\u308c\u3064\u3044\u3066\n\u3053\u3046\u3052\u304d\u3059\u308b\u3002\u3000\u3042\u3044\u3066\u306e\n\u3053\u3046\u3052\u304d\u3092\u3000\u3055\u3052\u308b\u3000\u3053\u3068\u304c\u3042\u308b\u3002", "language": {"name": "ja-Hrkt", "url": "https://pokeapi.co/api/v2/language/1/"}, "version_group": {"name": "sun-moon", "url": "https://pokeapi.co/api/v2/version-group/17/"}}, {"flavor_text": "\uc0c1\ub300\uc5d0\uac8c \uce58\uadfc\uac70\ub9ac\uba70\n\uacf5\uaca9\ud55c\ub2e4. \uc0c1\ub300\uc758\n\uacf5\uaca9\uc744 \ub5a8\uc5b4\ub728\ub9b4 \ub54c\uac00 \uc788\ub2e4.", "language": {"name": "ko", "url": "https://pokeapi.co/api/v2/language/3/"}, "version_group": {"name": "sun-moon", "url": "https://pokeapi.co/api/v2/version-group/17/"}}, {"flavor_text": "\u5728\u548c\u5c0d\u624b\u5b09\u9b27\u7684\u540c\u6642\u9032\u884c\u653b\u64ca\u3002\n\u6709\u6642\u6703\u964d\u4f4e\u5c0d\u624b\u7684\u653b\u64ca\u3002", "language": {"name": "zh-Hant", "url": "https://pokeapi.co/api/v2/language/4/"}, "version_group": {"name": "sun-moon", "url": "https://pokeapi.co/api/v2/version-group/17/"}}, {"flavor_text": "Attaque l\u2019ennemi avec un c\u00e2lin.\nPeut diminuer son Attaque.", "language": {"name": "fr", "url": "https://pokeapi.co/api/v2/language/5/"}, "version_group": {"name": "sun-moon", "url": "https://pokeapi.co/api/v2/version-group/17/"}}, {"flavor_text": "Der Anwender knuddelt das Ziel und greift es an.\nGelegentlich sinkt dabei auch dessen Angriffs-Wert.", "language": {"name": "de", "url": "https://pokeapi.co/api/v2/language/6/"}, "version_group": {"name": "sun-moon", "url": "https://pokeapi.co/api/v2/version-group/17/"}}, {"flavor_text": "El Pok\u00e9mon que lo usa le hace cucamonas al \nobjetivo y lo ataca. Puede disminuir el Ataque\ndel objetivo.", "language": {"name": "es", "url": "https://pokeapi.co/api/v2/language/7/"}, "version_group": {"name": "sun-moon", "url": "https://pokeapi.co/api/v2/version-group/17/"}}, {"flavor_text": "Chi la usa attacca il bersaglio con delle carinerie.\nPu\u00f2 anche ridurne l\u2019Attacco.", "language": {"name": "it", "url": "https://pokeapi.co/api/v2/language/8/"}, "version_group": {"name": "sun-moon", "url": "https://pokeapi.co/api/v2/version-group/17/"}}, {"flavor_text": "The user plays rough with the target and attacks it.\nThis may also lower the target\u2019s Attack stat.", "language": {"name": "en", "url": "https://pokeapi.co/api/v2/language/9/"}, "version_group": {"name": "sun-moon", "url": "https://pokeapi.co/api/v2/version-group/17/"}}, {"flavor_text": "\u76f8\u624b\u306b\u3000\u3058\u3083\u308c\u3064\u3044\u3066\n\u653b\u6483\u3059\u308b\u3002\u3000\u76f8\u624b\u306e\n\u653b\u6483\u3092\u3000\u3055\u3052\u308b\u3000\u3053\u3068\u304c\u3042\u308b\u3002", "language": {"name": "ja", "url": "https://pokeapi.co/api/v2/language/11/"}, "version_group": {"name": "sun-moon", "url": "https://pokeapi.co/api/v2/version-group/17/"}}, {"flavor_text": "\u4e0e\u5bf9\u624b\u5b09\u95f9\u5e76\u653b\u51fb\u3002\n\u6709\u65f6\u4f1a\u964d\u4f4e\u5bf9\u624b\u7684\u653b\u51fb\u3002", "language": {"name": "zh-Hans", "url": "https://pokeapi.co/api/v2/language/12/"}, "version_group": {"name": "sun-moon", "url": "https://pokeapi.co/api/v2/version-group/17/"}}, {"flavor_text": "\u3042\u3044\u3066\u306b\u3000\u3058\u3083\u308c\u3064\u3044\u3066\n\u3053\u3046\u3052\u304d\u3059\u308b\u3002\u3000\u3042\u3044\u3066\u306e\n\u3053\u3046\u3052\u304d\u3092\u3000\u3055\u3052\u308b\u3000\u3053\u3068\u304c\u3042\u308b\u3002", "language": {"name": "ja-Hrkt", "url": "https://pokeapi.co/api/v2/language/1/"}, "version_group": {"name": "ultra-sun-ultra-moon", "url": "https://pokeapi.co/api/v2/version-group/18/"}}, {"flavor_text": "\uc0c1\ub300\uc5d0\uac8c \uce58\uadfc\uac70\ub9ac\uba70\n\uacf5\uaca9\ud55c\ub2e4. \uc0c1\ub300\uc758\n\uacf5\uaca9\uc744 \ub5a8\uc5b4\ub728\ub9b4 \ub54c\uac00 \uc788\ub2e4.", "language": {"name": "ko", "url": "https://pokeapi.co/api/v2/language/3/"}, "version_group": {"name": "ultra-sun-ultra-moon", "url": "https://pokeapi.co/api/v2/version-group/18/"}}, {"flavor_text": "\u5728\u548c\u5c0d\u624b\u5b09\u9b27\u7684\u540c\u6642\u9032\u884c\u653b\u64ca\u3002\n\u6709\u6642\u6703\u964d\u4f4e\u5c0d\u624b\u7684\u653b\u64ca\u3002", "language": {"name": "zh-Hant", "url": "https://pokeapi.co/api/v2/language/4/"}, "version_group": {"name": "ultra-sun-ultra-moon", "url": "https://pokeapi.co/api/v2/version-group/18/"}}, {"flavor_text": "Attaque l\u2019ennemi avec un c\u00e2lin.\nPeut diminuer son Attaque.", "language": {"name": "fr", "url": "https://pokeapi.co/api/v2/language/5/"}, "version_group": {"name": "ultra-sun-ultra-moon", "url": "https://pokeapi.co/api/v2/version-group/18/"}}, {"flavor_text": "Der Anwender knuddelt das Ziel und greift es an.\nGelegentlich sinkt dabei auch dessen Angriffs-Wert.", "language": {"name": "de", "url": "https://pokeapi.co/api/v2/language/6/"}, "version_group": {"name": "ultra-sun-ultra-moon", "url": "https://pokeapi.co/api/v2/version-group/18/"}}, {"flavor_text": "El Pok\u00e9mon que lo usa le hace cucamonas al \nobjetivo y lo ataca. Puede disminuir el Ataque\ndel objetivo.", "language": {"name": "es", "url": "https://pokeapi.co/api/v2/language/7/"}, "version_group": {"name": "ultra-sun-ultra-moon", "url": "https://pokeapi.co/api/v2/version-group/18/"}}, {"flavor_text": "Chi la usa attacca il bersaglio con delle carinerie.\nPu\u00f2 anche ridurne l\u2019Attacco.", "language": {"name": "it", "url": "https://pokeapi.co/api/v2/language/8/"}, "version_group": {"name": "ultra-sun-ultra-moon", "url": "https://pokeapi.co/api/v2/version-group/18/"}}, {"flavor_text": "The user plays rough with the target and attacks it.\nThis may also lower the target\u2019s Attack stat.", "language": {"name": "en", "url": "https://pokeapi.co/api/v2/language/9/"}, "version_group": {"name": "ultra-sun-ultra-moon", "url": "https://pokeapi.co/api/v2/version-group/18/"}}, {"flavor_text": "\u76f8\u624b\u306b\u3000\u3058\u3083\u308c\u3064\u3044\u3066\n\u653b\u6483\u3059\u308b\u3002\u3000\u76f8\u624b\u306e\n\u653b\u6483\u3092\u3000\u3055\u3052\u308b\u3000\u3053\u3068\u304c\u3042\u308b\u3002", "language": {"name": "ja", "url": "https://pokeapi.co/api/v2/language/11/"}, "version_group": {"name": "ultra-sun-ultra-moon", "url": "https://pokeapi.co/api/v2/version-group/18/"}}, {"flavor_text": "\u4e0e\u5bf9\u624b\u5b09\u95f9\u5e76\u653b\u51fb\u3002\n\u6709\u65f6\u4f1a\u964d\u4f4e\u5bf9\u624b\u7684\u653b\u51fb\u3002", "language": {"name": "zh-Hans", "url": "https://pokeapi.co/api/v2/language/12/"}, "version_group": {"name": "ultra-sun-ultra-moon", "url": "https://pokeapi.co/api/v2/version-group/18/"}}, {"flavor_text": "\u3042\u3044\u3066\u306b\u3000\u3058\u3083\u308c\u3064\u3044\u3066\n\u3053\u3046\u3052\u304d\u3059\u308b\u3002\u3000\u3042\u3044\u3066\u306e\n\u3053\u3046\u3052\u304d\u3092\u3000\u3055\u3052\u308b\u3000\u3053\u3068\u304c\u3042\u308b\u3002", "language": {"name": "ja-Hrkt", "url": "https://pokeapi.co/api/v2/language/1/"}, "version_group": {"name": "lets-go-pikachu-lets-go-eevee", "url": "https://pokeapi.co/api/v2/version-group/19/"}}, {"flavor_text": "\uc0c1\ub300\uc5d0\uac8c \uce58\uadfc\uac70\ub9ac\uba70\n\uacf5\uaca9\ud55c\ub2e4. \uc0c1\ub300\uc758\n\uacf5\uaca9\uc744 \ub5a8\uc5b4\ub728\ub9b4 \ub54c\uac00 \uc788\ub2e4.", "language": {"name": "ko", "url": "https://pokeapi.co/api/v2/language/3/"}, "version_group": {"name": "lets-go-pikachu-lets-go-eevee", "url": "https://pokeapi.co/api/v2/version-group/19/"}}, {"flavor_text": "\u5728\u548c\u5c0d\u624b\u5b09\u9b27\u7684\u540c\u6642\u9032\u884c\u653b\u64ca\u3002\n\u6709\u6642\u6703\u964d\u4f4e\u5c0d\u624b\u7684\u653b\u64ca\u3002", "language": {"name": "zh-Hant", "url": "https://pokeapi.co/api/v2/language/4/"}, "version_group": {"name": "lets-go-pikachu-lets-go-eevee", "url": "https://pokeapi.co/api/v2/version-group/19/"}}, {"flavor_text": "Attaque l\u2019ennemi avec un c\u00e2lin.\nPeut diminuer son Attaque.", "language": {"name": "fr", "url": "https://pokeapi.co/api/v2/language/5/"}, "version_group": {"name": "lets-go-pikachu-lets-go-eevee", "url": "https://pokeapi.co/api/v2/version-group/19/"}}, {"flavor_text": "Der Anwender knuddelt das Ziel und greift es an.\nGelegentlich sinkt dabei auch dessen Angriffs-Wert.", "language": {"name": "de", "url": "https://pokeapi.co/api/v2/language/6/"}, "version_group": {"name": "lets-go-pikachu-lets-go-eevee", "url": "https://pokeapi.co/api/v2/version-group/19/"}}, {"flavor_text": "El Pok\u00e9mon que lo usa le hace cucamonas al \nobjetivo y lo ataca. Puede disminuir el Ataque\ndel objetivo.", "language": {"name": "es", "url": "https://pokeapi.co/api/v2/language/7/"}, "version_group": {"name": "lets-go-pikachu-lets-go-eevee", "url": "https://pokeapi.co/api/v2/version-group/19/"}}, {"flavor_text": "Chi la usa attacca il bersaglio con delle carinerie.\nPu\u00f2 anche ridurne l\u2019Attacco.", "language": {"name": "it", "url": "https://pokeapi.co/api/v2/language/8/"}, "version_group": {"name": "lets-go-pikachu-lets-go-eevee", "url": "https://pokeapi.co/api/v2/version-group/19/"}}, {"flavor_text": "The user plays rough with the target and attacks it.\nThis may also lower the target\u2019s Attack stat.", "language": {"name": "en", "url": "https://pokeapi.co/api/v2/language/9/"}, "version_group": {"name": "lets-go-pikachu-lets-go-eevee", "url": "https://pokeapi.co/api/v2/version-group/19/"}}, {"flavor_text": "\u76f8\u624b\u306b\u3000\u3058\u3083\u308c\u3064\u3044\u3066\n\u653b\u6483\u3059\u308b\u3002\u3000\u76f8\u624b\u306e\n\u653b\u6483\u3092\u3000\u3055\u3052\u308b\u3000\u3053\u3068\u304c\u3042\u308b\u3002", "language": {"name": "ja", "url": "https://pokeapi.co/api/v2/language/11/"}, "version_group": {"name": "lets-go-pikachu-lets-go-eevee", "url": "https://pokeapi.co/api/v2/version-group/19/"}}, {"flavor_text": "\u4e0e\u5bf9\u624b\u5b09\u95f9\u5e76\u653b\u51fb\u3002\n\u6709\u65f6\u4f1a\u964d\u4f4e\u5bf9\u624b\u7684\u653b\u51fb\u3002", "language": {"name": "zh-Hans", "url": "https://pokeapi.co/api/v2/language/12/"}, "version_group": {"name": "lets-go-pikachu-lets-go-eevee", "url": "https://pokeapi.co/api/v2/version-group/19/"}}, {"flavor_text": "\u3042\u3044\u3066\u306b\u3000\u3058\u3083\u308c\u3064\u3044\u3066\n\u3053\u3046\u3052\u304d\u3059\u308b\u3002\u3000\u3042\u3044\u3066\u306e\n\u3053\u3046\u3052\u304d\u3092\u3000\u3055\u3052\u308b\u3000\u3053\u3068\u304c\u3042\u308b\u3002", "language": {"name": "ja-Hrkt", "url": "https://pokeapi.co/api/v2/language/1/"}, "version_group": {"name": "sword-shield", "url": "https://pokeapi.co/api/v2/version-group/20/"}}, {"flavor_text": "\uc0c1\ub300\uc5d0\uac8c \uce58\uadfc\uac70\ub9ac\uba70\n\uacf5\uaca9\ud55c\ub2e4. \uc0c1\ub300\uc758\n\uacf5\uaca9\uc744 \ub5a8\uc5b4\ub728\ub9b4 \ub54c\uac00 \uc788\ub2e4.", "language": {"name": "ko", "url": "https://pokeapi.co/api/v2/language/3/"}, "version_group": {"name": "sword-shield", "url": "https://pokeapi.co/api/v2/version-group/20/"}}, {"flavor_text": "\u5728\u548c\u5c0d\u624b\u5b09\u9b27\u7684\u540c\u6642\u9032\u884c\u653b\u64ca\u3002\n\u6709\u6642\u6703\u964d\u4f4e\u5c0d\u624b\u7684\u653b\u64ca\u3002", "language": {"name": "zh-Hant", "url": "https://pokeapi.co/api/v2/language/4/"}, "version_group": {"name": "sword-shield", "url": "https://pokeapi.co/api/v2/version-group/20/"}}, {"flavor_text": "Attaque l\u2019ennemi avec un c\u00e2lin.\nPeut diminuer son Attaque.", "language": {"name": "fr", "url": "https://pokeapi.co/api/v2/language/5/"}, "version_group": {"name": "sword-shield", "url": "https://pokeapi.co/api/v2/version-group/20/"}}, {"flavor_text": "Der Anwender knuddelt das Ziel und greift es an.\nSenkt eventuell den Angriffs-Wert des Zieles.", "language": {"name": "de", "url": "https://pokeapi.co/api/v2/language/6/"}, "version_group": {"name": "sword-shield", "url": "https://pokeapi.co/api/v2/version-group/20/"}}, {"flavor_text": "El Pok\u00e9mon que lo usa le hace cucamonas al objetivo y\nlo ataca. Puede disminuir el Ataque del objetivo.", "language": {"name": "es", "url": "https://pokeapi.co/api/v2/language/7/"}, "version_group": {"name": "sword-shield", "url": "https://pokeapi.co/api/v2/version-group/20/"}}, {"flavor_text": "Chi la usa attacca il bersaglio con delle carinerie.\nPu\u00f2 anche ridurne l\u2019Attacco.", "language": {"name": "it", "url": "https://pokeapi.co/api/v2/language/8/"}, "version_group": {"name": "sword-shield", "url": "https://pokeapi.co/api/v2/version-group/20/"}}, {"flavor_text": "The user plays rough with the target and attacks it.\nThis may also lower the target\u2019s Attack stat.", "language": {"name": "en", "url": "https://pokeapi.co/api/v2/language/9/"}, "version_group": {"name": "sword-shield", "url": "https://pokeapi.co/api/v2/version-group/20/"}}, {"flavor_text": "\u76f8\u624b\u306b\u3000\u3058\u3083\u308c\u3064\u3044\u3066\n\u653b\u6483\u3059\u308b\u3002\u3000\u76f8\u624b\u306e\n\u653b\u6483\u3092\u3000\u3055\u3052\u308b\u3000\u3053\u3068\u304c\u3042\u308b\u3002", "language": {"name": "ja", "url": "https://pokeapi.co/api/v2/language/11/"}, "version_group": {"name": "sword-shield", "url": "https://pokeapi.co/api/v2/version-group/20/"}}, {"flavor_text": "\u4e0e\u5bf9\u624b\u5b09\u95f9\u5e76\u653b\u51fb\u3002\n\u6709\u65f6\u4f1a\u964d\u4f4e\u5bf9\u624b\u7684\u653b\u51fb\u3002", "language": {"name": "zh-Hans", "url": "https://pokeapi.co/api/v2/language/12/"}, "version_group": {"name": "sword-shield", "url": "https://pokeapi.co/api/v2/version-group/20/"}}], "generation": {"name": "generation-vi", "url": "https://pokeapi.co/api/v2/generation/6/"}, "id": 583, "learned_by_pokemon": [{"name": "pikachu", "url": "https://pokeapi.co/api/v2/pokemon/25/"}, {"name": "raichu", "url": "https://pokeapi.co/api/v2/pokemon/26/"}, {"name": "clefairy", "url": "https://pokeapi.co/api/v2/pokemon/35/"}, {"name": "clefable", "url": "https://pokeapi.co/api/v2/pokemon/36/"}, {"name": "jigglypuff", "url": "https://pokeapi.co/api/v2/pokemon/39/"}, {"name": "wigglytuff", "url": "https://pokeapi.co/api/v2/pokemon/40/"}, {"name": "meowth", "url": "https://pokeapi.co/api/v2/pokemon/52/"}, {"name": "persian", "url": "https://pokeapi.co/api/v2/pokemon/53/"}, {"name": "growlithe", "url": "https://pokeapi.co/api/v2/pokemon/58/"}, {"name": "arcanine", "url": "https://pokeapi.co/api/v2/pokemon/59/"}, {"name": "ponyta", "url": "https://pokeapi.co/api/v2/pokemon/77/"}, {"name": "rapidash", "url": "https://pokeapi.co/api/v2/pokemon/78/"}, {"name": "dewgong", "url": "https://pokeapi.co/api/v2/pokemon/87/"}, {"name": "mew", "url": "https://pokeapi.co/api/v2/pokemon/151/"}, {"name": "cyndaquil", "url": "https://pokeapi.co/api/v2/pokemon/155/"}, {"name": "quilava", "url": "https://pokeapi.co/api/v2/pokemon/156/"}, {"name": "typhlosion", "url": "https://pokeapi.co/api/v2/pokemon/157/"}, {"name": "sentret", "url": "https://pokeapi.co/api/v2/pokemon/161/"}, {"name": "furret", "url": "https://pokeapi.co/api/v2/pokemon/162/"}, {"name": "pichu", "url": "https://pokeapi.co/api/v2/pokemon/172/"}, {"name": "cleffa", "url": "https://pokeapi.co/api/v2/pokemon/173/"}, {"name": "igglybuff", "url": "https://pokeapi.co/api/v2/pokemon/174/"}, {"name": "togepi", "url": "https://pokeapi.co/api/v2/pokemon/175/"}, {"name": "togetic", "url": "https://pokeapi.co/api/v2/pokemon/176/"}, {"name": "bellossom", "url": "https://pokeapi.co/api/v2/pokemon/182/"}, {"name": "marill", "url": "https://pokeapi.co/api/v2/pokemon/183/"}, {"name": "azumarill", "url": "https://pokeapi.co/api/v2/pokemon/184/"}, {"name": "snubbull", "url": "https://pokeapi.co/api/v2/pokemon/209/"}, {"name": "granbull", "url": "https://pokeapi.co/api/v2/pokemon/210/"}, {"name": "teddiursa", "url": "https://pokeapi.co/api/v2/pokemon/216/"}, {"name": "ursaring", "url": "https://pokeapi.co/api/v2/pokemon/217/"}, {"name": "phanpy", "url": "https://pokeapi.co/api/v2/pokemon/231/"}, {"name": "donphan", "url": "https://pokeapi.co/api/v2/pokemon/232/"}, {"name": "miltank", "url": "https://pokeapi.co/api/v2/pokemon/241/"}, {"name": "poochyena", "url": "https://pokeapi.co/api/v2/pokemon/261/"}, {"name": "mightyena", "url": "https://pokeapi.co/api/v2/pokemon/262/"}, {"name": "linoone", "url": "https://pokeapi.co/api/v2/pokemon/264/"}, {"name": "slakoth", "url": "https://pokeapi.co/api/v2/pokemon/287/"}, {"name": "vigoroth", "url": "https://pokeapi.co/api/v2/pokemon/288/"}, {"name": "slaking", "url": "https://pokeapi.co/api/v2/pokemon/289/"}, {"name": "skitty", "url": "https://pokeapi.co/api/v2/pokemon/300/"}, {"name": "delcatty", "url": "https://pokeapi.co/api/v2/pokemon/301/"}, {"name": "mawile", "url": "https://pokeapi.co/api/v2/pokemon/303/"}, {"name": "plusle", "url": "https://pokeapi.co/api/v2/pokemon/311/"}, {"name": "minun", "url": "https://pokeapi.co/api/v2/pokemon/312/"}, {"name": "volbeat", "url": "https://pokeapi.co/api/v2/pokemon/313/"}, {"name": "illumise", "url": "https://pokeapi.co/api/v2/pokemon/314/"}, {"name": "swablu", "url": "https://pokeapi.co/api/v2/pokemon/333/"}, {"name": "altaria", "url": "https://pokeapi.co/api/v2/pokemon/334/"}, {"name": "absol", "url": "https://pokeapi.co/api/v2/pokemon/359/"}, {"name": "jirachi", "url": "https://pokeapi.co/api/v2/pokemon/385/"}, {"name": "shinx", "url": "https://pokeapi.co/api/v2/pokemon/403/"}, {"name": "luxio", "url": "https://pokeapi.co/api/v2/pokemon/404/"}, {"name": "luxray", "url": "https://pokeapi.co/api/v2/pokemon/405/"}, {"name": "pachirisu", "url": "https://pokeapi.co/api/v2/pokemon/417/"}, {"name": "cherrim", "url": "https://pokeapi.co/api/v2/pokemon/421/"}, {"name": "buneary", "url": "https://pokeapi.co/api/v2/pokemon/427/"}, {"name": "lopunny", "url": "https://pokeapi.co/api/v2/pokemon/428/"}, {"name": "glameow", "url": "https://pokeapi.co/api/v2/pokemon/431/"}, {"name": "purugly", "url": "https://pokeapi.co/api/v2/pokemon/432/"}, {"name": "stunky", "url": "https://pokeapi.co/api/v2/pokemon/434/"}, {"name": "skuntank", "url": "https://pokeapi.co/api/v2/pokemon/435/"}, {"name": "togekiss", "url": "https://pokeapi.co/api/v2/pokemon/468/"}, {"name": "uxie", "url": "https://pokeapi.co/api/v2/pokemon/480/"}, {"name": "mesprit", "url": "https://pokeapi.co/api/v2/pokemon/481/"}, {"name": "azelf", "url": "https://pokeapi.co/api/v2/pokemon/482/"}, {"name": "shaymin-land", "url": "https://pokeapi.co/api/v2/pokemon/492/"}, {"name": "lillipup", "url": "https://pokeapi.co/api/v2/pokemon/506/"}, {"name": "herdier", "url": "https://pokeapi.co/api/v2/pokemon/507/"}, {"name": "stoutland", "url": "https://pokeapi.co/api/v2/pokemon/508/"}, {"name": "purrloin", "url": "https://pokeapi.co/api/v2/pokemon/509/"}, {"name": "liepard", "url": "https://pokeapi.co/api/v2/pokemon/510/"}, {"name": "whimsicott", "url": "https://pokeapi.co/api/v2/pokemon/547/"}, {"name": "minccino", "url": "https://pokeapi.co/api/v2/pokemon/572/"}, {"name": "cinccino", "url": "https://pokeapi.co/api/v2/pokemon/573/"}, {"name": "deerling", "url": "https://pokeapi.co/api/v2/pokemon/585/"}, {"name": "sawsbuck", "url": "https://pokeapi.co/api/v2/pokemon/586/"}, {"name": "alomomola", "url": "https://pokeapi.co/api/v2/pokemon/594/"}, {"name": "cubchoo", "url": "https://pokeapi.co/api/v2/pokemon/613/"}, {"name": "beartic", "url": "https://pokeapi.co/api/v2/pokemon/614/"}, {"name": "meloetta-aria", "url": "https://pokeapi.co/api/v2/pokemon/648/"}, {"name": "skiddo", "url": "https://pokeapi.co/api/v2/pokemon/672/"}, {"name": "gogoat", "url": "https://pokeapi.co/api/v2/pokemon/673/"}, {"name": "espurr", "url": "https://pokeapi.co/api/v2/pokemon/677/"}, {"name": "meowstic-male", "url": "https://pokeapi.co/api/v2/pokemon/678/"}, {"name": "swirlix", "url": "https://pokeapi.co/api/v2/pokemon/684/"}, {"name": "slurpuff", "url": "https://pokeapi.co/api/v2/pokemon/685/"}, {"name": "skrelp", "url": "https://pokeapi.co/api/v2/pokemon/690/"}, {"name": "dragalge", "url": "https://pokeapi.co/api/v2/pokemon/691/"}, {"name": "tyrunt", "url": "https://pokeapi.co/api/v2/pokemon/696/"}, {"name": "tyrantrum", "url": "https://pokeapi.co/api/v2/pokemon/697/"}, {"name": "sylveon", "url": "https://pokeapi.co/api/v2/pokemon/700/"}, {"name": "dedenne", "url": "https://pokeapi.co/api/v2/pokemon/702/"}, {"name": "klefki", "url": "https://pokeapi.co/api/v2/pokemon/707/"}, {"name": "xerneas", "url": "https://pokeapi.co/api/v2/pokemon/716/"}, {"name": "diancie", "url": "https://pokeapi.co/api/v2/pokemon/719/"}, {"name": "popplio", "url": "https://pokeapi.co/api/v2/pokemon/728/"}, {"name": "brionne", "url": "https://pokeapi.co/api/v2/pokemon/729/"}, {"name": "primarina", "url": "https://pokeapi.co/api/v2/pokemon/730/"}, {"name": "cutiefly", "url": "https://pokeapi.co/api/v2/pokemon/742/"}, {"name": "ribombee", "url": "https://pokeapi.co/api/v2/pokemon/743/"}, {"name": "rockruff", "url": "https://pokeapi.co/api/v2/pokemon/744/"}, {"name": "lycanroc-midday", "url": "https://pokeapi.co/api/v2/pokemon/745/"}, {"name": "bounsweet", "url": "https://pokeapi.co/api/v2/pokemon/761/"}, {"name": "steenee", "url": "https://pokeapi.co/api/v2/pokemon/762/"}, {"name": "tsareena", "url": "https://pokeapi.co/api/v2/pokemon/763/"}, {"name": "comfey", "url": "https://pokeapi.co/api/v2/pokemon/764/"}, {"name": "komala", "url": "https://pokeapi.co/api/v2/pokemon/775/"}, {"name": "mimikyu-disguised", "url": "https://pokeapi.co/api/v2/pokemon/778/"}, {"name": "drampa", "url": "https://pokeapi.co/api/v2/pokemon/780/"}, {"name": "tapu-lele", "url": "https://pokeapi.co/api/v2/pokemon/786/"}, {"name": "tapu-fini", "url": "https://pokeapi.co/api/v2/pokemon/788/"}, {"name": "magearna", "url": "https://pokeapi.co/api/v2/pokemon/801/"}, {"name": "zeraora", "url": "https://pokeapi.co/api/v2/pokemon/807/"}, {"name": "nickit", "url": "https://pokeapi.co/api/v2/pokemon/827/"}, {"name": "thievul", "url": "https://pokeapi.co/api/v2/pokemon/828/"}, {"name": "yamper", "url": "https://pokeapi.co/api/v2/pokemon/835/"}, {"name": "boltund", "url": "https://pokeapi.co/api/v2/pokemon/836/"}, {"name": "hatenna", "url": "https://pokeapi.co/api/v2/pokemon/856/"}, {"name": "hattrem", "url": "https://pokeapi.co/api/v2/pokemon/857/"}, {"name": "hatterene", "url": "https://pokeapi.co/api/v2/pokemon/858/"}, {"name": "impidimp", "url": "https://pokeapi.co/api/v2/pokemon/859/"}, {"name": "morgrem", "url": "https://pokeapi.co/api/v2/pokemon/860/"}, {"name": "grimmsnarl", "url": "https://pokeapi.co/api/v2/pokemon/861/"}, {"name": "perrserker", "url": "https://pokeapi.co/api/v2/pokemon/863/"}, {"name": "alcremie", "url": "https://pokeapi.co/api/v2/pokemon/869/"}, {"name": "frosmoth", "url": "https://pokeapi.co/api/v2/pokemon/873/"}, {"name": "indeedee-male", "url": "https://pokeapi.co/api/v2/pokemon/876/"}, {"name": "cufant", "url": "https://pokeapi.co/api/v2/pokemon/878/"}, {"name": "copperajah", "url": "https://pokeapi.co/api/v2/pokemon/879/"}, {"name": "zacian", "url": "https://pokeapi.co/api/v2/pokemon/888/"}, {"name": "zamazenta", "url": "https://pokeapi.co/api/v2/pokemon/889/"}, {"name": "ursaluna", "url": "https://pokeapi.co/api/v2/pokemon/901/"}, {"name": "enamorus-incarnate", "url": "https://pokeapi.co/api/v2/pokemon/905/"}, {"name": "sprigatito", "url": "https://pokeapi.co/api/v2/pokemon/906/"}, {"name": "floragato", "url": "https://pokeapi.co/api/v2/pokemon/907/"}, {"name": "meowscarada", "url": "https://pokeapi.co/api/v2/pokemon/908/"}, {"name": "lechonk", "url": "https://pokeapi.co/api/v2/pokemon/915/"}, {"name": "oinkologne", "url": "https://pokeapi.co/api/v2/pokemon/916/"}, {"name": "pawmi", "url": "https://pokeapi.co/api/v2/pokemon/921/"}, {"name": "pawmo", "url": "https://pokeapi.co/api/v2/pokemon/922/"}, {"name": "pawmot", "url": "https://pokeapi.co/api/v2/pokemon/923/"}, {"name": "tandemaus", "url": "https://pokeapi.co/api/v2/pokemon/924/"}, {"name": "maushold", "url": "https://pokeapi.co/api/v2/pokemon/925/"}, {"name": "fidough", "url": "https://pokeapi.co/api/v2/pokemon/926/"}, {"name": "dachsbun", "url": "https://pokeapi.co/api/v2/pokemon/927/"}, {"name": "maschiff", "url": "https://pokeapi.co/api/v2/pokemon/942/"}, {"name": "mabosstiff", "url": "https://pokeapi.co/api/v2/pokemon/943/"}, {"name": "tinkatink", "url": "https://pokeapi.co/api/v2/pokemon/957/"}, {"name": "tinkatuff", "url": "https://pokeapi.co/api/v2/pokemon/958/"}, {"name": "tinkaton", "url": "https://pokeapi.co/api/v2/pokemon/959/"}, {"name": "greavard", "url": "https://pokeapi.co/api/v2/pokemon/971/"}, {"name": "houndstone", "url": "https://pokeapi.co/api/v2/pokemon/972/"}, {"name": "cetoddle", "url": "https://pokeapi.co/api/v2/pokemon/974/"}, {"name": "cetitan", "url": "https://pokeapi.co/api/v2/pokemon/975/"}, {"name": "great-tusk", "url": "https://pokeapi.co/api/v2/pokemon/984/"}, {"name": "scream-tail", "url": "https://pokeapi.co/api/v2/pokemon/985/"}, {"name": "iron-bundle", "url": "https://pokeapi.co/api/v2/pokemon/991/"}, {"name": "iron-hands", "url": "https://pokeapi.co/api/v2/pokemon/992/"}, {"name": "fezandipiti", "url": "https://pokeapi.co/api/v2/pokemon/1016/"}, {"name": "ogerpon", "url": "https://pokeapi.co/api/v2/pokemon/1017/"}, {"name": "shaymin-sky", "url": "https://pokeapi.co/api/v2/pokemon/10006/"}, {"name": "meloetta-pirouette", "url": "https://pokeapi.co/api/v2/pokemon/10018/"}, {"name": "meowstic-female", "url": "https://pokeapi.co/api/v2/pokemon/10025/"}, {"name": "mawile-mega", "url": "https://pokeapi.co/api/v2/pokemon/10052/"}, {"name": "absol-mega", "url": "https://pokeapi.co/api/v2/pokemon/10057/"}, {"name": "pikachu-original-cap", "url": "https://pokeapi.co/api/v2/pokemon/10094/"}, {"name": "pikachu-hoenn-cap", "url": "https://pokeapi.co/api/v2/pokemon/10095/"}, {"name": "pikachu-sinnoh-cap", "url": "https://pokeapi.co/api/v2/pokemon/10096/"}, {"name": "pikachu-unova-cap", "url": "https://pokeapi.co/api/v2/pokemon/10097/"}, {"name": "pikachu-kalos-cap", "url": "https://pokeapi.co/api/v2/pokemon/10098/"}, {"name": "pikachu-alola-cap", "url": "https://pokeapi.co/api/v2/pokemon/10099/"}, {"name": "raichu-alola", "url": "https://pokeapi.co/api/v2/pokemon/10100/"}, {"name": "vulpix-alola", "url": "https://pokeapi.co/api/v2/pokemon/10103/"}, {"name": "ninetales-alola", "url": "https://pokeapi.co/api/v2/pokemon/10104/"}, {"name": "meowth-alola", "url": "https://pokeapi.co/api/v2/pokemon/10107/"}, {"name": "persian-alola", "url": "https://pokeapi.co/api/v2/pokemon/10108/"}, {"name": "lycanroc-midnight", "url": "https://pokeapi.co/api/v2/pokemon/10126/"}, {"name": "mimikyu-busted", "url": "https://pokeapi.co/api/v2/pokemon/10143/"}, {"name": "mimikyu-totem-disguised", "url": "https://pokeapi.co/api/v2/pokemon/10144/"}, {"name": "mimikyu-totem-busted", "url": "https://pokeapi.co/api/v2/pokemon/10145/"}, {"name": "magearna-original", "url": "https://pokeapi.co/api/v2/pokemon/10147/"}, {"name": "pikachu-partner-cap", "url": "https://pokeapi.co/api/v2/pokemon/10148/"}, {"name": "rockruff-own-tempo", "url": "https://pokeapi.co/api/v2/pokemon/10151/"}, {"name": "lycanroc-dusk", "url": "https://pokeapi.co/api/v2/pokemon/10152/"}, {"name": "pikachu-world-cap", "url": "https://pokeapi.co/api/v2/pokemon/10160/"}, {"name": "meowth-galar", "url": "https://pokeapi.co/api/v2/pokemon/10161/"}, {"name": "ponyta-galar", "url": "https://pokeapi.co/api/v2/pokemon/10162/"}, {"name": "rapidash-galar", "url": "https://pokeapi.co/api/v2/pokemon/10163/"}, {"name": "weezing-galar", "url": "https://pokeapi.co/api/v2/pokemon/10167/"}, {"name": "indeedee-female", "url": "https://pokeapi.co/api/v2/pokemon/10186/"}, {"name": "zacian-crowned", "url": "https://pokeapi.co/api/v2/pokemon/10188/"}, {"name": "zamazenta-crowned", "url": "https://pokeapi.co/api/v2/pokemon/10189/"}, {"name": "typhlosion-hisui", "url": "https://pokeapi.co/api/v2/pokemon/10233/"}, {"name": "enamorus-therian", "url": "https://pokeapi.co/api/v2/pokemon/10249/"}, {"name": "oinkologne-female", "url": "https://pokeapi.co/api/v2/pokemon/10254/"}, {"name": "maushold-family-of-three", "url": "https://pokeapi.co/api/v2/pokemon/10257/"}, {"name": "ursaluna-bloodmoon", "url": "https://pokeapi.co/api/v2/pokemon/10272/"}, {"name": "ogerpon-wellspring-mask", "url": "https://pokeapi.co/api/v2/pokemon/10273/"}, {"name": "ogerpon-hearthflame-mask", "url": "https://pokeapi.co/api/v2/pokemon/10274/"}, {"name": "ogerpon-cornerstone-mask", "url": "https://pokeapi.co/api/v2/pokemon/10275/"}], "machines": [{"machine": {"url": "https://pokeapi.co/api/v2/machine/880/"}, "version_group": {"name": "lets-go-pikachu-lets-go-eevee", "url": "https://pokeapi.co/api/v2/version-group/19/"}}, {"machine": {"url": "https://pokeapi.co/api/v2/machine/1679/"}, "version_group": {"name": "sword-shield", "url": "https://pokeapi.co/api/v2/version-group/20/"}}, {"machine": {"url": "https://pokeapi.co/api/v2/machine/1832/"}, "version_group": {"name": "scarlet-violet", "url": "https://pokeapi.co/api/v2/version-group/25/"}}, {"machine": {"url": "https://pokeapi.co/api/v2/machine/2025/"}, "version_group": {"name": "the-indigo-disk", "url": "https://pokeapi.co/api/v2/version-group/27/"}}], "meta": {"ailment": {"name": "none", "url": "https://pokeapi.co/api/v2/move-ailment/0/"}, "ailment_chance": 0, "category": {"name": "damage+lower", "url": "https://pokeapi.co/api/v2/move-category/6/"}, "crit_rate": 0, "drain": 0, "flinch_chance": 0, "healing": 0, "max_hits": null, "max_turns": null, "min_hits": null, "min_turns": null, "stat_chance": 10}, "name": "play-rough", "names": [{"language": {"name": "ja-Hrkt", "url": "https://pokeapi.co/api/v2/language/1/"}, "name": "\u3058\u3083\u308c\u3064\u304f"}, {"language": {"name": "ko", "url": "https://pokeapi.co/api/v2/language/3/"}, "name": "\uce58\uadfc\uac70\ub9ac\uae30"}, {"language": {"name": "zh-Hant", "url": "https://pokeapi.co/api/v2/language/4/"}, "name": "\u5b09\u9b27"}, {"language": {"name": "fr", "url": "https://pokeapi.co/api/v2/language/5/"}, "name": "C\u00e2linerie"}, {"language": {"name": "de", "url": "https://pokeapi.co/api/v2/language/6/"}, "name": "Knuddler"}, {"language": {"name": "es", "url": "https://pokeapi.co/api/v2/language/7/"}, "name": "Caranto\u00f1a"}, {"language": {"name": "it", "url": "https://pokeapi.co/api/v2/language/8/"}, "name": "Carineria"}, {"language": {"name": "en", "url": "https://pokeapi.co/api/v2/language/9/"}, "name": "Play Rough"}, {"language": {"name": "ja", "url": "https://pokeapi.co/api/v2/language/11/"}, "name": "\u3058\u3083\u308c\u3064\u304f"}, {"language": {"name": "zh-Hans", "url": "https://pokeapi.co/api/v2/language/12/"}, "name": "\u5b09\u95f9"}], "past_values": [], "power": 90, "pp": 10, "priority": 0, "stat_changes": [{"change": -1, "stat": {"name": "attack", "url": "https://pokeapi.co/api/v2/stat/2/"}}], "super_contest_effect": null, "target": {"name": "selected-pokemon", "url": "https://pokeapi.co/api/v2/move-target/10/"}, "type": {"name": "fairy", "url": "https://pokeapi.co/api/v2/type/18/"}}