{"accuracy": 100, "contest_combos": null, "contest_effect": null, "contest_type": null, "damage_class": {"name": "status", "url": "https://pokeapi.co/api/v2/move-damage-class/1/"}, "effect_chance": null, "effect_changes": [], "effect_entries": [{"effect": "Explodes if the target uses a fire move this turn, damaging it for 1/4 its max HP and preventing the move.", "language": {"name": "en", "url": "https://pokeapi.co/api/v2/language/9/"}, "short_effect": "Explodes if the target uses a fire move this turn, damaging it for 1/4 its max HP and preventing the move."}], "flavor_text_entries": [{"flavor_text": "\u3075\u3093\u3058\u3093\u3092\u3000\u3042\u3073\u305b\u305f\u3000\u3042\u3044\u3066\u304c\n\u307b\u306e\u304a\u308f\u3056\u3092\u3000\u3064\u304b\u3046\u3068\n\u3070\u304f\u306f\u3064\u3057\u3066\u3000\u30c0\u30e1\u30fc\u30b8\u3092\u3000\u3042\u305f\u3048\u308b\u3002", "language": {"name": "ja-Hrkt", "url": "https://pokeapi.co/api/v2/language/1/"}, "version_group": {"name": "x-y", "url": "https://pokeapi.co/api/v2/version-group/15/"}}, {"flavor_text": "\ubd84\uc9c4\uc744 \ub4a4\uc9d1\uc5b4\uc4f4 \uc0c1\ub300\uac00\n\ubd88\uaf43 \uae30\uc220\uc744 \uc4f0\uba74\n\ud3ed\ubc1c\ud558\uc5ec \ub370\ubbf8\uc9c0\ub97c \uc900\ub2e4.", "language": {"name": "ko", "url": "https://pokeapi.co/api/v2/language/3/"}, "version_group": {"name": "x-y", "url": "https://pokeapi.co/api/v2/version-group/15/"}}, {"flavor_text": "L\u2019ennemi est pris dans un nuage de poudre.\nS\u2019il utilise une capacit\u00e9 de type Feu lors du m\u00eame\ntour, le nuage explose et lui inflige des d\u00e9g\u00e2ts.", "language": {"name": "fr", "url": "https://pokeapi.co/api/v2/language/5/"}, "version_group": {"name": "x-y", "url": "https://pokeapi.co/api/v2/version-group/15/"}}, {"flavor_text": "Setzt das Ziel nach Einsatz von Pulverschleuder\nin derselben Runde eine Feuer-Attacke ein,\nkommt es zu einer Explosion, die ihm schadet.", "language": {"name": "de", "url": "https://pokeapi.co/api/v2/language/6/"}, "version_group": {"name": "x-y", "url": "https://pokeapi.co/api/v2/version-group/15/"}}, {"flavor_text": "Esparce un polvo sobre el Pok\u00e9mon objetivo.\nSi este usa un movimiento de tipo Fuego en el\nmismo turno, el polvo explota y le inflige da\u00f1o.", "language": {"name": "es", "url": "https://pokeapi.co/api/v2/language/7/"}, "version_group": {"name": "x-y", "url": "https://pokeapi.co/api/v2/version-group/15/"}}, {"flavor_text": "Il bersaglio viene coperto da un pulviscolo che\nesplode danneggiandolo se questi utilizza\nuna mossa di tipo Fuoco nello stesso turno.", "language": {"name": "it", "url": "https://pokeapi.co/api/v2/language/8/"}, "version_group": {"name": "x-y", "url": "https://pokeapi.co/api/v2/version-group/15/"}}, {"flavor_text": "The user covers the target in a powder\nthat explodes and damages the target\nif it uses a Fire-type move.", "language": {"name": "en", "url": "https://pokeapi.co/api/v2/language/9/"}, "version_group": {"name": "x-y", "url": "https://pokeapi.co/api/v2/version-group/15/"}}, {"flavor_text": "\u3075\u3093\u3058\u3093\u3092\u3000\u6d74\u3073\u305b\u305f\u3000\u76f8\u624b\u304c\n\u307b\u306e\u304a\u6280\u3092\u3000\u4f7f\u3046\u3068\n\u7206\u767a\u3057\u3066\u3000\u30c0\u30e1\u30fc\u30b8\u3092\u3000\u4e0e\u3048\u308b\u3002", "language": {"name": "ja", "url": "https://pokeapi.co/api/v2/language/11/"}, "version_group": {"name": "x-y", "url": "https://pokeapi.co/api/v2/version-group/15/"}}, {"flavor_text": "\u3075\u3093\u3058\u3093\u3092\u3000\u3042\u3073\u305b\u305f\u3000\u3042\u3044\u3066\u304c\n\u307b\u306e\u304a\u308f\u3056\u3092\u3000\u3064\u304b\u3046\u3068\n\u3070\u304f\u306f\u3064\u3057\u3066\u3000\u30c0\u30e1\u30fc\u30b8\u3092\u3000\u3042\u305f\u3048\u308b\u3002", "language": {"name": "ja-Hrkt", "url": "https://pokeapi.co/api/v2/language/1/"}, "version_group": {"name": "omega-ruby-alpha-sapphire", "url": "https://pokeapi.co/api/v2/version-group/16/"}}, {"flavor_text": "\ubd84\uc9c4\uc744 \ub4a4\uc9d1\uc5b4\uc4f4 \uc0c1\ub300\uac00\n\ubd88\uaf43 \uae30\uc220\uc744 \uc4f0\uba74\n\ud3ed\ubc1c\ud558\uc5ec \ub370\ubbf8\uc9c0\ub97c \uc900\ub2e4.", "language": {"name": "ko", "url": "https://pokeapi.co/api/v2/language/3/"}, "version_group": {"name": "omega-ruby-alpha-sapphire", "url": "https://pokeapi.co/api/v2/version-group/16/"}}, {"flavor_text": "L\u2019ennemi est pris dans un nuage de poudre.\nS\u2019il utilise une capacit\u00e9 de type Feu lors du m\u00eame\ntour, le nuage explose et lui inflige des d\u00e9g\u00e2ts.", "language": {"name": "fr", "url": "https://pokeapi.co/api/v2/language/5/"}, "version_group": {"name": "omega-ruby-alpha-sapphire", "url": "https://pokeapi.co/api/v2/version-group/16/"}}, {"flavor_text": "Setzt das Ziel nach Einsatz von Pulverschleuder\nin derselben Runde eine Feuer-Attacke ein,\nkommt es zu einer Explosion, die ihm schadet.", "language": {"name": "de", "url": "https://pokeapi.co/api/v2/language/6/"}, "version_group": {"name": "omega-ruby-alpha-sapphire", "url": "https://pokeapi.co/api/v2/version-group/16/"}}, {"flavor_text": "Esparce un polvo sobre el Pok\u00e9mon objetivo.\nSi este usa un movimiento de tipo Fuego en el\nmismo turno, el polvo explota y le inflige da\u00f1o.", "language": {"name": "es", "url": "https://pokeapi.co/api/v2/language/7/"}, "version_group": {"name": "omega-ruby-alpha-sapphire", "url": "https://pokeapi.co/api/v2/version-group/16/"}}, {"flavor_text": "Il bersaglio viene coperto da un pulviscolo che\nesplode danneggiandolo se questi utilizza\nuna mossa di tipo Fuoco nello stesso turno.", "language": {"name": "it", "url": "https://pokeapi.co/api/v2/language/8/"}, "version_group": {"name": "omega-ruby-alpha-sapphire", "url": "https://pokeapi.co/api/v2/version-group/16/"}}, {"flavor_text": "The user covers the target in a powder\nthat explodes and damages the target\nif it uses a Fire-type move.", "language": {"name": "en", "url": "https://pokeapi.co/api/v2/language/9/"}, "version_group": {"name": "omega-ruby-alpha-sapphire", "url": "https://pokeapi.co/api/v2/version-group/16/"}}, {"flavor_text": "\u3075\u3093\u3058\u3093\u3092\u3000\u6d74\u3073\u305b\u305f\u3000\u76f8\u624b\u304c\n\u307b\u306e\u304a\u6280\u3092\u3000\u4f7f\u3046\u3068\n\u7206\u767a\u3057\u3066\u3000\u30c0\u30e1\u30fc\u30b8\u3092\u3000\u4e0e\u3048\u308b\u3002", "language": {"name": "ja", "url": "https://pokeapi.co/api/v2/language/11/"}, "version_group": {"name": "omega-ruby-alpha-sapphire", "url": "https://pokeapi.co/api/v2/version-group/16/"}}, {"flavor_text": "\u3075\u3093\u3058\u3093\u3092\u3000\u3042\u3073\u305b\u305f\u3000\u3042\u3044\u3066\u304c\n\u307b\u306e\u304a\u308f\u3056\u3092\u3000\u3064\u304b\u3046\u3068\n\u3070\u304f\u306f\u3064\u3057\u3066\u3000\u30c0\u30e1\u30fc\u30b8\u3092\u3000\u3042\u305f\u3048\u308b\u3002", "language": {"name": "ja-Hrkt", "url": "https://pokeapi.co/api/v2/language/1/"}, "version_group": {"name": "sun-moon", "url": "https://pokeapi.co/api/v2/version-group/17/"}}, {"flavor_text": "\ubd84\uc9c4\uc744 \ub4a4\uc9d1\uc5b4\uc4f4 \uc0c1\ub300\uac00\n\ubd88\uaf43 \uae30\uc220\uc744 \uc4f0\uba74\n\ud3ed\ubc1c\ud558\uc5ec \ub370\ubbf8\uc9c0\ub97c \uc900\ub2e4.", "language": {"name": "ko", "url": "https://pokeapi.co/api/v2/language/3/"}, "version_group": {"name": "sun-moon", "url": "https://pokeapi.co/api/v2/version-group/17/"}}, {"flavor_text": "\u88ab\u6492\u5230\u7c89\u5875\u7684\u5c0d\u624b\n\u4f7f\u7528\u706b\u5c6c\u6027\u62db\u5f0f\u6642\uff0c\n\u6703\u767c\u751f\u7206\u70b8\u4e26\u53d7\u5230\u50b7\u5bb3\u3002", "language": {"name": "zh-Hant", "url": "https://pokeapi.co/api/v2/language/4/"}, "version_group": {"name": "sun-moon", "url": "https://pokeapi.co/api/v2/version-group/17/"}}, {"flavor_text": "L\u2019ennemi est pris dans un nuage de poudre.\nS\u2019il utilise une capacit\u00e9 de type Feu lors du m\u00eame\ntour, le nuage explose et lui inflige des d\u00e9g\u00e2ts.", "language": {"name": "fr", "url": "https://pokeapi.co/api/v2/language/5/"}, "version_group": {"name": "sun-moon", "url": "https://pokeapi.co/api/v2/version-group/17/"}}, {"flavor_text": "Setzt das Ziel nach Einsatz von Pulverschleuder in\nderselben Runde eine Feuer-Attacke ein, kommt es\nzu einer Explosion, die ihm schadet.", "language": {"name": "de", "url": "https://pokeapi.co/api/v2/language/6/"}, "version_group": {"name": "sun-moon", "url": "https://pokeapi.co/api/v2/version-group/17/"}}, {"flavor_text": "Esparce un polvo sobre el objetivo. Si este usa un\nmovimiento de tipo Fuego en el mismo turno, el polvo\nexplota y le inflige da\u00f1o.", "language": {"name": "es", "url": "https://pokeapi.co/api/v2/language/7/"}, "version_group": {"name": "sun-moon", "url": "https://pokeapi.co/api/v2/version-group/17/"}}, {"flavor_text": "Il bersaglio viene coperto da un pulviscolo che\nesplode danneggiandolo se questi utilizza\nuna mossa di tipo Fuoco nello stesso turno.", "language": {"name": "it", "url": "https://pokeapi.co/api/v2/language/8/"}, "version_group": {"name": "sun-moon", "url": "https://pokeapi.co/api/v2/version-group/17/"}}, {"flavor_text": "The user covers the target in a combustible powder.\nIf the target uses a Fire-type move, the powder\nexplodes and damages the target.", "language": {"name": "en", "url": "https://pokeapi.co/api/v2/language/9/"}, "version_group": {"name": "sun-moon", "url": "https://pokeapi.co/api/v2/version-group/17/"}}, {"flavor_text": "\u3075\u3093\u3058\u3093\u3092\u3000\u6d74\u3073\u305b\u305f\u3000\u76f8\u624b\u304c\n\u307b\u306e\u304a\u6280\u3092\u3000\u4f7f\u3046\u3068\n\u7206\u767a\u3057\u3066\u3000\u30c0\u30e1\u30fc\u30b8\u3092\u3000\u4e0e\u3048\u308b\u3002", "language": {"name": "ja", "url": "https://pokeapi.co/api/v2/language/11/"}, "version_group": {"name": "sun-moon", "url": "https://pokeapi.co/api/v2/version-group/17/"}}, {"flavor_text": "\u5982\u679c\u88ab\u6492\u5230\u7c89\u5c18\u7684\u5bf9\u624b\n\u4f7f\u7528\u706b\u62db\u5f0f\uff0c\n\u5219\u4f1a\u7206\u70b8\u5e76\u7ed9\u4e88\u4f24\u5bb3\u3002", "language": {"name": "zh-Hans", "url": "https://pokeapi.co/api/v2/language/12/"}, "version_group": {"name": "sun-moon", "url": "https://pokeapi.co/api/v2/version-group/17/"}}, {"flavor_text": "\u3075\u3093\u3058\u3093\u3092\u3000\u3042\u3073\u305b\u305f\u3000\u3042\u3044\u3066\u304c\n\u307b\u306e\u304a\u308f\u3056\u3092\u3000\u3064\u304b\u3046\u3068\n\u3070\u304f\u306f\u3064\u3057\u3066\u3000\u30c0\u30e1\u30fc\u30b8\u3092\u3000\u3042\u305f\u3048\u308b\u3002", "language": {"name": "ja-Hrkt", "url": "https://pokeapi.co/api/v2/language/1/"}, "version_group": {"name": "ultra-sun-ultra-moon", "url": "https://pokeapi.co/api/v2/version-group/18/"}}, {"flavor_text": "\ubd84\uc9c4\uc744 \ub4a4\uc9d1\uc5b4\uc4f4 \uc0c1\ub300\uac00\n\ubd88\uaf43 \uae30\uc220\uc744 \uc4f0\uba74\n\ud3ed\ubc1c\ud558\uc5ec \ub370\ubbf8\uc9c0\ub97c \uc900\ub2e4.", "language": {"name": "ko", "url": "https://pokeapi.co/api/v2/language/3/"}, "version_group": {"name": "ultra-sun-ultra-moon", "url": "https://pokeapi.co/api/v2/version-group/18/"}}, {"flavor_text": "\u88ab\u6492\u5230\u7c89\u5875\u7684\u5c0d\u624b\n\u4f7f\u7528\u706b\u5c6c\u6027\u62db\u5f0f\u6642\uff0c\n\u6703\u767c\u751f\u7206\u70b8\u4e26\u53d7\u5230\u50b7\u5bb3\u3002", "language": {"name": "zh-Hant", "url": "https://pokeapi.co/api/v2/language/4/"}, "version_group": {"name": "ultra-sun-ultra-moon", "url": "https://pokeapi.co/api/v2/version-group/18/"}}, {"flavor_text": "L\u2019ennemi est pris dans un nuage de poudre.\nS\u2019il utilise une capacit\u00e9 de type Feu lors du m\u00eame\ntour, le nuage explose et lui inflige des d\u00e9g\u00e2ts.", "language": {"name": "fr", "url": "https://pokeapi.co/api/v2/language/5/"}, "version_group": {"name": "ultra-sun-ultra-moon", "url": "https://pokeapi.co/api/v2/version-group/18/"}}, {"flavor_text": "Setzt das Ziel nach Einsatz von Pulverschleuder in\nderselben Runde eine Feuer-Attacke ein, kommt es\nzu einer Explosion, die ihm schadet.", "language": {"name": "de", "url": "https://pokeapi.co/api/v2/language/6/"}, "version_group": {"name": "ultra-sun-ultra-moon", "url": "https://pokeapi.co/api/v2/version-group/18/"}}, {"flavor_text": "Esparce un polvo sobre el objetivo. Si este usa un\nmovimiento de tipo Fuego en el mismo turno, el polvo\nexplota y le inflige da\u00f1o.", "language": {"name": "es", "url": "https://pokeapi.co/api/v2/language/7/"}, "version_group": {"name": "ultra-sun-ultra-moon", "url": "https://pokeapi.co/api/v2/version-group/18/"}}, {"flavor_text": "Il bersaglio viene coperto da un pulviscolo che\nesplode danneggiandolo se questi utilizza\nuna mossa di tipo Fuoco nello stesso turno.", "language": {"name": "it", "url": "https://pokeapi.co/api/v2/language/8/"}, "version_group": {"name": "ultra-sun-ultra-moon", "url": "https://pokeapi.co/api/v2/version-group/18/"}}, {"flavor_text": "The user covers the target in a combustible powder.\nIf the target uses a Fire-type move, the powder\nexplodes and damages the target.", "language": {"name": "en", "url": "https://pokeapi.co/api/v2/language/9/"}, "version_group": {"name": "ultra-sun-ultra-moon", "url": "https://pokeapi.co/api/v2/version-group/18/"}}, {"flavor_text": "\u3075\u3093\u3058\u3093\u3092\u3000\u6d74\u3073\u305b\u305f\u3000\u76f8\u624b\u304c\n\u307b\u306e\u304a\u6280\u3092\u3000\u4f7f\u3046\u3068\n\u7206\u767a\u3057\u3066\u3000\u30c0\u30e1\u30fc\u30b8\u3092\u3000\u4e0e\u3048\u308b\u3002", "language": {"name": "ja", "url": "https://pokeapi.co/api/v2/language/11/"}, "version_group": {"name": "ultra-sun-ultra-moon", "url": "https://pokeapi.co/api/v2/version-group/18/"}}, {"flavor_text": "\u5982\u679c\u88ab\u6492\u5230\u7c89\u5c18\u7684\u5bf9\u624b\n\u4f7f\u7528\u706b\u62db\u5f0f\uff0c\n\u5219\u4f1a\u7206\u70b8\u5e76\u7ed9\u4e88\u4f24\u5bb3\u3002", "language": {"name": "zh-Hans", "url": "https://pokeapi.co/api/v2/language/12/"}, "version_group": {"name": "ultra-sun-ultra-moon", "url": "https://pokeapi.co/api/v2/version-group/18/"}}, {"flavor_text": "\u3075\u3093\u3058\u3093\u3092\u3000\u3042\u3073\u305b\u305f\u3000\u3042\u3044\u3066\u304c\n\u307b\u306e\u304a\u308f\u3056\u3092\u3000\u3064\u304b\u3046\u3068\n\u3070\u304f\u306f\u3064\u3057\u3066\u3000\u30c0\u30e1\u30fc\u30b8\u3092\u3000\u3042\u305f\u3048\u308b\u3002", "language": {"name": "ja-Hrkt", "url": "https://pokeapi.co/api/v2/language/1/"}, "version_group": {"name": "lets-go-pikachu-lets-go-eevee", "url": "https://pokeapi.co/api/v2/version-group/19/"}}, {"flavor_text": "\ubd84\uc9c4\uc744 \ub4a4\uc9d1\uc5b4\uc4f4 \uc0c1\ub300\uac00\n\ubd88\uaf43 \uae30\uc220\uc744 \uc4f0\uba74\n\ud3ed\ubc1c\ud558\uc5ec \ub370\ubbf8\uc9c0\ub97c \uc900\ub2e4.", "language": {"name": "ko", "url": "https://pokeapi.co/api/v2/language/3/"}, "version_group": {"name": "lets-go-pikachu-lets-go-eevee", "url": "https://pokeapi.co/api/v2/version-group/19/"}}, {"flavor_text": "\u88ab\u6492\u5230\u7c89\u5875\u7684\u5c0d\u624b\n\u4f7f\u7528\u706b\u5c6c\u6027\u62db\u5f0f\u6642\uff0c\n\u6703\u767c\u751f\u7206\u70b8\u4e26\u53d7\u5230\u50b7\u5bb3\u3002", "language": {"name": "zh-Hant", "url": "https://pokeapi.co/api/v2/language/4/"}, "version_group": {"name": "lets-go-pikachu-lets-go-eevee", "url": "https://pokeapi.co/api/v2/version-group/19/"}}, {"flavor_text": "L\u2019ennemi est pris dans un nuage de poudre.\nS\u2019il utilise une capacit\u00e9 de type Feu lors du m\u00eame tour,\nle nuage explose et lui inflige des d\u00e9g\u00e2ts.", "language": {"name": "fr", "url": "https://pokeapi.co/api/v2/language/5/"}, "version_group": {"name": "lets-go-pikachu-lets-go-eevee", "url": "https://pokeapi.co/api/v2/version-group/19/"}}, {"flavor_text": "Setzt das Ziel nach Einsatz von Pulverschleuder in\nderselben Runde eine Feuer-Attacke ein, kommt es\nzu einer Explosion, die ihm schadet.", "language": {"name": "de", "url": "https://pokeapi.co/api/v2/language/6/"}, "version_group": {"name": "lets-go-pikachu-lets-go-eevee", "url": "https://pokeapi.co/api/v2/version-group/19/"}}, {"flavor_text": "Esparce un polvo sobre el objetivo. Si este usa un\nmovimiento de tipo Fuego en el mismo turno, el polvo\nexplota y le inflige da\u00f1o.", "language": {"name": "es", "url": "https://pokeapi.co/api/v2/language/7/"}, "version_group": {"name": "lets-go-pikachu-lets-go-eevee", "url": "https://pokeapi.co/api/v2/version-group/19/"}}, {"flavor_text": "Il bersaglio viene coperto da un pulviscolo che\nesplode danneggiandolo se questi utilizza\nuna mossa di tipo Fuoco nello stesso turno.", "language": {"name": "it", "url": "https://pokeapi.co/api/v2/language/8/"}, "version_group": {"name": "lets-go-pikachu-lets-go-eevee", "url": "https://pokeapi.co/api/v2/version-group/19/"}}, {"flavor_text": "The user covers the target in a combustible powder.\nIf the target uses a Fire-type move, the powder\nexplodes and damages the target.", "language": {"name": "en", "url": "https://pokeapi.co/api/v2/language/9/"}, "version_group": {"name": "lets-go-pikachu-lets-go-eevee", "url": "https://pokeapi.co/api/v2/version-group/19/"}}, {"flavor_text": "\u3075\u3093\u3058\u3093\u3092\u3000\u6d74\u3073\u305b\u305f\u3000\u76f8\u624b\u304c\n\u307b\u306e\u304a\u6280\u3092\u3000\u4f7f\u3046\u3068\n\u7206\u767a\u3057\u3066\u3000\u30c0\u30e1\u30fc\u30b8\u3092\u3000\u4e0e\u3048\u308b\u3002", "language": {"name": "ja", "url": "https://pokeapi.co/api/v2/language/11/"}, "version_group": {"name": "lets-go-pikachu-lets-go-eevee", "url": "https://pokeapi.co/api/v2/version-group/19/"}}, {"flavor_text": "\u5982\u679c\u88ab\u6492\u5230\u7c89\u5c18\u7684\u5bf9\u624b\n\u4f7f\u7528\u706b\u62db\u5f0f\uff0c\n\u5219\u4f1a\u7206\u70b8\u5e76\u7ed9\u4e88\u4f24\u5bb3\u3002", "language": {"name": "zh-Hans", "url": "https://pokeapi.co/api/v2/language/12/"}, "version_group": {"name": "lets-go-pikachu-lets-go-eevee", "url": "https://pokeapi.co/api/v2/version-group/19/"}}, {"flavor_text": "\u3075\u3093\u3058\u3093\u3092\u3000\u3042\u3073\u305b\u305f\u3000\u3042\u3044\u3066\u304c\n\u307b\u306e\u304a\u308f\u3056\u3092\u3000\u3064\u304b\u3046\u3068\n\u3070\u304f\u306f\u3064\u3057\u3066\u3000\u30c0\u30e1\u30fc\u30b8\u3092\u3000\u3042\u305f\u3048\u308b\u3002", "language": {"name": "ja-Hrkt", "url": "https://pokeapi.co/api/v2/language/1/"}, "version_group": {"name": "sword-shield", "url": "https://pokeapi.co/api/v2/version-group/20/"}}, {"flavor_text": "\ubd84\uc9c4\uc744 \ub4a4\uc9d1\uc5b4\uc4f4 \uc0c1\ub300\uac00\n\ubd88\uaf43 \uae30\uc220\uc744 \uc4f0\uba74\n\ud3ed\ubc1c\ud558\uc5ec \ub370\ubbf8\uc9c0\ub97c \uc900\ub2e4.", "language": {"name": "ko", "url": "https://pokeapi.co/api/v2/language/3/"}, "version_group": {"name": "sword-shield", "url": "https://pokeapi.co/api/v2/version-group/20/"}}, {"flavor_text": "\u88ab\u6492\u5230\u7c89\u5875\u7684\u5c0d\u624b\n\u4f7f\u7528\u706b\u5c6c\u6027\u62db\u5f0f\u6642\uff0c\n\u6703\u767c\u751f\u7206\u70b8\u4e26\u53d7\u5230\u50b7\u5bb3\u3002", "language": {"name": "zh-Hant", "url": "https://pokeapi.co/api/v2/language/4/"}, "version_group": {"name": "sword-shield", "url": "https://pokeapi.co/api/v2/version-group/20/"}}, {"flavor_text": "L\u2019ennemi est pris dans un nuage de poudre.\nS\u2019il utilise une capacit\u00e9 de type Feu lors du m\u00eame tour,\nle nuage explose et lui inflige des d\u00e9g\u00e2ts.", "language": {"name": "fr", "url": "https://pokeapi.co/api/v2/language/5/"}, "version_group": {"name": "sword-shield", "url": "https://pokeapi.co/api/v2/version-group/20/"}}, {"flavor_text": "Setzt das Ziel nach Einsatz von Pulverschleuder in\nderselben Runde eine Feuer-Attacke ein, kommt es\nzu einer Explosion, die ihm schadet.", "language": {"name": "de", "url": "https://pokeapi.co/api/v2/language/6/"}, "version_group": {"name": "sword-shield", "url": "https://pokeapi.co/api/v2/version-group/20/"}}, {"flavor_text": "Esparce un polvo sobre el objetivo. Si este usa un\nmovimiento de tipo Fuego en el mismo turno, el polvo\nexplota y le inflige da\u00f1o.", "language": {"name": "es", "url": "https://pokeapi.co/api/v2/language/7/"}, "version_group": {"name": "sword-shield", "url": "https://pokeapi.co/api/v2/version-group/20/"}}, {"flavor_text": "Il bersaglio viene coperto da un pulviscolo che\nesplode danneggiandolo se questi utilizza\nuna mossa di tipo Fuoco nello stesso turno.", "language": {"name": "it", "url": "https://pokeapi.co/api/v2/language/8/"}, "version_group": {"name": "sword-shield", "url": "https://pokeapi.co/api/v2/version-group/20/"}}, {"flavor_text": "The user covers the target in a combustible powder.\nIf the target uses a Fire-type move, the powder\nexplodes and damages the target.", "language": {"name": "en", "url": "https://pokeapi.co/api/v2/language/9/"}, "version_group": {"name": "sword-shield", "url": "https://pokeapi.co/api/v2/version-group/20/"}}, {"flavor_text": "\u3075\u3093\u3058\u3093\u3092\u3000\u6d74\u3073\u305b\u305f\u3000\u76f8\u624b\u304c\n\u307b\u306e\u304a\u6280\u3092\u3000\u4f7f\u3046\u3068\n\u7206\u767a\u3057\u3066\u3000\u30c0\u30e1\u30fc\u30b8\u3092\u3000\u4e0e\u3048\u308b\u3002", "language": {"name": "ja", "url": "https://pokeapi.co/api/v2/language/11/"}, "version_group": {"name": "sword-shield", "url": "https://pokeapi.co/api/v2/version-group/20/"}}, {"flavor_text": "\u5982\u679c\u88ab\u6492\u5230\u7c89\u5c18\u7684\u5bf9\u624b\n\u4f7f\u7528\u706b\u62db\u5f0f\uff0c\n\u5219\u4f1a\u7206\u70b8\u5e76\u7ed9\u4e88\u4f24\u5bb3\u3002", "language": {"name": "zh-Hans", "url": "https://pokeapi.co/api/v2/language/12/"}, "version_group": {"name": "sword-shield", "url": "https://pokeapi.co/api/v2/version-group/20/"}}], "generation": {"name": "generation-vi", "url": "https://pokeapi.co/api/v2/generation/6/"}, "id": 600, "learned_by_pokemon": [{"name": "vivillon", "url": "https://pokeapi.co/api/v2/pokemon/666/"}, {"name": "cutiefly", "url": "https://pokeapi.co/api/v2/pokemon/742/"}], "machines": [], "meta": {"ailment": {"name": "none", "url": "https://pokeapi.co/api/v2/move-ailment/0/"}, "ailment_chance": 0, "category": {"name": "unique", "url": "https://pokeapi.co/api/v2/move-category/13/"}, "crit_rate": 0, "drain": 0, "flinch_chance": 0, "healing": 0, "max_hits": null, "max_turns": null, "min_hits": null, "min_turns": null, "stat_chance": 0}, "name": "powder", "names": [{"language": {"name": "ja-Hrkt", "url": "https://pokeapi.co/api/v2/language/1/"}, "name": "\u3075\u3093\u3058\u3093"}, {"language": {"name": "ko", "url": "https://pokeapi.co/api/v2/language/3/"}, "name": "\ubd84\uc9c4"}, {"language": {"name": "zh-Hant", "url": "https://pokeapi.co/api/v2/language/4/"}, "name": "\u7c89\u5875"}, {"language": {"name": "fr", "url": "https://pokeapi.co/api/v2/language/5/"}, "name": "Nu\u00e9e de Poudre"}, {"language": {"name": "de", "url": "https://pokeapi.co/api/v2/language/6/"}, "name": "Pulverschleuder"}, {"language": {"name": "es", "url": "https://pokeapi.co/api/v2/language/7/"}, "name": "Polvo Explosivo"}, {"language": {"name": "it", "url": "https://pokeapi.co/api/v2/language/8/"}, "name": "Pulviscoppio"}, {"language": {"name": "en", "url": "https://pokeapi.co/api/v2/language/9/"}, "name": "Powder"}, {"language": {"name": "ja", "url": "https://pokeapi.co/api/v2/language/11/"}, "name": "\u3075\u3093\u3058\u3093"}, {"language": {"name": "zh-Hans", "url": "https://pokeapi.co/api/v2/language/12/"}, "name": "\u7c89\u5c18"}], "past_values": [], "power": null, "pp": 20, "priority": 1, "stat_changes": [], "super_contest_effect": null, "target": {"name": "selected-pokemon", "url": "https://pokeapi.co/api/v2/move-target/10/"}, "type": {"name": "bug", "url": "https://pokeapi.co/api/v2/type/7/"}}