{"accuracy": 100, "contest_combos": null, "contest_effect": null, "contest_type": null, "damage_class": {"name": "special", "url": "https://pokeapi.co/api/v2/move-damage-class/3/"}, "effect_chance": null, "effect_changes": [], "effect_entries": [{"effect": "Inflicts regular damage.  Damage calculation always uses the target's Defense, regardless of this move's damage class.", "language": {"name": "en", "url": "https://pokeapi.co/api/v2/language/9/"}, "short_effect": "Inflicts damage based on the target's Defense, not Special Defense."}], "flavor_text_entries": [{"flavor_text": "Le lanceur mat\u00e9rialise des ondes\nmyst\u00e9rieuses qu\u2019il projette sur\nl\u2019ennemi. Inflige des d\u00e9g\u00e2ts physiques.", "language": {"name": "fr", "url": "https://pokeapi.co/api/v2/language/5/"}, "version_group": {"name": "black-white", "url": "https://pokeapi.co/api/v2/version-group/11/"}}, {"flavor_text": "The user materializes an odd\npsychic wave to attack the target.\nThis attack does physical damage.", "language": {"name": "en", "url": "https://pokeapi.co/api/v2/language/9/"}, "version_group": {"name": "black-white", "url": "https://pokeapi.co/api/v2/version-group/11/"}}, {"flavor_text": "The user materializes an odd\npsychic wave to attack the target.\nThis attack does physical damage.", "language": {"name": "en", "url": "https://pokeapi.co/api/v2/language/9/"}, "version_group": {"name": "black-2-white-2", "url": "https://pokeapi.co/api/v2/version-group/14/"}}, {"flavor_text": "\u3075\u3057\u304e\u306a\u3000\u306d\u3093\u3071\u3092\u3000\u3058\u3063\u305f\u3044\u304b\u3057\u3066\n\u3042\u3044\u3066\u3092\u3000\u3053\u3046\u3052\u304d\u3059\u308b\u3002\n\u3076\u3064\u308a\u3066\u304d\u306a\u3000\u30c0\u30e1\u30fc\u30b8\u3092\u3000\u3042\u305f\u3048\u308b\u3002", "language": {"name": "ja-Hrkt", "url": "https://pokeapi.co/api/v2/language/1/"}, "version_group": {"name": "x-y", "url": "https://pokeapi.co/api/v2/version-group/15/"}}, {"flavor_text": "\uc774\uc0c1\ud55c \uc5fc\ub825\ud30c\ub97c \uc2e4\uccb4\ud654\ud558\uc5ec\n\uc0c1\ub300\ub97c \uacf5\uaca9\ud55c\ub2e4.\n\ubb3c\ub9ac\uc801\uc778 \ub370\ubbf8\uc9c0\ub97c \uc900\ub2e4.", "language": {"name": "ko", "url": "https://pokeapi.co/api/v2/language/3/"}, "version_group": {"name": "x-y", "url": "https://pokeapi.co/api/v2/version-group/15/"}}, {"flavor_text": "Le lanceur mat\u00e9rialise des ondes myst\u00e9rieuses\nqu\u2019il projette sur l\u2019ennemi. Inflige des d\u00e9g\u00e2ts\nphysiques.", "language": {"name": "fr", "url": "https://pokeapi.co/api/v2/language/5/"}, "version_group": {"name": "x-y", "url": "https://pokeapi.co/api/v2/version-group/15/"}}, {"flavor_text": "Anwender erzeugt seltsame Energiewellen,\ndie dem Ziel physischen Schaden zuf\u00fcgen.", "language": {"name": "de", "url": "https://pokeapi.co/api/v2/language/6/"}, "version_group": {"name": "x-y", "url": "https://pokeapi.co/api/v2/version-group/15/"}}, {"flavor_text": "Crea una onda ps\u00edquica que causa da\u00f1o f\u00edsico al\nobjetivo.", "language": {"name": "es", "url": "https://pokeapi.co/api/v2/language/7/"}, "version_group": {"name": "x-y", "url": "https://pokeapi.co/api/v2/version-group/15/"}}, {"flavor_text": "Chi la usa attacca il bersaglio facendo\nmaterializzare un misterioso raggio psichico\nche provoca danni fisici.", "language": {"name": "it", "url": "https://pokeapi.co/api/v2/language/8/"}, "version_group": {"name": "x-y", "url": "https://pokeapi.co/api/v2/version-group/15/"}}, {"flavor_text": "The user materializes an odd\npsychic wave to attack the target.\nThis attack does physical damage.", "language": {"name": "en", "url": "https://pokeapi.co/api/v2/language/9/"}, "version_group": {"name": "x-y", "url": "https://pokeapi.co/api/v2/version-group/15/"}}, {"flavor_text": "\u4e0d\u601d\u8b70\u306a\u3000\u5ff5\u6ce2\u3092\u3000\u5b9f\u4f53\u5316\u3057\u3066\n\u76f8\u624b\u3092\u3000\u653b\u6483\u3059\u308b\u3002\n\u7269\u7406\u7684\u306a\u3000\u30c0\u30e1\u30fc\u30b8\u3092\u3000\u4e0e\u3048\u308b\u3002", "language": {"name": "ja", "url": "https://pokeapi.co/api/v2/language/11/"}, "version_group": {"name": "x-y", "url": "https://pokeapi.co/api/v2/version-group/15/"}}, {"flavor_text": "\u3075\u3057\u304e\u306a\u3000\u306d\u3093\u3071\u3092\u3000\u3058\u3063\u305f\u3044\u304b\u3057\u3066\n\u3042\u3044\u3066\u3092\u3000\u3053\u3046\u3052\u304d\u3059\u308b\u3002\n\u3076\u3064\u308a\u3066\u304d\u306a\u3000\u30c0\u30e1\u30fc\u30b8\u3092\u3000\u3042\u305f\u3048\u308b\u3002", "language": {"name": "ja-Hrkt", "url": "https://pokeapi.co/api/v2/language/1/"}, "version_group": {"name": "omega-ruby-alpha-sapphire", "url": "https://pokeapi.co/api/v2/version-group/16/"}}, {"flavor_text": "\uc774\uc0c1\ud55c \uc5fc\ub825\ud30c\ub97c \uc2e4\uccb4\ud654\ud558\uc5ec\n\uc0c1\ub300\ub97c \uacf5\uaca9\ud55c\ub2e4.\n\ubb3c\ub9ac\uc801\uc778 \ub370\ubbf8\uc9c0\ub97c \uc900\ub2e4.", "language": {"name": "ko", "url": "https://pokeapi.co/api/v2/language/3/"}, "version_group": {"name": "omega-ruby-alpha-sapphire", "url": "https://pokeapi.co/api/v2/version-group/16/"}}, {"flavor_text": "Le lanceur mat\u00e9rialise des ondes myst\u00e9rieuses\nqu\u2019il projette sur l\u2019ennemi. Inflige des d\u00e9g\u00e2ts\nphysiques.", "language": {"name": "fr", "url": "https://pokeapi.co/api/v2/language/5/"}, "version_group": {"name": "omega-ruby-alpha-sapphire", "url": "https://pokeapi.co/api/v2/version-group/16/"}}, {"flavor_text": "Anwender erzeugt seltsame Energiewellen,\ndie dem Ziel physischen Schaden zuf\u00fcgen.", "language": {"name": "de", "url": "https://pokeapi.co/api/v2/language/6/"}, "version_group": {"name": "omega-ruby-alpha-sapphire", "url": "https://pokeapi.co/api/v2/version-group/16/"}}, {"flavor_text": "Crea una onda ps\u00edquica que causa da\u00f1o f\u00edsico al \nobjetivo.", "language": {"name": "es", "url": "https://pokeapi.co/api/v2/language/7/"}, "version_group": {"name": "omega-ruby-alpha-sapphire", "url": "https://pokeapi.co/api/v2/version-group/16/"}}, {"flavor_text": "Chi la usa attacca il bersaglio facendo\nmaterializzare un misterioso raggio psichico\nche provoca danni fisici.", "language": {"name": "it", "url": "https://pokeapi.co/api/v2/language/8/"}, "version_group": {"name": "omega-ruby-alpha-sapphire", "url": "https://pokeapi.co/api/v2/version-group/16/"}}, {"flavor_text": "The user materializes an odd\npsychic wave to attack the target.\nThis attack does physical damage.", "language": {"name": "en", "url": "https://pokeapi.co/api/v2/language/9/"}, "version_group": {"name": "omega-ruby-alpha-sapphire", "url": "https://pokeapi.co/api/v2/version-group/16/"}}, {"flavor_text": "\u4e0d\u601d\u8b70\u306a\u3000\u5ff5\u6ce2\u3092\u3000\u5b9f\u4f53\u5316\u3057\u3066\n\u76f8\u624b\u3092\u3000\u653b\u6483\u3059\u308b\u3002\n\u7269\u7406\u7684\u306a\u3000\u30c0\u30e1\u30fc\u30b8\u3092\u3000\u4e0e\u3048\u308b\u3002", "language": {"name": "ja", "url": "https://pokeapi.co/api/v2/language/11/"}, "version_group": {"name": "omega-ruby-alpha-sapphire", "url": "https://pokeapi.co/api/v2/version-group/16/"}}, {"flavor_text": "\u3075\u3057\u304e\u306a\u3000\u306d\u3093\u3071\u3092\u3000\u3058\u3063\u305f\u3044\u304b\u3057\u3066\n\u3042\u3044\u3066\u3092\u3000\u3053\u3046\u3052\u304d\u3059\u308b\u3002\n\u3076\u3064\u308a\u3066\u304d\u306a\u3000\u30c0\u30e1\u30fc\u30b8\u3092\u3000\u3042\u305f\u3048\u308b\u3002", "language": {"name": "ja-Hrkt", "url": "https://pokeapi.co/api/v2/language/1/"}, "version_group": {"name": "sun-moon", "url": "https://pokeapi.co/api/v2/version-group/17/"}}, {"flavor_text": "\uc774\uc0c1\ud55c \uc5fc\ub825\ud30c\ub97c \uc2e4\uccb4\ud654\ud558\uc5ec\n\uc0c1\ub300\ub97c \uacf5\uaca9\ud55c\ub2e4.\n\ubb3c\ub9ac\uc801\uc778 \ub370\ubbf8\uc9c0\ub97c \uc900\ub2e4.", "language": {"name": "ko", "url": "https://pokeapi.co/api/v2/language/3/"}, "version_group": {"name": "sun-moon", "url": "https://pokeapi.co/api/v2/version-group/17/"}}, {"flavor_text": "\u5c07\u795e\u5947\u7684\u5ff5\u529b\u6ce2\u5be6\u9ad4\u5316\u5f8c\u653b\u64ca\u5c0d\u624b\u3002\n\u7d66\u4e88\u5c0d\u624b\u7269\u7406\u50b7\u5bb3\u3002", "language": {"name": "zh-Hant", "url": "https://pokeapi.co/api/v2/language/4/"}, "version_group": {"name": "sun-moon", "url": "https://pokeapi.co/api/v2/version-group/17/"}}, {"flavor_text": "Le lanceur mat\u00e9rialise des ondes myst\u00e9rieuses\nqu\u2019il projette sur l\u2019ennemi. Inflige des d\u00e9g\u00e2ts\nphysiques.", "language": {"name": "fr", "url": "https://pokeapi.co/api/v2/language/5/"}, "version_group": {"name": "sun-moon", "url": "https://pokeapi.co/api/v2/version-group/17/"}}, {"flavor_text": "Anwender erzeugt eine seltsame Energiewelle,\ndie dem Ziel physischen Schaden zuf\u00fcgt.", "language": {"name": "de", "url": "https://pokeapi.co/api/v2/language/6/"}, "version_group": {"name": "sun-moon", "url": "https://pokeapi.co/api/v2/version-group/17/"}}, {"flavor_text": "Crea una onda ps\u00edquica que causa da\u00f1o f\u00edsico al \nobjetivo.", "language": {"name": "es", "url": "https://pokeapi.co/api/v2/language/7/"}, "version_group": {"name": "sun-moon", "url": "https://pokeapi.co/api/v2/version-group/17/"}}, {"flavor_text": "Chi la usa attacca il bersaglio facendo\nmaterializzare un misterioso raggio psichico\nche provoca danni fisici.", "language": {"name": "it", "url": "https://pokeapi.co/api/v2/language/8/"}, "version_group": {"name": "sun-moon", "url": "https://pokeapi.co/api/v2/version-group/17/"}}, {"flavor_text": "The user materializes an odd psychic wave to attack\nthe target. This attack does physical damage.", "language": {"name": "en", "url": "https://pokeapi.co/api/v2/language/9/"}, "version_group": {"name": "sun-moon", "url": "https://pokeapi.co/api/v2/version-group/17/"}}, {"flavor_text": "\u4e0d\u601d\u8b70\u306a\u3000\u5ff5\u6ce2\u3092\u3000\u5b9f\u4f53\u5316\u3057\u3066\n\u76f8\u624b\u3092\u3000\u653b\u6483\u3059\u308b\u3002\n\u7269\u7406\u7684\u306a\u3000\u30c0\u30e1\u30fc\u30b8\u3092\u3000\u4e0e\u3048\u308b\u3002", "language": {"name": "ja", "url": "https://pokeapi.co/api/v2/language/11/"}, "version_group": {"name": "sun-moon", "url": "https://pokeapi.co/api/v2/version-group/17/"}}, {"flavor_text": "\u5c06\u795e\u5947\u7684\u5ff5\u6ce2\u5b9e\u4f53\u5316\u653b\u51fb\u5bf9\u624b\u3002\n\u7ed9\u4e88\u7269\u7406\u4f24\u5bb3\u3002", "language": {"name": "zh-Hans", "url": "https://pokeapi.co/api/v2/language/12/"}, "version_group": {"name": "sun-moon", "url": "https://pokeapi.co/api/v2/version-group/17/"}}, {"flavor_text": "\u3075\u3057\u304e\u306a\u3000\u306d\u3093\u3071\u3092\u3000\u3058\u3063\u305f\u3044\u304b\u3057\u3066\n\u3042\u3044\u3066\u3092\u3000\u3053\u3046\u3052\u304d\u3059\u308b\u3002\n\u3076\u3064\u308a\u3066\u304d\u306a\u3000\u30c0\u30e1\u30fc\u30b8\u3092\u3000\u3042\u305f\u3048\u308b\u3002", "language": {"name": "ja-Hrkt", "url": "https://pokeapi.co/api/v2/language/1/"}, "version_group": {"name": "ultra-sun-ultra-moon", "url": "https://pokeapi.co/api/v2/version-group/18/"}}, {"flavor_text": "\uc774\uc0c1\ud55c \uc5fc\ub825\ud30c\ub97c \uc2e4\uccb4\ud654\ud558\uc5ec\n\uc0c1\ub300\ub97c \uacf5\uaca9\ud55c\ub2e4.\n\ubb3c\ub9ac\uc801\uc778 \ub370\ubbf8\uc9c0\ub97c \uc900\ub2e4.", "language": {"name": "ko", "url": "https://pokeapi.co/api/v2/language/3/"}, "version_group": {"name": "ultra-sun-ultra-moon", "url": "https://pokeapi.co/api/v2/version-group/18/"}}, {"flavor_text": "\u5c07\u795e\u5947\u7684\u5ff5\u529b\u6ce2\u5be6\u9ad4\u5316\u5f8c\u653b\u64ca\u5c0d\u624b\u3002\n\u7d66\u4e88\u5c0d\u624b\u7269\u7406\u50b7\u5bb3\u3002", "language": {"name": "zh-Hant", "url": "https://pokeapi.co/api/v2/language/4/"}, "version_group": {"name": "ultra-sun-ultra-moon", "url": "https://pokeapi.co/api/v2/version-group/18/"}}, {"flavor_text": "Le lanceur mat\u00e9rialise des ondes myst\u00e9rieuses\nqu\u2019il projette sur l\u2019ennemi. Inflige des d\u00e9g\u00e2ts\nphysiques.", "language": {"name": "fr", "url": "https://pokeapi.co/api/v2/language/5/"}, "version_group": {"name": "ultra-sun-ultra-moon", "url": "https://pokeapi.co/api/v2/version-group/18/"}}, {"flavor_text": "Anwender erzeugt eine seltsame Energiewelle,\ndie dem Ziel physischen Schaden zuf\u00fcgt.", "language": {"name": "de", "url": "https://pokeapi.co/api/v2/language/6/"}, "version_group": {"name": "ultra-sun-ultra-moon", "url": "https://pokeapi.co/api/v2/version-group/18/"}}, {"flavor_text": "Crea una onda ps\u00edquica que causa da\u00f1o f\u00edsico al \nobjetivo.", "language": {"name": "es", "url": "https://pokeapi.co/api/v2/language/7/"}, "version_group": {"name": "ultra-sun-ultra-moon", "url": "https://pokeapi.co/api/v2/version-group/18/"}}, {"flavor_text": "Chi la usa attacca il bersaglio facendo\nmaterializzare un misterioso raggio psichico\nche provoca danni fisici.", "language": {"name": "it", "url": "https://pokeapi.co/api/v2/language/8/"}, "version_group": {"name": "ultra-sun-ultra-moon", "url": "https://pokeapi.co/api/v2/version-group/18/"}}, {"flavor_text": "The user materializes an odd psychic wave to attack\nthe target. This attack does physical damage.", "language": {"name": "en", "url": "https://pokeapi.co/api/v2/language/9/"}, "version_group": {"name": "ultra-sun-ultra-moon", "url": "https://pokeapi.co/api/v2/version-group/18/"}}, {"flavor_text": "\u4e0d\u601d\u8b70\u306a\u3000\u5ff5\u6ce2\u3092\u3000\u5b9f\u4f53\u5316\u3057\u3066\n\u76f8\u624b\u3092\u3000\u653b\u6483\u3059\u308b\u3002\n\u7269\u7406\u7684\u306a\u3000\u30c0\u30e1\u30fc\u30b8\u3092\u3000\u4e0e\u3048\u308b\u3002", "language": {"name": "ja", "url": "https://pokeapi.co/api/v2/language/11/"}, "version_group": {"name": "ultra-sun-ultra-moon", "url": "https://pokeapi.co/api/v2/version-group/18/"}}, {"flavor_text": "\u5c06\u795e\u5947\u7684\u5ff5\u6ce2\u5b9e\u4f53\u5316\u653b\u51fb\u5bf9\u624b\u3002\n\u7ed9\u4e88\u7269\u7406\u4f24\u5bb3\u3002", "language": {"name": "zh-Hans", "url": "https://pokeapi.co/api/v2/language/12/"}, "version_group": {"name": "ultra-sun-ultra-moon", "url": "https://pokeapi.co/api/v2/version-group/18/"}}, {"flavor_text": "\u3075\u3057\u304e\u306a\u3000\u306d\u3093\u3071\u3092\u3000\u3058\u3063\u305f\u3044\u304b\u3057\u3066\n\u3042\u3044\u3066\u3092\u3000\u3053\u3046\u3052\u304d\u3059\u308b\u3002\n\u3076\u3064\u308a\u3066\u304d\u306a\u3000\u30c0\u30e1\u30fc\u30b8\u3092\u3000\u3042\u305f\u3048\u308b\u3002", "language": {"name": "ja-Hrkt", "url": "https://pokeapi.co/api/v2/language/1/"}, "version_group": {"name": "lets-go-pikachu-lets-go-eevee", "url": "https://pokeapi.co/api/v2/version-group/19/"}}, {"flavor_text": "\uc774\uc0c1\ud55c \uc5fc\ub825\ud30c\ub97c \uc2e4\uccb4\ud654\ud558\uc5ec\n\uc0c1\ub300\ub97c \uacf5\uaca9\ud55c\ub2e4.\n\ubb3c\ub9ac\uc801\uc778 \ub370\ubbf8\uc9c0\ub97c \uc900\ub2e4.", "language": {"name": "ko", "url": "https://pokeapi.co/api/v2/language/3/"}, "version_group": {"name": "lets-go-pikachu-lets-go-eevee", "url": "https://pokeapi.co/api/v2/version-group/19/"}}, {"flavor_text": "\u5c07\u795e\u5947\u7684\u5ff5\u529b\u6ce2\u5be6\u9ad4\u5316\u5f8c\u653b\u64ca\u5c0d\u624b\u3002\n\u7d66\u4e88\u5c0d\u624b\u7269\u7406\u50b7\u5bb3\u3002", "language": {"name": "zh-Hant", "url": "https://pokeapi.co/api/v2/language/4/"}, "version_group": {"name": "lets-go-pikachu-lets-go-eevee", "url": "https://pokeapi.co/api/v2/version-group/19/"}}, {"flavor_text": "Le lanceur mat\u00e9rialise des ondes myst\u00e9rieuses\nqu\u2019il projette sur l\u2019ennemi. Inflige des d\u00e9g\u00e2ts\nphysiques.", "language": {"name": "fr", "url": "https://pokeapi.co/api/v2/language/5/"}, "version_group": {"name": "lets-go-pikachu-lets-go-eevee", "url": "https://pokeapi.co/api/v2/version-group/19/"}}, {"flavor_text": "Anwender erzeugt eine seltsame Energiewelle,\ndie dem Ziel physischen Schaden zuf\u00fcgt.", "language": {"name": "de", "url": "https://pokeapi.co/api/v2/language/6/"}, "version_group": {"name": "lets-go-pikachu-lets-go-eevee", "url": "https://pokeapi.co/api/v2/version-group/19/"}}, {"flavor_text": "Crea una onda ps\u00edquica que causa da\u00f1o f\u00edsico al \nobjetivo.", "language": {"name": "es", "url": "https://pokeapi.co/api/v2/language/7/"}, "version_group": {"name": "lets-go-pikachu-lets-go-eevee", "url": "https://pokeapi.co/api/v2/version-group/19/"}}, {"flavor_text": "Chi la usa attacca il bersaglio facendo\nmaterializzare un misterioso raggio psichico\nche provoca danni fisici.", "language": {"name": "it", "url": "https://pokeapi.co/api/v2/language/8/"}, "version_group": {"name": "lets-go-pikachu-lets-go-eevee", "url": "https://pokeapi.co/api/v2/version-group/19/"}}, {"flavor_text": "The user materializes an odd psychic wave to attack\nthe target. This attack does physical damage.", "language": {"name": "en", "url": "https://pokeapi.co/api/v2/language/9/"}, "version_group": {"name": "lets-go-pikachu-lets-go-eevee", "url": "https://pokeapi.co/api/v2/version-group/19/"}}, {"flavor_text": "\u4e0d\u601d\u8b70\u306a\u3000\u5ff5\u6ce2\u3092\u3000\u5b9f\u4f53\u5316\u3057\u3066\n\u76f8\u624b\u3092\u3000\u653b\u6483\u3059\u308b\u3002\n\u7269\u7406\u7684\u306a\u3000\u30c0\u30e1\u30fc\u30b8\u3092\u3000\u4e0e\u3048\u308b\u3002", "language": {"name": "ja", "url": "https://pokeapi.co/api/v2/language/11/"}, "version_group": {"name": "lets-go-pikachu-lets-go-eevee", "url": "https://pokeapi.co/api/v2/version-group/19/"}}, {"flavor_text": "\u5c06\u795e\u5947\u7684\u5ff5\u6ce2\u5b9e\u4f53\u5316\u653b\u51fb\u5bf9\u624b\u3002\n\u7ed9\u4e88\u7269\u7406\u4f24\u5bb3\u3002", "language": {"name": "zh-Hans", "url": "https://pokeapi.co/api/v2/language/12/"}, "version_group": {"name": "lets-go-pikachu-lets-go-eevee", "url": "https://pokeapi.co/api/v2/version-group/19/"}}, {"flavor_text": "\u3075\u3057\u304e\u306a\u3000\u306d\u3093\u3071\u3092\u3000\u3058\u3063\u305f\u3044\u304b\u3057\u3066\n\u3042\u3044\u3066\u3092\u3000\u3053\u3046\u3052\u304d\u3059\u308b\u3002\n\u3076\u3064\u308a\u3066\u304d\u306a\u3000\u30c0\u30e1\u30fc\u30b8\u3092\u3000\u3042\u305f\u3048\u308b\u3002", "language": {"name": "ja-Hrkt", "url": "https://pokeapi.co/api/v2/language/1/"}, "version_group": {"name": "sword-shield", "url": "https://pokeapi.co/api/v2/version-group/20/"}}, {"flavor_text": "\uc774\uc0c1\ud55c \uc5fc\ub825\ud30c\ub97c \uc2e4\uccb4\ud654\ud558\uc5ec\n\uc0c1\ub300\ub97c \uacf5\uaca9\ud55c\ub2e4.\n\ubb3c\ub9ac\uc801\uc778 \ub370\ubbf8\uc9c0\ub97c \uc900\ub2e4.", "language": {"name": "ko", "url": "https://pokeapi.co/api/v2/language/3/"}, "version_group": {"name": "sword-shield", "url": "https://pokeapi.co/api/v2/version-group/20/"}}, {"flavor_text": "\u5c07\u795e\u5947\u7684\u5ff5\u529b\u6ce2\u5be6\u9ad4\u5316\u5f8c\u653b\u64ca\u5c0d\u624b\u3002\n\u7d66\u4e88\u5c0d\u624b\u7269\u7406\u50b7\u5bb3\u3002", "language": {"name": "zh-Hant", "url": "https://pokeapi.co/api/v2/language/4/"}, "version_group": {"name": "sword-shield", "url": "https://pokeapi.co/api/v2/version-group/20/"}}, {"flavor_text": "Le lanceur mat\u00e9rialise des ondes myst\u00e9rieuses\nqu\u2019il projette sur l\u2019ennemi. Inflige des d\u00e9g\u00e2ts physiques.", "language": {"name": "fr", "url": "https://pokeapi.co/api/v2/language/5/"}, "version_group": {"name": "sword-shield", "url": "https://pokeapi.co/api/v2/version-group/20/"}}, {"flavor_text": "Anwender erzeugt eine seltsame Energiewelle, die dem\nZiel physischen Schaden zuf\u00fcgt.", "language": {"name": "de", "url": "https://pokeapi.co/api/v2/language/6/"}, "version_group": {"name": "sword-shield", "url": "https://pokeapi.co/api/v2/version-group/20/"}}, {"flavor_text": "Crea una onda ps\u00edquica que causa da\u00f1o f\u00edsico al \nobjetivo.", "language": {"name": "es", "url": "https://pokeapi.co/api/v2/language/7/"}, "version_group": {"name": "sword-shield", "url": "https://pokeapi.co/api/v2/version-group/20/"}}, {"flavor_text": "Chi la usa attacca il bersaglio facendo materializzare\nmisteriose onde psichiche che provocano danni fisici.", "language": {"name": "it", "url": "https://pokeapi.co/api/v2/language/8/"}, "version_group": {"name": "sword-shield", "url": "https://pokeapi.co/api/v2/version-group/20/"}}, {"flavor_text": "The user materializes an odd psychic wave to attack\nthe target. This attack does physical damage.", "language": {"name": "en", "url": "https://pokeapi.co/api/v2/language/9/"}, "version_group": {"name": "sword-shield", "url": "https://pokeapi.co/api/v2/version-group/20/"}}, {"flavor_text": "\u4e0d\u601d\u8b70\u306a\u3000\u5ff5\u6ce2\u3092\u3000\u5b9f\u4f53\u5316\u3057\u3066\n\u76f8\u624b\u3092\u3000\u653b\u6483\u3059\u308b\u3002\n\u7269\u7406\u7684\u306a\u3000\u30c0\u30e1\u30fc\u30b8\u3092\u3000\u4e0e\u3048\u308b\u3002", "language": {"name": "ja", "url": "https://pokeapi.co/api/v2/language/11/"}, "version_group": {"name": "sword-shield", "url": "https://pokeapi.co/api/v2/version-group/20/"}}, {"flavor_text": "\u5c06\u795e\u5947\u7684\u5ff5\u6ce2\u5b9e\u4f53\u5316\u653b\u51fb\u5bf9\u624b\u3002\n\u7ed9\u4e88\u7269\u7406\u4f24\u5bb3\u3002", "language": {"name": "zh-Hans", "url": "https://pokeapi.co/api/v2/language/12/"}, "version_group": {"name": "sword-shield", "url": "https://pokeapi.co/api/v2/version-group/20/"}}], "generation": {"name": "generation-v", "url": "https://pokeapi.co/api/v2/generation/5/"}, "id": 540, "learned_by_pokemon": [{"name": "mewtwo", "url": "https://pokeapi.co/api/v2/pokemon/150/"}, {"name": "mewtwo-mega-x", "url": "https://pokeapi.co/api/v2/pokemon/10043/"}, {"name": "mewtwo-mega-y", "url": "https://pokeapi.co/api/v2/pokemon/10044/"}], "machines": [], "meta": {"ailment": {"name": "none", "url": "https://pokeapi.co/api/v2/move-ailment/0/"}, "ailment_chance": 0, "category": {"name": "damage", "url": "https://pokeapi.co/api/v2/move-category/0/"}, "crit_rate": 0, "drain": 0, "flinch_chance": 0, "healing": 0, "max_hits": null, "max_turns": null, "min_hits": null, "min_turns": null, "stat_chance": 0}, "name": "psystrike", "names": [{"language": {"name": "ja-Hrkt", "url": "https://pokeapi.co/api/v2/language/1/"}, "name": "\u30b5\u30a4\u30b3\u30d6\u30ec\u30a4\u30af"}, {"language": {"name": "ko", "url": "https://pokeapi.co/api/v2/language/3/"}, "name": "\uc0ac\uc774\ucf54\ube0c\ub808\uc774\ud06c"}, {"language": {"name": "zh-Hant", "url": "https://pokeapi.co/api/v2/language/4/"}, "name": "\u7cbe\u795e\u64ca\u7834"}, {"language": {"name": "fr", "url": "https://pokeapi.co/api/v2/language/5/"}, "name": "Frappe Psy"}, {"language": {"name": "de", "url": "https://pokeapi.co/api/v2/language/6/"}, "name": "Psychosto\u00df"}, {"language": {"name": "es", "url": "https://pokeapi.co/api/v2/language/7/"}, "name": "Onda Mental"}, {"language": {"name": "it", "url": "https://pokeapi.co/api/v2/language/8/"}, "name": "Psicobotta"}, {"language": {"name": "en", "url": "https://pokeapi.co/api/v2/language/9/"}, "name": "Psystrike"}, {"language": {"name": "ja", "url": "https://pokeapi.co/api/v2/language/11/"}, "name": "\u30b5\u30a4\u30b3\u30d6\u30ec\u30a4\u30af"}, {"language": {"name": "zh-Hans", "url": "https://pokeapi.co/api/v2/language/12/"}, "name": "\u7cbe\u795e\u51fb\u7834"}], "past_values": [], "power": 100, "pp": 10, "priority": 0, "stat_changes": [], "super_contest_effect": null, "target": {"name": "selected-pokemon", "url": "https://pokeapi.co/api/v2/move-target/10/"}, "type": {"name": "psychic", "url": "https://pokeapi.co/api/v2/type/14/"}}