{"accuracy": 90, "contest_combos": null, "contest_effect": null, "contest_type": null, "damage_class": {"name": "physical", "url": "https://pokeapi.co/api/v2/move-damage-class/2/"}, "effect_chance": 10, "effect_changes": [], "effect_entries": [{"effect": "Inflicts regular damage.  Has a 10% chance to burn the target.", "language": {"name": "en", "url": "https://pokeapi.co/api/v2/language/9/"}, "short_effect": "Has a 10% chance to burn the target."}], "flavor_text_entries": [{"flavor_text": "\u3053\u3044\u3057\u3092\u3000\u3082\u3084\u3057\u305f\u3000\u307b\u306e\u304a\u306e\u3000\u30dc\u30fc\u30eb\u3067\n\u3042\u3044\u3066\u3092\u3000\u3053\u3046\u3052\u304d\u3059\u308b\u3002\n\u3084\u3051\u3069\u3000\u3058\u3087\u3046\u305f\u3044\u306b\u3000\u3059\u308b\u3053\u3068\u304c\u3000\u3042\u308b\u3002", "language": {"name": "ja-Hrkt", "url": "https://pokeapi.co/api/v2/language/1/"}, "version_group": {"name": "sword-shield", "url": "https://pokeapi.co/api/v2/version-group/20/"}}, {"flavor_text": "\uc791\uc740 \ub3cc\uc744 \ud0dc\uc6b4 \ubd88\uaf43\uc758 \uacf5\uc73c\ub85c\n\uc0c1\ub300\ub97c \uacf5\uaca9\ud55c\ub2e4.\n\ud654\uc0c1 \uc0c1\ud0dc\ub85c \ub9cc\ub4e4 \ub54c\uac00 \uc788\ub2e4.", "language": {"name": "ko", "url": "https://pokeapi.co/api/v2/language/3/"}, "version_group": {"name": "sword-shield", "url": "https://pokeapi.co/api/v2/version-group/20/"}}, {"flavor_text": "\u71c3\u71d2\u5c0f\u77f3\u5b50\uff0c\n\u5f62\u6210\u706b\u7403\u653b\u64ca\u5c0d\u624b\u3002\n\u6709\u6642\u6703\u8b93\u5c0d\u624b\u9677\u5165\u707c\u50b7\u72c0\u614b\u3002", "language": {"name": "zh-Hant", "url": "https://pokeapi.co/api/v2/language/4/"}, "version_group": {"name": "sword-shield", "url": "https://pokeapi.co/api/v2/version-group/20/"}}, {"flavor_text": "Le lanceur attaque avec un ballon fait \u00e0 partir\nd\u2019un caillou enflamm\u00e9. Peut aussi br\u00fbler la cible.", "language": {"name": "fr", "url": "https://pokeapi.co/api/v2/language/5/"}, "version_group": {"name": "sword-shield", "url": "https://pokeapi.co/api/v2/version-group/20/"}}, {"flavor_text": "Der Anwender greift mit einem Ball aus Feuer an,\nden er durch Anz\u00fcnden eines kleinen Steins erzeugt.\nF\u00fcgt dem Ziel eventuell Verbrennungen zu.", "language": {"name": "de", "url": "https://pokeapi.co/api/v2/language/6/"}, "version_group": {"name": "sword-shield", "url": "https://pokeapi.co/api/v2/version-group/20/"}}, {"flavor_text": "El usuario prende una peque\u00f1a piedra para crear una\nbola de fuego con la que ataca al rival. Puede causar\nquemaduras.", "language": {"name": "es", "url": "https://pokeapi.co/api/v2/language/7/"}, "version_group": {"name": "sword-shield", "url": "https://pokeapi.co/api/v2/version-group/20/"}}, {"flavor_text": "Chi la usa attacca con una palla creata incendiando\nuna piccola pietra. Pu\u00f2 anche scottare il bersaglio.", "language": {"name": "it", "url": "https://pokeapi.co/api/v2/language/8/"}, "version_group": {"name": "sword-shield", "url": "https://pokeapi.co/api/v2/version-group/20/"}}, {"flavor_text": "The user attacks by igniting a small stone and launching\nit as a fiery ball at the target. This may also leave the\ntarget with a burn.", "language": {"name": "en", "url": "https://pokeapi.co/api/v2/language/9/"}, "version_group": {"name": "sword-shield", "url": "https://pokeapi.co/api/v2/version-group/20/"}}, {"flavor_text": "\u5c0f\u77f3\u3092\u3000\u71c3\u3084\u3057\u305f\u3000\u708e\u306e\u3000\u30dc\u30fc\u30eb\u3067\n\u76f8\u624b\u3092\u3000\u653b\u6483\u3059\u308b\u3002\n\u3084\u3051\u3069\u3000\u72b6\u614b\u306b\u3000\u3059\u308b\u3053\u3068\u304c\u3000\u3042\u308b\u3002", "language": {"name": "ja", "url": "https://pokeapi.co/api/v2/language/11/"}, "version_group": {"name": "sword-shield", "url": "https://pokeapi.co/api/v2/version-group/20/"}}, {"flavor_text": "\u70b9\u71c3\u5c0f\u77f3\u5b50\uff0c\u5f62\u6210\u706b\u7403\u653b\u51fb\u5bf9\u624b\u3002\n\u6709\u65f6\u4f1a\u4f7f\u5bf9\u624b\u9677\u5165\u707c\u4f24\u72b6\u6001\u3002", "language": {"name": "zh-Hans", "url": "https://pokeapi.co/api/v2/language/12/"}, "version_group": {"name": "sword-shield", "url": "https://pokeapi.co/api/v2/version-group/20/"}}], "generation": {"name": "generation-viii", "url": "https://pokeapi.co/api/v2/generation/8/"}, "id": 780, "learned_by_pokemon": [{"name": "cinderace", "url": "https://pokeapi.co/api/v2/pokemon/815/"}], "machines": [], "meta": {"ailment": {"name": "burn", "url": "https://pokeapi.co/api/v2/move-ailment/4/"}, "ailment_chance": 10, "category": {"name": "damage+ailment", "url": "https://pokeapi.co/api/v2/move-category/4/"}, "crit_rate": 0, "drain": 0, "flinch_chance": 0, "healing": 0, "max_hits": null, "max_turns": null, "min_hits": null, "min_turns": null, "stat_chance": 0}, "name": "pyro-ball", "names": [{"language": {"name": "ja-Hrkt", "url": "https://pokeapi.co/api/v2/language/1/"}, "name": "\u304b\u3048\u3093\u30dc\u30fc\u30eb"}, {"language": {"name": "ko", "url": "https://pokeapi.co/api/v2/language/3/"}, "name": "\ud654\uc5fc\ubcfc"}, {"language": {"name": "zh-Hant", "url": "https://pokeapi.co/api/v2/language/4/"}, "name": "\u706b\u7130\u7403"}, {"language": {"name": "fr", "url": "https://pokeapi.co/api/v2/language/5/"}, "name": "Ballon Br\u00fblant"}, {"language": {"name": "de", "url": "https://pokeapi.co/api/v2/language/6/"}, "name": "Feuerball"}, {"language": {"name": "es", "url": "https://pokeapi.co/api/v2/language/7/"}, "name": "Bal\u00f3n \u00cdgneo"}, {"language": {"name": "it", "url": "https://pokeapi.co/api/v2/language/8/"}, "name": "Palla Infuocata"}, {"language": {"name": "en", "url": "https://pokeapi.co/api/v2/language/9/"}, "name": "Pyro Ball"}, {"language": {"name": "ja", "url": "https://pokeapi.co/api/v2/language/11/"}, "name": "\u304b\u3048\u3093\u30dc\u30fc\u30eb"}, {"language": {"name": "zh-Hans", "url": "https://pokeapi.co/api/v2/language/12/"}, "name": "\u706b\u7130\u7403"}], "past_values": [], "power": 120, "pp": 5, "priority": 0, "stat_changes": [], "super_contest_effect": null, "target": {"name": "selected-pokemon", "url": "https://pokeapi.co/api/v2/move-target/10/"}, "type": {"name": "fire", "url": "https://pokeapi.co/api/v2/type/10/"}}