{"accuracy": 100, "contest_combos": null, "contest_effect": null, "contest_type": null, "damage_class": {"name": "physical", "url": "https://pokeapi.co/api/v2/move-damage-class/2/"}, "effect_chance": null, "effect_changes": [], "effect_entries": [], "flavor_text_entries": [], "generation": {"name": "generation-viii", "url": "https://pokeapi.co/api/v2/generation/8/"}, "id": 833, "learned_by_pokemon": [{"name": "growlithe", "url": "https://pokeapi.co/api/v2/pokemon/58/"}, {"name": "infernape", "url": "https://pokeapi.co/api/v2/pokemon/392/"}, {"name": "gouging-fire", "url": "https://pokeapi.co/api/v2/pokemon/1020/"}, {"name": "arcanine-hisui", "url": "https://pokeapi.co/api/v2/pokemon/10230/"}], "machines": [], "meta": null, "name": "raging-fury", "names": [{"language": {"name": "ja-Hrkt", "url": "https://pokeapi.co/api/v2/language/1/"}, "name": "\u3060\u3044\u3075\u3093\u3052\u304d"}, {"language": {"name": "zh-Hant", "url": "https://pokeapi.co/api/v2/language/4/"}, "name": "\u5927\u6124\u6168"}, {"language": {"name": "it", "url": "https://pokeapi.co/api/v2/language/8/"}, "name": "Ira Furente"}, {"language": {"name": "en", "url": "https://pokeapi.co/api/v2/language/9/"}, "name": "Raging Fury"}, {"language": {"name": "ja", "url": "https://pokeapi.co/api/v2/language/11/"}, "name": "\u3060\u3044\u3075\u3093\u3052\u304d"}], "past_values": [], "power": 120, "pp": 10, "priority": 0, "stat_changes": [], "super_contest_effect": null, "target": {"name": "random-opponent", "url": "https://pokeapi.co/api/v2/move-target/8/"}, "type": {"name": "fire", "url": "https://pokeapi.co/api/v2/type/10/"}}