{"accuracy": null, "contest_combos": null, "contest_effect": null, "contest_type": null, "damage_class": {"name": "status", "url": "https://pokeapi.co/api/v2/move-damage-class/1/"}, "effect_chance": 100, "effect_changes": [], "effect_entries": [{"effect": "Raises the Attack and Special Attack of all grass Pok\u00e9mon in battle.", "language": {"name": "en", "url": "https://pokeapi.co/api/v2/language/9/"}, "short_effect": "Raises the Attack and Special Attack of all grass Pok\u00e9mon in battle."}], "flavor_text_entries": [{"flavor_text": "\u3058\u3081\u3093\u3092\u3000\u305f\u304c\u3084\u3057\u3066\u3000\u304f\u3055\u304d\u304c\n\u305d\u3060\u3061\u3084\u3059\u3044\u3088\u3046\u306b\u3059\u308b\u3002\u304f\u3055\u30bf\u30a4\u30d7\u306e\n\u3053\u3046\u3052\u304d\u3068\u3000\u3068\u304f\u3053\u3046\u304c\u3000\u3042\u304c\u308b\u3002", "language": {"name": "ja-Hrkt", "url": "https://pokeapi.co/api/v2/language/1/"}, "version_group": {"name": "x-y", "url": "https://pokeapi.co/api/v2/version-group/15/"}}, {"flavor_text": "\ub545\uc744 \uc77c\uad6c\uc5b4 \ucd08\ubaa9\uc774\n\uc790\ub77c\uae30 \uc27d\uac8c \ud55c\ub2e4. \ud480\ud0c0\uc785\uc758\n\uacf5\uaca9\uacfc \ud2b9\uc218\uacf5\uaca9\uc774 \uc624\ub978\ub2e4.", "language": {"name": "ko", "url": "https://pokeapi.co/api/v2/language/3/"}, "version_group": {"name": "x-y", "url": "https://pokeapi.co/api/v2/version-group/15/"}}, {"flavor_text": "Laboure le sol et le rend plus fertile.\nAugmente l\u2019Attaque et l\u2019Attaque Sp\u00e9ciale des\nPok\u00e9mon de type Plante.", "language": {"name": "fr", "url": "https://pokeapi.co/api/v2/language/5/"}, "version_group": {"name": "x-y", "url": "https://pokeapi.co/api/v2/version-group/15/"}}, {"flavor_text": "Der Anwender pfl\u00fcgt den Boden und macht\ndie Erde fruchtbarer. Erh\u00f6ht den Angriff und\nden Spezial-Angriff von Pflanzen-Pok\u00e9mon.", "language": {"name": "de", "url": "https://pokeapi.co/api/v2/language/6/"}, "version_group": {"name": "x-y", "url": "https://pokeapi.co/api/v2/version-group/15/"}}, {"flavor_text": "Labra la tierra haciendo que sea m\u00e1s f\u00e1cil cultivarla\ny consigue que aumente el Ataque y el Ataque\nEspecial de los Pok\u00e9mon de tipo Planta.", "language": {"name": "es", "url": "https://pokeapi.co/api/v2/language/7/"}, "version_group": {"name": "x-y", "url": "https://pokeapi.co/api/v2/version-group/15/"}}, {"flavor_text": "Chi la usa dissoda la terra per far crescere meglio\nl\u2019erba. Questa mossa aumenta l\u2019Attacco e\nl\u2019Attacco Speciale dei Pok\u00e9mon di tipo Erba.", "language": {"name": "it", "url": "https://pokeapi.co/api/v2/language/8/"}, "version_group": {"name": "x-y", "url": "https://pokeapi.co/api/v2/version-group/15/"}}, {"flavor_text": "Tilling the soil, the user makes it easier\nfor plants to grow. This raises the Attack\nand Sp. Atk stats of Grass-type Pok\u00e9mon.", "language": {"name": "en", "url": "https://pokeapi.co/api/v2/language/9/"}, "version_group": {"name": "x-y", "url": "https://pokeapi.co/api/v2/version-group/15/"}}, {"flavor_text": "\u5730\u9762\u3092\u3000\u8015\u3057\u3066\u3000\u8349\u6728\u304c\n\u80b2\u3061\u3084\u3059\u3044\u3088\u3046\u306b\u3059\u308b\u3002\u304f\u3055\u30bf\u30a4\u30d7\u306e\n\u653b\u6483\u3068\u3000\u7279\u653b\u304c\u3000\u3042\u304c\u308b\u3002", "language": {"name": "ja", "url": "https://pokeapi.co/api/v2/language/11/"}, "version_group": {"name": "x-y", "url": "https://pokeapi.co/api/v2/version-group/15/"}}, {"flavor_text": "\u3058\u3081\u3093\u3092\u3000\u305f\u304c\u3084\u3057\u3066\u3000\u304f\u3055\u304d\u304c\n\u305d\u3060\u3061\u3084\u3059\u3044\u3088\u3046\u306b\u3059\u308b\u3002\u304f\u3055\u30bf\u30a4\u30d7\u306e\n\u3053\u3046\u3052\u304d\u3068\u3000\u3068\u304f\u3053\u3046\u304c\u3000\u3042\u304c\u308b\u3002", "language": {"name": "ja-Hrkt", "url": "https://pokeapi.co/api/v2/language/1/"}, "version_group": {"name": "omega-ruby-alpha-sapphire", "url": "https://pokeapi.co/api/v2/version-group/16/"}}, {"flavor_text": "\ub545\uc744 \uc77c\uad6c\uc5b4 \ucd08\ubaa9\uc774\n\uc790\ub77c\uae30 \uc27d\uac8c \ud55c\ub2e4. \ud480\ud0c0\uc785\uc758\n\uacf5\uaca9\uacfc \ud2b9\uc218\uacf5\uaca9\uc774 \uc624\ub978\ub2e4.", "language": {"name": "ko", "url": "https://pokeapi.co/api/v2/language/3/"}, "version_group": {"name": "omega-ruby-alpha-sapphire", "url": "https://pokeapi.co/api/v2/version-group/16/"}}, {"flavor_text": "Laboure le sol et le rend plus fertile.\nAugmente l\u2019Attaque et l\u2019Attaque Sp\u00e9ciale des\nPok\u00e9mon de type Plante.", "language": {"name": "fr", "url": "https://pokeapi.co/api/v2/language/5/"}, "version_group": {"name": "omega-ruby-alpha-sapphire", "url": "https://pokeapi.co/api/v2/version-group/16/"}}, {"flavor_text": "Der Anwender pfl\u00fcgt den Boden und macht\ndie Erde fruchtbarer. Erh\u00f6ht den Angriff und\nden Spezial-Angriff von Pflanzen-Pok\u00e9mon.", "language": {"name": "de", "url": "https://pokeapi.co/api/v2/language/6/"}, "version_group": {"name": "omega-ruby-alpha-sapphire", "url": "https://pokeapi.co/api/v2/version-group/16/"}}, {"flavor_text": "Labra la tierra haciendo que sea m\u00e1s f\u00e1cil cultivarla y \nconsigue que aumente el Ataque y el Ataque Especial \nde los Pok\u00e9mon de tipo Planta.", "language": {"name": "es", "url": "https://pokeapi.co/api/v2/language/7/"}, "version_group": {"name": "omega-ruby-alpha-sapphire", "url": "https://pokeapi.co/api/v2/version-group/16/"}}, {"flavor_text": "Chi la usa dissoda la terra per far crescere meglio\nl\u2019erba. Questa mossa aumenta l\u2019Attacco e\nl\u2019Attacco Speciale dei Pok\u00e9mon di tipo Erba.", "language": {"name": "it", "url": "https://pokeapi.co/api/v2/language/8/"}, "version_group": {"name": "omega-ruby-alpha-sapphire", "url": "https://pokeapi.co/api/v2/version-group/16/"}}, {"flavor_text": "Tilling the soil, the user makes it easier\nfor plants to grow. This raises the Attack\nand Sp. Atk stats of Grass-type Pok\u00e9mon.", "language": {"name": "en", "url": "https://pokeapi.co/api/v2/language/9/"}, "version_group": {"name": "omega-ruby-alpha-sapphire", "url": "https://pokeapi.co/api/v2/version-group/16/"}}, {"flavor_text": "\u5730\u9762\u3092\u3000\u8015\u3057\u3066\u3000\u8349\u6728\u304c\n\u80b2\u3061\u3084\u3059\u3044\u3088\u3046\u306b\u3059\u308b\u3002\u304f\u3055\u30bf\u30a4\u30d7\u306e\n\u653b\u6483\u3068\u3000\u7279\u653b\u304c\u3000\u3042\u304c\u308b\u3002", "language": {"name": "ja", "url": "https://pokeapi.co/api/v2/language/11/"}, "version_group": {"name": "omega-ruby-alpha-sapphire", "url": "https://pokeapi.co/api/v2/version-group/16/"}}, {"flavor_text": "\u3058\u3081\u3093\u3092\u3000\u305f\u304c\u3084\u3057\u3066\u3000\u304f\u3055\u304d\u304c\n\u305d\u3060\u3061\u3084\u3059\u3044\u3088\u3046\u306b\u3059\u308b\u3002\u3000\u304f\u3055\u30bf\u30a4\u30d7\u306e\n\u3053\u3046\u3052\u304d\u3068\u3000\u3068\u304f\u3053\u3046\u304c\u3000\u3042\u304c\u308b\u3002", "language": {"name": "ja-Hrkt", "url": "https://pokeapi.co/api/v2/language/1/"}, "version_group": {"name": "sun-moon", "url": "https://pokeapi.co/api/v2/version-group/17/"}}, {"flavor_text": "\ub545\uc744 \uc77c\uad6c\uc5b4 \ucd08\ubaa9\uc774\n\uc790\ub77c\uae30 \uc27d\uac8c \ud55c\ub2e4. \ud480\ud0c0\uc785\uc758\n\uacf5\uaca9\uacfc \ud2b9\uc218\uacf5\uaca9\uc774 \uc624\ub978\ub2e4.", "language": {"name": "ko", "url": "https://pokeapi.co/api/v2/language/3/"}, "version_group": {"name": "sun-moon", "url": "https://pokeapi.co/api/v2/version-group/17/"}}, {"flavor_text": "\u8015\u8018\u571f\u5730\uff0c\u8b93\u8349\u6728\u66f4\u5bb9\u6613\u6210\u9577\u3002\n\u53ef\u63d0\u9ad8\u8349\u5c6c\u6027\u5bf6\u53ef\u5922\u7684\u653b\u64ca\u548c\u7279\u653b\u3002", "language": {"name": "zh-Hant", "url": "https://pokeapi.co/api/v2/language/4/"}, "version_group": {"name": "sun-moon", "url": "https://pokeapi.co/api/v2/version-group/17/"}}, {"flavor_text": "Laboure le sol et le rend plus fertile.\nAugmente l\u2019Attaque et l\u2019Attaque Sp\u00e9ciale des\nPok\u00e9mon de type Plante.", "language": {"name": "fr", "url": "https://pokeapi.co/api/v2/language/5/"}, "version_group": {"name": "sun-moon", "url": "https://pokeapi.co/api/v2/version-group/17/"}}, {"flavor_text": "Der Anwender pfl\u00fcgt den Boden und macht die\nErde fruchtbarer. Erh\u00f6ht den Angriff und den\nSpezial-Angriff von Pflanzen-Pok\u00e9mon.", "language": {"name": "de", "url": "https://pokeapi.co/api/v2/language/6/"}, "version_group": {"name": "sun-moon", "url": "https://pokeapi.co/api/v2/version-group/17/"}}, {"flavor_text": "Labra la tierra haciendo que sea m\u00e1s f\u00e1cil cultivarla \ny consigue que aumente el Ataque y el\nAtaque Especial de los Pok\u00e9mon de tipo Planta.", "language": {"name": "es", "url": "https://pokeapi.co/api/v2/language/7/"}, "version_group": {"name": "sun-moon", "url": "https://pokeapi.co/api/v2/version-group/17/"}}, {"flavor_text": "Chi la usa dissoda la terra per far crescere meglio\nl\u2019erba. Questa mossa aumenta l\u2019Attacco e\nl\u2019Attacco Speciale dei Pok\u00e9mon di tipo Erba.", "language": {"name": "it", "url": "https://pokeapi.co/api/v2/language/8/"}, "version_group": {"name": "sun-moon", "url": "https://pokeapi.co/api/v2/version-group/17/"}}, {"flavor_text": "Tilling the soil, the user makes it easier for plants to\ngrow. This raises the Attack and Sp. Atk stats of\nGrass-type Pok\u00e9mon.", "language": {"name": "en", "url": "https://pokeapi.co/api/v2/language/9/"}, "version_group": {"name": "sun-moon", "url": "https://pokeapi.co/api/v2/version-group/17/"}}, {"flavor_text": "\u5730\u9762\u3092\u3000\u8015\u3057\u3066\u3000\u8349\u6728\u304c\n\u80b2\u3061\u3084\u3059\u3044\u3088\u3046\u306b\u3059\u308b\u3002\u3000\u304f\u3055\u30bf\u30a4\u30d7\u306e\n\u653b\u6483\u3068\u3000\u7279\u653b\u304c\u3000\u3042\u304c\u308b\u3002", "language": {"name": "ja", "url": "https://pokeapi.co/api/v2/language/11/"}, "version_group": {"name": "sun-moon", "url": "https://pokeapi.co/api/v2/version-group/17/"}}, {"flavor_text": "\u7ffb\u8015\u571f\u5730\uff0c\n\u4f7f\u8349\u6728\u66f4\u5bb9\u6613\u6210\u957f\u3002\n\u4f1a\u63d0\u9ad8\u8349\u5c5e\u6027\u5b9d\u53ef\u68a6\u7684\u653b\u51fb\u548c\u7279\u653b\u3002", "language": {"name": "zh-Hans", "url": "https://pokeapi.co/api/v2/language/12/"}, "version_group": {"name": "sun-moon", "url": "https://pokeapi.co/api/v2/version-group/17/"}}, {"flavor_text": "\u3058\u3081\u3093\u3092\u3000\u305f\u304c\u3084\u3057\u3066\u3000\u304f\u3055\u304d\u304c\n\u305d\u3060\u3061\u3084\u3059\u3044\u3088\u3046\u306b\u3059\u308b\u3002\u3000\u304f\u3055\u30bf\u30a4\u30d7\u306e\n\u3053\u3046\u3052\u304d\u3068\u3000\u3068\u304f\u3053\u3046\u304c\u3000\u3042\u304c\u308b\u3002", "language": {"name": "ja-Hrkt", "url": "https://pokeapi.co/api/v2/language/1/"}, "version_group": {"name": "ultra-sun-ultra-moon", "url": "https://pokeapi.co/api/v2/version-group/18/"}}, {"flavor_text": "\ub545\uc744 \uc77c\uad6c\uc5b4 \ucd08\ubaa9\uc774\n\uc790\ub77c\uae30 \uc27d\uac8c \ud55c\ub2e4. \ud480\ud0c0\uc785\uc758\n\uacf5\uaca9\uacfc \ud2b9\uc218\uacf5\uaca9\uc774 \uc624\ub978\ub2e4.", "language": {"name": "ko", "url": "https://pokeapi.co/api/v2/language/3/"}, "version_group": {"name": "ultra-sun-ultra-moon", "url": "https://pokeapi.co/api/v2/version-group/18/"}}, {"flavor_text": "\u8015\u8018\u571f\u5730\uff0c\u8b93\u8349\u6728\u66f4\u5bb9\u6613\u6210\u9577\u3002\n\u53ef\u63d0\u9ad8\u8349\u5c6c\u6027\u5bf6\u53ef\u5922\u7684\u653b\u64ca\u548c\u7279\u653b\u3002", "language": {"name": "zh-Hant", "url": "https://pokeapi.co/api/v2/language/4/"}, "version_group": {"name": "ultra-sun-ultra-moon", "url": "https://pokeapi.co/api/v2/version-group/18/"}}, {"flavor_text": "Laboure le sol et le rend plus fertile.\nAugmente l\u2019Attaque et l\u2019Attaque Sp\u00e9ciale des\nPok\u00e9mon de type Plante.", "language": {"name": "fr", "url": "https://pokeapi.co/api/v2/language/5/"}, "version_group": {"name": "ultra-sun-ultra-moon", "url": "https://pokeapi.co/api/v2/version-group/18/"}}, {"flavor_text": "Der Anwender pfl\u00fcgt den Boden und macht die\nErde fruchtbarer. Erh\u00f6ht den Angriff und den\nSpezial-Angriff von Pflanzen-Pok\u00e9mon.", "language": {"name": "de", "url": "https://pokeapi.co/api/v2/language/6/"}, "version_group": {"name": "ultra-sun-ultra-moon", "url": "https://pokeapi.co/api/v2/version-group/18/"}}, {"flavor_text": "Labra la tierra haciendo que sea m\u00e1s f\u00e1cil cultivarla \ny consigue que aumente el Ataque y el\nAtaque Especial de los Pok\u00e9mon de tipo Planta.", "language": {"name": "es", "url": "https://pokeapi.co/api/v2/language/7/"}, "version_group": {"name": "ultra-sun-ultra-moon", "url": "https://pokeapi.co/api/v2/version-group/18/"}}, {"flavor_text": "Chi la usa dissoda la terra per far crescere meglio\nl\u2019erba. Questa mossa aumenta l\u2019Attacco e\nl\u2019Attacco Speciale dei Pok\u00e9mon di tipo Erba.", "language": {"name": "it", "url": "https://pokeapi.co/api/v2/language/8/"}, "version_group": {"name": "ultra-sun-ultra-moon", "url": "https://pokeapi.co/api/v2/version-group/18/"}}, {"flavor_text": "Tilling the soil, the user makes it easier for plants to\ngrow. This raises the Attack and Sp. Atk stats of\nGrass-type Pok\u00e9mon.", "language": {"name": "en", "url": "https://pokeapi.co/api/v2/language/9/"}, "version_group": {"name": "ultra-sun-ultra-moon", "url": "https://pokeapi.co/api/v2/version-group/18/"}}, {"flavor_text": "\u5730\u9762\u3092\u3000\u8015\u3057\u3066\u3000\u8349\u6728\u304c\n\u80b2\u3061\u3084\u3059\u3044\u3088\u3046\u306b\u3059\u308b\u3002\u3000\u304f\u3055\u30bf\u30a4\u30d7\u306e\n\u653b\u6483\u3068\u3000\u7279\u653b\u304c\u3000\u3042\u304c\u308b\u3002", "language": {"name": "ja", "url": "https://pokeapi.co/api/v2/language/11/"}, "version_group": {"name": "ultra-sun-ultra-moon", "url": "https://pokeapi.co/api/v2/version-group/18/"}}, {"flavor_text": "\u7ffb\u8015\u571f\u5730\uff0c\n\u4f7f\u8349\u6728\u66f4\u5bb9\u6613\u6210\u957f\u3002\n\u4f1a\u63d0\u9ad8\u8349\u5c5e\u6027\u5b9d\u53ef\u68a6\u7684\u653b\u51fb\u548c\u7279\u653b\u3002", "language": {"name": "zh-Hans", "url": "https://pokeapi.co/api/v2/language/12/"}, "version_group": {"name": "ultra-sun-ultra-moon", "url": "https://pokeapi.co/api/v2/version-group/18/"}}, {"flavor_text": "\u3058\u3081\u3093\u3092\u3000\u305f\u304c\u3084\u3057\u3066\u3000\u304f\u3055\u304d\u304c\n\u305d\u3060\u3061\u3084\u3059\u3044\u3088\u3046\u306b\u3059\u308b\u3002\u3000\u304f\u3055\u30bf\u30a4\u30d7\u306e\n\u3053\u3046\u3052\u304d\u3068\u3000\u3068\u304f\u3053\u3046\u304c\u3000\u3042\u304c\u308b\u3002", "language": {"name": "ja-Hrkt", "url": "https://pokeapi.co/api/v2/language/1/"}, "version_group": {"name": "lets-go-pikachu-lets-go-eevee", "url": "https://pokeapi.co/api/v2/version-group/19/"}}, {"flavor_text": "\ub545\uc744 \uc77c\uad6c\uc5b4 \ucd08\ubaa9\uc774\n\uc790\ub77c\uae30 \uc27d\uac8c \ud55c\ub2e4. \ud480\ud0c0\uc785\uc758\n\uacf5\uaca9\uacfc \ud2b9\uc218\uacf5\uaca9\uc774 \uc624\ub978\ub2e4.", "language": {"name": "ko", "url": "https://pokeapi.co/api/v2/language/3/"}, "version_group": {"name": "lets-go-pikachu-lets-go-eevee", "url": "https://pokeapi.co/api/v2/version-group/19/"}}, {"flavor_text": "\u8015\u8018\u571f\u5730\uff0c\u8b93\u8349\u6728\u66f4\u5bb9\u6613\u6210\u9577\u3002\n\u53ef\u63d0\u9ad8\u8349\u5c6c\u6027\u5bf6\u53ef\u5922\u7684\u653b\u64ca\u548c\u7279\u653b\u3002", "language": {"name": "zh-Hant", "url": "https://pokeapi.co/api/v2/language/4/"}, "version_group": {"name": "lets-go-pikachu-lets-go-eevee", "url": "https://pokeapi.co/api/v2/version-group/19/"}}, {"flavor_text": "Laboure le sol et le rend plus fertile.\nAugmente l\u2019Attaque et l\u2019Attaque Sp\u00e9ciale\ndes Pok\u00e9mon de type Plante.", "language": {"name": "fr", "url": "https://pokeapi.co/api/v2/language/5/"}, "version_group": {"name": "lets-go-pikachu-lets-go-eevee", "url": "https://pokeapi.co/api/v2/version-group/19/"}}, {"flavor_text": "Der Anwender pfl\u00fcgt den Boden und macht die\nErde fruchtbarer. Erh\u00f6ht den Angriff und den\nSpezial-Angriff von Pflanzen-Pok\u00e9mon.", "language": {"name": "de", "url": "https://pokeapi.co/api/v2/language/6/"}, "version_group": {"name": "lets-go-pikachu-lets-go-eevee", "url": "https://pokeapi.co/api/v2/version-group/19/"}}, {"flavor_text": "Labra la tierra haciendo que sea m\u00e1s f\u00e1cil cultivarla \ny consigue que aumente el Ataque y el\nAtaque Especial de los Pok\u00e9mon de tipo Planta.", "language": {"name": "es", "url": "https://pokeapi.co/api/v2/language/7/"}, "version_group": {"name": "lets-go-pikachu-lets-go-eevee", "url": "https://pokeapi.co/api/v2/version-group/19/"}}, {"flavor_text": "Chi la usa dissoda la terra per far crescere meglio\nl\u2019erba. Questa mossa aumenta l\u2019Attacco e\nl\u2019Attacco Speciale dei Pok\u00e9mon di tipo Erba.", "language": {"name": "it", "url": "https://pokeapi.co/api/v2/language/8/"}, "version_group": {"name": "lets-go-pikachu-lets-go-eevee", "url": "https://pokeapi.co/api/v2/version-group/19/"}}, {"flavor_text": "Tilling the soil, the user makes it easier for plants to\ngrow. This raises the Attack and Sp. Atk stats of\nGrass-type Pok\u00e9mon.", "language": {"name": "en", "url": "https://pokeapi.co/api/v2/language/9/"}, "version_group": {"name": "lets-go-pikachu-lets-go-eevee", "url": "https://pokeapi.co/api/v2/version-group/19/"}}, {"flavor_text": "\u5730\u9762\u3092\u3000\u8015\u3057\u3066\u3000\u8349\u6728\u304c\n\u80b2\u3061\u3084\u3059\u3044\u3088\u3046\u306b\u3059\u308b\u3002\u3000\u304f\u3055\u30bf\u30a4\u30d7\u306e\n\u653b\u6483\u3068\u3000\u7279\u653b\u304c\u3000\u3042\u304c\u308b\u3002", "language": {"name": "ja", "url": "https://pokeapi.co/api/v2/language/11/"}, "version_group": {"name": "lets-go-pikachu-lets-go-eevee", "url": "https://pokeapi.co/api/v2/version-group/19/"}}, {"flavor_text": "\u7ffb\u8015\u571f\u5730\uff0c\n\u4f7f\u8349\u6728\u66f4\u5bb9\u6613\u6210\u957f\u3002\n\u4f1a\u63d0\u9ad8\u8349\u5c5e\u6027\u5b9d\u53ef\u68a6\u7684\u653b\u51fb\u548c\u7279\u653b\u3002", "language": {"name": "zh-Hans", "url": "https://pokeapi.co/api/v2/language/12/"}, "version_group": {"name": "lets-go-pikachu-lets-go-eevee", "url": "https://pokeapi.co/api/v2/version-group/19/"}}, {"flavor_text": "\u3053\u306e\u308f\u3056\u306f\u3000\u3064\u304b\u3048\u307e\u305b\u3093\n\u304a\u3082\u3044\u3060\u3059\u3053\u3068\u304c\u3000\u3067\u304d\u306a\u304f\u306a\u308a\u307e\u3059\u304c\n\u308f\u3056\u3092\u3000\u308f\u3059\u308c\u308b\u3053\u3068\u3092\u3000\u304a\u3059\u3059\u3081\u3057\u307e\u3059", "language": {"name": "ja-Hrkt", "url": "https://pokeapi.co/api/v2/language/1/"}, "version_group": {"name": "sword-shield", "url": "https://pokeapi.co/api/v2/version-group/20/"}}, {"flavor_text": "\uc0ac\uc6a9\ud560 \uc218 \uc5c6\ub294 \uae30\uc220\uc785\ub2c8\ub2e4.\n\ub2e4\uc2dc \ubc30\uc6b0\uac8c \ud560 \uc218 \uc5c6\uc9c0\ub9cc\n\uae30\uc220\uc744 \uc78a\uac8c \ud558\ub294 \uac83\uc744 \uad8c\uc7a5\ud569\ub2c8\ub2e4.", "language": {"name": "ko", "url": "https://pokeapi.co/api/v2/language/3/"}, "version_group": {"name": "sword-shield", "url": "https://pokeapi.co/api/v2/version-group/20/"}}, {"flavor_text": "\u7121\u6cd5\u4f7f\u7528\u6b64\u62db\u5f0f\u3002\n\u96d6\u7136\u5fd8\u8a18\u5f8c\u5c07\u7121\u6cd5\u518d\u60f3\u8d77\u4f86\uff0c\n\u4f46\u9084\u662f\u5efa\u8b70\u5fd8\u8a18\u6b64\u62db\u5f0f\u3002", "language": {"name": "zh-Hant", "url": "https://pokeapi.co/api/v2/language/4/"}, "version_group": {"name": "sword-shield", "url": "https://pokeapi.co/api/v2/version-group/20/"}}, {"flavor_text": "Cette capacit\u00e9 ne peut pas \u00eatre utilis\u00e9e.\nIl est recommand\u00e9 de l\u2019oublier, m\u00eame s\u2019il sera\nimpossible de se la rem\u00e9morer une fois oubli\u00e9e.", "language": {"name": "fr", "url": "https://pokeapi.co/api/v2/language/5/"}, "version_group": {"name": "sword-shield", "url": "https://pokeapi.co/api/v2/version-group/20/"}}, {"flavor_text": "Diese Attacke kann nicht eingesetzt werden. Du solltest\ndein Pok\u00e9mon sie vergessen lassen. Beachte aber,\ndass es sich danach nicht wieder an sie erinnern kann.", "language": {"name": "de", "url": "https://pokeapi.co/api/v2/language/6/"}, "version_group": {"name": "sword-shield", "url": "https://pokeapi.co/api/v2/version-group/20/"}}, {"flavor_text": "Este movimiento no se puede usar, por lo que ser\u00eda\nmejor olvidarlo, aunque eso implique que no se pueda\nrecordar posteriormente.", "language": {"name": "es", "url": "https://pokeapi.co/api/v2/language/7/"}, "version_group": {"name": "sword-shield", "url": "https://pokeapi.co/api/v2/version-group/20/"}}, {"flavor_text": "Questa mossa non pu\u00f2 essere usata.\n\u00c8 consigliabile farla dimenticare al Pok\u00e9mon. Tuttavia,\nuna volta dimenticata, non potr\u00e0 pi\u00f9 essere ricordata.", "language": {"name": "it", "url": "https://pokeapi.co/api/v2/language/8/"}, "version_group": {"name": "sword-shield", "url": "https://pokeapi.co/api/v2/version-group/20/"}}, {"flavor_text": "This move can\u2019t be used.\nIt\u2019s recommended that this move is forgotten.\nOnce forgotten, this move can\u2019t be remembered.", "language": {"name": "en", "url": "https://pokeapi.co/api/v2/language/9/"}, "version_group": {"name": "sword-shield", "url": "https://pokeapi.co/api/v2/version-group/20/"}}, {"flavor_text": "\u3053\u306e\u6280\u306f\u3000\u4f7f\u3048\u307e\u305b\u3093\n\u601d\u3044\u51fa\u3059\u3053\u3068\u304c\u3000\u3067\u304d\u306a\u304f\u306a\u308a\u307e\u3059\u304c\n\u6280\u3092\u3000\u5fd8\u308c\u308b\u3053\u3068\u3092\u3000\u304a\u3059\u3059\u3081\u3057\u307e\u3059", "language": {"name": "ja", "url": "https://pokeapi.co/api/v2/language/11/"}, "version_group": {"name": "sword-shield", "url": "https://pokeapi.co/api/v2/version-group/20/"}}, {"flavor_text": "\u65e0\u6cd5\u4f7f\u7528\u8fd9\u4e2a\u62db\u5f0f\u3002\n\u867d\u7136\u5fd8\u8bb0\u4e4b\u540e\u5c31\u518d\u4e5f\u60f3\u4e0d\u8d77\u6765\u4e86\uff0c\n\u4f46\u8fd8\u662f\u5efa\u8bae\u5fd8\u8bb0\u8fd9\u4e2a\u62db\u5f0f\u3002", "language": {"name": "zh-Hans", "url": "https://pokeapi.co/api/v2/language/12/"}, "version_group": {"name": "sword-shield", "url": "https://pokeapi.co/api/v2/version-group/20/"}}], "generation": {"name": "generation-vi", "url": "https://pokeapi.co/api/v2/generation/6/"}, "id": 563, "learned_by_pokemon": [{"name": "sandshrew", "url": "https://pokeapi.co/api/v2/pokemon/27/"}, {"name": "paras", "url": "https://pokeapi.co/api/v2/pokemon/46/"}, {"name": "dugtrio", "url": "https://pokeapi.co/api/v2/pokemon/51/"}, {"name": "onix", "url": "https://pokeapi.co/api/v2/pokemon/95/"}, {"name": "rhyhorn", "url": "https://pokeapi.co/api/v2/pokemon/111/"}, {"name": "linoone", "url": "https://pokeapi.co/api/v2/pokemon/264/"}, {"name": "cacnea", "url": "https://pokeapi.co/api/v2/pokemon/331/"}, {"name": "bibarel", "url": "https://pokeapi.co/api/v2/pokemon/400/"}, {"name": "lopunny", "url": "https://pokeapi.co/api/v2/pokemon/428/"}, {"name": "watchog", "url": "https://pokeapi.co/api/v2/pokemon/505/"}, {"name": "excadrill", "url": "https://pokeapi.co/api/v2/pokemon/530/"}, {"name": "dwebble", "url": "https://pokeapi.co/api/v2/pokemon/557/"}, {"name": "diggersby", "url": "https://pokeapi.co/api/v2/pokemon/660/"}, {"name": "mudbray", "url": "https://pokeapi.co/api/v2/pokemon/749/"}, {"name": "mudsdale", "url": "https://pokeapi.co/api/v2/pokemon/750/"}, {"name": "tapu-bulu", "url": "https://pokeapi.co/api/v2/pokemon/787/"}, {"name": "lopunny-mega", "url": "https://pokeapi.co/api/v2/pokemon/10088/"}, {"name": "pikachu-sinnoh-cap", "url": "https://pokeapi.co/api/v2/pokemon/10096/"}, {"name": "dugtrio-alola", "url": "https://pokeapi.co/api/v2/pokemon/10106/"}], "machines": [], "meta": {"ailment": {"name": "none", "url": "https://pokeapi.co/api/v2/move-ailment/0/"}, "ailment_chance": 0, "category": {"name": "net-good-stats", "url": "https://pokeapi.co/api/v2/move-category/2/"}, "crit_rate": 0, "drain": 0, "flinch_chance": 0, "healing": 0, "max_hits": null, "max_turns": null, "min_hits": null, "min_turns": null, "stat_chance": 100}, "name": "rototiller", "names": [{"language": {"name": "ja-Hrkt", "url": "https://pokeapi.co/api/v2/language/1/"}, "name": "\u305f\u304c\u3084\u3059"}, {"language": {"name": "ko", "url": "https://pokeapi.co/api/v2/language/3/"}, "name": "\uc77c\uad6c\uae30"}, {"language": {"name": "zh-Hant", "url": "https://pokeapi.co/api/v2/language/4/"}, "name": "\u8015\u5730"}, {"language": {"name": "fr", "url": "https://pokeapi.co/api/v2/language/5/"}, "name": "Fertilisation"}, {"language": {"name": "de", "url": "https://pokeapi.co/api/v2/language/6/"}, "name": "Pfl\u00fcger"}, {"language": {"name": "es", "url": "https://pokeapi.co/api/v2/language/7/"}, "name": "Fertilizante"}, {"language": {"name": "it", "url": "https://pokeapi.co/api/v2/language/8/"}, "name": "Aracampo"}, {"language": {"name": "en", "url": "https://pokeapi.co/api/v2/language/9/"}, "name": "Rototiller"}, {"language": {"name": "ja", "url": "https://pokeapi.co/api/v2/language/11/"}, "name": "\u305f\u304c\u3084\u3059"}, {"language": {"name": "zh-Hans", "url": "https://pokeapi.co/api/v2/language/12/"}, "name": "\u8015\u5730"}], "past_values": [], "power": null, "pp": 10, "priority": 0, "stat_changes": [{"change": 1, "stat": {"name": "attack", "url": "https://pokeapi.co/api/v2/stat/2/"}}, {"change": 1, "stat": {"name": "special-attack", "url": "https://pokeapi.co/api/v2/stat/4/"}}], "super_contest_effect": null, "target": {"name": "all-pokemon", "url": "https://pokeapi.co/api/v2/move-target/14/"}, "type": {"name": "ground", "url": "https://pokeapi.co/api/v2/type/5/"}}