{"accuracy": null, "contest_combos": null, "contest_effect": null, "contest_type": null, "damage_class": {"name": "status", "url": "https://pokeapi.co/api/v2/move-damage-class/1/"}, "effect_chance": null, "effect_changes": [], "effect_entries": [], "flavor_text_entries": [], "generation": {"name": "generation-viii", "url": "https://pokeapi.co/api/v2/generation/8/"}, "id": 842, "learned_by_pokemon": [{"name": "sliggoo-hisui", "url": "https://pokeapi.co/api/v2/pokemon/10241/"}, {"name": "goodra-hisui", "url": "https://pokeapi.co/api/v2/pokemon/10242/"}], "machines": [], "meta": null, "name": "shelter", "names": [{"language": {"name": "ja-Hrkt", "url": "https://pokeapi.co/api/v2/language/1/"}, "name": "\u305f\u3066\u3053\u3082\u308b"}, {"language": {"name": "zh-Hant", "url": "https://pokeapi.co/api/v2/language/4/"}, "name": "\u95ed\u5173"}, {"language": {"name": "it", "url": "https://pokeapi.co/api/v2/language/8/"}, "name": "Barricata"}, {"language": {"name": "en", "url": "https://pokeapi.co/api/v2/language/9/"}, "name": "Shelter"}, {"language": {"name": "ja", "url": "https://pokeapi.co/api/v2/language/11/"}, "name": "\u305f\u3066\u3053\u3082\u308b"}], "past_values": [], "power": 0, "pp": 10, "priority": 0, "stat_changes": [], "super_contest_effect": null, "target": {"name": "user", "url": "https://pokeapi.co/api/v2/move-target/7/"}, "type": {"name": "steel", "url": "https://pokeapi.co/api/v2/type/9/"}}