{"accuracy": null, "contest_combos": null, "contest_effect": null, "contest_type": null, "damage_class": {"name": "physical", "url": "https://pokeapi.co/api/v2/move-damage-class/2/"}, "effect_chance": null, "effect_changes": [], "effect_entries": [{"effect": "Inflicts regular damage.", "language": {"name": "en", "url": "https://pokeapi.co/api/v2/language/9/"}, "short_effect": "Inflicts regular damage with no additional effect."}], "flavor_text_entries": [{"flavor_text": "\uff3a\u30d1\u30ef\u30fc\u3067\u3000\u7121\u6570\u306e\u3000\u77e2\u3092\u3000\u4f5c\u308a\u3060\u3057\u305f\n\u30b8\u30e5\u30ca\u30a4\u30d1\u30fc\u304c\u3000\u5168\u529b\u3067\n\u76f8\u624b\u3092\u3000\u5c04\u629c\u304f\u3000\u653b\u6483\u3002", "language": {"name": "ja", "url": "https://pokeapi.co/api/v2/language/11/"}, "version_group": {"name": "sun-moon", "url": "https://pokeapi.co/api/v2/version-group/17/"}}, {"flavor_text": "\uff3a\u30d1\u30ef\u30fc\u3067\u3000\u3080\u3059\u3046\u306e\u3000\u3084\u3092\u3000\u3064\u304f\u308a\u3060\u3057\u305f\n\u30b8\u30e5\u30ca\u30a4\u30d1\u30fc\u304c\u3000\u305c\u3093\u308a\u3087\u304f\u3067\n\u3042\u3044\u3066\u3092\u3000\u3044\u306c\u304f\u3000\u3053\u3046\u3052\u304d\u3002", "language": {"name": "ja-Hrkt", "url": "https://pokeapi.co/api/v2/language/1/"}, "version_group": {"name": "sun-moon", "url": "https://pokeapi.co/api/v2/version-group/17/"}}, {"flavor_text": "Z\ud30c\uc6cc\ub85c \ubb34\uc218\ud55c \ud654\uc0b4\uc744 \ub9cc\ub4e4\uc5b4\ub0b8\n\ubaa8\ud06c\ub098\uc774\ud37c\uac00 \uc804\ub825\uc73c\ub85c\n\uc0c1\ub300\ub97c \uaff0\ub6ab\ub294 \uacf5\uaca9\uc774\ub2e4.", "language": {"name": "ko", "url": "https://pokeapi.co/api/v2/language/3/"}, "version_group": {"name": "sun-moon", "url": "https://pokeapi.co/api/v2/version-group/17/"}}, {"flavor_text": "\u900f\u904e\uff3a\u529b\u91cf\u88fd\u9020\u51fa\n\u7121\u6578\u7bad\u7684\u72d9\u5c04\u6a39\u689f\n\u5168\u529b\u5c04\u7a7f\u5c0d\u624b\u9032\u884c\u653b\u64ca\u3002", "language": {"name": "zh-Hant", "url": "https://pokeapi.co/api/v2/language/4/"}, "version_group": {"name": "sun-moon", "url": "https://pokeapi.co/api/v2/version-group/17/"}}, {"flavor_text": "Arch\u00e9duc utilise la Force Z pour cr\u00e9er un nuage de\nfl\u00e8ches qui transpercent la cible.", "language": {"name": "fr", "url": "https://pokeapi.co/api/v2/language/5/"}, "version_group": {"name": "sun-moon", "url": "https://pokeapi.co/api/v2/version-group/17/"}}, {"flavor_text": "Silvarro stellt mit Z-Kraft unz\u00e4hlige Pfeile her und\nl\u00e4sst diese auf das Ziel niederprasseln.", "language": {"name": "de", "url": "https://pokeapi.co/api/v2/language/6/"}, "version_group": {"name": "sun-moon", "url": "https://pokeapi.co/api/v2/version-group/17/"}}, {"flavor_text": "Decidueye usa el Poder Z para proyectar multitud de\nflechas potent\u00edsimas que atraviesan a su oponente.", "language": {"name": "es", "url": "https://pokeapi.co/api/v2/language/7/"}, "version_group": {"name": "sun-moon", "url": "https://pokeapi.co/api/v2/version-group/17/"}}, {"flavor_text": "Grazie al Potere Z, Decidueye crea una formazione\ndi frecce che colpisce il bersaglio a gran velocit\u00e0.", "language": {"name": "it", "url": "https://pokeapi.co/api/v2/language/8/"}, "version_group": {"name": "sun-moon", "url": "https://pokeapi.co/api/v2/version-group/17/"}}, {"flavor_text": "The user, Decidueye, creates countless arrows\nusing its Z-Power and shoots the target with\nfull force.", "language": {"name": "en", "url": "https://pokeapi.co/api/v2/language/9/"}, "version_group": {"name": "sun-moon", "url": "https://pokeapi.co/api/v2/version-group/17/"}}, {"flavor_text": "\u901a\u8fc7\uff3a\u529b\u91cf\u5236\u9020\u51fa\n\u65e0\u6570\u7bad\u7684\u72d9\u5c04\u6811\u67ad\n\u5c06\u5168\u529b\u5c04\u7a7f\u5bf9\u624b\u8fdb\u884c\u653b\u51fb\u3002", "language": {"name": "zh-Hans", "url": "https://pokeapi.co/api/v2/language/12/"}, "version_group": {"name": "sun-moon", "url": "https://pokeapi.co/api/v2/version-group/17/"}}, {"flavor_text": "\uff3a\u30d1\u30ef\u30fc\u3067\u3000\u3080\u3059\u3046\u306e\u3000\u3084\u3092\u3000\u3064\u304f\u308a\u3060\u3057\u305f\n\u30b8\u30e5\u30ca\u30a4\u30d1\u30fc\u304c\u3000\u305c\u3093\u308a\u3087\u304f\u3067\n\u3042\u3044\u3066\u3092\u3000\u3044\u306c\u304f\u3000\u3053\u3046\u3052\u304d\u3002", "language": {"name": "ja-Hrkt", "url": "https://pokeapi.co/api/v2/language/1/"}, "version_group": {"name": "ultra-sun-ultra-moon", "url": "https://pokeapi.co/api/v2/version-group/18/"}}, {"flavor_text": "Z\ud30c\uc6cc\ub85c \ubb34\uc218\ud55c \ud654\uc0b4\uc744 \ub9cc\ub4e4\uc5b4\ub0b8\n\ubaa8\ud06c\ub098\uc774\ud37c\uac00 \uc804\ub825\uc73c\ub85c\n\uc0c1\ub300\ub97c \uaff0\ub6ab\ub294 \uacf5\uaca9\uc774\ub2e4.", "language": {"name": "ko", "url": "https://pokeapi.co/api/v2/language/3/"}, "version_group": {"name": "ultra-sun-ultra-moon", "url": "https://pokeapi.co/api/v2/version-group/18/"}}, {"flavor_text": "\u900f\u904e\uff3a\u529b\u91cf\u88fd\u9020\u51fa\n\u7121\u6578\u7bad\u7684\u72d9\u5c04\u6a39\u689f\n\u5168\u529b\u5c04\u7a7f\u5c0d\u624b\u9032\u884c\u653b\u64ca\u3002", "language": {"name": "zh-Hant", "url": "https://pokeapi.co/api/v2/language/4/"}, "version_group": {"name": "ultra-sun-ultra-moon", "url": "https://pokeapi.co/api/v2/version-group/18/"}}, {"flavor_text": "Arch\u00e9duc utilise la Force Z pour cr\u00e9er un nuage de\nfl\u00e8ches qui transpercent la cible.", "language": {"name": "fr", "url": "https://pokeapi.co/api/v2/language/5/"}, "version_group": {"name": "ultra-sun-ultra-moon", "url": "https://pokeapi.co/api/v2/version-group/18/"}}, {"flavor_text": "Silvarro stellt mit Z-Kraft unz\u00e4hlige Pfeile her und\nl\u00e4sst diese auf das Ziel niederprasseln.", "language": {"name": "de", "url": "https://pokeapi.co/api/v2/language/6/"}, "version_group": {"name": "ultra-sun-ultra-moon", "url": "https://pokeapi.co/api/v2/version-group/18/"}}, {"flavor_text": "Decidueye usa el Poder Z para proyectar multitud de\nflechas potent\u00edsimas que atraviesan a su oponente.", "language": {"name": "es", "url": "https://pokeapi.co/api/v2/language/7/"}, "version_group": {"name": "ultra-sun-ultra-moon", "url": "https://pokeapi.co/api/v2/version-group/18/"}}, {"flavor_text": "Grazie al Potere Z, Decidueye crea una formazione\ndi frecce che colpisce il bersaglio a gran velocit\u00e0.", "language": {"name": "it", "url": "https://pokeapi.co/api/v2/language/8/"}, "version_group": {"name": "ultra-sun-ultra-moon", "url": "https://pokeapi.co/api/v2/version-group/18/"}}, {"flavor_text": "The user, Decidueye, creates countless arrows\nusing its Z-Power and shoots the target with\nfull force.", "language": {"name": "en", "url": "https://pokeapi.co/api/v2/language/9/"}, "version_group": {"name": "ultra-sun-ultra-moon", "url": "https://pokeapi.co/api/v2/version-group/18/"}}, {"flavor_text": "\uff3a\u30d1\u30ef\u30fc\u3067\u3000\u7121\u6570\u306e\u3000\u77e2\u3092\u3000\u4f5c\u308a\u3060\u3057\u305f\n\u30b8\u30e5\u30ca\u30a4\u30d1\u30fc\u304c\u3000\u5168\u529b\u3067\n\u76f8\u624b\u3092\u3000\u5c04\u629c\u304f\u3000\u653b\u6483\u3002", "language": {"name": "ja", "url": "https://pokeapi.co/api/v2/language/11/"}, "version_group": {"name": "ultra-sun-ultra-moon", "url": "https://pokeapi.co/api/v2/version-group/18/"}}, {"flavor_text": "\u901a\u8fc7\uff3a\u529b\u91cf\u5236\u9020\u51fa\n\u65e0\u6570\u7bad\u7684\u72d9\u5c04\u6811\u67ad\n\u5c06\u5168\u529b\u5c04\u7a7f\u5bf9\u624b\u8fdb\u884c\u653b\u51fb\u3002", "language": {"name": "zh-Hans", "url": "https://pokeapi.co/api/v2/language/12/"}, "version_group": {"name": "ultra-sun-ultra-moon", "url": "https://pokeapi.co/api/v2/version-group/18/"}}, {"flavor_text": "\uff3a\u30d1\u30ef\u30fc\u3067\u3000\u3080\u3059\u3046\u306e\u3000\u3084\u3092\u3000\u3064\u304f\u308a\u3060\u3057\u305f\n\u30b8\u30e5\u30ca\u30a4\u30d1\u30fc\u304c\u3000\u305c\u3093\u308a\u3087\u304f\u3067\n\u3042\u3044\u3066\u3092\u3000\u3044\u306c\u304f\u3000\u3053\u3046\u3052\u304d\u3002", "language": {"name": "ja-Hrkt", "url": "https://pokeapi.co/api/v2/language/1/"}, "version_group": {"name": "lets-go-pikachu-lets-go-eevee", "url": "https://pokeapi.co/api/v2/version-group/19/"}}, {"flavor_text": "Z\ud30c\uc6cc\ub85c \ubb34\uc218\ud55c \ud654\uc0b4\uc744 \ub9cc\ub4e4\uc5b4\ub0b8\n\ubaa8\ud06c\ub098\uc774\ud37c\uac00 \uc804\ub825\uc73c\ub85c\n\uc0c1\ub300\ub97c \uaff0\ub6ab\ub294 \uacf5\uaca9\uc774\ub2e4.", "language": {"name": "ko", "url": "https://pokeapi.co/api/v2/language/3/"}, "version_group": {"name": "lets-go-pikachu-lets-go-eevee", "url": "https://pokeapi.co/api/v2/version-group/19/"}}, {"flavor_text": "\u900f\u904e\uff3a\u529b\u91cf\u88fd\u9020\u51fa\n\u7121\u6578\u7bad\u7684\u72d9\u5c04\u6a39\u689f\n\u5168\u529b\u5c04\u7a7f\u5c0d\u624b\u9032\u884c\u653b\u64ca\u3002", "language": {"name": "zh-Hant", "url": "https://pokeapi.co/api/v2/language/4/"}, "version_group": {"name": "lets-go-pikachu-lets-go-eevee", "url": "https://pokeapi.co/api/v2/version-group/19/"}}, {"flavor_text": "Arch\u00e9duc utilise la Force Z pour cr\u00e9er un nuage de fl\u00e8ches\nqui transpercent la cible.", "language": {"name": "fr", "url": "https://pokeapi.co/api/v2/language/5/"}, "version_group": {"name": "lets-go-pikachu-lets-go-eevee", "url": "https://pokeapi.co/api/v2/version-group/19/"}}, {"flavor_text": "Silvarro stellt mit Z-Kraft unz\u00e4hlige Pfeile her und\nl\u00e4sst diese auf das Ziel niederprasseln.", "language": {"name": "de", "url": "https://pokeapi.co/api/v2/language/6/"}, "version_group": {"name": "lets-go-pikachu-lets-go-eevee", "url": "https://pokeapi.co/api/v2/version-group/19/"}}, {"flavor_text": "Decidueye usa el Poder Z para proyectar multitud de\nflechas potent\u00edsimas que atraviesan a su oponente.", "language": {"name": "es", "url": "https://pokeapi.co/api/v2/language/7/"}, "version_group": {"name": "lets-go-pikachu-lets-go-eevee", "url": "https://pokeapi.co/api/v2/version-group/19/"}}, {"flavor_text": "Grazie al Potere Z, Decidueye crea una formazione\ndi frecce che colpisce il bersaglio a gran velocit\u00e0.", "language": {"name": "it", "url": "https://pokeapi.co/api/v2/language/8/"}, "version_group": {"name": "lets-go-pikachu-lets-go-eevee", "url": "https://pokeapi.co/api/v2/version-group/19/"}}, {"flavor_text": "The user, Decidueye, creates countless arrows\nusing its Z-Power and shoots the target with\nfull force.", "language": {"name": "en", "url": "https://pokeapi.co/api/v2/language/9/"}, "version_group": {"name": "lets-go-pikachu-lets-go-eevee", "url": "https://pokeapi.co/api/v2/version-group/19/"}}, {"flavor_text": "\uff3a\u30d1\u30ef\u30fc\u3067\u3000\u7121\u6570\u306e\u3000\u77e2\u3092\u3000\u4f5c\u308a\u3060\u3057\u305f\n\u30b8\u30e5\u30ca\u30a4\u30d1\u30fc\u304c\u3000\u5168\u529b\u3067\n\u76f8\u624b\u3092\u3000\u5c04\u629c\u304f\u3000\u653b\u6483\u3002", "language": {"name": "ja", "url": "https://pokeapi.co/api/v2/language/11/"}, "version_group": {"name": "lets-go-pikachu-lets-go-eevee", "url": "https://pokeapi.co/api/v2/version-group/19/"}}, {"flavor_text": "\u901a\u8fc7\uff3a\u529b\u91cf\u5236\u9020\u51fa\n\u65e0\u6570\u7bad\u7684\u72d9\u5c04\u6811\u67ad\n\u5c06\u5168\u529b\u5c04\u7a7f\u5bf9\u624b\u8fdb\u884c\u653b\u51fb\u3002", "language": {"name": "zh-Hans", "url": "https://pokeapi.co/api/v2/language/12/"}, "version_group": {"name": "lets-go-pikachu-lets-go-eevee", "url": "https://pokeapi.co/api/v2/version-group/19/"}}, {"flavor_text": "\u3053\u306e\u308f\u3056\u306f\u3000\u3064\u304b\u3048\u307e\u305b\u3093\n\u304a\u3082\u3044\u3060\u3059\u3053\u3068\u304c\u3000\u3067\u304d\u306a\u304f\u306a\u308a\u307e\u3059\u304c\n\u308f\u3056\u3092\u3000\u308f\u3059\u308c\u308b\u3053\u3068\u3092\u3000\u304a\u3059\u3059\u3081\u3057\u307e\u3059", "language": {"name": "ja-Hrkt", "url": "https://pokeapi.co/api/v2/language/1/"}, "version_group": {"name": "sword-shield", "url": "https://pokeapi.co/api/v2/version-group/20/"}}, {"flavor_text": "\uc0ac\uc6a9\ud560 \uc218 \uc5c6\ub294 \uae30\uc220\uc785\ub2c8\ub2e4.\n\ub2e4\uc2dc \ubc30\uc6b0\uac8c \ud560 \uc218 \uc5c6\uc9c0\ub9cc\n\uae30\uc220\uc744 \uc78a\uac8c \ud558\ub294 \uac83\uc744 \uad8c\uc7a5\ud569\ub2c8\ub2e4.", "language": {"name": "ko", "url": "https://pokeapi.co/api/v2/language/3/"}, "version_group": {"name": "sword-shield", "url": "https://pokeapi.co/api/v2/version-group/20/"}}, {"flavor_text": "\u7121\u6cd5\u4f7f\u7528\u6b64\u62db\u5f0f\u3002\n\u96d6\u7136\u5fd8\u8a18\u5f8c\u5c07\u7121\u6cd5\u518d\u60f3\u8d77\u4f86\uff0c\n\u4f46\u9084\u662f\u5efa\u8b70\u5fd8\u8a18\u6b64\u62db\u5f0f\u3002", "language": {"name": "zh-Hant", "url": "https://pokeapi.co/api/v2/language/4/"}, "version_group": {"name": "sword-shield", "url": "https://pokeapi.co/api/v2/version-group/20/"}}, {"flavor_text": "Cette capacit\u00e9 ne peut pas \u00eatre utilis\u00e9e.\nIl est recommand\u00e9 de l\u2019oublier, m\u00eame s\u2019il sera\nimpossible de se la rem\u00e9morer une fois oubli\u00e9e.", "language": {"name": "fr", "url": "https://pokeapi.co/api/v2/language/5/"}, "version_group": {"name": "sword-shield", "url": "https://pokeapi.co/api/v2/version-group/20/"}}, {"flavor_text": "Diese Attacke kann nicht eingesetzt werden. Du solltest\ndein Pok\u00e9mon sie vergessen lassen. Beachte aber,\ndass es sich danach nicht wieder an sie erinnern kann.", "language": {"name": "de", "url": "https://pokeapi.co/api/v2/language/6/"}, "version_group": {"name": "sword-shield", "url": "https://pokeapi.co/api/v2/version-group/20/"}}, {"flavor_text": "Este movimiento no se puede usar, por lo que ser\u00eda\nmejor olvidarlo, aunque eso implique que no se pueda\nrecordar posteriormente.", "language": {"name": "es", "url": "https://pokeapi.co/api/v2/language/7/"}, "version_group": {"name": "sword-shield", "url": "https://pokeapi.co/api/v2/version-group/20/"}}, {"flavor_text": "Questa mossa non pu\u00f2 essere usata.\n\u00c8 consigliabile farla dimenticare al Pok\u00e9mon. Tuttavia,\nuna volta dimenticata, non potr\u00e0 pi\u00f9 essere ricordata.", "language": {"name": "it", "url": "https://pokeapi.co/api/v2/language/8/"}, "version_group": {"name": "sword-shield", "url": "https://pokeapi.co/api/v2/version-group/20/"}}, {"flavor_text": "This move can\u2019t be used.\nIt\u2019s recommended that this move is forgotten.\nOnce forgotten, this move can\u2019t be remembered.", "language": {"name": "en", "url": "https://pokeapi.co/api/v2/language/9/"}, "version_group": {"name": "sword-shield", "url": "https://pokeapi.co/api/v2/version-group/20/"}}, {"flavor_text": "\u3053\u306e\u6280\u306f\u3000\u4f7f\u3048\u307e\u305b\u3093\n\u601d\u3044\u51fa\u3059\u3053\u3068\u304c\u3000\u3067\u304d\u306a\u304f\u306a\u308a\u307e\u3059\u304c\n\u6280\u3092\u3000\u5fd8\u308c\u308b\u3053\u3068\u3092\u3000\u304a\u3059\u3059\u3081\u3057\u307e\u3059", "language": {"name": "ja", "url": "https://pokeapi.co/api/v2/language/11/"}, "version_group": {"name": "sword-shield", "url": "https://pokeapi.co/api/v2/version-group/20/"}}, {"flavor_text": "\u65e0\u6cd5\u4f7f\u7528\u8fd9\u4e2a\u62db\u5f0f\u3002\n\u867d\u7136\u5fd8\u8bb0\u4e4b\u540e\u5c31\u518d\u4e5f\u60f3\u4e0d\u8d77\u6765\u4e86\uff0c\n\u4f46\u8fd8\u662f\u5efa\u8bae\u5fd8\u8bb0\u8fd9\u4e2a\u62db\u5f0f\u3002", "language": {"name": "zh-Hans", "url": "https://pokeapi.co/api/v2/language/12/"}, "version_group": {"name": "sword-shield", "url": "https://pokeapi.co/api/v2/version-group/20/"}}], "generation": {"name": "generation-vii", "url": "https://pokeapi.co/api/v2/generation/7/"}, "id": 695, "learned_by_pokemon": [], "machines": [], "meta": {"ailment": {"name": "none", "url": "https://pokeapi.co/api/v2/move-ailment/0/"}, "ailment_chance": 0, "category": {"name": "damage", "url": "https://pokeapi.co/api/v2/move-category/0/"}, "crit_rate": 0, "drain": 0, "flinch_chance": 0, "healing": 0, "max_hits": null, "max_turns": null, "min_hits": null, "min_turns": null, "stat_chance": 0}, "name": "sinister-arrow-raid", "names": [{"language": {"name": "ja-Hrkt", "url": "https://pokeapi.co/api/v2/language/1/"}, "name": "\u30b7\u30e3\u30c9\u30fc\u30a2\u30ed\u30fc\u30ba\u30b9\u30c8\u30e9\u30a4\u30af"}, {"language": {"name": "ko", "url": "https://pokeapi.co/api/v2/language/3/"}, "name": "\uc100\ub3c4\uc560\ub85c\uc6b0\uc988\uc2a4\ud2b8\ub77c\uc774\ud06c"}, {"language": {"name": "zh-Hant", "url": "https://pokeapi.co/api/v2/language/4/"}, "name": "\u906e\u5929\u853d\u65e5\u6697\u5f71\u7bad"}, {"language": {"name": "fr", "url": "https://pokeapi.co/api/v2/language/5/"}, "name": "Fureur des Plumes Spectrales"}, {"language": {"name": "de", "url": "https://pokeapi.co/api/v2/language/6/"}, "name": "Schatten-Pfeilregen"}, {"language": {"name": "es", "url": "https://pokeapi.co/api/v2/language/7/"}, "name": "Aluvi\u00f3n de Flechas Sombr\u00edas"}, {"language": {"name": "it", "url": "https://pokeapi.co/api/v2/language/8/"}, "name": "Dardoassalto Spettrale"}, {"language": {"name": "en", "url": "https://pokeapi.co/api/v2/language/9/"}, "name": "Sinister Arrow Raid"}, {"language": {"name": "ja", "url": "https://pokeapi.co/api/v2/language/11/"}, "name": "\u30b7\u30e3\u30c9\u30fc\u30a2\u30ed\u30fc\u30ba\u30b9\u30c8\u30e9\u30a4\u30af"}, {"language": {"name": "zh-Hans", "url": "https://pokeapi.co/api/v2/language/12/"}, "name": "\u906e\u5929\u853d\u65e5\u6697\u5f71\u7bad"}], "past_values": [], "power": 180, "pp": 1, "priority": 0, "stat_changes": [], "super_contest_effect": null, "target": {"name": "selected-pokemon", "url": "https://pokeapi.co/api/v2/move-target/10/"}, "type": {"name": "ghost", "url": "https://pokeapi.co/api/v2/type/8/"}}