{"accuracy": 100, "contest_combos": {"normal": {"use_after": [{"name": "sludge-bomb", "url": "https://pokeapi.co/api/v2/move/188/"}], "use_before": [{"name": "sludge-bomb", "url": "https://pokeapi.co/api/v2/move/188/"}]}, "super": {"use_after": null, "use_before": null}}, "contest_effect": {"url": "https://pokeapi.co/api/v2/contest-effect/4/"}, "contest_type": {"name": "tough", "url": "https://pokeapi.co/api/v2/contest-type/5/"}, "damage_class": {"name": "special", "url": "https://pokeapi.co/api/v2/move-damage-class/3/"}, "effect_chance": 30, "effect_changes": [], "effect_entries": [{"effect": "Inflicts regular damage.  Has a 30% chance to poison the target.", "language": {"name": "en", "url": "https://pokeapi.co/api/v2/language/9/"}, "short_effect": "Has a 30% chance to poison the target."}], "flavor_text_entries": [{"flavor_text": "An attack that may\npoison the foe.", "language": {"name": "en", "url": "https://pokeapi.co/api/v2/language/9/"}, "version_group": {"name": "gold-silver", "url": "https://pokeapi.co/api/v2/version-group/3/"}}, {"flavor_text": "An attack that may\npoison the foe.", "language": {"name": "en", "url": "https://pokeapi.co/api/v2/language/9/"}, "version_group": {"name": "crystal", "url": "https://pokeapi.co/api/v2/version-group/4/"}}, {"flavor_text": "Sludge is hurled to inflict\ndamage. May also poison.", "language": {"name": "en", "url": "https://pokeapi.co/api/v2/language/9/"}, "version_group": {"name": "ruby-sapphire", "url": "https://pokeapi.co/api/v2/version-group/5/"}}, {"flavor_text": "Sludge is hurled to inflict\ndamage. May also poison.", "language": {"name": "en", "url": "https://pokeapi.co/api/v2/language/9/"}, "version_group": {"name": "emerald", "url": "https://pokeapi.co/api/v2/version-group/6/"}}, {"flavor_text": "Toxic sludge is\nhurled at the foe.\nIt may poison the\ntarget.", "language": {"name": "en", "url": "https://pokeapi.co/api/v2/language/9/"}, "version_group": {"name": "firered-leafgreen", "url": "https://pokeapi.co/api/v2/version-group/7/"}}, {"flavor_text": "Unsanitary sludge is\nhurled at the foe.\nIt may also poison\nthe target.\n", "language": {"name": "en", "url": "https://pokeapi.co/api/v2/language/9/"}, "version_group": {"name": "diamond-pearl", "url": "https://pokeapi.co/api/v2/version-group/8/"}}, {"flavor_text": "Unsanitary sludge is\nhurled at the foe.\nIt may also poison\nthe target.\n", "language": {"name": "en", "url": "https://pokeapi.co/api/v2/language/9/"}, "version_group": {"name": "platinum", "url": "https://pokeapi.co/api/v2/version-group/9/"}}, {"flavor_text": "Unsanitary sludge is\nhurled at the foe.\nIt may also poison\nthe target.\n", "language": {"name": "en", "url": "https://pokeapi.co/api/v2/language/9/"}, "version_group": {"name": "heartgold-soulsilver", "url": "https://pokeapi.co/api/v2/version-group/10/"}}, {"flavor_text": "Des d\u00e9tritus toxiques sont projet\u00e9s sur\nl\u2019ennemi. Peut aussi l\u2019empoisonner.", "language": {"name": "fr", "url": "https://pokeapi.co/api/v2/language/5/"}, "version_group": {"name": "black-white", "url": "https://pokeapi.co/api/v2/version-group/11/"}}, {"flavor_text": "Unsanitary sludge is hurled at the target.\nIt may also poison the target.", "language": {"name": "en", "url": "https://pokeapi.co/api/v2/language/9/"}, "version_group": {"name": "black-white", "url": "https://pokeapi.co/api/v2/version-group/11/"}}, {"flavor_text": "Unsanitary sludge is hurled at the target.\nIt may also poison the target.", "language": {"name": "en", "url": "https://pokeapi.co/api/v2/language/9/"}, "version_group": {"name": "black-2-white-2", "url": "https://pokeapi.co/api/v2/version-group/14/"}}, {"flavor_text": "\u304d\u305f\u306a\u3044\u3000\u30d8\u30c9\u30ed\u3092\n\u3042\u3044\u3066\u306b\u3000\u306a\u3052\u3064\u3051\u3066\u3000\u3053\u3046\u3052\u304d\u3059\u308b\u3002\n\u3069\u304f\u3000\u3058\u3087\u3046\u305f\u3044\u306b\u3000\u3059\u308b\u3053\u3068\u304c\u3000\u3042\u308b\u3002", "language": {"name": "ja-Hrkt", "url": "https://pokeapi.co/api/v2/language/1/"}, "version_group": {"name": "x-y", "url": "https://pokeapi.co/api/v2/version-group/15/"}}, {"flavor_text": "\ub354\ub7ec\uc6b4 \uc624\ubb3c\uc744\n\uc0c1\ub300\uc5d0\uac8c \ub0b4\ub358\uc838\uc11c \uacf5\uaca9\ud55c\ub2e4.\n\ub3c5 \uc0c1\ud0dc\ub85c \ub9cc\ub4e4 \ub54c\uac00 \uc788\ub2e4.", "language": {"name": "ko", "url": "https://pokeapi.co/api/v2/language/3/"}, "version_group": {"name": "x-y", "url": "https://pokeapi.co/api/v2/version-group/15/"}}, {"flavor_text": "Des d\u00e9tritus toxiques sont projet\u00e9s sur l\u2019ennemi.\nPeut aussi l\u2019empoisonner.", "language": {"name": "fr", "url": "https://pokeapi.co/api/v2/language/5/"}, "version_group": {"name": "x-y", "url": "https://pokeapi.co/api/v2/version-group/15/"}}, {"flavor_text": "Wirft Schlamm auf das Ziel.\nDieses wird eventuell vergiftet.", "language": {"name": "de", "url": "https://pokeapi.co/api/v2/language/6/"}, "version_group": {"name": "x-y", "url": "https://pokeapi.co/api/v2/version-group/15/"}}, {"flavor_text": "Arroja residuos al objetivo. Puede llegar a\nenvenenar.", "language": {"name": "es", "url": "https://pokeapi.co/api/v2/language/7/"}, "version_group": {"name": "x-y", "url": "https://pokeapi.co/api/v2/version-group/15/"}}, {"flavor_text": "Lancio di fango malsano che arreca danno\nal bersaglio. Pu\u00f2 anche avvelenarlo.", "language": {"name": "it", "url": "https://pokeapi.co/api/v2/language/8/"}, "version_group": {"name": "x-y", "url": "https://pokeapi.co/api/v2/version-group/15/"}}, {"flavor_text": "Unsanitary sludge is hurled at the target.\nThis may also poison the target.", "language": {"name": "en", "url": "https://pokeapi.co/api/v2/language/9/"}, "version_group": {"name": "x-y", "url": "https://pokeapi.co/api/v2/version-group/15/"}}, {"flavor_text": "\u6c5a\u3044\u3000\u30d8\u30c9\u30ed\u3092\n\u76f8\u624b\u306b\u3000\u6295\u3052\u3064\u3051\u3066\u3000\u653b\u6483\u3059\u308b\u3002\n\u6bd2\u72b6\u614b\u306b\u3000\u3059\u308b\u3053\u3068\u304c\u3000\u3042\u308b\u3002", "language": {"name": "ja", "url": "https://pokeapi.co/api/v2/language/11/"}, "version_group": {"name": "x-y", "url": "https://pokeapi.co/api/v2/version-group/15/"}}, {"flavor_text": "\u304d\u305f\u306a\u3044\u3000\u30d8\u30c9\u30ed\u3092\n\u3042\u3044\u3066\u306b\u3000\u306a\u3052\u3064\u3051\u3066\u3000\u3053\u3046\u3052\u304d\u3059\u308b\u3002\n\u3069\u304f\u3000\u3058\u3087\u3046\u305f\u3044\u306b\u3000\u3059\u308b\u3053\u3068\u304c\u3000\u3042\u308b\u3002", "language": {"name": "ja-Hrkt", "url": "https://pokeapi.co/api/v2/language/1/"}, "version_group": {"name": "omega-ruby-alpha-sapphire", "url": "https://pokeapi.co/api/v2/version-group/16/"}}, {"flavor_text": "\ub354\ub7ec\uc6b4 \uc624\ubb3c\uc744\n\uc0c1\ub300\uc5d0\uac8c \ub0b4\ub358\uc838\uc11c \uacf5\uaca9\ud55c\ub2e4.\n\ub3c5 \uc0c1\ud0dc\ub85c \ub9cc\ub4e4 \ub54c\uac00 \uc788\ub2e4.", "language": {"name": "ko", "url": "https://pokeapi.co/api/v2/language/3/"}, "version_group": {"name": "omega-ruby-alpha-sapphire", "url": "https://pokeapi.co/api/v2/version-group/16/"}}, {"flavor_text": "Des d\u00e9tritus toxiques sont projet\u00e9s sur l\u2019ennemi.\nPeut aussi l\u2019empoisonner.", "language": {"name": "fr", "url": "https://pokeapi.co/api/v2/language/5/"}, "version_group": {"name": "omega-ruby-alpha-sapphire", "url": "https://pokeapi.co/api/v2/version-group/16/"}}, {"flavor_text": "Wirft Schlamm auf das Ziel.\nDieses wird eventuell vergiftet.", "language": {"name": "de", "url": "https://pokeapi.co/api/v2/language/6/"}, "version_group": {"name": "omega-ruby-alpha-sapphire", "url": "https://pokeapi.co/api/v2/version-group/16/"}}, {"flavor_text": "Arroja residuos al objetivo. Puede llegar a envenenar. ", "language": {"name": "es", "url": "https://pokeapi.co/api/v2/language/7/"}, "version_group": {"name": "omega-ruby-alpha-sapphire", "url": "https://pokeapi.co/api/v2/version-group/16/"}}, {"flavor_text": "Lancio di fango malsano che arreca danno\nal bersaglio. Pu\u00f2 anche avvelenarlo.", "language": {"name": "it", "url": "https://pokeapi.co/api/v2/language/8/"}, "version_group": {"name": "omega-ruby-alpha-sapphire", "url": "https://pokeapi.co/api/v2/version-group/16/"}}, {"flavor_text": "Unsanitary sludge is hurled at the target.\nThis may also poison the target.", "language": {"name": "en", "url": "https://pokeapi.co/api/v2/language/9/"}, "version_group": {"name": "omega-ruby-alpha-sapphire", "url": "https://pokeapi.co/api/v2/version-group/16/"}}, {"flavor_text": "\u6c5a\u3044\u3000\u30d8\u30c9\u30ed\u3092\n\u76f8\u624b\u306b\u3000\u6295\u3052\u3064\u3051\u3066\u3000\u653b\u6483\u3059\u308b\u3002\n\u6bd2\u72b6\u614b\u306b\u3000\u3059\u308b\u3053\u3068\u304c\u3000\u3042\u308b\u3002", "language": {"name": "ja", "url": "https://pokeapi.co/api/v2/language/11/"}, "version_group": {"name": "omega-ruby-alpha-sapphire", "url": "https://pokeapi.co/api/v2/version-group/16/"}}, {"flavor_text": "\u304d\u305f\u306a\u3044\u3000\u30d8\u30c9\u30ed\u3092\n\u3042\u3044\u3066\u306b\u3000\u306a\u3052\u3064\u3051\u3066\u3000\u3053\u3046\u3052\u304d\u3059\u308b\u3002\n\u3069\u304f\u3000\u3058\u3087\u3046\u305f\u3044\u306b\u3000\u3059\u308b\u3053\u3068\u304c\u3000\u3042\u308b\u3002", "language": {"name": "ja-Hrkt", "url": "https://pokeapi.co/api/v2/language/1/"}, "version_group": {"name": "sun-moon", "url": "https://pokeapi.co/api/v2/version-group/17/"}}, {"flavor_text": "\ub354\ub7ec\uc6b4 \uc624\ubb3c\uc744\n\uc0c1\ub300\uc5d0\uac8c \ub0b4\ub358\uc838\uc11c \uacf5\uaca9\ud55c\ub2e4.\n\ub3c5 \uc0c1\ud0dc\ub85c \ub9cc\ub4e4 \ub54c\uac00 \uc788\ub2e4.", "language": {"name": "ko", "url": "https://pokeapi.co/api/v2/language/3/"}, "version_group": {"name": "sun-moon", "url": "https://pokeapi.co/api/v2/version-group/17/"}}, {"flavor_text": "\u5411\u5c0d\u624b\u6295\u64f2\u6c61\u6ce5\u9032\u884c\u653b\u64ca\u3002\n\u6709\u6642\u6703\u8b93\u5c0d\u624b\u9677\u5165\u4e2d\u6bd2\u72c0\u614b\u3002\n", "language": {"name": "zh-Hant", "url": "https://pokeapi.co/api/v2/language/4/"}, "version_group": {"name": "sun-moon", "url": "https://pokeapi.co/api/v2/version-group/17/"}}, {"flavor_text": "Des d\u00e9tritus toxiques sont projet\u00e9s sur l\u2019ennemi.\nPeut aussi l\u2019empoisonner.", "language": {"name": "fr", "url": "https://pokeapi.co/api/v2/language/5/"}, "version_group": {"name": "sun-moon", "url": "https://pokeapi.co/api/v2/version-group/17/"}}, {"flavor_text": "Wirft Schlamm auf das Ziel. Dieses wird eventuell\nvergiftet.", "language": {"name": "de", "url": "https://pokeapi.co/api/v2/language/6/"}, "version_group": {"name": "sun-moon", "url": "https://pokeapi.co/api/v2/version-group/17/"}}, {"flavor_text": "Arroja residuos al objetivo. Puede llegar a envenenar.", "language": {"name": "es", "url": "https://pokeapi.co/api/v2/language/7/"}, "version_group": {"name": "sun-moon", "url": "https://pokeapi.co/api/v2/version-group/17/"}}, {"flavor_text": "Chi la usa lancia fango malsano sul bersaglio.\nPu\u00f2 anche avvelenarlo.", "language": {"name": "it", "url": "https://pokeapi.co/api/v2/language/8/"}, "version_group": {"name": "sun-moon", "url": "https://pokeapi.co/api/v2/version-group/17/"}}, {"flavor_text": "Unsanitary sludge is hurled at the target. This may\nalso poison the target.", "language": {"name": "en", "url": "https://pokeapi.co/api/v2/language/9/"}, "version_group": {"name": "sun-moon", "url": "https://pokeapi.co/api/v2/version-group/17/"}}, {"flavor_text": "\u6c5a\u3044\u3000\u30d8\u30c9\u30ed\u3092\n\u76f8\u624b\u306b\u3000\u6295\u3052\u3064\u3051\u3066\u3000\u653b\u6483\u3059\u308b\u3002\n\u6bd2\u72b6\u614b\u306b\u3000\u3059\u308b\u3053\u3068\u304c\u3000\u3042\u308b\u3002", "language": {"name": "ja", "url": "https://pokeapi.co/api/v2/language/11/"}, "version_group": {"name": "sun-moon", "url": "https://pokeapi.co/api/v2/version-group/17/"}}, {"flavor_text": "\u7528\u6c61\u6ce5\u6295\u63b7\u5bf9\u624b\u8fdb\u884c\u653b\u51fb\u3002\n\u6709\u65f6\u4f1a\u8ba9\u5bf9\u624b\u9677\u5165\u4e2d\u6bd2\u72b6\u6001\u3002", "language": {"name": "zh-Hans", "url": "https://pokeapi.co/api/v2/language/12/"}, "version_group": {"name": "sun-moon", "url": "https://pokeapi.co/api/v2/version-group/17/"}}, {"flavor_text": "\u304d\u305f\u306a\u3044\u3000\u30d8\u30c9\u30ed\u3092\n\u3042\u3044\u3066\u306b\u3000\u306a\u3052\u3064\u3051\u3066\u3000\u3053\u3046\u3052\u304d\u3059\u308b\u3002\n\u3069\u304f\u3000\u3058\u3087\u3046\u305f\u3044\u306b\u3000\u3059\u308b\u3053\u3068\u304c\u3000\u3042\u308b\u3002", "language": {"name": "ja-Hrkt", "url": "https://pokeapi.co/api/v2/language/1/"}, "version_group": {"name": "ultra-sun-ultra-moon", "url": "https://pokeapi.co/api/v2/version-group/18/"}}, {"flavor_text": "\ub354\ub7ec\uc6b4 \uc624\ubb3c\uc744\n\uc0c1\ub300\uc5d0\uac8c \ub0b4\ub358\uc838\uc11c \uacf5\uaca9\ud55c\ub2e4.\n\ub3c5 \uc0c1\ud0dc\ub85c \ub9cc\ub4e4 \ub54c\uac00 \uc788\ub2e4.", "language": {"name": "ko", "url": "https://pokeapi.co/api/v2/language/3/"}, "version_group": {"name": "ultra-sun-ultra-moon", "url": "https://pokeapi.co/api/v2/version-group/18/"}}, {"flavor_text": "\u5411\u5c0d\u624b\u6295\u64f2\u6c61\u6ce5\u9032\u884c\u653b\u64ca\u3002\n\u6709\u6642\u6703\u8b93\u5c0d\u624b\u9677\u5165\u4e2d\u6bd2\u72c0\u614b\u3002\n", "language": {"name": "zh-Hant", "url": "https://pokeapi.co/api/v2/language/4/"}, "version_group": {"name": "ultra-sun-ultra-moon", "url": "https://pokeapi.co/api/v2/version-group/18/"}}, {"flavor_text": "Des d\u00e9tritus toxiques sont projet\u00e9s sur l\u2019ennemi.\nPeut aussi l\u2019empoisonner.", "language": {"name": "fr", "url": "https://pokeapi.co/api/v2/language/5/"}, "version_group": {"name": "ultra-sun-ultra-moon", "url": "https://pokeapi.co/api/v2/version-group/18/"}}, {"flavor_text": "Wirft Schlamm auf das Ziel. Dieses wird eventuell\nvergiftet.", "language": {"name": "de", "url": "https://pokeapi.co/api/v2/language/6/"}, "version_group": {"name": "ultra-sun-ultra-moon", "url": "https://pokeapi.co/api/v2/version-group/18/"}}, {"flavor_text": "Arroja residuos al objetivo. Puede llegar a envenenar.", "language": {"name": "es", "url": "https://pokeapi.co/api/v2/language/7/"}, "version_group": {"name": "ultra-sun-ultra-moon", "url": "https://pokeapi.co/api/v2/version-group/18/"}}, {"flavor_text": "Chi la usa lancia fango malsano sul bersaglio.\nPu\u00f2 anche avvelenarlo.", "language": {"name": "it", "url": "https://pokeapi.co/api/v2/language/8/"}, "version_group": {"name": "ultra-sun-ultra-moon", "url": "https://pokeapi.co/api/v2/version-group/18/"}}, {"flavor_text": "Unsanitary sludge is hurled at the target. This may\nalso poison the target.", "language": {"name": "en", "url": "https://pokeapi.co/api/v2/language/9/"}, "version_group": {"name": "ultra-sun-ultra-moon", "url": "https://pokeapi.co/api/v2/version-group/18/"}}, {"flavor_text": "\u6c5a\u3044\u3000\u30d8\u30c9\u30ed\u3092\n\u76f8\u624b\u306b\u3000\u6295\u3052\u3064\u3051\u3066\u3000\u653b\u6483\u3059\u308b\u3002\n\u6bd2\u72b6\u614b\u306b\u3000\u3059\u308b\u3053\u3068\u304c\u3000\u3042\u308b\u3002", "language": {"name": "ja", "url": "https://pokeapi.co/api/v2/language/11/"}, "version_group": {"name": "ultra-sun-ultra-moon", "url": "https://pokeapi.co/api/v2/version-group/18/"}}, {"flavor_text": "\u7528\u6c61\u6ce5\u6295\u63b7\u5bf9\u624b\u8fdb\u884c\u653b\u51fb\u3002\n\u6709\u65f6\u4f1a\u8ba9\u5bf9\u624b\u9677\u5165\u4e2d\u6bd2\u72b6\u6001\u3002", "language": {"name": "zh-Hans", "url": "https://pokeapi.co/api/v2/language/12/"}, "version_group": {"name": "ultra-sun-ultra-moon", "url": "https://pokeapi.co/api/v2/version-group/18/"}}, {"flavor_text": "\u304d\u305f\u306a\u3044\u3000\u30d8\u30c9\u30ed\u3092\n\u3042\u3044\u3066\u306b\u3000\u306a\u3052\u3064\u3051\u3066\u3000\u3053\u3046\u3052\u304d\u3059\u308b\u3002\n\u3069\u304f\u3000\u3058\u3087\u3046\u305f\u3044\u306b\u3000\u3059\u308b\u3053\u3068\u304c\u3000\u3042\u308b\u3002", "language": {"name": "ja-Hrkt", "url": "https://pokeapi.co/api/v2/language/1/"}, "version_group": {"name": "lets-go-pikachu-lets-go-eevee", "url": "https://pokeapi.co/api/v2/version-group/19/"}}, {"flavor_text": "\ub354\ub7ec\uc6b4 \uc624\ubb3c\uc744\n\uc0c1\ub300\uc5d0\uac8c \ub0b4\ub358\uc838\uc11c \uacf5\uaca9\ud55c\ub2e4.\n\ub3c5 \uc0c1\ud0dc\ub85c \ub9cc\ub4e4 \ub54c\uac00 \uc788\ub2e4.", "language": {"name": "ko", "url": "https://pokeapi.co/api/v2/language/3/"}, "version_group": {"name": "lets-go-pikachu-lets-go-eevee", "url": "https://pokeapi.co/api/v2/version-group/19/"}}, {"flavor_text": "\u5411\u5c0d\u624b\u6295\u64f2\u6c61\u6ce5\u9032\u884c\u653b\u64ca\u3002\n\u6709\u6642\u6703\u8b93\u5c0d\u624b\u9677\u5165\u4e2d\u6bd2\u72c0\u614b\u3002", "language": {"name": "zh-Hant", "url": "https://pokeapi.co/api/v2/language/4/"}, "version_group": {"name": "lets-go-pikachu-lets-go-eevee", "url": "https://pokeapi.co/api/v2/version-group/19/"}}, {"flavor_text": "Des d\u00e9tritus toxiques sont projet\u00e9s sur l\u2019ennemi.\nPeut aussi l\u2019empoisonner.", "language": {"name": "fr", "url": "https://pokeapi.co/api/v2/language/5/"}, "version_group": {"name": "lets-go-pikachu-lets-go-eevee", "url": "https://pokeapi.co/api/v2/version-group/19/"}}, {"flavor_text": "Wirft Schlamm auf das Ziel. Dieses wird eventuell\nvergiftet.", "language": {"name": "de", "url": "https://pokeapi.co/api/v2/language/6/"}, "version_group": {"name": "lets-go-pikachu-lets-go-eevee", "url": "https://pokeapi.co/api/v2/version-group/19/"}}, {"flavor_text": "Arroja residuos al objetivo. Puede llegar a envenenar.", "language": {"name": "es", "url": "https://pokeapi.co/api/v2/language/7/"}, "version_group": {"name": "lets-go-pikachu-lets-go-eevee", "url": "https://pokeapi.co/api/v2/version-group/19/"}}, {"flavor_text": "Chi la usa lancia fango malsano sul bersaglio.\nPu\u00f2 anche avvelenarlo.", "language": {"name": "it", "url": "https://pokeapi.co/api/v2/language/8/"}, "version_group": {"name": "lets-go-pikachu-lets-go-eevee", "url": "https://pokeapi.co/api/v2/version-group/19/"}}, {"flavor_text": "Unsanitary sludge is hurled at the target. This may\nalso poison the target.", "language": {"name": "en", "url": "https://pokeapi.co/api/v2/language/9/"}, "version_group": {"name": "lets-go-pikachu-lets-go-eevee", "url": "https://pokeapi.co/api/v2/version-group/19/"}}, {"flavor_text": "\u6c5a\u3044\u3000\u30d8\u30c9\u30ed\u3092\n\u76f8\u624b\u306b\u3000\u6295\u3052\u3064\u3051\u3066\u3000\u653b\u6483\u3059\u308b\u3002\n\u6bd2\u72b6\u614b\u306b\u3000\u3059\u308b\u3053\u3068\u304c\u3000\u3042\u308b\u3002", "language": {"name": "ja", "url": "https://pokeapi.co/api/v2/language/11/"}, "version_group": {"name": "lets-go-pikachu-lets-go-eevee", "url": "https://pokeapi.co/api/v2/version-group/19/"}}, {"flavor_text": "\u7528\u6c61\u6ce5\u6295\u63b7\u5bf9\u624b\u8fdb\u884c\u653b\u51fb\u3002\n\u6709\u65f6\u4f1a\u8ba9\u5bf9\u624b\u9677\u5165\u4e2d\u6bd2\u72b6\u6001\u3002", "language": {"name": "zh-Hans", "url": "https://pokeapi.co/api/v2/language/12/"}, "version_group": {"name": "lets-go-pikachu-lets-go-eevee", "url": "https://pokeapi.co/api/v2/version-group/19/"}}, {"flavor_text": "\u304d\u305f\u306a\u3044\u3000\u30d8\u30c9\u30ed\u3092\n\u3042\u3044\u3066\u306b\u3000\u306a\u3052\u3064\u3051\u3066\u3000\u3053\u3046\u3052\u304d\u3059\u308b\u3002\n\u3069\u304f\u3000\u3058\u3087\u3046\u305f\u3044\u306b\u3000\u3059\u308b\u3053\u3068\u304c\u3000\u3042\u308b\u3002", "language": {"name": "ja-Hrkt", "url": "https://pokeapi.co/api/v2/language/1/"}, "version_group": {"name": "sword-shield", "url": "https://pokeapi.co/api/v2/version-group/20/"}}, {"flavor_text": "\ub354\ub7ec\uc6b4 \uc624\ubb3c\uc744\n\uc0c1\ub300\uc5d0\uac8c \ub0b4\ub358\uc838\uc11c \uacf5\uaca9\ud55c\ub2e4.\n\ub3c5 \uc0c1\ud0dc\ub85c \ub9cc\ub4e4 \ub54c\uac00 \uc788\ub2e4.", "language": {"name": "ko", "url": "https://pokeapi.co/api/v2/language/3/"}, "version_group": {"name": "sword-shield", "url": "https://pokeapi.co/api/v2/version-group/20/"}}, {"flavor_text": "\u5411\u5c0d\u624b\u6295\u64f2\u6c61\u6ce5\u9032\u884c\u653b\u64ca\u3002\n\u6709\u6642\u6703\u8b93\u5c0d\u624b\u9677\u5165\u4e2d\u6bd2\u72c0\u614b\u3002", "language": {"name": "zh-Hant", "url": "https://pokeapi.co/api/v2/language/4/"}, "version_group": {"name": "sword-shield", "url": "https://pokeapi.co/api/v2/version-group/20/"}}, {"flavor_text": "Des d\u00e9tritus toxiques sont projet\u00e9s sur l\u2019ennemi.\nPeut aussi l\u2019empoisonner.", "language": {"name": "fr", "url": "https://pokeapi.co/api/v2/language/5/"}, "version_group": {"name": "sword-shield", "url": "https://pokeapi.co/api/v2/version-group/20/"}}, {"flavor_text": "Wirft Schlamm auf das Ziel. Dieses wird eventuell\nvergiftet.", "language": {"name": "de", "url": "https://pokeapi.co/api/v2/language/6/"}, "version_group": {"name": "sword-shield", "url": "https://pokeapi.co/api/v2/version-group/20/"}}, {"flavor_text": "Arroja residuos al objetivo. Puede llegar a envenenar.", "language": {"name": "es", "url": "https://pokeapi.co/api/v2/language/7/"}, "version_group": {"name": "sword-shield", "url": "https://pokeapi.co/api/v2/version-group/20/"}}, {"flavor_text": "Chi la usa lancia fango malsano sul bersaglio.\nPu\u00f2 anche avvelenarlo.", "language": {"name": "it", "url": "https://pokeapi.co/api/v2/language/8/"}, "version_group": {"name": "sword-shield", "url": "https://pokeapi.co/api/v2/version-group/20/"}}, {"flavor_text": "Unsanitary sludge is hurled at the target. This may\nalso poison the target.", "language": {"name": "en", "url": "https://pokeapi.co/api/v2/language/9/"}, "version_group": {"name": "sword-shield", "url": "https://pokeapi.co/api/v2/version-group/20/"}}, {"flavor_text": "\u6c5a\u3044\u3000\u30d8\u30c9\u30ed\u3092\n\u76f8\u624b\u306b\u3000\u6295\u3052\u3064\u3051\u3066\u3000\u653b\u6483\u3059\u308b\u3002\n\u6bd2\u72b6\u614b\u306b\u3000\u3059\u308b\u3053\u3068\u304c\u3000\u3042\u308b\u3002", "language": {"name": "ja", "url": "https://pokeapi.co/api/v2/language/11/"}, "version_group": {"name": "sword-shield", "url": "https://pokeapi.co/api/v2/version-group/20/"}}, {"flavor_text": "\u7528\u6c61\u6ce5\u6295\u63b7\u5bf9\u624b\u8fdb\u884c\u653b\u51fb\u3002\n\u6709\u65f6\u4f1a\u8ba9\u5bf9\u624b\u9677\u5165\u4e2d\u6bd2\u72b6\u6001\u3002", "language": {"name": "zh-Hans", "url": "https://pokeapi.co/api/v2/language/12/"}, "version_group": {"name": "sword-shield", "url": "https://pokeapi.co/api/v2/version-group/20/"}}], "generation": {"name": "generation-i", "url": "https://pokeapi.co/api/v2/generation/1/"}, "id": 124, "learned_by_pokemon": [{"name": "bulbasaur", "url": "https://pokeapi.co/api/v2/pokemon/1/"}, {"name": "grimer", "url": "https://pokeapi.co/api/v2/pokemon/88/"}, {"name": "muk", "url": "https://pokeapi.co/api/v2/pokemon/89/"}, {"name": "koffing", "url": "https://pokeapi.co/api/v2/pokemon/109/"}, {"name": "weezing", "url": "https://pokeapi.co/api/v2/pokemon/110/"}, {"name": "mudkip", "url": "https://pokeapi.co/api/v2/pokemon/258/"}, {"name": "marshtomp", "url": "https://pokeapi.co/api/v2/pokemon/259/"}, {"name": "swampert", "url": "https://pokeapi.co/api/v2/pokemon/260/"}, {"name": "gulpin", "url": "https://pokeapi.co/api/v2/pokemon/316/"}, {"name": "swalot", "url": "https://pokeapi.co/api/v2/pokemon/317/"}, {"name": "shellos", "url": "https://pokeapi.co/api/v2/pokemon/422/"}, {"name": "trubbish", "url": "https://pokeapi.co/api/v2/pokemon/568/"}, {"name": "garbodor", "url": "https://pokeapi.co/api/v2/pokemon/569/"}, {"name": "varoom", "url": "https://pokeapi.co/api/v2/pokemon/965/"}, {"name": "revavroom", "url": "https://pokeapi.co/api/v2/pokemon/966/"}, {"name": "weezing-galar", "url": "https://pokeapi.co/api/v2/pokemon/10167/"}], "machines": [], "meta": {"ailment": {"name": "poison", "url": "https://pokeapi.co/api/v2/move-ailment/5/"}, "ailment_chance": 30, "category": {"name": "damage+ailment", "url": "https://pokeapi.co/api/v2/move-category/4/"}, "crit_rate": 0, "drain": 0, "flinch_chance": 0, "healing": 0, "max_hits": null, "max_turns": null, "min_hits": null, "min_turns": null, "stat_chance": 0}, "name": "sludge", "names": [{"language": {"name": "ja-Hrkt", "url": "https://pokeapi.co/api/v2/language/1/"}, "name": "\u30d8\u30c9\u30ed\u3053\u3046\u3052\u304d"}, {"language": {"name": "ko", "url": "https://pokeapi.co/api/v2/language/3/"}, "name": "\uc624\ubb3c\uacf5\uaca9"}, {"language": {"name": "zh-Hant", "url": "https://pokeapi.co/api/v2/language/4/"}, "name": "\u6c61\u6ce5\u653b\u64ca"}, {"language": {"name": "fr", "url": "https://pokeapi.co/api/v2/language/5/"}, "name": "D\u00e9tritus"}, {"language": {"name": "de", "url": "https://pokeapi.co/api/v2/language/6/"}, "name": "Schlammbad"}, {"language": {"name": "es", "url": "https://pokeapi.co/api/v2/language/7/"}, "name": "Residuos"}, {"language": {"name": "it", "url": "https://pokeapi.co/api/v2/language/8/"}, "name": "Fango"}, {"language": {"name": "en", "url": "https://pokeapi.co/api/v2/language/9/"}, "name": "Sludge"}, {"language": {"name": "ja", "url": "https://pokeapi.co/api/v2/language/11/"}, "name": "\u30d8\u30c9\u30ed\u3053\u3046\u3052\u304d"}, {"language": {"name": "zh-Hans", "url": "https://pokeapi.co/api/v2/language/12/"}, "name": "\u6c61\u6ce5\u653b\u51fb"}], "past_values": [], "power": 65, "pp": 20, "priority": 0, "stat_changes": [], "super_contest_effect": {"url": "https://pokeapi.co/api/v2/super-contest-effect/18/"}, "target": {"name": "selected-pokemon", "url": "https://pokeapi.co/api/v2/move-target/10/"}, "type": {"name": "poison", "url": "https://pokeapi.co/api/v2/type/4/"}}