{"accuracy": null, "contest_combos": null, "contest_effect": null, "contest_type": null, "damage_class": {"name": "physical", "url": "https://pokeapi.co/api/v2/move-damage-class/2/"}, "effect_chance": null, "effect_changes": [{"effect_entries": [{"effect": "Hits Pok\u00e9mon under the effects of dig and fly.", "language": {"name": "en", "url": "https://pokeapi.co/api/v2/language/9/"}}], "version_group": {"name": "gold-silver", "url": "https://pokeapi.co/api/v2/version-group/3/"}}], "effect_entries": [{"effect": "Inflicts regular damage.  Ignores accuracy and evasion modifiers.", "language": {"name": "en", "url": "https://pokeapi.co/api/v2/language/9/"}, "short_effect": "Never misses."}], "flavor_text_entries": [{"flavor_text": "\u3068\u304c\u3063\u305f\u3000\u3064\u306e\u3067\u3000\u3042\u3044\u3066\u3092\n\u3064\u304d\u3055\u3057\u3066\u3000\u3053\u3046\u3052\u304d\u3059\u308b\u3002\n\u3053\u3046\u3052\u304d\u306f\u3000\u304b\u306a\u3089\u305a\u3000\u3081\u3044\u3061\u3085\u3046\u3000\u3059\u308b\u3002", "language": {"name": "ja-Hrkt", "url": "https://pokeapi.co/api/v2/language/1/"}, "version_group": {"name": "sun-moon", "url": "https://pokeapi.co/api/v2/version-group/17/"}}, {"flavor_text": "\ubfb0\uc871\ud55c \ubfd4\ub85c \uc0c1\ub300\ub97c\n\uaff0\ucc14\ub7ec\uc11c \uacf5\uaca9\ud55c\ub2e4.\n\uacf5\uaca9\uc740 \ubc18\ub4dc\uc2dc \uba85\uc911\ud55c\ub2e4.", "language": {"name": "ko", "url": "https://pokeapi.co/api/v2/language/3/"}, "version_group": {"name": "sun-moon", "url": "https://pokeapi.co/api/v2/version-group/17/"}}, {"flavor_text": "\u7528\u5c16\u5c16\u7684\u89d2\u523a\u9032\u5c0d\u624b\u9032\u884c\u653b\u64ca\u3002\n\u653b\u64ca\u5fc5\u5b9a\u6703\u547d\u4e2d\u3002", "language": {"name": "zh-Hant", "url": "https://pokeapi.co/api/v2/language/4/"}, "version_group": {"name": "sun-moon", "url": "https://pokeapi.co/api/v2/version-group/17/"}}, {"flavor_text": "Le lanceur transperce la cible avec sa corne effil\u00e9e.\nTouche toujours l\u2019ennemi.", "language": {"name": "fr", "url": "https://pokeapi.co/api/v2/language/5/"}, "version_group": {"name": "sun-moon", "url": "https://pokeapi.co/api/v2/version-group/17/"}}, {"flavor_text": "Der Anwender durchbohrt das Ziel mit seinem\nspitzen Horn. Diese Attacke trifft immer.", "language": {"name": "de", "url": "https://pokeapi.co/api/v2/language/6/"}, "version_group": {"name": "sun-moon", "url": "https://pokeapi.co/api/v2/version-group/17/"}}, {"flavor_text": "Ensarta al adversario con su afilada cornamenta.\nEste movimiento acierta siempre.", "language": {"name": "es", "url": "https://pokeapi.co/api/v2/language/7/"}, "version_group": {"name": "sun-moon", "url": "https://pokeapi.co/api/v2/version-group/17/"}}, {"flavor_text": "Chi la usa colpisce il bersaglio con un corno\nappuntito. Questa mossa va sempre a segno.", "language": {"name": "it", "url": "https://pokeapi.co/api/v2/language/8/"}, "version_group": {"name": "sun-moon", "url": "https://pokeapi.co/api/v2/version-group/17/"}}, {"flavor_text": "The user stabs the target with a sharp horn. This\nattack never misses.", "language": {"name": "en", "url": "https://pokeapi.co/api/v2/language/9/"}, "version_group": {"name": "sun-moon", "url": "https://pokeapi.co/api/v2/version-group/17/"}}, {"flavor_text": "\u3068\u304c\u3063\u305f\u3000\u3064\u306e\u3067\u3000\u76f8\u624b\u3092\n\u7a81\u304d\u523a\u3057\u3066\u3000\u653b\u6483\u3059\u308b\u3002\n\u653b\u6483\u306f\u3000\u5fc5\u305a\u3000\u547d\u4e2d\u3059\u308b\u3002", "language": {"name": "ja", "url": "https://pokeapi.co/api/v2/language/11/"}, "version_group": {"name": "sun-moon", "url": "https://pokeapi.co/api/v2/version-group/17/"}}, {"flavor_text": "\u7528\u5c16\u5c16\u7684\u89d2\u523a\u5165\u5bf9\u624b\u8fdb\u884c\u653b\u51fb\u3002\n\u653b\u51fb\u5fc5\u5b9a\u4f1a\u547d\u4e2d\u3002", "language": {"name": "zh-Hans", "url": "https://pokeapi.co/api/v2/language/12/"}, "version_group": {"name": "sun-moon", "url": "https://pokeapi.co/api/v2/version-group/17/"}}, {"flavor_text": "\u3068\u304c\u3063\u305f\u3000\u3064\u306e\u3067\u3000\u3042\u3044\u3066\u3092\n\u3064\u304d\u3055\u3057\u3066\u3000\u3053\u3046\u3052\u304d\u3059\u308b\u3002\n\u3053\u3046\u3052\u304d\u306f\u3000\u304b\u306a\u3089\u305a\u3000\u3081\u3044\u3061\u3085\u3046\u3000\u3059\u308b\u3002", "language": {"name": "ja-Hrkt", "url": "https://pokeapi.co/api/v2/language/1/"}, "version_group": {"name": "ultra-sun-ultra-moon", "url": "https://pokeapi.co/api/v2/version-group/18/"}}, {"flavor_text": "\ubfb0\uc871\ud55c \ubfd4\ub85c \uc0c1\ub300\ub97c\n\uaff0\ucc14\ub7ec\uc11c \uacf5\uaca9\ud55c\ub2e4.\n\uacf5\uaca9\uc740 \ubc18\ub4dc\uc2dc \uba85\uc911\ud55c\ub2e4.", "language": {"name": "ko", "url": "https://pokeapi.co/api/v2/language/3/"}, "version_group": {"name": "ultra-sun-ultra-moon", "url": "https://pokeapi.co/api/v2/version-group/18/"}}, {"flavor_text": "\u7528\u5c16\u5c16\u7684\u89d2\u523a\u9032\u5c0d\u624b\u9032\u884c\u653b\u64ca\u3002\n\u653b\u64ca\u5fc5\u5b9a\u6703\u547d\u4e2d\u3002", "language": {"name": "zh-Hant", "url": "https://pokeapi.co/api/v2/language/4/"}, "version_group": {"name": "ultra-sun-ultra-moon", "url": "https://pokeapi.co/api/v2/version-group/18/"}}, {"flavor_text": "Le lanceur transperce la cible avec sa corne effil\u00e9e.\nTouche toujours l\u2019ennemi.", "language": {"name": "fr", "url": "https://pokeapi.co/api/v2/language/5/"}, "version_group": {"name": "ultra-sun-ultra-moon", "url": "https://pokeapi.co/api/v2/version-group/18/"}}, {"flavor_text": "Der Anwender durchbohrt das Ziel mit seinem\nspitzen Horn. Diese Attacke trifft immer.", "language": {"name": "de", "url": "https://pokeapi.co/api/v2/language/6/"}, "version_group": {"name": "ultra-sun-ultra-moon", "url": "https://pokeapi.co/api/v2/version-group/18/"}}, {"flavor_text": "Ensarta al adversario con su afilada cornamenta.\nEste movimiento acierta siempre.", "language": {"name": "es", "url": "https://pokeapi.co/api/v2/language/7/"}, "version_group": {"name": "ultra-sun-ultra-moon", "url": "https://pokeapi.co/api/v2/version-group/18/"}}, {"flavor_text": "Chi la usa colpisce il bersaglio con un corno\nappuntito. Questa mossa va sempre a segno.", "language": {"name": "it", "url": "https://pokeapi.co/api/v2/language/8/"}, "version_group": {"name": "ultra-sun-ultra-moon", "url": "https://pokeapi.co/api/v2/version-group/18/"}}, {"flavor_text": "The user stabs the target with a sharp horn. This\nattack never misses.", "language": {"name": "en", "url": "https://pokeapi.co/api/v2/language/9/"}, "version_group": {"name": "ultra-sun-ultra-moon", "url": "https://pokeapi.co/api/v2/version-group/18/"}}, {"flavor_text": "\u3068\u304c\u3063\u305f\u3000\u3064\u306e\u3067\u3000\u76f8\u624b\u3092\n\u7a81\u304d\u523a\u3057\u3066\u3000\u653b\u6483\u3059\u308b\u3002\n\u653b\u6483\u306f\u3000\u5fc5\u305a\u3000\u547d\u4e2d\u3059\u308b\u3002", "language": {"name": "ja", "url": "https://pokeapi.co/api/v2/language/11/"}, "version_group": {"name": "ultra-sun-ultra-moon", "url": "https://pokeapi.co/api/v2/version-group/18/"}}, {"flavor_text": "\u7528\u5c16\u5c16\u7684\u89d2\u523a\u5165\u5bf9\u624b\u8fdb\u884c\u653b\u51fb\u3002\n\u653b\u51fb\u5fc5\u5b9a\u4f1a\u547d\u4e2d\u3002", "language": {"name": "zh-Hans", "url": "https://pokeapi.co/api/v2/language/12/"}, "version_group": {"name": "ultra-sun-ultra-moon", "url": "https://pokeapi.co/api/v2/version-group/18/"}}, {"flavor_text": "\u3068\u304c\u3063\u305f\u3000\u3064\u306e\u3067\u3000\u3042\u3044\u3066\u3092\n\u3064\u304d\u3055\u3057\u3066\u3000\u3053\u3046\u3052\u304d\u3059\u308b\u3002\n\u3053\u3046\u3052\u304d\u306f\u3000\u304b\u306a\u3089\u305a\u3000\u3081\u3044\u3061\u3085\u3046\u3000\u3059\u308b\u3002", "language": {"name": "ja-Hrkt", "url": "https://pokeapi.co/api/v2/language/1/"}, "version_group": {"name": "lets-go-pikachu-lets-go-eevee", "url": "https://pokeapi.co/api/v2/version-group/19/"}}, {"flavor_text": "\ubfb0\uc871\ud55c \ubfd4\ub85c \uc0c1\ub300\ub97c\n\uaff0\ucc14\ub7ec\uc11c \uacf5\uaca9\ud55c\ub2e4.\n\uacf5\uaca9\uc740 \ubc18\ub4dc\uc2dc \uba85\uc911\ud55c\ub2e4.", "language": {"name": "ko", "url": "https://pokeapi.co/api/v2/language/3/"}, "version_group": {"name": "lets-go-pikachu-lets-go-eevee", "url": "https://pokeapi.co/api/v2/version-group/19/"}}, {"flavor_text": "\u7528\u5c16\u5c16\u7684\u89d2\u523a\u9032\u5c0d\u624b\u9032\u884c\u653b\u64ca\u3002\n\u653b\u64ca\u5fc5\u5b9a\u6703\u547d\u4e2d\u3002", "language": {"name": "zh-Hant", "url": "https://pokeapi.co/api/v2/language/4/"}, "version_group": {"name": "lets-go-pikachu-lets-go-eevee", "url": "https://pokeapi.co/api/v2/version-group/19/"}}, {"flavor_text": "Le lanceur transperce la cible avec sa corne effil\u00e9e.\nTouche toujours l\u2019ennemi.", "language": {"name": "fr", "url": "https://pokeapi.co/api/v2/language/5/"}, "version_group": {"name": "lets-go-pikachu-lets-go-eevee", "url": "https://pokeapi.co/api/v2/version-group/19/"}}, {"flavor_text": "Der Anwender durchbohrt das Ziel mit seinem\nspitzen Horn. Diese Attacke trifft immer.", "language": {"name": "de", "url": "https://pokeapi.co/api/v2/language/6/"}, "version_group": {"name": "lets-go-pikachu-lets-go-eevee", "url": "https://pokeapi.co/api/v2/version-group/19/"}}, {"flavor_text": "Ensarta al adversario con su afilada cornamenta.\nEste movimiento acierta siempre.", "language": {"name": "es", "url": "https://pokeapi.co/api/v2/language/7/"}, "version_group": {"name": "lets-go-pikachu-lets-go-eevee", "url": "https://pokeapi.co/api/v2/version-group/19/"}}, {"flavor_text": "Chi la usa colpisce il bersaglio con un corno\nappuntito. Questa mossa va sempre a segno.", "language": {"name": "it", "url": "https://pokeapi.co/api/v2/language/8/"}, "version_group": {"name": "lets-go-pikachu-lets-go-eevee", "url": "https://pokeapi.co/api/v2/version-group/19/"}}, {"flavor_text": "The user stabs the target with a sharp horn. This\nattack never misses.", "language": {"name": "en", "url": "https://pokeapi.co/api/v2/language/9/"}, "version_group": {"name": "lets-go-pikachu-lets-go-eevee", "url": "https://pokeapi.co/api/v2/version-group/19/"}}, {"flavor_text": "\u3068\u304c\u3063\u305f\u3000\u3064\u306e\u3067\u3000\u76f8\u624b\u3092\n\u7a81\u304d\u523a\u3057\u3066\u3000\u653b\u6483\u3059\u308b\u3002\n\u653b\u6483\u306f\u3000\u5fc5\u305a\u3000\u547d\u4e2d\u3059\u308b\u3002", "language": {"name": "ja", "url": "https://pokeapi.co/api/v2/language/11/"}, "version_group": {"name": "lets-go-pikachu-lets-go-eevee", "url": "https://pokeapi.co/api/v2/version-group/19/"}}, {"flavor_text": "\u7528\u5c16\u5c16\u7684\u89d2\u523a\u5165\u5bf9\u624b\u8fdb\u884c\u653b\u51fb\u3002\n\u653b\u51fb\u5fc5\u5b9a\u4f1a\u547d\u4e2d\u3002", "language": {"name": "zh-Hans", "url": "https://pokeapi.co/api/v2/language/12/"}, "version_group": {"name": "lets-go-pikachu-lets-go-eevee", "url": "https://pokeapi.co/api/v2/version-group/19/"}}, {"flavor_text": "\u3068\u304c\u3063\u305f\u3000\u3064\u306e\u3067\u3000\u3042\u3044\u3066\u3092\n\u3064\u304d\u3055\u3057\u3066\u3000\u3053\u3046\u3052\u304d\u3059\u308b\u3002\n\u3053\u3046\u3052\u304d\u306f\u3000\u304b\u306a\u3089\u305a\u3000\u3081\u3044\u3061\u3085\u3046\u3000\u3059\u308b\u3002", "language": {"name": "ja-Hrkt", "url": "https://pokeapi.co/api/v2/language/1/"}, "version_group": {"name": "sword-shield", "url": "https://pokeapi.co/api/v2/version-group/20/"}}, {"flavor_text": "\ubfb0\uc871\ud55c \ubfd4\ub85c \uc0c1\ub300\ub97c\n\uaff0\ucc14\ub7ec\uc11c \uacf5\uaca9\ud55c\ub2e4.\n\uacf5\uaca9\uc740 \ubc18\ub4dc\uc2dc \uba85\uc911\ud55c\ub2e4.", "language": {"name": "ko", "url": "https://pokeapi.co/api/v2/language/3/"}, "version_group": {"name": "sword-shield", "url": "https://pokeapi.co/api/v2/version-group/20/"}}, {"flavor_text": "\u7528\u5c16\u5c16\u7684\u89d2\u523a\u9032\u5c0d\u624b\u9032\u884c\u653b\u64ca\u3002\n\u653b\u64ca\u5fc5\u5b9a\u6703\u547d\u4e2d\u3002", "language": {"name": "zh-Hant", "url": "https://pokeapi.co/api/v2/language/4/"}, "version_group": {"name": "sword-shield", "url": "https://pokeapi.co/api/v2/version-group/20/"}}, {"flavor_text": "Le lanceur transperce la cible avec sa corne effil\u00e9e.\nTouche toujours l\u2019ennemi.", "language": {"name": "fr", "url": "https://pokeapi.co/api/v2/language/5/"}, "version_group": {"name": "sword-shield", "url": "https://pokeapi.co/api/v2/version-group/20/"}}, {"flavor_text": "Der Anwender durchbohrt das Ziel mit seinem\nspitzen Horn. Diese Attacke trifft immer.", "language": {"name": "de", "url": "https://pokeapi.co/api/v2/language/6/"}, "version_group": {"name": "sword-shield", "url": "https://pokeapi.co/api/v2/version-group/20/"}}, {"flavor_text": "El usuario ensarta al adversario con su afilada\ncornamenta. Este movimiento acierta siempre.", "language": {"name": "es", "url": "https://pokeapi.co/api/v2/language/7/"}, "version_group": {"name": "sword-shield", "url": "https://pokeapi.co/api/v2/version-group/20/"}}, {"flavor_text": "Chi la usa colpisce il bersaglio con un corno appuntito.\nQuesta mossa va sempre a segno.", "language": {"name": "it", "url": "https://pokeapi.co/api/v2/language/8/"}, "version_group": {"name": "sword-shield", "url": "https://pokeapi.co/api/v2/version-group/20/"}}, {"flavor_text": "The user stabs the target with a sharp horn. This\nattack never misses.", "language": {"name": "en", "url": "https://pokeapi.co/api/v2/language/9/"}, "version_group": {"name": "sword-shield", "url": "https://pokeapi.co/api/v2/version-group/20/"}}, {"flavor_text": "\u3068\u304c\u3063\u305f\u3000\u3064\u306e\u3067\u3000\u76f8\u624b\u3092\n\u7a81\u304d\u523a\u3057\u3066\u3000\u653b\u6483\u3059\u308b\u3002\n\u653b\u6483\u306f\u3000\u5fc5\u305a\u3000\u547d\u4e2d\u3059\u308b\u3002", "language": {"name": "ja", "url": "https://pokeapi.co/api/v2/language/11/"}, "version_group": {"name": "sword-shield", "url": "https://pokeapi.co/api/v2/version-group/20/"}}, {"flavor_text": "\u7528\u5c16\u5c16\u7684\u89d2\u523a\u5165\u5bf9\u624b\u8fdb\u884c\u653b\u51fb\u3002\n\u653b\u51fb\u5fc5\u5b9a\u4f1a\u547d\u4e2d\u3002", "language": {"name": "zh-Hans", "url": "https://pokeapi.co/api/v2/language/12/"}, "version_group": {"name": "sword-shield", "url": "https://pokeapi.co/api/v2/version-group/20/"}}], "generation": {"name": "generation-vii", "url": "https://pokeapi.co/api/v2/generation/7/"}, "id": 684, "learned_by_pokemon": [{"name": "nidoran-m", "url": "https://pokeapi.co/api/v2/pokemon/32/"}, {"name": "nidorino", "url": "https://pokeapi.co/api/v2/pokemon/33/"}, {"name": "nidoking", "url": "https://pokeapi.co/api/v2/pokemon/34/"}, {"name": "rapidash", "url": "https://pokeapi.co/api/v2/pokemon/78/"}, {"name": "seel", "url": "https://pokeapi.co/api/v2/pokemon/86/"}, {"name": "dewgong", "url": "https://pokeapi.co/api/v2/pokemon/87/"}, {"name": "cloyster", "url": "https://pokeapi.co/api/v2/pokemon/91/"}, {"name": "rhyhorn", "url": "https://pokeapi.co/api/v2/pokemon/111/"}, {"name": "rhydon", "url": "https://pokeapi.co/api/v2/pokemon/112/"}, {"name": "goldeen", "url": "https://pokeapi.co/api/v2/pokemon/118/"}, {"name": "seaking", "url": "https://pokeapi.co/api/v2/pokemon/119/"}, {"name": "tauros", "url": "https://pokeapi.co/api/v2/pokemon/128/"}, {"name": "lapras", "url": "https://pokeapi.co/api/v2/pokemon/131/"}, {"name": "mew", "url": "https://pokeapi.co/api/v2/pokemon/151/"}, {"name": "ariados", "url": "https://pokeapi.co/api/v2/pokemon/168/"}, {"name": "togetic", "url": "https://pokeapi.co/api/v2/pokemon/176/"}, {"name": "forretress", "url": "https://pokeapi.co/api/v2/pokemon/205/"}, {"name": "dunsparce", "url": "https://pokeapi.co/api/v2/pokemon/206/"}, {"name": "heracross", "url": "https://pokeapi.co/api/v2/pokemon/214/"}, {"name": "donphan", "url": "https://pokeapi.co/api/v2/pokemon/232/"}, {"name": "aggron", "url": "https://pokeapi.co/api/v2/pokemon/306/"}, {"name": "rhyperior", "url": "https://pokeapi.co/api/v2/pokemon/464/"}, {"name": "togekiss", "url": "https://pokeapi.co/api/v2/pokemon/468/"}, {"name": "samurott", "url": "https://pokeapi.co/api/v2/pokemon/503/"}, {"name": "blitzle", "url": "https://pokeapi.co/api/v2/pokemon/522/"}, {"name": "zebstrika", "url": "https://pokeapi.co/api/v2/pokemon/523/"}, {"name": "excadrill", "url": "https://pokeapi.co/api/v2/pokemon/530/"}, {"name": "scolipede", "url": "https://pokeapi.co/api/v2/pokemon/545/"}, {"name": "sawsbuck", "url": "https://pokeapi.co/api/v2/pokemon/586/"}, {"name": "escavalier", "url": "https://pokeapi.co/api/v2/pokemon/589/"}, {"name": "bouffalant", "url": "https://pokeapi.co/api/v2/pokemon/626/"}, {"name": "cobalion", "url": "https://pokeapi.co/api/v2/pokemon/638/"}, {"name": "terrakion", "url": "https://pokeapi.co/api/v2/pokemon/639/"}, {"name": "virizion", "url": "https://pokeapi.co/api/v2/pokemon/640/"}, {"name": "thundurus-incarnate", "url": "https://pokeapi.co/api/v2/pokemon/642/"}, {"name": "keldeo-ordinary", "url": "https://pokeapi.co/api/v2/pokemon/647/"}, {"name": "xerneas", "url": "https://pokeapi.co/api/v2/pokemon/716/"}, {"name": "tapu-bulu", "url": "https://pokeapi.co/api/v2/pokemon/787/"}, {"name": "tapu-fini", "url": "https://pokeapi.co/api/v2/pokemon/788/"}, {"name": "celesteela", "url": "https://pokeapi.co/api/v2/pokemon/797/"}, {"name": "kartana", "url": "https://pokeapi.co/api/v2/pokemon/798/"}, {"name": "necrozma", "url": "https://pokeapi.co/api/v2/pokemon/800/"}, {"name": "naganadel", "url": "https://pokeapi.co/api/v2/pokemon/804/"}, {"name": "drednaw", "url": "https://pokeapi.co/api/v2/pokemon/834/"}, {"name": "falinks", "url": "https://pokeapi.co/api/v2/pokemon/870/"}, {"name": "glastrier", "url": "https://pokeapi.co/api/v2/pokemon/896/"}, {"name": "overqwil", "url": "https://pokeapi.co/api/v2/pokemon/904/"}, {"name": "dudunsparce", "url": "https://pokeapi.co/api/v2/pokemon/982/"}, {"name": "great-tusk", "url": "https://pokeapi.co/api/v2/pokemon/984/"}, {"name": "iron-treads", "url": "https://pokeapi.co/api/v2/pokemon/990/"}, {"name": "iron-leaves", "url": "https://pokeapi.co/api/v2/pokemon/1010/"}, {"name": "gouging-fire", "url": "https://pokeapi.co/api/v2/pokemon/1020/"}, {"name": "iron-crown", "url": "https://pokeapi.co/api/v2/pokemon/1023/"}, {"name": "thundurus-therian", "url": "https://pokeapi.co/api/v2/pokemon/10020/"}, {"name": "keldeo-resolute", "url": "https://pokeapi.co/api/v2/pokemon/10024/"}, {"name": "aggron-mega", "url": "https://pokeapi.co/api/v2/pokemon/10053/"}, {"name": "necrozma-dusk", "url": "https://pokeapi.co/api/v2/pokemon/10155/"}, {"name": "necrozma-dawn", "url": "https://pokeapi.co/api/v2/pokemon/10156/"}, {"name": "necrozma-ultra", "url": "https://pokeapi.co/api/v2/pokemon/10157/"}, {"name": "rapidash-galar", "url": "https://pokeapi.co/api/v2/pokemon/10163/"}, {"name": "calyrex-ice", "url": "https://pokeapi.co/api/v2/pokemon/10193/"}, {"name": "growlithe-hisui", "url": "https://pokeapi.co/api/v2/pokemon/10229/"}, {"name": "arcanine-hisui", "url": "https://pokeapi.co/api/v2/pokemon/10230/"}, {"name": "samurott-hisui", "url": "https://pokeapi.co/api/v2/pokemon/10236/"}, {"name": "tauros-paldea-combat-breed", "url": "https://pokeapi.co/api/v2/pokemon/10250/"}, {"name": "tauros-paldea-blaze-breed", "url": "https://pokeapi.co/api/v2/pokemon/10251/"}, {"name": "tauros-paldea-aqua-breed", "url": "https://pokeapi.co/api/v2/pokemon/10252/"}, {"name": "dudunsparce-three-segment", "url": "https://pokeapi.co/api/v2/pokemon/10255/"}], "machines": [{"machine": {"url": "https://pokeapi.co/api/v2/machine/1179/"}, "version_group": {"name": "sun-moon", "url": "https://pokeapi.co/api/v2/version-group/17/"}}, {"machine": {"url": "https://pokeapi.co/api/v2/machine/1180/"}, "version_group": {"name": "ultra-sun-ultra-moon", "url": "https://pokeapi.co/api/v2/version-group/18/"}}, {"machine": {"url": "https://pokeapi.co/api/v2/machine/1457/"}, "version_group": {"name": "sword-shield", "url": "https://pokeapi.co/api/v2/version-group/20/"}}, {"machine": {"url": "https://pokeapi.co/api/v2/machine/1758/"}, "version_group": {"name": "scarlet-violet", "url": "https://pokeapi.co/api/v2/version-group/25/"}}, {"machine": {"url": "https://pokeapi.co/api/v2/machine/1983/"}, "version_group": {"name": "the-indigo-disk", "url": "https://pokeapi.co/api/v2/version-group/27/"}}], "meta": {"ailment": {"name": "none", "url": "https://pokeapi.co/api/v2/move-ailment/0/"}, "ailment_chance": 0, "category": {"name": "damage", "url": "https://pokeapi.co/api/v2/move-category/0/"}, "crit_rate": 0, "drain": 0, "flinch_chance": 0, "healing": 0, "max_hits": null, "max_turns": null, "min_hits": null, "min_turns": null, "stat_chance": 0}, "name": "smart-strike", "names": [{"language": {"name": "ja-Hrkt", "url": "https://pokeapi.co/api/v2/language/1/"}, "name": "\u30b9\u30de\u30fc\u30c8\u30db\u30fc\u30f3"}, {"language": {"name": "ko", "url": "https://pokeapi.co/api/v2/language/3/"}, "name": "\uc2a4\ub9c8\ud2b8\ud638\ub978"}, {"language": {"name": "zh-Hant", "url": "https://pokeapi.co/api/v2/language/4/"}, "name": "\u4fee\u9577\u4e4b\u89d2"}, {"language": {"name": "fr", "url": "https://pokeapi.co/api/v2/language/5/"}, "name": "Estocorne"}, {"language": {"name": "de", "url": "https://pokeapi.co/api/v2/language/6/"}, "name": "Schmalhorn"}, {"language": {"name": "es", "url": "https://pokeapi.co/api/v2/language/7/"}, "name": "Cuerno Certero"}, {"language": {"name": "it", "url": "https://pokeapi.co/api/v2/language/8/"}, "name": "Sottilcorno"}, {"language": {"name": "en", "url": "https://pokeapi.co/api/v2/language/9/"}, "name": "Smart Strike"}, {"language": {"name": "ja", "url": "https://pokeapi.co/api/v2/language/11/"}, "name": "\u30b9\u30de\u30fc\u30c8\u30db\u30fc\u30f3"}, {"language": {"name": "zh-Hans", "url": "https://pokeapi.co/api/v2/language/12/"}, "name": "\u4fee\u957f\u4e4b\u89d2"}], "past_values": [], "power": 70, "pp": 10, "priority": 0, "stat_changes": [], "super_contest_effect": null, "target": {"name": "selected-pokemon", "url": "https://pokeapi.co/api/v2/move-target/10/"}, "type": {"name": "steel", "url": "https://pokeapi.co/api/v2/type/9/"}}