{"accuracy": 95, "contest_combos": null, "contest_effect": null, "contest_type": {"name": "tough", "url": "https://pokeapi.co/api/v2/contest-type/5/"}, "damage_class": {"name": "special", "url": "https://pokeapi.co/api/v2/move-damage-class/3/"}, "effect_chance": null, "effect_changes": [], "effect_entries": [{"effect": "Inflicts regular damage.  User's critical hit rate is one level higher when using this move.", "language": {"name": "en", "url": "https://pokeapi.co/api/v2/language/9/"}, "short_effect": "Has an increased chance for a critical hit."}], "flavor_text_entries": [{"flavor_text": "Chi la usa lacera il bersaglio e lo spazio che\nlo circonda. Probabile brutto colpo.", "language": {"name": "it", "url": "https://pokeapi.co/api/v2/language/8/"}, "version_group": {"name": "x-y", "url": "https://pokeapi.co/api/v2/version-group/15/"}}, {"flavor_text": "The user tears the\nfoe along with the\nspace around it.\nThis move has a high\ncritical-hit ratio.", "language": {"name": "en", "url": "https://pokeapi.co/api/v2/language/9/"}, "version_group": {"name": "diamond-pearl", "url": "https://pokeapi.co/api/v2/version-group/8/"}}, {"flavor_text": "The user tears the\nfoe along with the\nspace around it.\nThis move has a high\ncritical-hit ratio.", "language": {"name": "en", "url": "https://pokeapi.co/api/v2/language/9/"}, "version_group": {"name": "platinum", "url": "https://pokeapi.co/api/v2/version-group/9/"}}, {"flavor_text": "The user tears the\nfoe along with the\nspace around it.\nThis move has a high\ncritical-hit ratio.", "language": {"name": "en", "url": "https://pokeapi.co/api/v2/language/9/"}, "version_group": {"name": "heartgold-soulsilver", "url": "https://pokeapi.co/api/v2/version-group/10/"}}, {"flavor_text": "Le lanceur d\u00e9chire l\u2019ennemi et l\u2019espace\nautour de lui. Taux de critiques \u00e9lev\u00e9.", "language": {"name": "fr", "url": "https://pokeapi.co/api/v2/language/5/"}, "version_group": {"name": "black-white", "url": "https://pokeapi.co/api/v2/version-group/11/"}}, {"flavor_text": "The user tears the target along with the\nspace around it.\nCritical hits land more easily.", "language": {"name": "en", "url": "https://pokeapi.co/api/v2/language/9/"}, "version_group": {"name": "black-white", "url": "https://pokeapi.co/api/v2/version-group/11/"}}, {"flavor_text": "The user tears the target along with the\nspace around it.\nCritical hits land more easily.", "language": {"name": "en", "url": "https://pokeapi.co/api/v2/language/9/"}, "version_group": {"name": "black-2-white-2", "url": "https://pokeapi.co/api/v2/version-group/14/"}}, {"flavor_text": "\u307e\u308f\u308a\u306e\u3000\u304f\u3046\u304b\u3093\u3054\u3068\u3000\u3042\u3044\u3066\u3092\n\u3072\u304d\u3055\u304d\u3000\u30c0\u30e1\u30fc\u30b8\u3092\u3000\u3042\u305f\u3048\u308b\u3002\n\u304d\u3085\u3046\u3057\u3087\u306b\u3000\u3042\u305f\u308a\u3084\u3059\u3044\u3002", "language": {"name": "ja-Hrkt", "url": "https://pokeapi.co/api/v2/language/1/"}, "version_group": {"name": "x-y", "url": "https://pokeapi.co/api/v2/version-group/15/"}}, {"flavor_text": "\uc8fc\uc704\uc758 \uacf5\uac04\uacfc \ub354\ubd88\uc5b4 \uc0c1\ub300\ub97c\n\ucc22\uc5b4\uc11c \ub370\ubbf8\uc9c0\ub97c \uc900\ub2e4.\n\uae09\uc18c\uc5d0 \ub9de\uae30 \uc27d\ub2e4.", "language": {"name": "ko", "url": "https://pokeapi.co/api/v2/language/3/"}, "version_group": {"name": "x-y", "url": "https://pokeapi.co/api/v2/version-group/15/"}}, {"flavor_text": "Le lanceur d\u00e9chire l\u2019ennemi et l\u2019espace autour\nde lui. Taux de critiques \u00e9lev\u00e9.", "language": {"name": "fr", "url": "https://pokeapi.co/api/v2/language/5/"}, "version_group": {"name": "x-y", "url": "https://pokeapi.co/api/v2/version-group/15/"}}, {"flavor_text": "Schwere, raumgreifende Attacke.\nHohe Volltrefferquote.", "language": {"name": "de", "url": "https://pokeapi.co/api/v2/language/6/"}, "version_group": {"name": "x-y", "url": "https://pokeapi.co/api/v2/version-group/15/"}}, {"flavor_text": "Desgarra al objetivo y el espacio a su alrededor.\nSuele ser cr\u00edtico.", "language": {"name": "es", "url": "https://pokeapi.co/api/v2/language/7/"}, "version_group": {"name": "x-y", "url": "https://pokeapi.co/api/v2/version-group/15/"}}, {"flavor_text": "The user tears the target along with the\nspace around it.\nCritical hits land more easily.", "language": {"name": "en", "url": "https://pokeapi.co/api/v2/language/9/"}, "version_group": {"name": "x-y", "url": "https://pokeapi.co/api/v2/version-group/15/"}}, {"flavor_text": "\u5468\u308a\u306e\u3000\u7a7a\u9593\u3054\u3068\u3000\u76f8\u624b\u3092\n\u5f15\u304d\u88c2\u304d\u3000\u30c0\u30e1\u30fc\u30b8\u3092\u3000\u4e0e\u3048\u308b\u3002\n\u6025\u6240\u306b\u3000\u5f53\u305f\u308a\u3084\u3059\u3044\u3002", "language": {"name": "ja", "url": "https://pokeapi.co/api/v2/language/11/"}, "version_group": {"name": "x-y", "url": "https://pokeapi.co/api/v2/version-group/15/"}}, {"flavor_text": "\u307e\u308f\u308a\u306e\u3000\u304f\u3046\u304b\u3093\u3054\u3068\u3000\u3042\u3044\u3066\u3092\n\u3072\u304d\u3055\u304d\u3000\u30c0\u30e1\u30fc\u30b8\u3092\u3000\u3042\u305f\u3048\u308b\u3002\n\u304d\u3085\u3046\u3057\u3087\u306b\u3000\u3042\u305f\u308a\u3084\u3059\u3044\u3002", "language": {"name": "ja-Hrkt", "url": "https://pokeapi.co/api/v2/language/1/"}, "version_group": {"name": "omega-ruby-alpha-sapphire", "url": "https://pokeapi.co/api/v2/version-group/16/"}}, {"flavor_text": "\uc8fc\uc704\uc758 \uacf5\uac04\uacfc \ub354\ubd88\uc5b4 \uc0c1\ub300\ub97c\n\ucc22\uc5b4\uc11c \ub370\ubbf8\uc9c0\ub97c \uc900\ub2e4.\n\uae09\uc18c\uc5d0 \ub9de\uae30 \uc27d\ub2e4.", "language": {"name": "ko", "url": "https://pokeapi.co/api/v2/language/3/"}, "version_group": {"name": "omega-ruby-alpha-sapphire", "url": "https://pokeapi.co/api/v2/version-group/16/"}}, {"flavor_text": "Le lanceur d\u00e9chire l\u2019ennemi et l\u2019espace autour\nde lui. Taux de critiques \u00e9lev\u00e9.", "language": {"name": "fr", "url": "https://pokeapi.co/api/v2/language/5/"}, "version_group": {"name": "omega-ruby-alpha-sapphire", "url": "https://pokeapi.co/api/v2/version-group/16/"}}, {"flavor_text": "Schwere, raumgreifende Attacke.\nHohe Volltrefferquote.", "language": {"name": "de", "url": "https://pokeapi.co/api/v2/language/6/"}, "version_group": {"name": "omega-ruby-alpha-sapphire", "url": "https://pokeapi.co/api/v2/version-group/16/"}}, {"flavor_text": "Desgarra al objetivo y el espacio a su alrededor. \nSuele ser cr\u00edtico.", "language": {"name": "es", "url": "https://pokeapi.co/api/v2/language/7/"}, "version_group": {"name": "omega-ruby-alpha-sapphire", "url": "https://pokeapi.co/api/v2/version-group/16/"}}, {"flavor_text": "Chi la usa lacera il bersaglio e lo spazio che\nlo circonda. Probabile brutto colpo.", "language": {"name": "it", "url": "https://pokeapi.co/api/v2/language/8/"}, "version_group": {"name": "omega-ruby-alpha-sapphire", "url": "https://pokeapi.co/api/v2/version-group/16/"}}, {"flavor_text": "The user tears the target along with the\nspace around it.\nCritical hits land more easily.", "language": {"name": "en", "url": "https://pokeapi.co/api/v2/language/9/"}, "version_group": {"name": "omega-ruby-alpha-sapphire", "url": "https://pokeapi.co/api/v2/version-group/16/"}}, {"flavor_text": "\u5468\u308a\u306e\u3000\u7a7a\u9593\u3054\u3068\u3000\u76f8\u624b\u3092\n\u5f15\u304d\u88c2\u304d\u3000\u30c0\u30e1\u30fc\u30b8\u3092\u3000\u4e0e\u3048\u308b\u3002\n\u6025\u6240\u306b\u3000\u5f53\u305f\u308a\u3084\u3059\u3044\u3002", "language": {"name": "ja", "url": "https://pokeapi.co/api/v2/language/11/"}, "version_group": {"name": "omega-ruby-alpha-sapphire", "url": "https://pokeapi.co/api/v2/version-group/16/"}}, {"flavor_text": "\u307e\u308f\u308a\u306e\u3000\u304f\u3046\u304b\u3093\u3054\u3068\u3000\u3042\u3044\u3066\u3092\n\u3072\u304d\u3055\u304d\u3000\u30c0\u30e1\u30fc\u30b8\u3092\u3000\u3042\u305f\u3048\u308b\u3002\n\u304d\u3085\u3046\u3057\u3087\u306b\u3000\u3042\u305f\u308a\u3084\u3059\u3044\u3002", "language": {"name": "ja-Hrkt", "url": "https://pokeapi.co/api/v2/language/1/"}, "version_group": {"name": "sun-moon", "url": "https://pokeapi.co/api/v2/version-group/17/"}}, {"flavor_text": "\uc8fc\uc704\uc758 \uacf5\uac04\uacfc \ub354\ubd88\uc5b4 \uc0c1\ub300\ub97c\n\ucc22\uc5b4\uc11c \ub370\ubbf8\uc9c0\ub97c \uc900\ub2e4.\n\uae09\uc18c\uc5d0 \ub9de\uae30 \uc27d\ub2e4.", "language": {"name": "ko", "url": "https://pokeapi.co/api/v2/language/3/"}, "version_group": {"name": "sun-moon", "url": "https://pokeapi.co/api/v2/version-group/17/"}}, {"flavor_text": "\u5c07\u5c0d\u624b\u9023\u540c\u5468\u570d\u7684\u7a7a\u9593\n\u4e00\u8d77\u5207\u958b\uff0c\u7d66\u4e88\u5c0d\u624b\u50b7\u5bb3\u3002\n\u5bb9\u6613\u64ca\u4e2d\u8981\u5bb3\u3002", "language": {"name": "zh-Hant", "url": "https://pokeapi.co/api/v2/language/4/"}, "version_group": {"name": "sun-moon", "url": "https://pokeapi.co/api/v2/version-group/17/"}}, {"flavor_text": "Le lanceur d\u00e9chire l\u2019ennemi et l\u2019espace autour\nde lui. Taux de critique \u00e9lev\u00e9.", "language": {"name": "fr", "url": "https://pokeapi.co/api/v2/language/5/"}, "version_group": {"name": "sun-moon", "url": "https://pokeapi.co/api/v2/version-group/17/"}}, {"flavor_text": "Schwere, raumgreifende Attacke.\nHohe Volltrefferquote.", "language": {"name": "de", "url": "https://pokeapi.co/api/v2/language/6/"}, "version_group": {"name": "sun-moon", "url": "https://pokeapi.co/api/v2/version-group/17/"}}, {"flavor_text": "Desgarra al objetivo y el espacio a su alrededor. \nSuele ser cr\u00edtico.", "language": {"name": "es", "url": "https://pokeapi.co/api/v2/language/7/"}, "version_group": {"name": "sun-moon", "url": "https://pokeapi.co/api/v2/version-group/17/"}}, {"flavor_text": "Chi la usa lacera il bersaglio e lo spazio che\nlo circonda. Probabile brutto colpo.", "language": {"name": "it", "url": "https://pokeapi.co/api/v2/language/8/"}, "version_group": {"name": "sun-moon", "url": "https://pokeapi.co/api/v2/version-group/17/"}}, {"flavor_text": "The user tears the target along with the space\naround it. Critical hits land more easily.", "language": {"name": "en", "url": "https://pokeapi.co/api/v2/language/9/"}, "version_group": {"name": "sun-moon", "url": "https://pokeapi.co/api/v2/version-group/17/"}}, {"flavor_text": "\u5468\u308a\u306e\u3000\u7a7a\u9593\u3054\u3068\u3000\u76f8\u624b\u3092\n\u5f15\u304d\u88c2\u304d\u3000\u30c0\u30e1\u30fc\u30b8\u3092\u3000\u4e0e\u3048\u308b\u3002\n\u6025\u6240\u306b\u3000\u5f53\u305f\u308a\u3084\u3059\u3044\u3002", "language": {"name": "ja", "url": "https://pokeapi.co/api/v2/language/11/"}, "version_group": {"name": "sun-moon", "url": "https://pokeapi.co/api/v2/version-group/17/"}}, {"flavor_text": "\u5c06\u5bf9\u624b\u8fde\u540c\u5468\u56f4\u7684\u7a7a\u95f4\u4e00\u8d77\n\u6495\u88c2\u5e76\u7ed9\u4e88\u4f24\u5bb3\u3002\n\u5bb9\u6613\u51fb\u4e2d\u8981\u5bb3\u3002", "language": {"name": "zh-Hans", "url": "https://pokeapi.co/api/v2/language/12/"}, "version_group": {"name": "sun-moon", "url": "https://pokeapi.co/api/v2/version-group/17/"}}, {"flavor_text": "\u307e\u308f\u308a\u306e\u3000\u304f\u3046\u304b\u3093\u3054\u3068\u3000\u3042\u3044\u3066\u3092\n\u3072\u304d\u3055\u304d\u3000\u30c0\u30e1\u30fc\u30b8\u3092\u3000\u3042\u305f\u3048\u308b\u3002\n\u304d\u3085\u3046\u3057\u3087\u306b\u3000\u3042\u305f\u308a\u3084\u3059\u3044\u3002", "language": {"name": "ja-Hrkt", "url": "https://pokeapi.co/api/v2/language/1/"}, "version_group": {"name": "ultra-sun-ultra-moon", "url": "https://pokeapi.co/api/v2/version-group/18/"}}, {"flavor_text": "\uc8fc\uc704\uc758 \uacf5\uac04\uacfc \ub354\ubd88\uc5b4 \uc0c1\ub300\ub97c\n\ucc22\uc5b4\uc11c \ub370\ubbf8\uc9c0\ub97c \uc900\ub2e4.\n\uae09\uc18c\uc5d0 \ub9de\uae30 \uc27d\ub2e4.", "language": {"name": "ko", "url": "https://pokeapi.co/api/v2/language/3/"}, "version_group": {"name": "ultra-sun-ultra-moon", "url": "https://pokeapi.co/api/v2/version-group/18/"}}, {"flavor_text": "\u5c07\u5c0d\u624b\u9023\u540c\u5468\u570d\u7684\u7a7a\u9593\n\u4e00\u8d77\u5207\u958b\uff0c\u7d66\u4e88\u5c0d\u624b\u50b7\u5bb3\u3002\n\u5bb9\u6613\u64ca\u4e2d\u8981\u5bb3\u3002", "language": {"name": "zh-Hant", "url": "https://pokeapi.co/api/v2/language/4/"}, "version_group": {"name": "ultra-sun-ultra-moon", "url": "https://pokeapi.co/api/v2/version-group/18/"}}, {"flavor_text": "Le lanceur d\u00e9chire l\u2019ennemi et l\u2019espace autour\nde lui. Taux de critique \u00e9lev\u00e9.", "language": {"name": "fr", "url": "https://pokeapi.co/api/v2/language/5/"}, "version_group": {"name": "ultra-sun-ultra-moon", "url": "https://pokeapi.co/api/v2/version-group/18/"}}, {"flavor_text": "Schwere, raumgreifende Attacke.\nHohe Volltrefferquote.", "language": {"name": "de", "url": "https://pokeapi.co/api/v2/language/6/"}, "version_group": {"name": "ultra-sun-ultra-moon", "url": "https://pokeapi.co/api/v2/version-group/18/"}}, {"flavor_text": "Desgarra al objetivo y el espacio a su alrededor. \nSuele ser cr\u00edtico.", "language": {"name": "es", "url": "https://pokeapi.co/api/v2/language/7/"}, "version_group": {"name": "ultra-sun-ultra-moon", "url": "https://pokeapi.co/api/v2/version-group/18/"}}, {"flavor_text": "Chi la usa lacera il bersaglio e lo spazio che\nlo circonda. Probabile brutto colpo.", "language": {"name": "it", "url": "https://pokeapi.co/api/v2/language/8/"}, "version_group": {"name": "ultra-sun-ultra-moon", "url": "https://pokeapi.co/api/v2/version-group/18/"}}, {"flavor_text": "The user tears the target along with the space\naround it. Critical hits land more easily.", "language": {"name": "en", "url": "https://pokeapi.co/api/v2/language/9/"}, "version_group": {"name": "ultra-sun-ultra-moon", "url": "https://pokeapi.co/api/v2/version-group/18/"}}, {"flavor_text": "\u5468\u308a\u306e\u3000\u7a7a\u9593\u3054\u3068\u3000\u76f8\u624b\u3092\n\u5f15\u304d\u88c2\u304d\u3000\u30c0\u30e1\u30fc\u30b8\u3092\u3000\u4e0e\u3048\u308b\u3002\n\u6025\u6240\u306b\u3000\u5f53\u305f\u308a\u3084\u3059\u3044\u3002", "language": {"name": "ja", "url": "https://pokeapi.co/api/v2/language/11/"}, "version_group": {"name": "ultra-sun-ultra-moon", "url": "https://pokeapi.co/api/v2/version-group/18/"}}, {"flavor_text": "\u5c06\u5bf9\u624b\u8fde\u540c\u5468\u56f4\u7684\u7a7a\u95f4\u4e00\u8d77\n\u6495\u88c2\u5e76\u7ed9\u4e88\u4f24\u5bb3\u3002\n\u5bb9\u6613\u51fb\u4e2d\u8981\u5bb3\u3002", "language": {"name": "zh-Hans", "url": "https://pokeapi.co/api/v2/language/12/"}, "version_group": {"name": "ultra-sun-ultra-moon", "url": "https://pokeapi.co/api/v2/version-group/18/"}}, {"flavor_text": "\u307e\u308f\u308a\u306e\u3000\u304f\u3046\u304b\u3093\u3054\u3068\u3000\u3042\u3044\u3066\u3092\n\u3072\u304d\u3055\u304d\u3000\u30c0\u30e1\u30fc\u30b8\u3092\u3000\u3042\u305f\u3048\u308b\u3002\n\u304d\u3085\u3046\u3057\u3087\u306b\u3000\u3042\u305f\u308a\u3084\u3059\u3044\u3002", "language": {"name": "ja-Hrkt", "url": "https://pokeapi.co/api/v2/language/1/"}, "version_group": {"name": "lets-go-pikachu-lets-go-eevee", "url": "https://pokeapi.co/api/v2/version-group/19/"}}, {"flavor_text": "\uc8fc\uc704\uc758 \uacf5\uac04\uacfc \ub354\ubd88\uc5b4 \uc0c1\ub300\ub97c\n\ucc22\uc5b4\uc11c \ub370\ubbf8\uc9c0\ub97c \uc900\ub2e4.\n\uae09\uc18c\uc5d0 \ub9de\uae30 \uc27d\ub2e4.", "language": {"name": "ko", "url": "https://pokeapi.co/api/v2/language/3/"}, "version_group": {"name": "lets-go-pikachu-lets-go-eevee", "url": "https://pokeapi.co/api/v2/version-group/19/"}}, {"flavor_text": "\u5c07\u5c0d\u624b\u9023\u540c\u5468\u570d\u7684\u7a7a\u9593\n\u4e00\u8d77\u5207\u958b\uff0c\u7d66\u4e88\u5c0d\u624b\u50b7\u5bb3\u3002\n\u5bb9\u6613\u64ca\u4e2d\u8981\u5bb3\u3002", "language": {"name": "zh-Hant", "url": "https://pokeapi.co/api/v2/language/4/"}, "version_group": {"name": "lets-go-pikachu-lets-go-eevee", "url": "https://pokeapi.co/api/v2/version-group/19/"}}, {"flavor_text": "Le lanceur d\u00e9chire l\u2019ennemi et l\u2019espace autour de lui.\nTaux de critique \u00e9lev\u00e9.", "language": {"name": "fr", "url": "https://pokeapi.co/api/v2/language/5/"}, "version_group": {"name": "lets-go-pikachu-lets-go-eevee", "url": "https://pokeapi.co/api/v2/version-group/19/"}}, {"flavor_text": "Schwere, raumgreifende Attacke.\nHohe Volltrefferquote.", "language": {"name": "de", "url": "https://pokeapi.co/api/v2/language/6/"}, "version_group": {"name": "lets-go-pikachu-lets-go-eevee", "url": "https://pokeapi.co/api/v2/version-group/19/"}}, {"flavor_text": "Desgarra al objetivo y el espacio a su alrededor. \nSuele ser cr\u00edtico.", "language": {"name": "es", "url": "https://pokeapi.co/api/v2/language/7/"}, "version_group": {"name": "lets-go-pikachu-lets-go-eevee", "url": "https://pokeapi.co/api/v2/version-group/19/"}}, {"flavor_text": "Chi la usa lacera il bersaglio e lo spazio che\nlo circonda. Probabile brutto colpo.", "language": {"name": "it", "url": "https://pokeapi.co/api/v2/language/8/"}, "version_group": {"name": "lets-go-pikachu-lets-go-eevee", "url": "https://pokeapi.co/api/v2/version-group/19/"}}, {"flavor_text": "The user tears the target along with the space\naround it. Critical hits land more easily.", "language": {"name": "en", "url": "https://pokeapi.co/api/v2/language/9/"}, "version_group": {"name": "lets-go-pikachu-lets-go-eevee", "url": "https://pokeapi.co/api/v2/version-group/19/"}}, {"flavor_text": "\u5468\u308a\u306e\u3000\u7a7a\u9593\u3054\u3068\u3000\u76f8\u624b\u3092\n\u5f15\u304d\u88c2\u304d\u3000\u30c0\u30e1\u30fc\u30b8\u3092\u3000\u4e0e\u3048\u308b\u3002\n\u6025\u6240\u306b\u3000\u5f53\u305f\u308a\u3084\u3059\u3044\u3002", "language": {"name": "ja", "url": "https://pokeapi.co/api/v2/language/11/"}, "version_group": {"name": "lets-go-pikachu-lets-go-eevee", "url": "https://pokeapi.co/api/v2/version-group/19/"}}, {"flavor_text": "\u5c06\u5bf9\u624b\u8fde\u540c\u5468\u56f4\u7684\u7a7a\u95f4\u4e00\u8d77\n\u6495\u88c2\u5e76\u7ed9\u4e88\u4f24\u5bb3\u3002\n\u5bb9\u6613\u51fb\u4e2d\u8981\u5bb3\u3002", "language": {"name": "zh-Hans", "url": "https://pokeapi.co/api/v2/language/12/"}, "version_group": {"name": "lets-go-pikachu-lets-go-eevee", "url": "https://pokeapi.co/api/v2/version-group/19/"}}, {"flavor_text": "\u307e\u308f\u308a\u306e\u3000\u304f\u3046\u304b\u3093\u3054\u3068\u3000\u3042\u3044\u3066\u3092\n\u3072\u304d\u3055\u304d\u3000\u30c0\u30e1\u30fc\u30b8\u3092\u3000\u3042\u305f\u3048\u308b\u3002\n\u304d\u3085\u3046\u3057\u3087\u306b\u3000\u3042\u305f\u308a\u3084\u3059\u3044\u3002", "language": {"name": "ja-Hrkt", "url": "https://pokeapi.co/api/v2/language/1/"}, "version_group": {"name": "sword-shield", "url": "https://pokeapi.co/api/v2/version-group/20/"}}, {"flavor_text": "\uc8fc\uc704\uc758 \uacf5\uac04\uacfc \ub354\ubd88\uc5b4 \uc0c1\ub300\ub97c\n\ucc22\uc5b4\uc11c \ub370\ubbf8\uc9c0\ub97c \uc900\ub2e4.\n\uae09\uc18c\uc5d0 \ub9de\uae30 \uc27d\ub2e4.", "language": {"name": "ko", "url": "https://pokeapi.co/api/v2/language/3/"}, "version_group": {"name": "sword-shield", "url": "https://pokeapi.co/api/v2/version-group/20/"}}, {"flavor_text": "\u5c07\u5c0d\u624b\u9023\u540c\u5468\u570d\u7684\u7a7a\u9593\n\u4e00\u8d77\u5207\u958b\uff0c\u7d66\u4e88\u5c0d\u624b\u50b7\u5bb3\u3002\n\u5bb9\u6613\u64ca\u4e2d\u8981\u5bb3\u3002", "language": {"name": "zh-Hant", "url": "https://pokeapi.co/api/v2/language/4/"}, "version_group": {"name": "sword-shield", "url": "https://pokeapi.co/api/v2/version-group/20/"}}, {"flavor_text": "Le lanceur d\u00e9chire l\u2019ennemi et l\u2019espace autour de lui.\nTaux de critiques \u00e9lev\u00e9.", "language": {"name": "fr", "url": "https://pokeapi.co/api/v2/language/5/"}, "version_group": {"name": "sword-shield", "url": "https://pokeapi.co/api/v2/version-group/20/"}}, {"flavor_text": "Schwere, raumgreifende Attacke. Hohe Volltrefferquote.", "language": {"name": "de", "url": "https://pokeapi.co/api/v2/language/6/"}, "version_group": {"name": "sword-shield", "url": "https://pokeapi.co/api/v2/version-group/20/"}}, {"flavor_text": "Desgarra al objetivo y el espacio a su alrededor. \nSuele ser cr\u00edtico.", "language": {"name": "es", "url": "https://pokeapi.co/api/v2/language/7/"}, "version_group": {"name": "sword-shield", "url": "https://pokeapi.co/api/v2/version-group/20/"}}, {"flavor_text": "Chi la usa lacera il bersaglio e lo spazio che\nlo circonda. Probabile brutto colpo.", "language": {"name": "it", "url": "https://pokeapi.co/api/v2/language/8/"}, "version_group": {"name": "sword-shield", "url": "https://pokeapi.co/api/v2/version-group/20/"}}, {"flavor_text": "The user tears the target along with the space\naround it. Critical hits land more easily.", "language": {"name": "en", "url": "https://pokeapi.co/api/v2/language/9/"}, "version_group": {"name": "sword-shield", "url": "https://pokeapi.co/api/v2/version-group/20/"}}, {"flavor_text": "\u5468\u308a\u306e\u3000\u7a7a\u9593\u3054\u3068\u3000\u76f8\u624b\u3092\n\u5f15\u304d\u88c2\u304d\u3000\u30c0\u30e1\u30fc\u30b8\u3092\u3000\u4e0e\u3048\u308b\u3002\n\u6025\u6240\u306b\u3000\u5f53\u305f\u308a\u3084\u3059\u3044\u3002", "language": {"name": "ja", "url": "https://pokeapi.co/api/v2/language/11/"}, "version_group": {"name": "sword-shield", "url": "https://pokeapi.co/api/v2/version-group/20/"}}, {"flavor_text": "\u5c06\u5bf9\u624b\u8fde\u540c\u5468\u56f4\u7684\u7a7a\u95f4\u4e00\u8d77\n\u6495\u88c2\u5e76\u7ed9\u4e88\u4f24\u5bb3\u3002\n\u5bb9\u6613\u51fb\u4e2d\u8981\u5bb3\u3002", "language": {"name": "zh-Hans", "url": "https://pokeapi.co/api/v2/language/12/"}, "version_group": {"name": "sword-shield", "url": "https://pokeapi.co/api/v2/version-group/20/"}}], "generation": {"name": "generation-iv", "url": "https://pokeapi.co/api/v2/generation/4/"}, "id": 460, "learned_by_pokemon": [{"name": "palkia", "url": "https://pokeapi.co/api/v2/pokemon/484/"}, {"name": "palkia-origin", "url": "https://pokeapi.co/api/v2/pokemon/10246/"}], "machines": [], "meta": {"ailment": {"name": "none", "url": "https://pokeapi.co/api/v2/move-ailment/0/"}, "ailment_chance": 0, "category": {"name": "damage", "url": "https://pokeapi.co/api/v2/move-category/0/"}, "crit_rate": 1, "drain": 0, "flinch_chance": 0, "healing": 0, "max_hits": null, "max_turns": null, "min_hits": null, "min_turns": null, "stat_chance": 0}, "name": "spacial-rend", "names": [{"language": {"name": "ja-Hrkt", "url": "https://pokeapi.co/api/v2/language/1/"}, "name": "\u3042\u304f\u3046\u305b\u3064\u3060\u3093"}, {"language": {"name": "ko", "url": "https://pokeapi.co/api/v2/language/3/"}, "name": "\uacf5\uac04\uc808\ub2e8"}, {"language": {"name": "zh-Hant", "url": "https://pokeapi.co/api/v2/language/4/"}, "name": "\u4e9e\u7a7a\u88c2\u65ac"}, {"language": {"name": "fr", "url": "https://pokeapi.co/api/v2/language/5/"}, "name": "Spatio-Rift"}, {"language": {"name": "de", "url": "https://pokeapi.co/api/v2/language/6/"}, "name": "Raumschlag"}, {"language": {"name": "es", "url": "https://pokeapi.co/api/v2/language/7/"}, "name": "Corte Vac\u00edo"}, {"language": {"name": "it", "url": "https://pokeapi.co/api/v2/language/8/"}, "name": "Fendispazio"}, {"language": {"name": "en", "url": "https://pokeapi.co/api/v2/language/9/"}, "name": "Spacial Rend"}, {"language": {"name": "ja", "url": "https://pokeapi.co/api/v2/language/11/"}, "name": "\u3042\u304f\u3046\u305b\u3064\u3060\u3093"}, {"language": {"name": "zh-Hans", "url": "https://pokeapi.co/api/v2/language/12/"}, "name": "\u4e9a\u7a7a\u88c2\u65a9"}], "past_values": [], "power": 100, "pp": 5, "priority": 0, "stat_changes": [], "super_contest_effect": {"url": "https://pokeapi.co/api/v2/super-contest-effect/4/"}, "target": {"name": "selected-pokemon", "url": "https://pokeapi.co/api/v2/move-target/10/"}, "type": {"name": "dragon", "url": "https://pokeapi.co/api/v2/type/16/"}}