{"accuracy": null, "contest_combos": null, "contest_effect": null, "contest_type": null, "damage_class": {"name": "status", "url": "https://pokeapi.co/api/v2/move-damage-class/1/"}, "effect_chance": null, "effect_changes": [], "effect_entries": [{"effect": "Exchanges the original Speed stats of the user and target.", "language": {"name": "en", "url": "https://pokeapi.co/api/v2/language/9/"}, "short_effect": "Exchanges the user's Speed with the target's."}], "flavor_text_entries": [{"flavor_text": "\u3042\u3044\u3066\u306e\u3000\u3059\u3070\u3084\u3055\u3068\n\u3058\u3076\u3093\u306e\u3000\u3059\u3070\u3084\u3055\u3092\n\u3044\u308c\u304b\u3048\u3066\u3000\u3057\u307e\u3046\u3002", "language": {"name": "ja-Hrkt", "url": "https://pokeapi.co/api/v2/language/1/"}, "version_group": {"name": "sun-moon", "url": "https://pokeapi.co/api/v2/version-group/17/"}}, {"flavor_text": "\uc0c1\ub300\uc758 \uc2a4\ud53c\ub4dc\uc640\n\uc790\uc2e0\uc758 \uc2a4\ud53c\ub4dc\ub97c\n\uad50\uccb4\ud55c\ub2e4.", "language": {"name": "ko", "url": "https://pokeapi.co/api/v2/language/3/"}, "version_group": {"name": "sun-moon", "url": "https://pokeapi.co/api/v2/version-group/17/"}}, {"flavor_text": "\u5c07\u5c0d\u624b\u548c\u81ea\u5df1\u7684\u901f\u5ea6\n\u9032\u884c\u4e92\u63db\u3002", "language": {"name": "zh-Hant", "url": "https://pokeapi.co/api/v2/language/4/"}, "version_group": {"name": "sun-moon", "url": "https://pokeapi.co/api/v2/version-group/17/"}}, {"flavor_text": "Intervertit la Vitesse du lanceur et celle de la cible.", "language": {"name": "fr", "url": "https://pokeapi.co/api/v2/language/5/"}, "version_group": {"name": "sun-moon", "url": "https://pokeapi.co/api/v2/version-group/17/"}}, {"flavor_text": "Der Anwender tauscht seinen Initiative-Wert mit dem\ndes Zieles.", "language": {"name": "de", "url": "https://pokeapi.co/api/v2/language/6/"}, "version_group": {"name": "sun-moon", "url": "https://pokeapi.co/api/v2/version-group/17/"}}, {"flavor_text": "Intercambia su Velocidad por la del oponente.", "language": {"name": "es", "url": "https://pokeapi.co/api/v2/language/7/"}, "version_group": {"name": "sun-moon", "url": "https://pokeapi.co/api/v2/version-group/17/"}}, {"flavor_text": "Chi la usa scambia la propria Velocit\u00e0\ncon quella del bersaglio.", "language": {"name": "it", "url": "https://pokeapi.co/api/v2/language/8/"}, "version_group": {"name": "sun-moon", "url": "https://pokeapi.co/api/v2/version-group/17/"}}, {"flavor_text": "The user exchanges Speed stats with the target.", "language": {"name": "en", "url": "https://pokeapi.co/api/v2/language/9/"}, "version_group": {"name": "sun-moon", "url": "https://pokeapi.co/api/v2/version-group/17/"}}, {"flavor_text": "\u76f8\u624b\u306e\u3000\u7d20\u65e9\u3055\u3068\n\u81ea\u5206\u306e\u3000\u7d20\u65e9\u3055\u3092\n\u5165\u308c\u66ff\u3048\u3066\u3057\u307e\u3046\u3002", "language": {"name": "ja", "url": "https://pokeapi.co/api/v2/language/11/"}, "version_group": {"name": "sun-moon", "url": "https://pokeapi.co/api/v2/version-group/17/"}}, {"flavor_text": "\u5c06\u5bf9\u624b\u548c\u81ea\u5df1\u7684\u901f\u5ea6\n\u8fdb\u884c\u4e92\u6362\u3002", "language": {"name": "zh-Hans", "url": "https://pokeapi.co/api/v2/language/12/"}, "version_group": {"name": "sun-moon", "url": "https://pokeapi.co/api/v2/version-group/17/"}}, {"flavor_text": "\u3042\u3044\u3066\u306e\u3000\u3059\u3070\u3084\u3055\u3068\n\u3058\u3076\u3093\u306e\u3000\u3059\u3070\u3084\u3055\u3092\n\u3044\u308c\u304b\u3048\u3066\u3000\u3057\u307e\u3046\u3002", "language": {"name": "ja-Hrkt", "url": "https://pokeapi.co/api/v2/language/1/"}, "version_group": {"name": "ultra-sun-ultra-moon", "url": "https://pokeapi.co/api/v2/version-group/18/"}}, {"flavor_text": "\uc0c1\ub300\uc758 \uc2a4\ud53c\ub4dc\uc640\n\uc790\uc2e0\uc758 \uc2a4\ud53c\ub4dc\ub97c\n\uad50\uccb4\ud55c\ub2e4.", "language": {"name": "ko", "url": "https://pokeapi.co/api/v2/language/3/"}, "version_group": {"name": "ultra-sun-ultra-moon", "url": "https://pokeapi.co/api/v2/version-group/18/"}}, {"flavor_text": "\u5c07\u5c0d\u624b\u548c\u81ea\u5df1\u7684\u901f\u5ea6\n\u9032\u884c\u4e92\u63db\u3002", "language": {"name": "zh-Hant", "url": "https://pokeapi.co/api/v2/language/4/"}, "version_group": {"name": "ultra-sun-ultra-moon", "url": "https://pokeapi.co/api/v2/version-group/18/"}}, {"flavor_text": "Intervertit la Vitesse du lanceur et celle de la cible.", "language": {"name": "fr", "url": "https://pokeapi.co/api/v2/language/5/"}, "version_group": {"name": "ultra-sun-ultra-moon", "url": "https://pokeapi.co/api/v2/version-group/18/"}}, {"flavor_text": "Der Anwender tauscht seinen Initiative-Wert mit dem\ndes Zieles.", "language": {"name": "de", "url": "https://pokeapi.co/api/v2/language/6/"}, "version_group": {"name": "ultra-sun-ultra-moon", "url": "https://pokeapi.co/api/v2/version-group/18/"}}, {"flavor_text": "Intercambia su Velocidad por la del oponente.", "language": {"name": "es", "url": "https://pokeapi.co/api/v2/language/7/"}, "version_group": {"name": "ultra-sun-ultra-moon", "url": "https://pokeapi.co/api/v2/version-group/18/"}}, {"flavor_text": "Chi la usa scambia la propria Velocit\u00e0\ncon quella del bersaglio.", "language": {"name": "it", "url": "https://pokeapi.co/api/v2/language/8/"}, "version_group": {"name": "ultra-sun-ultra-moon", "url": "https://pokeapi.co/api/v2/version-group/18/"}}, {"flavor_text": "The user exchanges Speed stats with the target.", "language": {"name": "en", "url": "https://pokeapi.co/api/v2/language/9/"}, "version_group": {"name": "ultra-sun-ultra-moon", "url": "https://pokeapi.co/api/v2/version-group/18/"}}, {"flavor_text": "\u76f8\u624b\u306e\u3000\u7d20\u65e9\u3055\u3068\n\u81ea\u5206\u306e\u3000\u7d20\u65e9\u3055\u3092\n\u5165\u308c\u66ff\u3048\u3066\u3057\u307e\u3046\u3002", "language": {"name": "ja", "url": "https://pokeapi.co/api/v2/language/11/"}, "version_group": {"name": "ultra-sun-ultra-moon", "url": "https://pokeapi.co/api/v2/version-group/18/"}}, {"flavor_text": "\u5c06\u5bf9\u624b\u548c\u81ea\u5df1\u7684\u901f\u5ea6\n\u8fdb\u884c\u4e92\u6362\u3002", "language": {"name": "zh-Hans", "url": "https://pokeapi.co/api/v2/language/12/"}, "version_group": {"name": "ultra-sun-ultra-moon", "url": "https://pokeapi.co/api/v2/version-group/18/"}}, {"flavor_text": "\u3042\u3044\u3066\u306e\u3000\u3059\u3070\u3084\u3055\u3068\n\u3058\u3076\u3093\u306e\u3000\u3059\u3070\u3084\u3055\u3092\n\u3044\u308c\u304b\u3048\u3066\u3000\u3057\u307e\u3046\u3002", "language": {"name": "ja-Hrkt", "url": "https://pokeapi.co/api/v2/language/1/"}, "version_group": {"name": "lets-go-pikachu-lets-go-eevee", "url": "https://pokeapi.co/api/v2/version-group/19/"}}, {"flavor_text": "\uc0c1\ub300\uc758 \uc2a4\ud53c\ub4dc\uc640\n\uc790\uc2e0\uc758 \uc2a4\ud53c\ub4dc\ub97c\n\uad50\uccb4\ud55c\ub2e4.", "language": {"name": "ko", "url": "https://pokeapi.co/api/v2/language/3/"}, "version_group": {"name": "lets-go-pikachu-lets-go-eevee", "url": "https://pokeapi.co/api/v2/version-group/19/"}}, {"flavor_text": "\u5c07\u5c0d\u624b\u548c\u81ea\u5df1\u7684\u901f\u5ea6\n\u9032\u884c\u4e92\u63db\u3002", "language": {"name": "zh-Hant", "url": "https://pokeapi.co/api/v2/language/4/"}, "version_group": {"name": "lets-go-pikachu-lets-go-eevee", "url": "https://pokeapi.co/api/v2/version-group/19/"}}, {"flavor_text": "Intervertit la Vitesse du lanceur et celle de la cible.", "language": {"name": "fr", "url": "https://pokeapi.co/api/v2/language/5/"}, "version_group": {"name": "lets-go-pikachu-lets-go-eevee", "url": "https://pokeapi.co/api/v2/version-group/19/"}}, {"flavor_text": "Der Anwender tauscht seinen Initiative-Wert mit dem\ndes Zieles.", "language": {"name": "de", "url": "https://pokeapi.co/api/v2/language/6/"}, "version_group": {"name": "lets-go-pikachu-lets-go-eevee", "url": "https://pokeapi.co/api/v2/version-group/19/"}}, {"flavor_text": "Intercambia su Velocidad por la del oponente.", "language": {"name": "es", "url": "https://pokeapi.co/api/v2/language/7/"}, "version_group": {"name": "lets-go-pikachu-lets-go-eevee", "url": "https://pokeapi.co/api/v2/version-group/19/"}}, {"flavor_text": "Chi la usa scambia la propria Velocit\u00e0\ncon quella del bersaglio.", "language": {"name": "it", "url": "https://pokeapi.co/api/v2/language/8/"}, "version_group": {"name": "lets-go-pikachu-lets-go-eevee", "url": "https://pokeapi.co/api/v2/version-group/19/"}}, {"flavor_text": "The user exchanges Speed stats with the target.", "language": {"name": "en", "url": "https://pokeapi.co/api/v2/language/9/"}, "version_group": {"name": "lets-go-pikachu-lets-go-eevee", "url": "https://pokeapi.co/api/v2/version-group/19/"}}, {"flavor_text": "\u76f8\u624b\u306e\u3000\u7d20\u65e9\u3055\u3068\n\u81ea\u5206\u306e\u3000\u7d20\u65e9\u3055\u3092\n\u5165\u308c\u66ff\u3048\u3066\u3057\u307e\u3046\u3002", "language": {"name": "ja", "url": "https://pokeapi.co/api/v2/language/11/"}, "version_group": {"name": "lets-go-pikachu-lets-go-eevee", "url": "https://pokeapi.co/api/v2/version-group/19/"}}, {"flavor_text": "\u5c06\u5bf9\u624b\u548c\u81ea\u5df1\u7684\u901f\u5ea6\n\u8fdb\u884c\u4e92\u6362\u3002", "language": {"name": "zh-Hans", "url": "https://pokeapi.co/api/v2/language/12/"}, "version_group": {"name": "lets-go-pikachu-lets-go-eevee", "url": "https://pokeapi.co/api/v2/version-group/19/"}}, {"flavor_text": "\u3042\u3044\u3066\u306e\u3000\u3059\u3070\u3084\u3055\u3068\n\u3058\u3076\u3093\u306e\u3000\u3059\u3070\u3084\u3055\u3092\n\u3044\u308c\u304b\u3048\u3066\u3000\u3057\u307e\u3046\u3002", "language": {"name": "ja-Hrkt", "url": "https://pokeapi.co/api/v2/language/1/"}, "version_group": {"name": "sword-shield", "url": "https://pokeapi.co/api/v2/version-group/20/"}}, {"flavor_text": "\uc0c1\ub300\uc758 \uc2a4\ud53c\ub4dc\uc640\n\uc790\uc2e0\uc758 \uc2a4\ud53c\ub4dc\ub97c\n\uad50\uccb4\ud55c\ub2e4.", "language": {"name": "ko", "url": "https://pokeapi.co/api/v2/language/3/"}, "version_group": {"name": "sword-shield", "url": "https://pokeapi.co/api/v2/version-group/20/"}}, {"flavor_text": "\u5c07\u5c0d\u624b\u548c\u81ea\u5df1\u7684\u901f\u5ea6\n\u9032\u884c\u4e92\u63db\u3002", "language": {"name": "zh-Hant", "url": "https://pokeapi.co/api/v2/language/4/"}, "version_group": {"name": "sword-shield", "url": "https://pokeapi.co/api/v2/version-group/20/"}}, {"flavor_text": "Intervertit la Vitesse du lanceur et celle de la cible.", "language": {"name": "fr", "url": "https://pokeapi.co/api/v2/language/5/"}, "version_group": {"name": "sword-shield", "url": "https://pokeapi.co/api/v2/version-group/20/"}}, {"flavor_text": "Der Anwender tauscht seinen Initiative-Wert mit dem\ndes Zieles.", "language": {"name": "de", "url": "https://pokeapi.co/api/v2/language/6/"}, "version_group": {"name": "sword-shield", "url": "https://pokeapi.co/api/v2/version-group/20/"}}, {"flavor_text": "Intercambia su Velocidad por la del oponente.", "language": {"name": "es", "url": "https://pokeapi.co/api/v2/language/7/"}, "version_group": {"name": "sword-shield", "url": "https://pokeapi.co/api/v2/version-group/20/"}}, {"flavor_text": "Chi la usa scambia la propria Velocit\u00e0 con quella\ndel bersaglio.", "language": {"name": "it", "url": "https://pokeapi.co/api/v2/language/8/"}, "version_group": {"name": "sword-shield", "url": "https://pokeapi.co/api/v2/version-group/20/"}}, {"flavor_text": "The user exchanges Speed stats with the target.", "language": {"name": "en", "url": "https://pokeapi.co/api/v2/language/9/"}, "version_group": {"name": "sword-shield", "url": "https://pokeapi.co/api/v2/version-group/20/"}}, {"flavor_text": "\u76f8\u624b\u306e\u3000\u7d20\u65e9\u3055\u3068\n\u81ea\u5206\u306e\u3000\u7d20\u65e9\u3055\u3092\n\u5165\u308c\u66ff\u3048\u3066\u3057\u307e\u3046\u3002", "language": {"name": "ja", "url": "https://pokeapi.co/api/v2/language/11/"}, "version_group": {"name": "sword-shield", "url": "https://pokeapi.co/api/v2/version-group/20/"}}, {"flavor_text": "\u5c06\u5bf9\u624b\u548c\u81ea\u5df1\u7684\u901f\u5ea6\n\u8fdb\u884c\u4e92\u6362\u3002", "language": {"name": "zh-Hans", "url": "https://pokeapi.co/api/v2/language/12/"}, "version_group": {"name": "sword-shield", "url": "https://pokeapi.co/api/v2/version-group/20/"}}], "generation": {"name": "generation-vii", "url": "https://pokeapi.co/api/v2/generation/7/"}, "id": 683, "learned_by_pokemon": [{"name": "raichu", "url": "https://pokeapi.co/api/v2/pokemon/26/"}, {"name": "abra", "url": "https://pokeapi.co/api/v2/pokemon/63/"}, {"name": "kadabra", "url": "https://pokeapi.co/api/v2/pokemon/64/"}, {"name": "alakazam", "url": "https://pokeapi.co/api/v2/pokemon/65/"}, {"name": "porygon", "url": "https://pokeapi.co/api/v2/pokemon/137/"}, {"name": "mewtwo", "url": "https://pokeapi.co/api/v2/pokemon/150/"}, {"name": "mew", "url": "https://pokeapi.co/api/v2/pokemon/151/"}, {"name": "porygon2", "url": "https://pokeapi.co/api/v2/pokemon/233/"}, {"name": "bronzor", "url": "https://pokeapi.co/api/v2/pokemon/436/"}, {"name": "bronzong", "url": "https://pokeapi.co/api/v2/pokemon/437/"}, {"name": "porygon-z", "url": "https://pokeapi.co/api/v2/pokemon/474/"}, {"name": "victini", "url": "https://pokeapi.co/api/v2/pokemon/494/"}, {"name": "woobat", "url": "https://pokeapi.co/api/v2/pokemon/527/"}, {"name": "swoobat", "url": "https://pokeapi.co/api/v2/pokemon/528/"}, {"name": "sigilyph", "url": "https://pokeapi.co/api/v2/pokemon/561/"}, {"name": "emolga", "url": "https://pokeapi.co/api/v2/pokemon/587/"}, {"name": "joltik", "url": "https://pokeapi.co/api/v2/pokemon/595/"}, {"name": "galvantula", "url": "https://pokeapi.co/api/v2/pokemon/596/"}, {"name": "cutiefly", "url": "https://pokeapi.co/api/v2/pokemon/742/"}, {"name": "ribombee", "url": "https://pokeapi.co/api/v2/pokemon/743/"}, {"name": "tapu-lele", "url": "https://pokeapi.co/api/v2/pokemon/786/"}, {"name": "pheromosa", "url": "https://pokeapi.co/api/v2/pokemon/795/"}, {"name": "magearna", "url": "https://pokeapi.co/api/v2/pokemon/801/"}, {"name": "calyrex", "url": "https://pokeapi.co/api/v2/pokemon/898/"}, {"name": "rabsca", "url": "https://pokeapi.co/api/v2/pokemon/954/"}, {"name": "raichu-alola", "url": "https://pokeapi.co/api/v2/pokemon/10100/"}, {"name": "magearna-original", "url": "https://pokeapi.co/api/v2/pokemon/10147/"}, {"name": "calyrex-ice", "url": "https://pokeapi.co/api/v2/pokemon/10193/"}, {"name": "calyrex-shadow", "url": "https://pokeapi.co/api/v2/pokemon/10194/"}], "machines": [{"machine": {"url": "https://pokeapi.co/api/v2/machine/1131/"}, "version_group": {"name": "sword-shield", "url": "https://pokeapi.co/api/v2/version-group/20/"}}], "meta": {"ailment": {"name": "none", "url": "https://pokeapi.co/api/v2/move-ailment/0/"}, "ailment_chance": 0, "category": {"name": "unique", "url": "https://pokeapi.co/api/v2/move-category/13/"}, "crit_rate": 0, "drain": 0, "flinch_chance": 0, "healing": 0, "max_hits": null, "max_turns": null, "min_hits": null, "min_turns": null, "stat_chance": 0}, "name": "speed-swap", "names": [{"language": {"name": "ja-Hrkt", "url": "https://pokeapi.co/api/v2/language/1/"}, "name": "\u30b9\u30d4\u30fc\u30c9\u30b9\u30ef\u30c3\u30d7"}, {"language": {"name": "ko", "url": "https://pokeapi.co/api/v2/language/3/"}, "name": "\uc2a4\ud53c\ub4dc\uc2a4\uc6f9"}, {"language": {"name": "zh-Hant", "url": "https://pokeapi.co/api/v2/language/4/"}, "name": "\u901f\u5ea6\u4e92\u63db"}, {"language": {"name": "fr", "url": "https://pokeapi.co/api/v2/language/5/"}, "name": "Permuvitesse"}, {"language": {"name": "de", "url": "https://pokeapi.co/api/v2/language/6/"}, "name": "Initiativetausch"}, {"language": {"name": "es", "url": "https://pokeapi.co/api/v2/language/7/"}, "name": "Cambiavelocidad"}, {"language": {"name": "it", "url": "https://pokeapi.co/api/v2/language/8/"}, "name": "Velociscambio"}, {"language": {"name": "en", "url": "https://pokeapi.co/api/v2/language/9/"}, "name": "Speed Swap"}, {"language": {"name": "ja", "url": "https://pokeapi.co/api/v2/language/11/"}, "name": "\u30b9\u30d4\u30fc\u30c9\u30b9\u30ef\u30c3\u30d7"}, {"language": {"name": "zh-Hans", "url": "https://pokeapi.co/api/v2/language/12/"}, "name": "\u901f\u5ea6\u4e92\u6362"}], "past_values": [], "power": null, "pp": 10, "priority": 0, "stat_changes": [], "super_contest_effect": null, "target": {"name": "selected-pokemon", "url": "https://pokeapi.co/api/v2/move-target/10/"}, "type": {"name": "psychic", "url": "https://pokeapi.co/api/v2/type/14/"}}