{"accuracy": null, "contest_combos": null, "contest_effect": null, "contest_type": null, "damage_class": {"name": "physical", "url": "https://pokeapi.co/api/v2/move-damage-class/2/"}, "effect_chance": null, "effect_changes": [], "effect_entries": [{"effect": "Inflicts damage and removes any terrain present on the battlefield.", "language": {"name": "en", "url": "https://pokeapi.co/api/v2/language/9/"}, "short_effect": "Inflicts damage and removes any terrain present on the battlefield."}], "flavor_text_entries": [{"flavor_text": "\uff3a\u30d1\u30ef\u30fc\u3092\u3000\u3048\u305f\u3000\u30eb\u30ac\u30eb\u30ac\u30f3\u304c\n\u305c\u3093\u308a\u3087\u304f\u3067\u3000\u3053\u3046\u3052\u304d\u3059\u308b\u3002\u3000\u3064\u3044\u304b\u3067\n\u30d5\u30a3\u30fc\u30eb\u30c9\u3058\u3087\u3046\u305f\u3044\u3092\u3000\u3046\u3061\u3051\u3059\u3002", "language": {"name": "ja-Hrkt", "url": "https://pokeapi.co/api/v2/language/1/"}, "version_group": {"name": "ultra-sun-ultra-moon", "url": "https://pokeapi.co/api/v2/version-group/18/"}}, {"flavor_text": "Z\ud30c\uc6cc\ub97c \uc5bb\uc740 \ub8e8\uac00\ub8e8\uc554\uc774\n\uc804\ub825\uc73c\ub85c \uacf5\uaca9\ud55c\ub2e4. \ucd94\uac00\ub85c\n\ud544\ub4dc \uc0c1\ud0dc\ub97c \uc5c6\uc564\ub2e4.", "language": {"name": "ko", "url": "https://pokeapi.co/api/v2/language/3/"}, "version_group": {"name": "ultra-sun-ultra-moon", "url": "https://pokeapi.co/api/v2/version-group/18/"}}, {"flavor_text": "\u7372\u5f97\uff3a\u529b\u91cf\u7684\u9b03\u5ca9\u72fc\u4eba\n\u5c07\u6703\u4ee5\u5168\u529b\u9032\u884c\u653b\u64ca\uff0c\n\u4e26\u6d88\u9664\u5834\u5730\u7684\u72c0\u614b\u3002", "language": {"name": "zh-Hant", "url": "https://pokeapi.co/api/v2/language/4/"}, "version_group": {"name": "ultra-sun-ultra-moon", "url": "https://pokeapi.co/api/v2/version-group/18/"}}, {"flavor_text": "Lougaroc utilise la Force Z pour attaquer la cible\nde toutes ses forces.\nEfface aussi tout Champ existant.", "language": {"name": "fr", "url": "https://pokeapi.co/api/v2/language/5/"}, "version_group": {"name": "ultra-sun-ultra-moon", "url": "https://pokeapi.co/api/v2/version-group/18/"}}, {"flavor_text": "Wolwerock greift das Ziel mithilfe von Z-Kraft mit\nvoller Wucht an. Herrschen besondere Feldeffekte,\nwerden diese zus\u00e4tzlich neutralisiert.", "language": {"name": "de", "url": "https://pokeapi.co/api/v2/language/6/"}, "version_group": {"name": "ultra-sun-ultra-moon", "url": "https://pokeapi.co/api/v2/version-group/18/"}}, {"flavor_text": "Lycanroc ataca con toda su fuerza tras imbuirse del\nPoder Z y neutraliza el campo que est\u00e9 activo.", "language": {"name": "es", "url": "https://pokeapi.co/api/v2/language/7/"}, "version_group": {"name": "ultra-sun-ultra-moon", "url": "https://pokeapi.co/api/v2/version-group/18/"}}, {"flavor_text": "Grazie al Potere Z, Lycanroc attacca il bersaglio con\ntutta la sua forza. Questa mossa annulla anche\ngli eventuali campi attivi.", "language": {"name": "it", "url": "https://pokeapi.co/api/v2/language/8/"}, "version_group": {"name": "ultra-sun-ultra-moon", "url": "https://pokeapi.co/api/v2/version-group/18/"}}, {"flavor_text": "After obtaining Z-Power, the user, Lycanroc,\nattacks the target with full force. This move negates\nthe effect on the battlefield.", "language": {"name": "en", "url": "https://pokeapi.co/api/v2/language/9/"}, "version_group": {"name": "ultra-sun-ultra-moon", "url": "https://pokeapi.co/api/v2/version-group/18/"}}, {"flavor_text": "\uff3a\u30d1\u30ef\u30fc\u3092\u3000\u5f97\u305f\u3000\u30eb\u30ac\u30eb\u30ac\u30f3\u304c\n\u5168\u529b\u3067\u3000\u653b\u6483\u3059\u308b\u3002\u3000\u8ffd\u52a0\u3067\n\u30d5\u30a3\u30fc\u30eb\u30c9\u72b6\u614b\u3092\u3000\u6253\u3061\u6d88\u3059\u3002", "language": {"name": "ja", "url": "https://pokeapi.co/api/v2/language/11/"}, "version_group": {"name": "ultra-sun-ultra-moon", "url": "https://pokeapi.co/api/v2/version-group/18/"}}, {"flavor_text": "\u5f97\u5230\uff3a\u529b\u91cf\u7684\u9b03\u5ca9\u72fc\u4eba\n\u5c06\u5168\u529b\u8fdb\u884c\u653b\u51fb\u3002\n\u800c\u4e14\u4f1a\u6d88\u9664\u573a\u5730\u72b6\u6001\u3002", "language": {"name": "zh-Hans", "url": "https://pokeapi.co/api/v2/language/12/"}, "version_group": {"name": "ultra-sun-ultra-moon", "url": "https://pokeapi.co/api/v2/version-group/18/"}}, {"flavor_text": "\uff3a\u30d1\u30ef\u30fc\u3092\u3000\u3048\u305f\u3000\u30eb\u30ac\u30eb\u30ac\u30f3\u304c\n\u305c\u3093\u308a\u3087\u304f\u3067\u3000\u3053\u3046\u3052\u304d\u3059\u308b\u3002\u3000\u3064\u3044\u304b\u3067\n\u30d5\u30a3\u30fc\u30eb\u30c9\u3058\u3087\u3046\u305f\u3044\u3092\u3000\u3046\u3061\u3051\u3059\u3002", "language": {"name": "ja-Hrkt", "url": "https://pokeapi.co/api/v2/language/1/"}, "version_group": {"name": "lets-go-pikachu-lets-go-eevee", "url": "https://pokeapi.co/api/v2/version-group/19/"}}, {"flavor_text": "Z\ud30c\uc6cc\ub97c \uc5bb\uc740 \ub8e8\uac00\ub8e8\uc554\uc774\n\uc804\ub825\uc73c\ub85c \uacf5\uaca9\ud55c\ub2e4. \ucd94\uac00\ub85c\n\ud544\ub4dc \uc0c1\ud0dc\ub97c \uc5c6\uc564\ub2e4.", "language": {"name": "ko", "url": "https://pokeapi.co/api/v2/language/3/"}, "version_group": {"name": "lets-go-pikachu-lets-go-eevee", "url": "https://pokeapi.co/api/v2/version-group/19/"}}, {"flavor_text": "\u7372\u5f97\uff3a\u529b\u91cf\u7684\u9b03\u5ca9\u72fc\u4eba\n\u5c07\u6703\u4ee5\u5168\u529b\u9032\u884c\u653b\u64ca\uff0c\n\u4e26\u6d88\u9664\u5834\u5730\u7684\u72c0\u614b\u3002", "language": {"name": "zh-Hant", "url": "https://pokeapi.co/api/v2/language/4/"}, "version_group": {"name": "lets-go-pikachu-lets-go-eevee", "url": "https://pokeapi.co/api/v2/version-group/19/"}}, {"flavor_text": "Lougaroc utilise la Force Z pour attaquer\nla cible de toutes ses forces.\nEfface aussi tout Champ existant.", "language": {"name": "fr", "url": "https://pokeapi.co/api/v2/language/5/"}, "version_group": {"name": "lets-go-pikachu-lets-go-eevee", "url": "https://pokeapi.co/api/v2/version-group/19/"}}, {"flavor_text": "Wolwerock greift das Ziel mithilfe von Z-Kraft mit\nvoller Wucht an. Herrschen besondere Feldeffekte,\nwerden diese zus\u00e4tzlich neutralisiert.", "language": {"name": "de", "url": "https://pokeapi.co/api/v2/language/6/"}, "version_group": {"name": "lets-go-pikachu-lets-go-eevee", "url": "https://pokeapi.co/api/v2/version-group/19/"}}, {"flavor_text": "Lycanroc ataca con toda su fuerza tras imbuirse del\nPoder Z y neutraliza el campo que est\u00e9 activo.", "language": {"name": "es", "url": "https://pokeapi.co/api/v2/language/7/"}, "version_group": {"name": "lets-go-pikachu-lets-go-eevee", "url": "https://pokeapi.co/api/v2/version-group/19/"}}, {"flavor_text": "Grazie al Potere Z, Lycanroc attacca il bersaglio con\ntutta la sua forza. Questa mossa annulla anche\ngli eventuali campi attivi.", "language": {"name": "it", "url": "https://pokeapi.co/api/v2/language/8/"}, "version_group": {"name": "lets-go-pikachu-lets-go-eevee", "url": "https://pokeapi.co/api/v2/version-group/19/"}}, {"flavor_text": "After obtaining Z-Power, the user, Lycanroc,\nattacks the target with full force. This move negates\nthe effect on the battlefield.", "language": {"name": "en", "url": "https://pokeapi.co/api/v2/language/9/"}, "version_group": {"name": "lets-go-pikachu-lets-go-eevee", "url": "https://pokeapi.co/api/v2/version-group/19/"}}, {"flavor_text": "\uff3a\u30d1\u30ef\u30fc\u3092\u3000\u5f97\u305f\u3000\u30eb\u30ac\u30eb\u30ac\u30f3\u304c\n\u5168\u529b\u3067\u3000\u653b\u6483\u3059\u308b\u3002\u3000\u8ffd\u52a0\u3067\n\u30d5\u30a3\u30fc\u30eb\u30c9\u72b6\u614b\u3092\u3000\u6253\u3061\u6d88\u3059\u3002", "language": {"name": "ja", "url": "https://pokeapi.co/api/v2/language/11/"}, "version_group": {"name": "lets-go-pikachu-lets-go-eevee", "url": "https://pokeapi.co/api/v2/version-group/19/"}}, {"flavor_text": "\u5f97\u5230\uff3a\u529b\u91cf\u7684\u9b03\u5ca9\u72fc\u4eba\n\u5c06\u5168\u529b\u8fdb\u884c\u653b\u51fb\u3002\n\u800c\u4e14\u4f1a\u6d88\u9664\u573a\u5730\u72b6\u6001\u3002", "language": {"name": "zh-Hans", "url": "https://pokeapi.co/api/v2/language/12/"}, "version_group": {"name": "lets-go-pikachu-lets-go-eevee", "url": "https://pokeapi.co/api/v2/version-group/19/"}}, {"flavor_text": "\u3053\u306e\u308f\u3056\u306f\u3000\u3064\u304b\u3048\u307e\u305b\u3093\n\u304a\u3082\u3044\u3060\u3059\u3053\u3068\u304c\u3000\u3067\u304d\u306a\u304f\u306a\u308a\u307e\u3059\u304c\n\u308f\u3056\u3092\u3000\u308f\u3059\u308c\u308b\u3053\u3068\u3092\u3000\u304a\u3059\u3059\u3081\u3057\u307e\u3059", "language": {"name": "ja-Hrkt", "url": "https://pokeapi.co/api/v2/language/1/"}, "version_group": {"name": "sword-shield", "url": "https://pokeapi.co/api/v2/version-group/20/"}}, {"flavor_text": "\uc0ac\uc6a9\ud560 \uc218 \uc5c6\ub294 \uae30\uc220\uc785\ub2c8\ub2e4.\n\ub2e4\uc2dc \ubc30\uc6b0\uac8c \ud560 \uc218 \uc5c6\uc9c0\ub9cc\n\uae30\uc220\uc744 \uc78a\uac8c \ud558\ub294 \uac83\uc744 \uad8c\uc7a5\ud569\ub2c8\ub2e4.", "language": {"name": "ko", "url": "https://pokeapi.co/api/v2/language/3/"}, "version_group": {"name": "sword-shield", "url": "https://pokeapi.co/api/v2/version-group/20/"}}, {"flavor_text": "\u7121\u6cd5\u4f7f\u7528\u6b64\u62db\u5f0f\u3002\n\u96d6\u7136\u5fd8\u8a18\u5f8c\u5c07\u7121\u6cd5\u518d\u60f3\u8d77\u4f86\uff0c\n\u4f46\u9084\u662f\u5efa\u8b70\u5fd8\u8a18\u6b64\u62db\u5f0f\u3002", "language": {"name": "zh-Hant", "url": "https://pokeapi.co/api/v2/language/4/"}, "version_group": {"name": "sword-shield", "url": "https://pokeapi.co/api/v2/version-group/20/"}}, {"flavor_text": "Cette capacit\u00e9 ne peut pas \u00eatre utilis\u00e9e.\nIl est recommand\u00e9 de l\u2019oublier, m\u00eame s\u2019il sera\nimpossible de se la rem\u00e9morer une fois oubli\u00e9e.", "language": {"name": "fr", "url": "https://pokeapi.co/api/v2/language/5/"}, "version_group": {"name": "sword-shield", "url": "https://pokeapi.co/api/v2/version-group/20/"}}, {"flavor_text": "Diese Attacke kann nicht eingesetzt werden. Du solltest\ndein Pok\u00e9mon sie vergessen lassen. Beachte aber,\ndass es sich danach nicht wieder an sie erinnern kann.", "language": {"name": "de", "url": "https://pokeapi.co/api/v2/language/6/"}, "version_group": {"name": "sword-shield", "url": "https://pokeapi.co/api/v2/version-group/20/"}}, {"flavor_text": "Este movimiento no se puede usar, por lo que ser\u00eda\nmejor olvidarlo, aunque eso implique que no se pueda\nrecordar posteriormente.", "language": {"name": "es", "url": "https://pokeapi.co/api/v2/language/7/"}, "version_group": {"name": "sword-shield", "url": "https://pokeapi.co/api/v2/version-group/20/"}}, {"flavor_text": "Questa mossa non pu\u00f2 essere usata.\n\u00c8 consigliabile farla dimenticare al Pok\u00e9mon. Tuttavia,\nuna volta dimenticata, non potr\u00e0 pi\u00f9 essere ricordata.", "language": {"name": "it", "url": "https://pokeapi.co/api/v2/language/8/"}, "version_group": {"name": "sword-shield", "url": "https://pokeapi.co/api/v2/version-group/20/"}}, {"flavor_text": "This move can\u2019t be used.\nIt\u2019s recommended that this move is forgotten.\nOnce forgotten, this move can\u2019t be remembered.", "language": {"name": "en", "url": "https://pokeapi.co/api/v2/language/9/"}, "version_group": {"name": "sword-shield", "url": "https://pokeapi.co/api/v2/version-group/20/"}}, {"flavor_text": "\u3053\u306e\u6280\u306f\u3000\u4f7f\u3048\u307e\u305b\u3093\n\u601d\u3044\u51fa\u3059\u3053\u3068\u304c\u3000\u3067\u304d\u306a\u304f\u306a\u308a\u307e\u3059\u304c\n\u6280\u3092\u3000\u5fd8\u308c\u308b\u3053\u3068\u3092\u3000\u304a\u3059\u3059\u3081\u3057\u307e\u3059", "language": {"name": "ja", "url": "https://pokeapi.co/api/v2/language/11/"}, "version_group": {"name": "sword-shield", "url": "https://pokeapi.co/api/v2/version-group/20/"}}, {"flavor_text": "\u65e0\u6cd5\u4f7f\u7528\u8fd9\u4e2a\u62db\u5f0f\u3002\n\u867d\u7136\u5fd8\u8bb0\u4e4b\u540e\u5c31\u518d\u4e5f\u60f3\u4e0d\u8d77\u6765\u4e86\uff0c\n\u4f46\u8fd8\u662f\u5efa\u8bae\u5fd8\u8bb0\u8fd9\u4e2a\u62db\u5f0f\u3002", "language": {"name": "zh-Hans", "url": "https://pokeapi.co/api/v2/language/12/"}, "version_group": {"name": "sword-shield", "url": "https://pokeapi.co/api/v2/version-group/20/"}}], "generation": {"name": "generation-vii", "url": "https://pokeapi.co/api/v2/generation/7/"}, "id": 727, "learned_by_pokemon": [], "machines": [], "meta": {"ailment": {"name": "none", "url": "https://pokeapi.co/api/v2/move-ailment/0/"}, "ailment_chance": 0, "category": {"name": "damage", "url": "https://pokeapi.co/api/v2/move-category/0/"}, "crit_rate": 0, "drain": 0, "flinch_chance": 0, "healing": 0, "max_hits": null, "max_turns": null, "min_hits": null, "min_turns": null, "stat_chance": 0}, "name": "splintered-stormshards", "names": [{"language": {"name": "ja-Hrkt", "url": "https://pokeapi.co/api/v2/language/1/"}, "name": "\u30e9\u30b8\u30a2\u30eb\u30a8\u30c3\u30b8\u30b9\u30c8\u30fc\u30e0"}, {"language": {"name": "ko", "url": "https://pokeapi.co/api/v2/language/3/"}, "name": "\ub808\uc774\ub514\uc5bc\uc5d0\uc9c0\uc2a4\ud1b0"}, {"language": {"name": "zh-Hant", "url": "https://pokeapi.co/api/v2/language/4/"}, "name": "\u72fc\u562f\u77f3\u7259\u98b6\u98a8\u66b4"}, {"language": {"name": "fr", "url": "https://pokeapi.co/api/v2/language/5/"}, "name": "Hurlement des Roches-Lames"}, {"language": {"name": "de", "url": "https://pokeapi.co/api/v2/language/6/"}, "name": "Fataler Steinregen"}, {"language": {"name": "es", "url": "https://pokeapi.co/api/v2/language/7/"}, "name": "Tempestad Rocosa"}, {"language": {"name": "it", "url": "https://pokeapi.co/api/v2/language/8/"}, "name": "Litotempesta Radiale"}, {"language": {"name": "en", "url": "https://pokeapi.co/api/v2/language/9/"}, "name": "Splintered Stormshards"}, {"language": {"name": "ja", "url": "https://pokeapi.co/api/v2/language/11/"}, "name": "\u30e9\u30b8\u30a2\u30eb\u30a8\u30c3\u30b8\u30b9\u30c8\u30fc\u30e0"}, {"language": {"name": "zh-Hans", "url": "https://pokeapi.co/api/v2/language/12/"}, "name": "\u72fc\u5578\u77f3\u7259\u98d3\u98ce\u66b4"}], "past_values": [], "power": 190, "pp": 1, "priority": 0, "stat_changes": [], "super_contest_effect": null, "target": {"name": "selected-pokemon", "url": "https://pokeapi.co/api/v2/move-target/10/"}, "type": {"name": "rock", "url": "https://pokeapi.co/api/v2/type/6/"}}