{"accuracy": null, "contest_combos": null, "contest_effect": null, "contest_type": null, "damage_class": {"name": "status", "url": "https://pokeapi.co/api/v2/move-damage-class/1/"}, "effect_chance": null, "effect_changes": [], "effect_entries": [{"effect": "Shoots a web over the opponents' side of the field, which lowers the Speed of any opposing Pok\u00e9mon that enters the field by one stage.\n\nPok\u00e9mon in the air, such as flying-types and those with levitate, are unaffected.  rapid spin removes Sticky Web from the user's side of the field; defog removes it from both sides.", "language": {"name": "en", "url": "https://pokeapi.co/api/v2/language/9/"}, "short_effect": "Covers the opposing field, lowering opponents' Speed by one stage upon switching in."}], "flavor_text_entries": [{"flavor_text": "\u3042\u3044\u3066\u306e\u3000\u307e\u308f\u308a\u306b\u3000\u306d\u3070\u306d\u3070\u3057\u305f\n\u30cd\u30c3\u30c8\u3092\u3000\u306f\u308a\u3081\u3050\u3089\u305b\u3000\u3053\u3046\u305f\u3044\u3067\n\u3067\u3066\u304d\u305f\u3000\u3042\u3044\u3066\u306e\u3000\u3059\u3070\u3084\u3055\u3092\u3000\u3055\u3052\u308b\u3002", "language": {"name": "ja-Hrkt", "url": "https://pokeapi.co/api/v2/language/1/"}, "version_group": {"name": "x-y", "url": "https://pokeapi.co/api/v2/version-group/15/"}}, {"flavor_text": "\uc0c1\ub300\uc758 \uc8fc\uc704\uc5d0 \ub048\uc801\ub048\uc801\ud55c\n\ub124\ud2b8\ub97c \ub458\ub7ec \ud3bc\uccd0 \uad50\uccb4\ub418\uc5b4\n\ub098\uc628 \uc0c1\ub300\uc758 \uc2a4\ud53c\ub4dc\ub97c \ub5a8\uc5b4\ub728\ub9b0\ub2e4.", "language": {"name": "ko", "url": "https://pokeapi.co/api/v2/language/3/"}, "version_group": {"name": "x-y", "url": "https://pokeapi.co/api/v2/version-group/15/"}}, {"flavor_text": "D\u00e9ploie une toile visqueuse autour de l\u2019ennemi\nqui ralentit la Vitesse de tout adversaire entrant\nau combat.", "language": {"name": "fr", "url": "https://pokeapi.co/api/v2/language/5/"}, "version_group": {"name": "x-y", "url": "https://pokeapi.co/api/v2/version-group/15/"}}, {"flavor_text": "Der Anwender spinnt in der Umgebung des\ngegnerischen Teams ein klebriges Netz und senkt\nso die Initiative neu eingewechselter Pok\u00e9mon.", "language": {"name": "de", "url": "https://pokeapi.co/api/v2/language/6/"}, "version_group": {"name": "x-y", "url": "https://pokeapi.co/api/v2/version-group/15/"}}, {"flavor_text": "Coloca una red pegajosa alrededor del equipo\nrival, haciendo que baje la Velocidad de cualquier\nPok\u00e9mon adversario que entre al combate.", "language": {"name": "es", "url": "https://pokeapi.co/api/v2/language/7/"}, "version_group": {"name": "x-y", "url": "https://pokeapi.co/api/v2/version-group/15/"}}, {"flavor_text": "Chi la usa intreccia una rete appiccicosa attorno\nalla squadra avversaria, diminuendo la Velocit\u00e0 dei\nPok\u00e9mon nemici che entreranno in campo.", "language": {"name": "it", "url": "https://pokeapi.co/api/v2/language/8/"}, "version_group": {"name": "x-y", "url": "https://pokeapi.co/api/v2/version-group/15/"}}, {"flavor_text": "The user weaves a sticky net around\nthe opposing team, which lowers their\nSpeed stat upon switching into battle.", "language": {"name": "en", "url": "https://pokeapi.co/api/v2/language/9/"}, "version_group": {"name": "x-y", "url": "https://pokeapi.co/api/v2/version-group/15/"}}, {"flavor_text": "\u76f8\u624b\u306e\u3000\u5468\u308a\u306b\u3000\u306d\u3070\u306d\u3070\u3057\u305f\n\u30cd\u30c3\u30c8\u3092\u3000\u306f\u308a\u3081\u3050\u3089\u305b\u3000\u4ea4\u4ee3\u3067\n\u3067\u3066\u304d\u305f\u3000\u76f8\u624b\u306e\u3000\u7d20\u65e9\u3055\u3092\u3000\u3055\u3052\u308b\u3002", "language": {"name": "ja", "url": "https://pokeapi.co/api/v2/language/11/"}, "version_group": {"name": "x-y", "url": "https://pokeapi.co/api/v2/version-group/15/"}}, {"flavor_text": "\u3042\u3044\u3066\u306e\u3000\u307e\u308f\u308a\u306b\u3000\u306d\u3070\u306d\u3070\u3057\u305f\n\u30cd\u30c3\u30c8\u3092\u3000\u306f\u308a\u3081\u3050\u3089\u305b\u3000\u3053\u3046\u305f\u3044\u3067\n\u3067\u3066\u304d\u305f\u3000\u3042\u3044\u3066\u306e\u3000\u3059\u3070\u3084\u3055\u3092\u3000\u3055\u3052\u308b\u3002", "language": {"name": "ja-Hrkt", "url": "https://pokeapi.co/api/v2/language/1/"}, "version_group": {"name": "omega-ruby-alpha-sapphire", "url": "https://pokeapi.co/api/v2/version-group/16/"}}, {"flavor_text": "\uc0c1\ub300\uc758 \uc8fc\uc704\uc5d0 \ub048\uc801\ub048\uc801\ud55c\n\ub124\ud2b8\ub97c \ub458\ub7ec \ud3bc\uccd0 \uad50\uccb4\ub418\uc5b4\n\ub098\uc628 \uc0c1\ub300\uc758 \uc2a4\ud53c\ub4dc\ub97c \ub5a8\uc5b4\ub728\ub9b0\ub2e4.", "language": {"name": "ko", "url": "https://pokeapi.co/api/v2/language/3/"}, "version_group": {"name": "omega-ruby-alpha-sapphire", "url": "https://pokeapi.co/api/v2/version-group/16/"}}, {"flavor_text": "D\u00e9ploie une toile visqueuse autour de l\u2019ennemi\nqui ralentit la Vitesse de tout adversaire entrant\nau combat.", "language": {"name": "fr", "url": "https://pokeapi.co/api/v2/language/5/"}, "version_group": {"name": "omega-ruby-alpha-sapphire", "url": "https://pokeapi.co/api/v2/version-group/16/"}}, {"flavor_text": "Der Anwender spinnt in der Umgebung des\ngegnerischen Teams ein klebriges Netz und senkt\nso die Initiative neu eingewechselter Pok\u00e9mon.", "language": {"name": "de", "url": "https://pokeapi.co/api/v2/language/6/"}, "version_group": {"name": "omega-ruby-alpha-sapphire", "url": "https://pokeapi.co/api/v2/version-group/16/"}}, {"flavor_text": "Coloca una red pegajosa alrededor del equipo rival, \nhaciendo que baje la Velocidad de cualquier Pok\u00e9mon\nadversario que entre al combate.", "language": {"name": "es", "url": "https://pokeapi.co/api/v2/language/7/"}, "version_group": {"name": "omega-ruby-alpha-sapphire", "url": "https://pokeapi.co/api/v2/version-group/16/"}}, {"flavor_text": "Chi la usa intreccia una rete appiccicosa attorno\nalla squadra avversaria, diminuendo la Velocit\u00e0 dei\nPok\u00e9mon nemici che entreranno in campo.", "language": {"name": "it", "url": "https://pokeapi.co/api/v2/language/8/"}, "version_group": {"name": "omega-ruby-alpha-sapphire", "url": "https://pokeapi.co/api/v2/version-group/16/"}}, {"flavor_text": "The user weaves a sticky net around\nthe opposing team, which lowers their\nSpeed stat upon switching into battle.", "language": {"name": "en", "url": "https://pokeapi.co/api/v2/language/9/"}, "version_group": {"name": "omega-ruby-alpha-sapphire", "url": "https://pokeapi.co/api/v2/version-group/16/"}}, {"flavor_text": "\u76f8\u624b\u306e\u3000\u5468\u308a\u306b\u3000\u306d\u3070\u306d\u3070\u3057\u305f\n\u30cd\u30c3\u30c8\u3092\u3000\u306f\u308a\u3081\u3050\u3089\u305b\u3000\u4ea4\u4ee3\u3067\n\u3067\u3066\u304d\u305f\u3000\u76f8\u624b\u306e\u3000\u7d20\u65e9\u3055\u3092\u3000\u3055\u3052\u308b\u3002", "language": {"name": "ja", "url": "https://pokeapi.co/api/v2/language/11/"}, "version_group": {"name": "omega-ruby-alpha-sapphire", "url": "https://pokeapi.co/api/v2/version-group/16/"}}, {"flavor_text": "\u3042\u3044\u3066\u306e\u3000\u307e\u308f\u308a\u306b\u3000\u306d\u3070\u306d\u3070\u3057\u305f\n\u30cd\u30c3\u30c8\u3092\u3000\u306f\u308a\u3081\u3050\u3089\u305b\u3000\u3053\u3046\u305f\u3044\u3067\n\u3067\u3066\u304d\u305f\u3000\u3042\u3044\u3066\u306e\u3000\u3059\u3070\u3084\u3055\u3092\u3000\u3055\u3052\u308b\u3002", "language": {"name": "ja-Hrkt", "url": "https://pokeapi.co/api/v2/language/1/"}, "version_group": {"name": "sun-moon", "url": "https://pokeapi.co/api/v2/version-group/17/"}}, {"flavor_text": "\uc0c1\ub300\uc758 \uc8fc\uc704\uc5d0 \ub048\uc801\ub048\uc801\ud55c\n\ub124\ud2b8\ub97c \ub458\ub7ec \ud3bc\uccd0 \uad50\uccb4\ub418\uc5b4\n\ub098\uc628 \uc0c1\ub300\uc758 \uc2a4\ud53c\ub4dc\ub97c \ub5a8\uc5b4\ub728\ub9b0\ub2e4.", "language": {"name": "ko", "url": "https://pokeapi.co/api/v2/language/3/"}, "version_group": {"name": "sun-moon", "url": "https://pokeapi.co/api/v2/version-group/17/"}}, {"flavor_text": "\u5728\u5c0d\u624b\u5468\u570d\u6492\u4e0b\u9ecf\u9ecf\u7684\u7db2\uff0c\n\u964d\u4f4e\u66ff\u63db\u51fa\u5834\u7684\u5c0d\u624b\u7684\u901f\u5ea6\u3002", "language": {"name": "zh-Hant", "url": "https://pokeapi.co/api/v2/language/4/"}, "version_group": {"name": "sun-moon", "url": "https://pokeapi.co/api/v2/version-group/17/"}}, {"flavor_text": "D\u00e9ploie une toile visqueuse autour de l\u2019ennemi\nqui ralentit la Vitesse de tout adversaire entrant\nau combat.", "language": {"name": "fr", "url": "https://pokeapi.co/api/v2/language/5/"}, "version_group": {"name": "sun-moon", "url": "https://pokeapi.co/api/v2/version-group/17/"}}, {"flavor_text": "Der Anwender spinnt in der Umgebung des\ngegnerischen Teams ein klebriges Netz und senkt\nso die Initiative neu eingewechselter Pok\u00e9mon.", "language": {"name": "de", "url": "https://pokeapi.co/api/v2/language/6/"}, "version_group": {"name": "sun-moon", "url": "https://pokeapi.co/api/v2/version-group/17/"}}, {"flavor_text": "Coloca una red pegajosa alrededor del equipo rival, \nhaciendo que baje la Velocidad de cualquier \nPok\u00e9mon adversario que entre al combate.", "language": {"name": "es", "url": "https://pokeapi.co/api/v2/language/7/"}, "version_group": {"name": "sun-moon", "url": "https://pokeapi.co/api/v2/version-group/17/"}}, {"flavor_text": "Chi la usa intreccia una rete appiccicosa attorno\nalla squadra avversaria, diminuendo la Velocit\u00e0 dei\nPok\u00e9mon nemici che entreranno in campo.", "language": {"name": "it", "url": "https://pokeapi.co/api/v2/language/8/"}, "version_group": {"name": "sun-moon", "url": "https://pokeapi.co/api/v2/version-group/17/"}}, {"flavor_text": "The user weaves a sticky net around the opposing\nteam, which lowers their Speed stat upon switching\ninto battle.", "language": {"name": "en", "url": "https://pokeapi.co/api/v2/language/9/"}, "version_group": {"name": "sun-moon", "url": "https://pokeapi.co/api/v2/version-group/17/"}}, {"flavor_text": "\u76f8\u624b\u306e\u3000\u5468\u308a\u306b\u3000\u306d\u3070\u306d\u3070\u3057\u305f\n\u30cd\u30c3\u30c8\u3092\u3000\u306f\u308a\u3081\u3050\u3089\u305b\u3000\u4ea4\u4ee3\u3067\n\u3067\u3066\u304d\u305f\u3000\u76f8\u624b\u306e\u3000\u7d20\u65e9\u3055\u3092\u3000\u3055\u3052\u308b\u3002", "language": {"name": "ja", "url": "https://pokeapi.co/api/v2/language/11/"}, "version_group": {"name": "sun-moon", "url": "https://pokeapi.co/api/v2/version-group/17/"}}, {"flavor_text": "\u5728\u5bf9\u624b\u5468\u56f4\u56f4\u4e0a\u9ecf\u9ecf\u7684\u7f51\uff0c\n\u964d\u4f4e\u66ff\u6362\u51fa\u573a\u7684\u5bf9\u624b\u7684\u901f\u5ea6\u3002", "language": {"name": "zh-Hans", "url": "https://pokeapi.co/api/v2/language/12/"}, "version_group": {"name": "sun-moon", "url": "https://pokeapi.co/api/v2/version-group/17/"}}, {"flavor_text": "\u3042\u3044\u3066\u306e\u3000\u307e\u308f\u308a\u306b\u3000\u306d\u3070\u306d\u3070\u3057\u305f\n\u30cd\u30c3\u30c8\u3092\u3000\u306f\u308a\u3081\u3050\u3089\u305b\u3000\u3053\u3046\u305f\u3044\u3067\n\u3067\u3066\u304d\u305f\u3000\u3042\u3044\u3066\u306e\u3000\u3059\u3070\u3084\u3055\u3092\u3000\u3055\u3052\u308b\u3002", "language": {"name": "ja-Hrkt", "url": "https://pokeapi.co/api/v2/language/1/"}, "version_group": {"name": "ultra-sun-ultra-moon", "url": "https://pokeapi.co/api/v2/version-group/18/"}}, {"flavor_text": "\uc0c1\ub300\uc758 \uc8fc\uc704\uc5d0 \ub048\uc801\ub048\uc801\ud55c\n\ub124\ud2b8\ub97c \ub458\ub7ec \ud3bc\uccd0 \uad50\uccb4\ub418\uc5b4\n\ub098\uc628 \uc0c1\ub300\uc758 \uc2a4\ud53c\ub4dc\ub97c \ub5a8\uc5b4\ub728\ub9b0\ub2e4.", "language": {"name": "ko", "url": "https://pokeapi.co/api/v2/language/3/"}, "version_group": {"name": "ultra-sun-ultra-moon", "url": "https://pokeapi.co/api/v2/version-group/18/"}}, {"flavor_text": "\u5728\u5c0d\u624b\u5468\u570d\u6492\u4e0b\u9ecf\u9ecf\u7684\u7db2\uff0c\n\u964d\u4f4e\u66ff\u63db\u51fa\u5834\u7684\u5c0d\u624b\u7684\u901f\u5ea6\u3002", "language": {"name": "zh-Hant", "url": "https://pokeapi.co/api/v2/language/4/"}, "version_group": {"name": "ultra-sun-ultra-moon", "url": "https://pokeapi.co/api/v2/version-group/18/"}}, {"flavor_text": "D\u00e9ploie une toile visqueuse autour de l\u2019ennemi\nqui ralentit la Vitesse de tout adversaire entrant\nau combat.", "language": {"name": "fr", "url": "https://pokeapi.co/api/v2/language/5/"}, "version_group": {"name": "ultra-sun-ultra-moon", "url": "https://pokeapi.co/api/v2/version-group/18/"}}, {"flavor_text": "Der Anwender spinnt in der Umgebung des\ngegnerischen Teams ein klebriges Netz und senkt\nso die Initiative neu eingewechselter Pok\u00e9mon.", "language": {"name": "de", "url": "https://pokeapi.co/api/v2/language/6/"}, "version_group": {"name": "ultra-sun-ultra-moon", "url": "https://pokeapi.co/api/v2/version-group/18/"}}, {"flavor_text": "Coloca una red pegajosa alrededor del equipo rival, \nhaciendo que baje la Velocidad de cualquier \nPok\u00e9mon adversario que entre al combate.", "language": {"name": "es", "url": "https://pokeapi.co/api/v2/language/7/"}, "version_group": {"name": "ultra-sun-ultra-moon", "url": "https://pokeapi.co/api/v2/version-group/18/"}}, {"flavor_text": "Chi la usa intreccia una rete appiccicosa attorno\nalla squadra avversaria, diminuendo la Velocit\u00e0 dei\nPok\u00e9mon nemici che entreranno in campo.", "language": {"name": "it", "url": "https://pokeapi.co/api/v2/language/8/"}, "version_group": {"name": "ultra-sun-ultra-moon", "url": "https://pokeapi.co/api/v2/version-group/18/"}}, {"flavor_text": "The user weaves a sticky net around the opposing\nteam, which lowers their Speed stat upon switching\ninto battle.", "language": {"name": "en", "url": "https://pokeapi.co/api/v2/language/9/"}, "version_group": {"name": "ultra-sun-ultra-moon", "url": "https://pokeapi.co/api/v2/version-group/18/"}}, {"flavor_text": "\u76f8\u624b\u306e\u3000\u5468\u308a\u306b\u3000\u306d\u3070\u306d\u3070\u3057\u305f\n\u30cd\u30c3\u30c8\u3092\u3000\u306f\u308a\u3081\u3050\u3089\u305b\u3000\u4ea4\u4ee3\u3067\n\u3067\u3066\u304d\u305f\u3000\u76f8\u624b\u306e\u3000\u7d20\u65e9\u3055\u3092\u3000\u3055\u3052\u308b\u3002", "language": {"name": "ja", "url": "https://pokeapi.co/api/v2/language/11/"}, "version_group": {"name": "ultra-sun-ultra-moon", "url": "https://pokeapi.co/api/v2/version-group/18/"}}, {"flavor_text": "\u5728\u5bf9\u624b\u5468\u56f4\u56f4\u4e0a\u9ecf\u9ecf\u7684\u7f51\uff0c\n\u964d\u4f4e\u66ff\u6362\u51fa\u573a\u7684\u5bf9\u624b\u7684\u901f\u5ea6\u3002", "language": {"name": "zh-Hans", "url": "https://pokeapi.co/api/v2/language/12/"}, "version_group": {"name": "ultra-sun-ultra-moon", "url": "https://pokeapi.co/api/v2/version-group/18/"}}, {"flavor_text": "\u3042\u3044\u3066\u306e\u3000\u307e\u308f\u308a\u306b\u3000\u306d\u3070\u306d\u3070\u3057\u305f\n\u30cd\u30c3\u30c8\u3092\u3000\u306f\u308a\u3081\u3050\u3089\u305b\u3000\u3053\u3046\u305f\u3044\u3067\n\u3067\u3066\u304d\u305f\u3000\u3042\u3044\u3066\u306e\u3000\u3059\u3070\u3084\u3055\u3092\u3000\u3055\u3052\u308b\u3002", "language": {"name": "ja-Hrkt", "url": "https://pokeapi.co/api/v2/language/1/"}, "version_group": {"name": "lets-go-pikachu-lets-go-eevee", "url": "https://pokeapi.co/api/v2/version-group/19/"}}, {"flavor_text": "\uc0c1\ub300\uc758 \uc8fc\uc704\uc5d0 \ub048\uc801\ub048\uc801\ud55c\n\ub124\ud2b8\ub97c \ub458\ub7ec \ud3bc\uccd0 \uad50\uccb4\ub418\uc5b4\n\ub098\uc628 \uc0c1\ub300\uc758 \uc2a4\ud53c\ub4dc\ub97c \ub5a8\uc5b4\ub728\ub9b0\ub2e4.", "language": {"name": "ko", "url": "https://pokeapi.co/api/v2/language/3/"}, "version_group": {"name": "lets-go-pikachu-lets-go-eevee", "url": "https://pokeapi.co/api/v2/version-group/19/"}}, {"flavor_text": "\u5728\u5c0d\u624b\u5468\u570d\u6492\u4e0b\u9ecf\u9ecf\u7684\u7db2\uff0c\n\u964d\u4f4e\u66ff\u63db\u51fa\u5834\u7684\u5c0d\u624b\u7684\u901f\u5ea6\u3002", "language": {"name": "zh-Hant", "url": "https://pokeapi.co/api/v2/language/4/"}, "version_group": {"name": "lets-go-pikachu-lets-go-eevee", "url": "https://pokeapi.co/api/v2/version-group/19/"}}, {"flavor_text": "D\u00e9ploie une toile visqueuse autour de l\u2019ennemi\nqui ralentit la Vitesse de tout adversaire entrant\nau combat.", "language": {"name": "fr", "url": "https://pokeapi.co/api/v2/language/5/"}, "version_group": {"name": "lets-go-pikachu-lets-go-eevee", "url": "https://pokeapi.co/api/v2/version-group/19/"}}, {"flavor_text": "Der Anwender spinnt in der Umgebung des\ngegnerischen Teams ein klebriges Netz und senkt\nso die Initiative neu eingewechselter Pok\u00e9mon.", "language": {"name": "de", "url": "https://pokeapi.co/api/v2/language/6/"}, "version_group": {"name": "lets-go-pikachu-lets-go-eevee", "url": "https://pokeapi.co/api/v2/version-group/19/"}}, {"flavor_text": "Coloca una red pegajosa alrededor del equipo rival\nque baja la Velocidad de cualquier Pok\u00e9mon adversario\nque entre al combate.", "language": {"name": "es", "url": "https://pokeapi.co/api/v2/language/7/"}, "version_group": {"name": "lets-go-pikachu-lets-go-eevee", "url": "https://pokeapi.co/api/v2/version-group/19/"}}, {"flavor_text": "Chi la usa intreccia una rete appiccicosa attorno\nalla squadra avversaria, diminuendo la Velocit\u00e0 dei\nPok\u00e9mon nemici che entreranno in campo.", "language": {"name": "it", "url": "https://pokeapi.co/api/v2/language/8/"}, "version_group": {"name": "lets-go-pikachu-lets-go-eevee", "url": "https://pokeapi.co/api/v2/version-group/19/"}}, {"flavor_text": "The user weaves a sticky net around the opposing\nteam, which lowers their Speed stat upon switching\ninto battle.", "language": {"name": "en", "url": "https://pokeapi.co/api/v2/language/9/"}, "version_group": {"name": "lets-go-pikachu-lets-go-eevee", "url": "https://pokeapi.co/api/v2/version-group/19/"}}, {"flavor_text": "\u76f8\u624b\u306e\u3000\u5468\u308a\u306b\u3000\u306d\u3070\u306d\u3070\u3057\u305f\n\u30cd\u30c3\u30c8\u3092\u3000\u306f\u308a\u3081\u3050\u3089\u305b\u3000\u4ea4\u4ee3\u3067\n\u3067\u3066\u304d\u305f\u3000\u76f8\u624b\u306e\u3000\u7d20\u65e9\u3055\u3092\u3000\u3055\u3052\u308b\u3002", "language": {"name": "ja", "url": "https://pokeapi.co/api/v2/language/11/"}, "version_group": {"name": "lets-go-pikachu-lets-go-eevee", "url": "https://pokeapi.co/api/v2/version-group/19/"}}, {"flavor_text": "\u5728\u5bf9\u624b\u5468\u56f4\u56f4\u4e0a\u9ecf\u9ecf\u7684\u7f51\uff0c\n\u964d\u4f4e\u66ff\u6362\u51fa\u573a\u7684\u5bf9\u624b\u7684\u901f\u5ea6\u3002", "language": {"name": "zh-Hans", "url": "https://pokeapi.co/api/v2/language/12/"}, "version_group": {"name": "lets-go-pikachu-lets-go-eevee", "url": "https://pokeapi.co/api/v2/version-group/19/"}}, {"flavor_text": "\u3042\u3044\u3066\u306e\u3000\u307e\u308f\u308a\u306b\u3000\u306d\u3070\u306d\u3070\u3057\u305f\n\u30cd\u30c3\u30c8\u3092\u3000\u306f\u308a\u3081\u3050\u3089\u305b\u3000\u3053\u3046\u305f\u3044\u3067\n\u3067\u3066\u304d\u305f\u3000\u3042\u3044\u3066\u306e\u3000\u3059\u3070\u3084\u3055\u3092\u3000\u3055\u3052\u308b\u3002", "language": {"name": "ja-Hrkt", "url": "https://pokeapi.co/api/v2/language/1/"}, "version_group": {"name": "sword-shield", "url": "https://pokeapi.co/api/v2/version-group/20/"}}, {"flavor_text": "\uc0c1\ub300\uc758 \uc8fc\uc704\uc5d0 \ub048\uc801\ub048\uc801\ud55c\n\ub124\ud2b8\ub97c \ub458\ub7ec \ud3bc\uccd0 \uad50\uccb4\ub418\uc5b4\n\ub098\uc628 \uc0c1\ub300\uc758 \uc2a4\ud53c\ub4dc\ub97c \ub5a8\uc5b4\ub728\ub9b0\ub2e4.", "language": {"name": "ko", "url": "https://pokeapi.co/api/v2/language/3/"}, "version_group": {"name": "sword-shield", "url": "https://pokeapi.co/api/v2/version-group/20/"}}, {"flavor_text": "\u5728\u5c0d\u624b\u5468\u570d\u6492\u4e0b\u9ecf\u9ecf\u7684\u7db2\uff0c\n\u964d\u4f4e\u66ff\u63db\u51fa\u5834\u7684\u5c0d\u624b\u7684\u901f\u5ea6\u3002", "language": {"name": "zh-Hant", "url": "https://pokeapi.co/api/v2/language/4/"}, "version_group": {"name": "sword-shield", "url": "https://pokeapi.co/api/v2/version-group/20/"}}, {"flavor_text": "D\u00e9ploie une toile visqueuse autour de l\u2019ennemi\nqui ralentit la Vitesse de tout adversaire entrant\nau combat.", "language": {"name": "fr", "url": "https://pokeapi.co/api/v2/language/5/"}, "version_group": {"name": "sword-shield", "url": "https://pokeapi.co/api/v2/version-group/20/"}}, {"flavor_text": "Der Anwender spinnt in der Umgebung des\ngegnerischen Teams ein klebriges Netz und senkt\nso die Initiative neu eingewechselter Pok\u00e9mon.", "language": {"name": "de", "url": "https://pokeapi.co/api/v2/language/6/"}, "version_group": {"name": "sword-shield", "url": "https://pokeapi.co/api/v2/version-group/20/"}}, {"flavor_text": "Coloca una red pegajosa alrededor del equipo rival que\nbaja la Velocidad de cualquier adversario que entre a\ncombatir.", "language": {"name": "es", "url": "https://pokeapi.co/api/v2/language/7/"}, "version_group": {"name": "sword-shield", "url": "https://pokeapi.co/api/v2/version-group/20/"}}, {"flavor_text": "Chi la usa intreccia una rete appiccicosa attorno\nalla squadra avversaria, diminuendo la Velocit\u00e0 dei\nPok\u00e9mon nemici che entreranno in campo.", "language": {"name": "it", "url": "https://pokeapi.co/api/v2/language/8/"}, "version_group": {"name": "sword-shield", "url": "https://pokeapi.co/api/v2/version-group/20/"}}, {"flavor_text": "The user weaves a sticky net around the opposing\nteam, which lowers their Speed stats upon switching\ninto battle.", "language": {"name": "en", "url": "https://pokeapi.co/api/v2/language/9/"}, "version_group": {"name": "sword-shield", "url": "https://pokeapi.co/api/v2/version-group/20/"}}, {"flavor_text": "\u76f8\u624b\u306e\u3000\u5468\u308a\u306b\u3000\u306d\u3070\u306d\u3070\u3057\u305f\n\u30cd\u30c3\u30c8\u3092\u3000\u306f\u308a\u3081\u3050\u3089\u305b\u3000\u4ea4\u4ee3\u3067\n\u3067\u3066\u304d\u305f\u3000\u76f8\u624b\u306e\u3000\u7d20\u65e9\u3055\u3092\u3000\u3055\u3052\u308b\u3002", "language": {"name": "ja", "url": "https://pokeapi.co/api/v2/language/11/"}, "version_group": {"name": "sword-shield", "url": "https://pokeapi.co/api/v2/version-group/20/"}}, {"flavor_text": "\u5728\u5bf9\u624b\u5468\u56f4\u56f4\u4e0a\u9ecf\u9ecf\u7684\u7f51\uff0c\n\u964d\u4f4e\u66ff\u6362\u51fa\u573a\u7684\u5bf9\u624b\u7684\u901f\u5ea6\u3002", "language": {"name": "zh-Hans", "url": "https://pokeapi.co/api/v2/language/12/"}, "version_group": {"name": "sword-shield", "url": "https://pokeapi.co/api/v2/version-group/20/"}}], "generation": {"name": "generation-vi", "url": "https://pokeapi.co/api/v2/generation/6/"}, "id": 564, "learned_by_pokemon": [{"name": "spinarak", "url": "https://pokeapi.co/api/v2/pokemon/167/"}, {"name": "ariados", "url": "https://pokeapi.co/api/v2/pokemon/168/"}, {"name": "shuckle", "url": "https://pokeapi.co/api/v2/pokemon/213/"}, {"name": "surskit", "url": "https://pokeapi.co/api/v2/pokemon/283/"}, {"name": "masquerain", "url": "https://pokeapi.co/api/v2/pokemon/284/"}, {"name": "kricketune", "url": "https://pokeapi.co/api/v2/pokemon/402/"}, {"name": "sewaddle", "url": "https://pokeapi.co/api/v2/pokemon/540/"}, {"name": "swadloon", "url": "https://pokeapi.co/api/v2/pokemon/541/"}, {"name": "galvantula", "url": "https://pokeapi.co/api/v2/pokemon/596/"}, {"name": "swirlix", "url": "https://pokeapi.co/api/v2/pokemon/684/"}, {"name": "slurpuff", "url": "https://pokeapi.co/api/v2/pokemon/685/"}, {"name": "grubbin", "url": "https://pokeapi.co/api/v2/pokemon/736/"}, {"name": "charjabug", "url": "https://pokeapi.co/api/v2/pokemon/737/"}, {"name": "vikavolt", "url": "https://pokeapi.co/api/v2/pokemon/738/"}, {"name": "cutiefly", "url": "https://pokeapi.co/api/v2/pokemon/742/"}, {"name": "ribombee", "url": "https://pokeapi.co/api/v2/pokemon/743/"}, {"name": "dewpider", "url": "https://pokeapi.co/api/v2/pokemon/751/"}, {"name": "araquanid", "url": "https://pokeapi.co/api/v2/pokemon/752/"}, {"name": "blipbug", "url": "https://pokeapi.co/api/v2/pokemon/824/"}, {"name": "tarountula", "url": "https://pokeapi.co/api/v2/pokemon/917/"}, {"name": "spidops", "url": "https://pokeapi.co/api/v2/pokemon/918/"}], "machines": [], "meta": {"ailment": {"name": "none", "url": "https://pokeapi.co/api/v2/move-ailment/0/"}, "ailment_chance": 0, "category": {"name": "field-effect", "url": "https://pokeapi.co/api/v2/move-category/11/"}, "crit_rate": 0, "drain": 0, "flinch_chance": 0, "healing": 0, "max_hits": null, "max_turns": null, "min_hits": null, "min_turns": null, "stat_chance": 0}, "name": "sticky-web", "names": [{"language": {"name": "ja-Hrkt", "url": "https://pokeapi.co/api/v2/language/1/"}, "name": "\u306d\u3070\u306d\u3070\u30cd\u30c3\u30c8"}, {"language": {"name": "ko", "url": "https://pokeapi.co/api/v2/language/3/"}, "name": "\ub048\uc801\ub048\uc801\ub124\ud2b8"}, {"language": {"name": "zh-Hant", "url": "https://pokeapi.co/api/v2/language/4/"}, "name": "\u9ecf\u9ecf\u7db2"}, {"language": {"name": "fr", "url": "https://pokeapi.co/api/v2/language/5/"}, "name": "Toile Gluante"}, {"language": {"name": "de", "url": "https://pokeapi.co/api/v2/language/6/"}, "name": "Klebenetz"}, {"language": {"name": "es", "url": "https://pokeapi.co/api/v2/language/7/"}, "name": "Red Viscosa"}, {"language": {"name": "it", "url": "https://pokeapi.co/api/v2/language/8/"}, "name": "Rete Vischiosa"}, {"language": {"name": "en", "url": "https://pokeapi.co/api/v2/language/9/"}, "name": "Sticky Web"}, {"language": {"name": "ja", "url": "https://pokeapi.co/api/v2/language/11/"}, "name": "\u306d\u3070\u306d\u3070\u30cd\u30c3\u30c8"}, {"language": {"name": "zh-Hans", "url": "https://pokeapi.co/api/v2/language/12/"}, "name": "\u9ecf\u9ecf\u7f51"}], "past_values": [], "power": null, "pp": 20, "priority": 0, "stat_changes": [], "super_contest_effect": null, "target": {"name": "opponents-field", "url": "https://pokeapi.co/api/v2/move-target/6/"}, "type": {"name": "bug", "url": "https://pokeapi.co/api/v2/type/7/"}}