{"accuracy": null, "contest_combos": null, "contest_effect": {"url": "https://pokeapi.co/api/v2/contest-effect/1/"}, "contest_type": {"name": "cool", "url": "https://pokeapi.co/api/v2/contest-type/1/"}, "damage_class": {"name": "physical", "url": "https://pokeapi.co/api/v2/move-damage-class/2/"}, "effect_chance": null, "effect_changes": [{"effect_entries": [{"effect": "Inflicts normal-type damage.", "language": {"name": "en", "url": "https://pokeapi.co/api/v2/language/9/"}}], "version_group": {"name": "gold-silver", "url": "https://pokeapi.co/api/v2/version-group/3/"}}, {"effect_entries": [{"effect": "The user receieves 1/2 of the damage dealt in recoil.", "language": {"name": "en", "url": "https://pokeapi.co/api/v2/language/9/"}}], "version_group": {"name": "diamond-pearl", "url": "https://pokeapi.co/api/v2/version-group/8/"}}], "effect_entries": [{"effect": "Inflicts typeless regular damage.  User takes 1/4 its max HP in recoil.  Ignores accuracy and evasion modifiers.\n\nThis move is used automatically when a Pok\u00e9mon cannot use any other move legally, e.g., due to having no PP remaining or being under the effect of both encore and torment at the same time.\n\nThis move's recoil is not treated as recoil for the purposes of anything that affects recoil, such as the ability rock head.  It also is not prevented by magic guard.\n\nThis move cannot be copied by mimic, mirror move, or sketch, nor selected by assist or metronome, nor forced by encore.", "language": {"name": "en", "url": "https://pokeapi.co/api/v2/language/9/"}, "short_effect": "User takes 1/4 its max HP in recoil."}], "flavor_text_entries": [{"flavor_text": "Solo se usa como \u00faltimo recurso al acabarse los PP. \nHiere un poco al agresor.", "language": {"name": "es", "url": "https://pokeapi.co/api/v2/language/7/"}, "version_group": {"name": "sword-shield", "url": "https://pokeapi.co/api/v2/version-group/20/"}}, {"flavor_text": "Used only if all\nPP are exhausted.", "language": {"name": "en", "url": "https://pokeapi.co/api/v2/language/9/"}, "version_group": {"name": "gold-silver", "url": "https://pokeapi.co/api/v2/version-group/3/"}}, {"flavor_text": "Used only if all\nPP are exhausted.", "language": {"name": "en", "url": "https://pokeapi.co/api/v2/language/9/"}, "version_group": {"name": "crystal", "url": "https://pokeapi.co/api/v2/version-group/4/"}}, {"flavor_text": "Used only if all PP are gone.\nAlso hurts the user a little.", "language": {"name": "en", "url": "https://pokeapi.co/api/v2/language/9/"}, "version_group": {"name": "ruby-sapphire", "url": "https://pokeapi.co/api/v2/version-group/5/"}}, {"flavor_text": "Used only if all PP are gone.\nAlso hurts the user a little.", "language": {"name": "en", "url": "https://pokeapi.co/api/v2/language/9/"}, "version_group": {"name": "emerald", "url": "https://pokeapi.co/api/v2/version-group/6/"}}, {"flavor_text": "An attack that is\nused only if there\nis no PP. It also\nhurts the user.", "language": {"name": "en", "url": "https://pokeapi.co/api/v2/language/9/"}, "version_group": {"name": "firered-leafgreen", "url": "https://pokeapi.co/api/v2/version-group/7/"}}, {"flavor_text": "An attack that is\nused in desperation\nonly if the user has\nno PP. It also hurts\nthe user slightly.", "language": {"name": "en", "url": "https://pokeapi.co/api/v2/language/9/"}, "version_group": {"name": "diamond-pearl", "url": "https://pokeapi.co/api/v2/version-group/8/"}}, {"flavor_text": "An attack that is\nused in desperation\nonly if the user has\nno PP. It also hurts\nthe user slightly.", "language": {"name": "en", "url": "https://pokeapi.co/api/v2/language/9/"}, "version_group": {"name": "platinum", "url": "https://pokeapi.co/api/v2/version-group/9/"}}, {"flavor_text": "An attack that is\nused in desperation\nonly if the user has\nno PP. It also hurts\nthe user slightly.", "language": {"name": "en", "url": "https://pokeapi.co/api/v2/language/9/"}, "version_group": {"name": "heartgold-soulsilver", "url": "https://pokeapi.co/api/v2/version-group/10/"}}, {"flavor_text": "Une attaque d\u00e9sesp\u00e9r\u00e9e, lanc\u00e9e\nquand le lanceur n\u2019a plus de PP.\nLe blesse aussi l\u00e9g\u00e8rement.", "language": {"name": "fr", "url": "https://pokeapi.co/api/v2/language/5/"}, "version_group": {"name": "black-white", "url": "https://pokeapi.co/api/v2/version-group/11/"}}, {"flavor_text": "An attack that is used in desperation\nonly if the user has no PP. It also hurts\nthe user slightly.", "language": {"name": "en", "url": "https://pokeapi.co/api/v2/language/9/"}, "version_group": {"name": "black-white", "url": "https://pokeapi.co/api/v2/version-group/11/"}}, {"flavor_text": "An attack that is used in desperation\nonly if the user has no PP. It also hurts\nthe user slightly.", "language": {"name": "en", "url": "https://pokeapi.co/api/v2/language/9/"}, "version_group": {"name": "black-2-white-2", "url": "https://pokeapi.co/api/v2/version-group/14/"}}, {"flavor_text": "\u3058\u3076\u3093\u306e\u3000\uff30\uff30\u304c\u3000\u306a\u304f\u306a\u308b\u3068\n\u3042\u304c\u3044\u3066\u3000\u3042\u3044\u3066\u3092\u3000\u3053\u3046\u3052\u304d\u3059\u308b\u3002\n\u3058\u3076\u3093\u3082\u3000\u3059\u3053\u3057\u3000\u30c0\u30e1\u30fc\u30b8\u3092\u3000\u3046\u3051\u308b\u3002", "language": {"name": "ja-Hrkt", "url": "https://pokeapi.co/api/v2/language/1/"}, "version_group": {"name": "x-y", "url": "https://pokeapi.co/api/v2/version-group/15/"}}, {"flavor_text": "\uc790\uc2e0\uc758 PP\uac00 \ub5a8\uc5b4\uc9c0\uba74\n\ubc1c\ubc84\ub465 \uccd0 \uc0c1\ub300\ub97c \uacf5\uaca9\ud55c\ub2e4.\n\uc790\uc2e0\ub3c4 \uc870\uae08 \ub370\ubbf8\uc9c0\ub97c \uc785\ub294\ub2e4.", "language": {"name": "ko", "url": "https://pokeapi.co/api/v2/language/3/"}, "version_group": {"name": "x-y", "url": "https://pokeapi.co/api/v2/version-group/15/"}}, {"flavor_text": "Une attaque d\u00e9sesp\u00e9r\u00e9e, utilis\u00e9e quand le lanceur\nn\u2019a plus de PP. Le blesse aussi l\u00e9g\u00e8rement.", "language": {"name": "fr", "url": "https://pokeapi.co/api/v2/language/5/"}, "version_group": {"name": "x-y", "url": "https://pokeapi.co/api/v2/version-group/15/"}}, {"flavor_text": "Angriff nur bei verbrauchten AP.\nAnwender verletzt sich selbst leicht.", "language": {"name": "de", "url": "https://pokeapi.co/api/v2/language/6/"}, "version_group": {"name": "x-y", "url": "https://pokeapi.co/api/v2/version-group/15/"}}, {"flavor_text": "Solo se usa como \u00faltimo recurso al acabarse los\nPP. Hiere un poco al agresor.", "language": {"name": "es", "url": "https://pokeapi.co/api/v2/language/7/"}, "version_group": {"name": "x-y", "url": "https://pokeapi.co/api/v2/version-group/15/"}}, {"flavor_text": "Mossa da usare solo in caso estremo, quando\nnon si hanno pi\u00f9 PP. Danneggia anche chi la usa.", "language": {"name": "it", "url": "https://pokeapi.co/api/v2/language/8/"}, "version_group": {"name": "x-y", "url": "https://pokeapi.co/api/v2/version-group/15/"}}, {"flavor_text": "An attack that is used in desperation\nonly if the user has no PP. This also\ndamages the user a little.", "language": {"name": "en", "url": "https://pokeapi.co/api/v2/language/9/"}, "version_group": {"name": "x-y", "url": "https://pokeapi.co/api/v2/version-group/15/"}}, {"flavor_text": "\u81ea\u5206\u306e\u3000\uff30\uff30\u304c\u3000\u306a\u304f\u306a\u308b\u3068\n\u3042\u304c\u3044\u3066\u3000\u76f8\u624b\u3092\u3000\u653b\u6483\u3059\u308b\u3002\n\u81ea\u5206\u3082\u3000\u5c11\u3057\u3000\u30c0\u30e1\u30fc\u30b8\u3092\u3000\u53d7\u3051\u308b\u3002", "language": {"name": "ja", "url": "https://pokeapi.co/api/v2/language/11/"}, "version_group": {"name": "x-y", "url": "https://pokeapi.co/api/v2/version-group/15/"}}, {"flavor_text": "\u3058\u3076\u3093\u306e\u3000\uff30\uff30\u304c\u3000\u306a\u304f\u306a\u308b\u3068\n\u3042\u304c\u3044\u3066\u3000\u3042\u3044\u3066\u3092\u3000\u3053\u3046\u3052\u304d\u3059\u308b\u3002\n\u3058\u3076\u3093\u3082\u3000\u3059\u3053\u3057\u3000\u30c0\u30e1\u30fc\u30b8\u3092\u3000\u3046\u3051\u308b\u3002", "language": {"name": "ja-Hrkt", "url": "https://pokeapi.co/api/v2/language/1/"}, "version_group": {"name": "omega-ruby-alpha-sapphire", "url": "https://pokeapi.co/api/v2/version-group/16/"}}, {"flavor_text": "\uc790\uc2e0\uc758 PP\uac00 \ub5a8\uc5b4\uc9c0\uba74\n\ubc1c\ubc84\ub465 \uccd0 \uc0c1\ub300\ub97c \uacf5\uaca9\ud55c\ub2e4.\n\uc790\uc2e0\ub3c4 \uc870\uae08 \ub370\ubbf8\uc9c0\ub97c \uc785\ub294\ub2e4.", "language": {"name": "ko", "url": "https://pokeapi.co/api/v2/language/3/"}, "version_group": {"name": "omega-ruby-alpha-sapphire", "url": "https://pokeapi.co/api/v2/version-group/16/"}}, {"flavor_text": "Une attaque d\u00e9sesp\u00e9r\u00e9e, utilis\u00e9e quand le lanceur\nn\u2019a plus de PP. Le blesse aussi l\u00e9g\u00e8rement.", "language": {"name": "fr", "url": "https://pokeapi.co/api/v2/language/5/"}, "version_group": {"name": "omega-ruby-alpha-sapphire", "url": "https://pokeapi.co/api/v2/version-group/16/"}}, {"flavor_text": "Angriff nur bei verbrauchten AP.\nAnwender verletzt sich selbst leicht.", "language": {"name": "de", "url": "https://pokeapi.co/api/v2/language/6/"}, "version_group": {"name": "omega-ruby-alpha-sapphire", "url": "https://pokeapi.co/api/v2/version-group/16/"}}, {"flavor_text": "Solo se usa como \u00faltimo recurso al acabarse los PP. \nHiere un poco al agresor.", "language": {"name": "es", "url": "https://pokeapi.co/api/v2/language/7/"}, "version_group": {"name": "omega-ruby-alpha-sapphire", "url": "https://pokeapi.co/api/v2/version-group/16/"}}, {"flavor_text": "Mossa da usare solo in caso estremo, quando\nnon si hanno pi\u00f9 PP. Danneggia anche chi la usa.", "language": {"name": "it", "url": "https://pokeapi.co/api/v2/language/8/"}, "version_group": {"name": "omega-ruby-alpha-sapphire", "url": "https://pokeapi.co/api/v2/version-group/16/"}}, {"flavor_text": "An attack that is used in desperation\nonly if the user has no PP. This also\ndamages the user a little.", "language": {"name": "en", "url": "https://pokeapi.co/api/v2/language/9/"}, "version_group": {"name": "omega-ruby-alpha-sapphire", "url": "https://pokeapi.co/api/v2/version-group/16/"}}, {"flavor_text": "\u81ea\u5206\u306e\u3000\uff30\uff30\u304c\u3000\u306a\u304f\u306a\u308b\u3068\n\u3042\u304c\u3044\u3066\u3000\u76f8\u624b\u3092\u3000\u653b\u6483\u3059\u308b\u3002\n\u81ea\u5206\u3082\u3000\u5c11\u3057\u3000\u30c0\u30e1\u30fc\u30b8\u3092\u3000\u53d7\u3051\u308b\u3002", "language": {"name": "ja", "url": "https://pokeapi.co/api/v2/language/11/"}, "version_group": {"name": "omega-ruby-alpha-sapphire", "url": "https://pokeapi.co/api/v2/version-group/16/"}}, {"flavor_text": "\u3058\u3076\u3093\u306e\u3000\uff30\uff30\u304c\u3000\u306a\u304f\u306a\u308b\u3068\n\u3042\u304c\u3044\u3066\u3000\u3042\u3044\u3066\u3092\u3000\u3053\u3046\u3052\u304d\u3059\u308b\u3002\n\u3058\u3076\u3093\u3082\u3000\u3059\u3053\u3057\u3000\u30c0\u30e1\u30fc\u30b8\u3092\u3000\u3046\u3051\u308b\u3002", "language": {"name": "ja-Hrkt", "url": "https://pokeapi.co/api/v2/language/1/"}, "version_group": {"name": "sun-moon", "url": "https://pokeapi.co/api/v2/version-group/17/"}}, {"flavor_text": "\uc790\uc2e0\uc758 PP\uac00 \ub5a8\uc5b4\uc9c0\uba74\n\ubc1c\ubc84\ub465 \uccd0 \uc0c1\ub300\ub97c \uacf5\uaca9\ud55c\ub2e4.\n\uc790\uc2e0\ub3c4 \uc870\uae08 \ub370\ubbf8\uc9c0\ub97c \uc785\ub294\ub2e4.", "language": {"name": "ko", "url": "https://pokeapi.co/api/v2/language/3/"}, "version_group": {"name": "sun-moon", "url": "https://pokeapi.co/api/v2/version-group/17/"}}, {"flavor_text": "\u5728\u81ea\u5df1\u7684\uff30\uff30\u8017\u76e1\u6642\uff0c\n\u52aa\u529b\u6399\u624e\u653b\u64ca\u5c0d\u624b\u3002\n\u81ea\u5df1\u4e5f\u6703\u53d7\u5230\u5c11\u8a31\u50b7\u5bb3\u3002", "language": {"name": "zh-Hant", "url": "https://pokeapi.co/api/v2/language/4/"}, "version_group": {"name": "sun-moon", "url": "https://pokeapi.co/api/v2/version-group/17/"}}, {"flavor_text": "Une attaque d\u00e9sesp\u00e9r\u00e9e, utilis\u00e9e quand le lanceur\nn\u2019a plus de PP. Le blesse aussi l\u00e9g\u00e8rement.", "language": {"name": "fr", "url": "https://pokeapi.co/api/v2/language/5/"}, "version_group": {"name": "sun-moon", "url": "https://pokeapi.co/api/v2/version-group/17/"}}, {"flavor_text": "Angriff nur bei verbrauchten AP. Anwender verletzt\nsich selbst leicht.", "language": {"name": "de", "url": "https://pokeapi.co/api/v2/language/6/"}, "version_group": {"name": "sun-moon", "url": "https://pokeapi.co/api/v2/version-group/17/"}}, {"flavor_text": "Solo se usa como \u00faltimo recurso al acabarse los PP. \nHiere un poco al agresor.", "language": {"name": "es", "url": "https://pokeapi.co/api/v2/language/7/"}, "version_group": {"name": "sun-moon", "url": "https://pokeapi.co/api/v2/version-group/17/"}}, {"flavor_text": "Mossa da usare solo in caso estremo, quando\nnon si hanno pi\u00f9 PP. Danneggia anche chi la usa.", "language": {"name": "it", "url": "https://pokeapi.co/api/v2/language/8/"}, "version_group": {"name": "sun-moon", "url": "https://pokeapi.co/api/v2/version-group/17/"}}, {"flavor_text": "This attack is used in desperation only if the user\nhas no PP. It also damages the user a little.", "language": {"name": "en", "url": "https://pokeapi.co/api/v2/language/9/"}, "version_group": {"name": "sun-moon", "url": "https://pokeapi.co/api/v2/version-group/17/"}}, {"flavor_text": "\u81ea\u5206\u306e\u3000\uff30\uff30\u304c\u3000\u306a\u304f\u306a\u308b\u3068\n\u3042\u304c\u3044\u3066\u3000\u76f8\u624b\u3092\u3000\u653b\u6483\u3059\u308b\u3002\n\u81ea\u5206\u3082\u3000\u5c11\u3057\u3000\u30c0\u30e1\u30fc\u30b8\u3092\u3000\u53d7\u3051\u308b\u3002", "language": {"name": "ja", "url": "https://pokeapi.co/api/v2/language/11/"}, "version_group": {"name": "sun-moon", "url": "https://pokeapi.co/api/v2/version-group/17/"}}, {"flavor_text": "\u5f53\u81ea\u5df1\u7684\uff30\uff30\u8017\u5c3d\u65f6\uff0c\n\u52aa\u529b\u6323\u624e\u653b\u51fb\u5bf9\u624b\u3002\n\u81ea\u5df1\u4e5f\u4f1a\u53d7\u5230\u5c11\u8bb8\u4f24\u5bb3\u3002", "language": {"name": "zh-Hans", "url": "https://pokeapi.co/api/v2/language/12/"}, "version_group": {"name": "sun-moon", "url": "https://pokeapi.co/api/v2/version-group/17/"}}, {"flavor_text": "\u3058\u3076\u3093\u306e\u3000\uff30\uff30\u304c\u3000\u306a\u304f\u306a\u308b\u3068\n\u3042\u304c\u3044\u3066\u3000\u3042\u3044\u3066\u3092\u3000\u3053\u3046\u3052\u304d\u3059\u308b\u3002\n\u3058\u3076\u3093\u3082\u3000\u3059\u3053\u3057\u3000\u30c0\u30e1\u30fc\u30b8\u3092\u3000\u3046\u3051\u308b\u3002", "language": {"name": "ja-Hrkt", "url": "https://pokeapi.co/api/v2/language/1/"}, "version_group": {"name": "ultra-sun-ultra-moon", "url": "https://pokeapi.co/api/v2/version-group/18/"}}, {"flavor_text": "\uc790\uc2e0\uc758 PP\uac00 \ub5a8\uc5b4\uc9c0\uba74\n\ubc1c\ubc84\ub465 \uccd0 \uc0c1\ub300\ub97c \uacf5\uaca9\ud55c\ub2e4.\n\uc790\uc2e0\ub3c4 \uc870\uae08 \ub370\ubbf8\uc9c0\ub97c \uc785\ub294\ub2e4.", "language": {"name": "ko", "url": "https://pokeapi.co/api/v2/language/3/"}, "version_group": {"name": "ultra-sun-ultra-moon", "url": "https://pokeapi.co/api/v2/version-group/18/"}}, {"flavor_text": "\u5728\u81ea\u5df1\u7684\uff30\uff30\u8017\u76e1\u6642\uff0c\n\u52aa\u529b\u6399\u624e\u653b\u64ca\u5c0d\u624b\u3002\n\u81ea\u5df1\u4e5f\u6703\u53d7\u5230\u5c11\u8a31\u50b7\u5bb3\u3002", "language": {"name": "zh-Hant", "url": "https://pokeapi.co/api/v2/language/4/"}, "version_group": {"name": "ultra-sun-ultra-moon", "url": "https://pokeapi.co/api/v2/version-group/18/"}}, {"flavor_text": "Une attaque d\u00e9sesp\u00e9r\u00e9e, utilis\u00e9e quand le lanceur\nn\u2019a plus de PP. Le blesse aussi l\u00e9g\u00e8rement.", "language": {"name": "fr", "url": "https://pokeapi.co/api/v2/language/5/"}, "version_group": {"name": "ultra-sun-ultra-moon", "url": "https://pokeapi.co/api/v2/version-group/18/"}}, {"flavor_text": "Angriff nur bei verbrauchten AP. Anwender verletzt\nsich selbst leicht.", "language": {"name": "de", "url": "https://pokeapi.co/api/v2/language/6/"}, "version_group": {"name": "ultra-sun-ultra-moon", "url": "https://pokeapi.co/api/v2/version-group/18/"}}, {"flavor_text": "Solo se usa como \u00faltimo recurso al acabarse los PP. \nHiere un poco al agresor.", "language": {"name": "es", "url": "https://pokeapi.co/api/v2/language/7/"}, "version_group": {"name": "ultra-sun-ultra-moon", "url": "https://pokeapi.co/api/v2/version-group/18/"}}, {"flavor_text": "Mossa da usare solo in caso estremo, quando\nnon si hanno pi\u00f9 PP. Danneggia anche chi la usa.", "language": {"name": "it", "url": "https://pokeapi.co/api/v2/language/8/"}, "version_group": {"name": "ultra-sun-ultra-moon", "url": "https://pokeapi.co/api/v2/version-group/18/"}}, {"flavor_text": "This attack is used in desperation only if the user\nhas no PP. It also damages the user a little.", "language": {"name": "en", "url": "https://pokeapi.co/api/v2/language/9/"}, "version_group": {"name": "ultra-sun-ultra-moon", "url": "https://pokeapi.co/api/v2/version-group/18/"}}, {"flavor_text": "\u81ea\u5206\u306e\u3000\uff30\uff30\u304c\u3000\u306a\u304f\u306a\u308b\u3068\n\u3042\u304c\u3044\u3066\u3000\u76f8\u624b\u3092\u3000\u653b\u6483\u3059\u308b\u3002\n\u81ea\u5206\u3082\u3000\u5c11\u3057\u3000\u30c0\u30e1\u30fc\u30b8\u3092\u3000\u53d7\u3051\u308b\u3002", "language": {"name": "ja", "url": "https://pokeapi.co/api/v2/language/11/"}, "version_group": {"name": "ultra-sun-ultra-moon", "url": "https://pokeapi.co/api/v2/version-group/18/"}}, {"flavor_text": "\u5f53\u81ea\u5df1\u7684\uff30\uff30\u8017\u5c3d\u65f6\uff0c\n\u52aa\u529b\u6323\u624e\u653b\u51fb\u5bf9\u624b\u3002\n\u81ea\u5df1\u4e5f\u4f1a\u53d7\u5230\u5c11\u8bb8\u4f24\u5bb3\u3002", "language": {"name": "zh-Hans", "url": "https://pokeapi.co/api/v2/language/12/"}, "version_group": {"name": "ultra-sun-ultra-moon", "url": "https://pokeapi.co/api/v2/version-group/18/"}}, {"flavor_text": "\u3058\u3076\u3093\u306e\u3000\uff30\uff30\u304c\u3000\u306a\u304f\u306a\u308b\u3068\n\u3042\u304c\u3044\u3066\u3000\u3042\u3044\u3066\u3092\u3000\u3053\u3046\u3052\u304d\u3059\u308b\u3002\n\u3058\u3076\u3093\u3082\u3000\u3059\u3053\u3057\u3000\u30c0\u30e1\u30fc\u30b8\u3092\u3000\u3046\u3051\u308b\u3002", "language": {"name": "ja-Hrkt", "url": "https://pokeapi.co/api/v2/language/1/"}, "version_group": {"name": "lets-go-pikachu-lets-go-eevee", "url": "https://pokeapi.co/api/v2/version-group/19/"}}, {"flavor_text": "\uc790\uc2e0\uc758 PP\uac00 \ub5a8\uc5b4\uc9c0\uba74\n\ubc1c\ubc84\ub465 \uccd0 \uc0c1\ub300\ub97c \uacf5\uaca9\ud55c\ub2e4.\n\uc790\uc2e0\ub3c4 \uc870\uae08 \ub370\ubbf8\uc9c0\ub97c \uc785\ub294\ub2e4.", "language": {"name": "ko", "url": "https://pokeapi.co/api/v2/language/3/"}, "version_group": {"name": "lets-go-pikachu-lets-go-eevee", "url": "https://pokeapi.co/api/v2/version-group/19/"}}, {"flavor_text": "\u5728\u81ea\u5df1\u7684PP\u8017\u76e1\u6642\uff0c\n\u52aa\u529b\u6399\u624e\u653b\u64ca\u5c0d\u624b\u3002\n\u81ea\u5df1\u4e5f\u6703\u53d7\u5230\u5c11\u8a31\u50b7\u5bb3\u3002", "language": {"name": "zh-Hant", "url": "https://pokeapi.co/api/v2/language/4/"}, "version_group": {"name": "lets-go-pikachu-lets-go-eevee", "url": "https://pokeapi.co/api/v2/version-group/19/"}}, {"flavor_text": "Une attaque d\u00e9sesp\u00e9r\u00e9e, utilis\u00e9e quand le lanceur\nn\u2019a plus de PP. Le blesse aussi l\u00e9g\u00e8rement.", "language": {"name": "fr", "url": "https://pokeapi.co/api/v2/language/5/"}, "version_group": {"name": "lets-go-pikachu-lets-go-eevee", "url": "https://pokeapi.co/api/v2/version-group/19/"}}, {"flavor_text": "Angriff nur bei verbrauchten AP. Anwender verletzt\nsich selbst leicht.", "language": {"name": "de", "url": "https://pokeapi.co/api/v2/language/6/"}, "version_group": {"name": "lets-go-pikachu-lets-go-eevee", "url": "https://pokeapi.co/api/v2/version-group/19/"}}, {"flavor_text": "Solo se usa como \u00faltimo recurso al acabarse los PP. \nHiere un poco al agresor.", "language": {"name": "es", "url": "https://pokeapi.co/api/v2/language/7/"}, "version_group": {"name": "lets-go-pikachu-lets-go-eevee", "url": "https://pokeapi.co/api/v2/version-group/19/"}}, {"flavor_text": "Mossa da usare solo in caso estremo, quando\nnon si hanno pi\u00f9 PP. Danneggia anche chi la usa.", "language": {"name": "it", "url": "https://pokeapi.co/api/v2/language/8/"}, "version_group": {"name": "lets-go-pikachu-lets-go-eevee", "url": "https://pokeapi.co/api/v2/version-group/19/"}}, {"flavor_text": "This attack is used in desperation only if the user\nhas no PP. It also damages the user a little.", "language": {"name": "en", "url": "https://pokeapi.co/api/v2/language/9/"}, "version_group": {"name": "lets-go-pikachu-lets-go-eevee", "url": "https://pokeapi.co/api/v2/version-group/19/"}}, {"flavor_text": "\u81ea\u5206\u306e\u3000\uff30\uff30\u304c\u3000\u306a\u304f\u306a\u308b\u3068\n\u3042\u304c\u3044\u3066\u3000\u76f8\u624b\u3092\u3000\u653b\u6483\u3059\u308b\u3002\n\u81ea\u5206\u3082\u3000\u5c11\u3057\u3000\u30c0\u30e1\u30fc\u30b8\u3092\u3000\u53d7\u3051\u308b\u3002", "language": {"name": "ja", "url": "https://pokeapi.co/api/v2/language/11/"}, "version_group": {"name": "lets-go-pikachu-lets-go-eevee", "url": "https://pokeapi.co/api/v2/version-group/19/"}}, {"flavor_text": "\u5f53\u81ea\u5df1\u7684PP\u8017\u5c3d\u65f6\uff0c\n\u52aa\u529b\u6323\u624e\u653b\u51fb\u5bf9\u624b\u3002\n\u81ea\u5df1\u4e5f\u4f1a\u53d7\u5230\u5c11\u8bb8\u4f24\u5bb3\u3002", "language": {"name": "zh-Hans", "url": "https://pokeapi.co/api/v2/language/12/"}, "version_group": {"name": "lets-go-pikachu-lets-go-eevee", "url": "https://pokeapi.co/api/v2/version-group/19/"}}, {"flavor_text": "\u3058\u3076\u3093\u306e\u3000\uff30\uff30\u304c\u3000\u306a\u304f\u306a\u308b\u3068\n\u3042\u304c\u3044\u3066\u3000\u3042\u3044\u3066\u3092\u3000\u3053\u3046\u3052\u304d\u3059\u308b\u3002\n\u3058\u3076\u3093\u3082\u3000\u3059\u3053\u3057\u3000\u30c0\u30e1\u30fc\u30b8\u3092\u3000\u3046\u3051\u308b\u3002", "language": {"name": "ja-Hrkt", "url": "https://pokeapi.co/api/v2/language/1/"}, "version_group": {"name": "sword-shield", "url": "https://pokeapi.co/api/v2/version-group/20/"}}, {"flavor_text": "\uc790\uc2e0\uc758 PP\uac00 \ub5a8\uc5b4\uc9c0\uba74\n\ubc1c\ubc84\ub465 \uccd0 \uc0c1\ub300\ub97c \uacf5\uaca9\ud55c\ub2e4.\n\uc790\uc2e0\ub3c4 \uc870\uae08 \ub370\ubbf8\uc9c0\ub97c \uc785\ub294\ub2e4.", "language": {"name": "ko", "url": "https://pokeapi.co/api/v2/language/3/"}, "version_group": {"name": "sword-shield", "url": "https://pokeapi.co/api/v2/version-group/20/"}}, {"flavor_text": "\u5728\u81ea\u5df1\u7684\uff30\uff30\u8017\u76e1\u6642\uff0c\n\u52aa\u529b\u6399\u624e\u653b\u64ca\u5c0d\u624b\u3002\n\u81ea\u5df1\u4e5f\u6703\u53d7\u5230\u5c11\u8a31\u50b7\u5bb3\u3002", "language": {"name": "zh-Hant", "url": "https://pokeapi.co/api/v2/language/4/"}, "version_group": {"name": "sword-shield", "url": "https://pokeapi.co/api/v2/version-group/20/"}}, {"flavor_text": "Une attaque d\u00e9sesp\u00e9r\u00e9e, utilis\u00e9e quand le lanceur\nn\u2019a plus de PP. Le blesse aussi l\u00e9g\u00e8rement.", "language": {"name": "fr", "url": "https://pokeapi.co/api/v2/language/5/"}, "version_group": {"name": "sword-shield", "url": "https://pokeapi.co/api/v2/version-group/20/"}}, {"flavor_text": "Angriff nur bei verbrauchten AP. Anwender verletzt\nsich selbst leicht.", "language": {"name": "de", "url": "https://pokeapi.co/api/v2/language/6/"}, "version_group": {"name": "sword-shield", "url": "https://pokeapi.co/api/v2/version-group/20/"}}, {"flavor_text": "Mossa da usare solo in caso estremo, quando\nnon si hanno pi\u00f9 PP. Danneggia anche chi la usa.", "language": {"name": "it", "url": "https://pokeapi.co/api/v2/language/8/"}, "version_group": {"name": "sword-shield", "url": "https://pokeapi.co/api/v2/version-group/20/"}}, {"flavor_text": "This attack is used in desperation only if the user\nhas no PP. It also damages the user a little.", "language": {"name": "en", "url": "https://pokeapi.co/api/v2/language/9/"}, "version_group": {"name": "sword-shield", "url": "https://pokeapi.co/api/v2/version-group/20/"}}, {"flavor_text": "\u81ea\u5206\u306e\u3000\uff30\uff30\u304c\u3000\u306a\u304f\u306a\u308b\u3068\n\u3042\u304c\u3044\u3066\u3000\u76f8\u624b\u3092\u3000\u653b\u6483\u3059\u308b\u3002\n\u81ea\u5206\u3082\u3000\u5c11\u3057\u3000\u30c0\u30e1\u30fc\u30b8\u3092\u3000\u53d7\u3051\u308b\u3002", "language": {"name": "ja", "url": "https://pokeapi.co/api/v2/language/11/"}, "version_group": {"name": "sword-shield", "url": "https://pokeapi.co/api/v2/version-group/20/"}}, {"flavor_text": "\u5f53\u81ea\u5df1\u7684\uff30\uff30\u8017\u5c3d\u65f6\uff0c\n\u52aa\u529b\u6323\u624e\u653b\u51fb\u5bf9\u624b\u3002\n\u81ea\u5df1\u4e5f\u4f1a\u53d7\u5230\u5c11\u8bb8\u4f24\u5bb3\u3002", "language": {"name": "zh-Hans", "url": "https://pokeapi.co/api/v2/language/12/"}, "version_group": {"name": "sword-shield", "url": "https://pokeapi.co/api/v2/version-group/20/"}}], "generation": {"name": "generation-i", "url": "https://pokeapi.co/api/v2/generation/1/"}, "id": 165, "learned_by_pokemon": [], "machines": [], "meta": {"ailment": {"name": "none", "url": "https://pokeapi.co/api/v2/move-ailment/0/"}, "ailment_chance": 0, "category": {"name": "damage", "url": "https://pokeapi.co/api/v2/move-category/0/"}, "crit_rate": 0, "drain": 0, "flinch_chance": 0, "healing": -25, "max_hits": null, "max_turns": null, "min_hits": null, "min_turns": null, "stat_chance": 0}, "name": "struggle", "names": [{"language": {"name": "ja-Hrkt", "url": "https://pokeapi.co/api/v2/language/1/"}, "name": "\u308f\u308b\u3042\u304c\u304d"}, {"language": {"name": "ko", "url": "https://pokeapi.co/api/v2/language/3/"}, "name": "\ubc1c\ubc84\ub465"}, {"language": {"name": "zh-Hant", "url": "https://pokeapi.co/api/v2/language/4/"}, "name": "\u6399\u624e"}, {"language": {"name": "fr", "url": "https://pokeapi.co/api/v2/language/5/"}, "name": "Lutte"}, {"language": {"name": "de", "url": "https://pokeapi.co/api/v2/language/6/"}, "name": "Verzweifler"}, {"language": {"name": "es", "url": "https://pokeapi.co/api/v2/language/7/"}, "name": "Forcejeo"}, {"language": {"name": "it", "url": "https://pokeapi.co/api/v2/language/8/"}, "name": "Scontro"}, {"language": {"name": "en", "url": "https://pokeapi.co/api/v2/language/9/"}, "name": "Struggle"}, {"language": {"name": "ja", "url": "https://pokeapi.co/api/v2/language/11/"}, "name": "\u308f\u308b\u3042\u304c\u304d"}, {"language": {"name": "zh-Hans", "url": "https://pokeapi.co/api/v2/language/12/"}, "name": "\u6323\u624e"}], "past_values": [{"accuracy": null, "effect_chance": 10, "effect_entries": [], "power": null, "pp": null, "type": null, "version_group": {"name": "x-y", "url": "https://pokeapi.co/api/v2/version-group/15/"}}], "power": 50, "pp": 1, "priority": 0, "stat_changes": [], "super_contest_effect": {"url": "https://pokeapi.co/api/v2/super-contest-effect/5/"}, "target": {"name": "random-opponent", "url": "https://pokeapi.co/api/v2/move-target/8/"}, "type": {"name": "normal", "url": "https://pokeapi.co/api/v2/type/1/"}}