{"accuracy": null, "contest_combos": null, "contest_effect": null, "contest_type": null, "damage_class": {"name": "status", "url": "https://pokeapi.co/api/v2/move-damage-class/1/"}, "effect_chance": 100, "effect_changes": [], "effect_entries": [{"effect": "Inflicts regular damage, then (if successful) removes major status effects from every Pok\u00e9mon in the user's party.", "language": {"name": "en", "url": "https://pokeapi.co/api/v2/language/9/"}, "short_effect": "Cures the entire party of major status effects after inflicting damage."}], "flavor_text_entries": [{"flavor_text": "\u3082\u3063\u3066\u3044\u308b\u3000\u304d\u306e\u307f\u3092\u3000\u305f\u3079\u3066\n\u307c\u3046\u304e\u3087\u3092\u3000\u3050\u30fc\u3093\u3068\u3000\u3042\u3052\u308b\u3002", "language": {"name": "ja-Hrkt", "url": "https://pokeapi.co/api/v2/language/1/"}, "version_group": {"name": "sword-shield", "url": "https://pokeapi.co/api/v2/version-group/20/"}}, {"flavor_text": "\uc9c0\ub2c8\uace0 \uc788\ub294 \ub098\ubb34\uc5f4\ub9e4\ub97c \uba39\uace0\n\ubc29\uc5b4\ub97c \ud06c\uac8c \uc62c\ub9b0\ub2e4.", "language": {"name": "ko", "url": "https://pokeapi.co/api/v2/language/3/"}, "version_group": {"name": "sword-shield", "url": "https://pokeapi.co/api/v2/version-group/20/"}}, {"flavor_text": "\u5403\u6389\u651c\u5e36\u7684\u6a39\u679c\uff0c\n\u5927\u5e45\u63d0\u9ad8\u81ea\u5df1\u7684\u9632\u79a6\u3002", "language": {"name": "zh-Hant", "url": "https://pokeapi.co/api/v2/language/4/"}, "version_group": {"name": "sword-shield", "url": "https://pokeapi.co/api/v2/version-group/20/"}}, {"flavor_text": "Le lanceur mange la Baie qu\u2019il tient, ce qui augmente\nbeaucoup sa D\u00e9fense.", "language": {"name": "fr", "url": "https://pokeapi.co/api/v2/language/5/"}, "version_group": {"name": "sword-shield", "url": "https://pokeapi.co/api/v2/version-group/20/"}}, {"flavor_text": "Der Anwender frisst die Beere, die er tr\u00e4gt,\nwodurch seine Verteidigung stark erh\u00f6ht wird.", "language": {"name": "de", "url": "https://pokeapi.co/api/v2/language/6/"}, "version_group": {"name": "sword-shield", "url": "https://pokeapi.co/api/v2/version-group/20/"}}, {"flavor_text": "El usuario ingiere la baya que lleva equipada para\naumentar mucho su Defensa.", "language": {"name": "es", "url": "https://pokeapi.co/api/v2/language/7/"}, "version_group": {"name": "sword-shield", "url": "https://pokeapi.co/api/v2/version-group/20/"}}, {"flavor_text": "Se chi la usa ha con s\u00e9 una bacca, la mangia\ne la sua Difesa aumenta di molto.", "language": {"name": "it", "url": "https://pokeapi.co/api/v2/language/8/"}, "version_group": {"name": "sword-shield", "url": "https://pokeapi.co/api/v2/version-group/20/"}}, {"flavor_text": "The user eats its held Berry, then sharply raises its\nDefense stat.", "language": {"name": "en", "url": "https://pokeapi.co/api/v2/language/9/"}, "version_group": {"name": "sword-shield", "url": "https://pokeapi.co/api/v2/version-group/20/"}}, {"flavor_text": "\u6301\u3063\u3066\u3044\u308b\u3000\u304d\u306e\u307f\u3092\u3000\u98df\u3079\u3066\n\u9632\u5fa1\u3092\u3000\u3050\u30fc\u3093\u3068\u3000\u3042\u3052\u308b\u3002", "language": {"name": "ja", "url": "https://pokeapi.co/api/v2/language/11/"}, "version_group": {"name": "sword-shield", "url": "https://pokeapi.co/api/v2/version-group/20/"}}, {"flavor_text": "\u5403\u6389\u643a\u5e26\u7684\u6811\u679c\uff0c\n\u5927\u5e45\u63d0\u9ad8\u9632\u5fa1\u3002", "language": {"name": "zh-Hans", "url": "https://pokeapi.co/api/v2/language/12/"}, "version_group": {"name": "sword-shield", "url": "https://pokeapi.co/api/v2/version-group/20/"}}], "generation": {"name": "generation-viii", "url": "https://pokeapi.co/api/v2/generation/8/"}, "id": 747, "learned_by_pokemon": [{"name": "gulpin", "url": "https://pokeapi.co/api/v2/pokemon/316/"}, {"name": "skwovet", "url": "https://pokeapi.co/api/v2/pokemon/819/"}, {"name": "greedent", "url": "https://pokeapi.co/api/v2/pokemon/820/"}, {"name": "lechonk", "url": "https://pokeapi.co/api/v2/pokemon/915/"}], "machines": [], "meta": {"ailment": {"name": "none", "url": "https://pokeapi.co/api/v2/move-ailment/0/"}, "ailment_chance": 0, "category": {"name": "net-good-stats", "url": "https://pokeapi.co/api/v2/move-category/2/"}, "crit_rate": 0, "drain": 0, "flinch_chance": 0, "healing": 0, "max_hits": null, "max_turns": null, "min_hits": null, "min_turns": null, "stat_chance": 100}, "name": "stuff-cheeks", "names": [{"language": {"name": "ja-Hrkt", "url": "https://pokeapi.co/api/v2/language/1/"}, "name": "\u307b\u304a\u3070\u308b"}, {"language": {"name": "ko", "url": "https://pokeapi.co/api/v2/language/3/"}, "name": "\ubcfc\uac00\ub4dd\ub123\uae30"}, {"language": {"name": "zh-Hant", "url": "https://pokeapi.co/api/v2/language/4/"}, "name": "\u5927\u5feb\u6735\u9824"}, {"language": {"name": "fr", "url": "https://pokeapi.co/api/v2/language/5/"}, "name": "Garde-\u00e0-Joues"}, {"language": {"name": "de", "url": "https://pokeapi.co/api/v2/language/6/"}, "name": "Backenstopfer"}, {"language": {"name": "es", "url": "https://pokeapi.co/api/v2/language/7/"}, "name": "Atiborramiento"}, {"language": {"name": "it", "url": "https://pokeapi.co/api/v2/language/8/"}, "name": "Riempiguance"}, {"language": {"name": "en", "url": "https://pokeapi.co/api/v2/language/9/"}, "name": "Stuff Cheeks"}, {"language": {"name": "ja", "url": "https://pokeapi.co/api/v2/language/11/"}, "name": "\u307b\u304a\u3070\u308b"}, {"language": {"name": "zh-Hans", "url": "https://pokeapi.co/api/v2/language/12/"}, "name": "\u5927\u5feb\u6735\u9890"}], "past_values": [], "power": null, "pp": 10, "priority": 0, "stat_changes": [{"change": 2, "stat": {"name": "defense", "url": "https://pokeapi.co/api/v2/stat/3/"}}], "super_contest_effect": null, "target": {"name": "user", "url": "https://pokeapi.co/api/v2/move-target/7/"}, "type": {"name": "normal", "url": "https://pokeapi.co/api/v2/type/1/"}}