{"accuracy": 100, "contest_combos": null, "contest_effect": null, "contest_type": null, "damage_class": {"name": "physical", "url": "https://pokeapi.co/api/v2/move-damage-class/2/"}, "effect_chance": null, "effect_changes": [], "effect_entries": [{"effect": "Inflicts regular damage.  Other Pok\u00e9mon's abilities cannot activate in response to this move.  In particular, it hits through disguise", "language": {"name": "en", "url": "https://pokeapi.co/api/v2/language/9/"}, "short_effect": "Cannot be disrupted by abilities."}], "flavor_text_entries": [{"flavor_text": "\u308a\u3085\u3046\u305b\u3044\u306e\u3000\u3088\u3046\u306a\u3000\u3044\u304d\u304a\u3044\u3067\n\u3068\u3063\u3057\u3093\u3059\u308b\u3002\u3000\u3042\u3044\u3066\u306e\u3000\u3068\u304f\u305b\u3044\u3092\n\u3080\u3057\u3057\u3066\u3000\u3053\u3046\u3052\u304d\u3000\u3059\u308b\u3053\u3068\u304c\u3000\u3067\u304d\u308b\u3002", "language": {"name": "ja-Hrkt", "url": "https://pokeapi.co/api/v2/language/1/"}, "version_group": {"name": "sun-moon", "url": "https://pokeapi.co/api/v2/version-group/17/"}}, {"flavor_text": "\uc720\uc131 \uac19\uc740 \uae30\uc138\ub85c\n\ub3cc\uc9c4\ud55c\ub2e4. \uc0c1\ub300\uc758 \ud2b9\uc131\uc744\n\ubb34\uc2dc\ud558\uace0 \uacf5\uaca9\ud560 \uc218 \uc788\ub2e4.", "language": {"name": "ko", "url": "https://pokeapi.co/api/v2/language/3/"}, "version_group": {"name": "sun-moon", "url": "https://pokeapi.co/api/v2/version-group/17/"}}, {"flavor_text": "\u4ee5\u6d41\u661f\u822c\u7684\u6c23\u52e2\u731b\u649e\u5c0d\u624b\u3002\n\u53ef\u4e0d\u9867\u5c0d\u624b\u7684\u7279\u6027\u9032\u884c\u653b\u64ca\u3002", "language": {"name": "zh-Hant", "url": "https://pokeapi.co/api/v2/language/4/"}, "version_group": {"name": "sun-moon", "url": "https://pokeapi.co/api/v2/version-group/17/"}}, {"flavor_text": "Le lanceur fonce sur la cible \u00e0 la vitesse\nd\u2019une m\u00e9t\u00e9orite. Ignore le talent de l\u2019ennemi.", "language": {"name": "fr", "url": "https://pokeapi.co/api/v2/language/5/"}, "version_group": {"name": "sun-moon", "url": "https://pokeapi.co/api/v2/version-group/17/"}}, {"flavor_text": "Der Anwender st\u00fcrzt mit der Gewalt eines Meteors\nauf das Ziel. Die F\u00e4higkeit des Zieles wird dabei\nignoriert.", "language": {"name": "de", "url": "https://pokeapi.co/api/v2/language/6/"}, "version_group": {"name": "sun-moon", "url": "https://pokeapi.co/api/v2/version-group/17/"}}, {"flavor_text": "Ataca al objetivo con la potencia de un meteoro,\nignorando su habilidad.", "language": {"name": "es", "url": "https://pokeapi.co/api/v2/language/7/"}, "version_group": {"name": "sun-moon", "url": "https://pokeapi.co/api/v2/version-group/17/"}}, {"flavor_text": "Chi la usa travolge il bersaglio con la potenza\ndi una meteora. Questo attacco ignora l\u2019abilit\u00e0\ndel bersaglio.", "language": {"name": "it", "url": "https://pokeapi.co/api/v2/language/8/"}, "version_group": {"name": "sun-moon", "url": "https://pokeapi.co/api/v2/version-group/17/"}}, {"flavor_text": "The user slams into the target with the force of a\nmeteor. This move can be used on the target \nregardless of its Abilities.", "language": {"name": "en", "url": "https://pokeapi.co/api/v2/language/9/"}, "version_group": {"name": "sun-moon", "url": "https://pokeapi.co/api/v2/version-group/17/"}}, {"flavor_text": "\u6d41\u661f\u306e\u3000\u3088\u3046\u306a\u3000\u52e2\u3044\u3067\n\u7a81\u9032\u3059\u308b\u3002\u3000\u76f8\u624b\u306e\u3000\u7279\u6027\u3092\n\u7121\u8996\u3057\u3066\u3000\u653b\u6483\u3000\u3059\u308b\u3053\u3068\u304c\u3000\u3067\u304d\u308b\u3002", "language": {"name": "ja", "url": "https://pokeapi.co/api/v2/language/11/"}, "version_group": {"name": "sun-moon", "url": "https://pokeapi.co/api/v2/version-group/17/"}}, {"flavor_text": "\u4ee5\u6d41\u661f\u822c\u7684\u6c14\u52bf\u731b\u649e\u5bf9\u624b\u3002\n\u53ef\u4ee5\u65e0\u89c6\u5bf9\u624b\u7684\u7279\u6027\u8fdb\u884c\u653b\u51fb\u3002", "language": {"name": "zh-Hans", "url": "https://pokeapi.co/api/v2/language/12/"}, "version_group": {"name": "sun-moon", "url": "https://pokeapi.co/api/v2/version-group/17/"}}, {"flavor_text": "\u308a\u3085\u3046\u305b\u3044\u306e\u3000\u3088\u3046\u306a\u3000\u3044\u304d\u304a\u3044\u3067\n\u3068\u3063\u3057\u3093\u3059\u308b\u3002\u3000\u3042\u3044\u3066\u306e\u3000\u3068\u304f\u305b\u3044\u3092\n\u3080\u3057\u3057\u3066\u3000\u3053\u3046\u3052\u304d\u3000\u3059\u308b\u3053\u3068\u304c\u3000\u3067\u304d\u308b\u3002", "language": {"name": "ja-Hrkt", "url": "https://pokeapi.co/api/v2/language/1/"}, "version_group": {"name": "ultra-sun-ultra-moon", "url": "https://pokeapi.co/api/v2/version-group/18/"}}, {"flavor_text": "\uc720\uc131 \uac19\uc740 \uae30\uc138\ub85c\n\ub3cc\uc9c4\ud55c\ub2e4. \uc0c1\ub300\uc758 \ud2b9\uc131\uc744\n\ubb34\uc2dc\ud558\uace0 \uacf5\uaca9\ud560 \uc218 \uc788\ub2e4.", "language": {"name": "ko", "url": "https://pokeapi.co/api/v2/language/3/"}, "version_group": {"name": "ultra-sun-ultra-moon", "url": "https://pokeapi.co/api/v2/version-group/18/"}}, {"flavor_text": "\u4ee5\u6d41\u661f\u822c\u7684\u6c23\u52e2\u731b\u649e\u5c0d\u624b\u3002\n\u53ef\u4e0d\u9867\u5c0d\u624b\u7684\u7279\u6027\u9032\u884c\u653b\u64ca\u3002", "language": {"name": "zh-Hant", "url": "https://pokeapi.co/api/v2/language/4/"}, "version_group": {"name": "ultra-sun-ultra-moon", "url": "https://pokeapi.co/api/v2/version-group/18/"}}, {"flavor_text": "Le lanceur fonce sur la cible \u00e0 la vitesse\nd\u2019une m\u00e9t\u00e9orite. Ignore le talent de l\u2019ennemi.", "language": {"name": "fr", "url": "https://pokeapi.co/api/v2/language/5/"}, "version_group": {"name": "ultra-sun-ultra-moon", "url": "https://pokeapi.co/api/v2/version-group/18/"}}, {"flavor_text": "Der Anwender st\u00fcrzt mit der Gewalt eines Meteors\nauf das Ziel. Die F\u00e4higkeit des Zieles wird dabei\nignoriert.", "language": {"name": "de", "url": "https://pokeapi.co/api/v2/language/6/"}, "version_group": {"name": "ultra-sun-ultra-moon", "url": "https://pokeapi.co/api/v2/version-group/18/"}}, {"flavor_text": "Ataca al objetivo con la potencia de un meteoro,\nignorando su habilidad.", "language": {"name": "es", "url": "https://pokeapi.co/api/v2/language/7/"}, "version_group": {"name": "ultra-sun-ultra-moon", "url": "https://pokeapi.co/api/v2/version-group/18/"}}, {"flavor_text": "Chi la usa travolge il bersaglio con la potenza\ndi una meteora. Questo attacco ignora l\u2019abilit\u00e0\ndel bersaglio.", "language": {"name": "it", "url": "https://pokeapi.co/api/v2/language/8/"}, "version_group": {"name": "ultra-sun-ultra-moon", "url": "https://pokeapi.co/api/v2/version-group/18/"}}, {"flavor_text": "The user slams into the target with the force of a\nmeteor. This move can be used on the target \nregardless of its Abilities.", "language": {"name": "en", "url": "https://pokeapi.co/api/v2/language/9/"}, "version_group": {"name": "ultra-sun-ultra-moon", "url": "https://pokeapi.co/api/v2/version-group/18/"}}, {"flavor_text": "\u6d41\u661f\u306e\u3000\u3088\u3046\u306a\u3000\u52e2\u3044\u3067\n\u7a81\u9032\u3059\u308b\u3002\u3000\u76f8\u624b\u306e\u3000\u7279\u6027\u3092\n\u7121\u8996\u3057\u3066\u3000\u653b\u6483\u3000\u3059\u308b\u3053\u3068\u304c\u3000\u3067\u304d\u308b\u3002", "language": {"name": "ja", "url": "https://pokeapi.co/api/v2/language/11/"}, "version_group": {"name": "ultra-sun-ultra-moon", "url": "https://pokeapi.co/api/v2/version-group/18/"}}, {"flavor_text": "\u4ee5\u6d41\u661f\u822c\u7684\u6c14\u52bf\u731b\u649e\u5bf9\u624b\u3002\n\u53ef\u4ee5\u65e0\u89c6\u5bf9\u624b\u7684\u7279\u6027\u8fdb\u884c\u653b\u51fb\u3002", "language": {"name": "zh-Hans", "url": "https://pokeapi.co/api/v2/language/12/"}, "version_group": {"name": "ultra-sun-ultra-moon", "url": "https://pokeapi.co/api/v2/version-group/18/"}}, {"flavor_text": "\u308a\u3085\u3046\u305b\u3044\u306e\u3000\u3088\u3046\u306a\u3000\u3044\u304d\u304a\u3044\u3067\n\u3068\u3063\u3057\u3093\u3059\u308b\u3002\u3000\u3042\u3044\u3066\u306e\u3000\u3068\u304f\u305b\u3044\u3092\n\u3080\u3057\u3057\u3066\u3000\u3053\u3046\u3052\u304d\u3000\u3059\u308b\u3053\u3068\u304c\u3000\u3067\u304d\u308b\u3002", "language": {"name": "ja-Hrkt", "url": "https://pokeapi.co/api/v2/language/1/"}, "version_group": {"name": "lets-go-pikachu-lets-go-eevee", "url": "https://pokeapi.co/api/v2/version-group/19/"}}, {"flavor_text": "\uc720\uc131 \uac19\uc740 \uae30\uc138\ub85c\n\ub3cc\uc9c4\ud55c\ub2e4. \uc0c1\ub300\uc758 \ud2b9\uc131\uc744\n\ubb34\uc2dc\ud558\uace0 \uacf5\uaca9\ud560 \uc218 \uc788\ub2e4.", "language": {"name": "ko", "url": "https://pokeapi.co/api/v2/language/3/"}, "version_group": {"name": "lets-go-pikachu-lets-go-eevee", "url": "https://pokeapi.co/api/v2/version-group/19/"}}, {"flavor_text": "\u4ee5\u6d41\u661f\u822c\u7684\u6c23\u52e2\u731b\u649e\u5c0d\u624b\u3002\n\u53ef\u4e0d\u9867\u5c0d\u624b\u7684\u7279\u6027\u9032\u884c\u653b\u64ca\u3002", "language": {"name": "zh-Hant", "url": "https://pokeapi.co/api/v2/language/4/"}, "version_group": {"name": "lets-go-pikachu-lets-go-eevee", "url": "https://pokeapi.co/api/v2/version-group/19/"}}, {"flavor_text": "Le lanceur fonce sur la cible \u00e0 la vitesse d\u2019une m\u00e9t\u00e9orite.\nIgnore le talent de l\u2019ennemi.", "language": {"name": "fr", "url": "https://pokeapi.co/api/v2/language/5/"}, "version_group": {"name": "lets-go-pikachu-lets-go-eevee", "url": "https://pokeapi.co/api/v2/version-group/19/"}}, {"flavor_text": "Der Anwender st\u00fcrzt mit der Gewalt eines Meteors\nauf das Ziel. Die F\u00e4higkeit des Zieles wird dabei\nignoriert.", "language": {"name": "de", "url": "https://pokeapi.co/api/v2/language/6/"}, "version_group": {"name": "lets-go-pikachu-lets-go-eevee", "url": "https://pokeapi.co/api/v2/version-group/19/"}}, {"flavor_text": "Ataca al objetivo con la potencia de un meteoro,\nignorando su habilidad.", "language": {"name": "es", "url": "https://pokeapi.co/api/v2/language/7/"}, "version_group": {"name": "lets-go-pikachu-lets-go-eevee", "url": "https://pokeapi.co/api/v2/version-group/19/"}}, {"flavor_text": "Chi la usa travolge il bersaglio con la potenza\ndi una meteora. Questo attacco ignora l\u2019abilit\u00e0\ndel bersaglio.", "language": {"name": "it", "url": "https://pokeapi.co/api/v2/language/8/"}, "version_group": {"name": "lets-go-pikachu-lets-go-eevee", "url": "https://pokeapi.co/api/v2/version-group/19/"}}, {"flavor_text": "The user slams into the target with the force of a\nmeteor. This move can be used on the target\nregardless of its Abilities.", "language": {"name": "en", "url": "https://pokeapi.co/api/v2/language/9/"}, "version_group": {"name": "lets-go-pikachu-lets-go-eevee", "url": "https://pokeapi.co/api/v2/version-group/19/"}}, {"flavor_text": "\u6d41\u661f\u306e\u3000\u3088\u3046\u306a\u3000\u52e2\u3044\u3067\n\u7a81\u9032\u3059\u308b\u3002\u3000\u76f8\u624b\u306e\u3000\u7279\u6027\u3092\n\u7121\u8996\u3057\u3066\u3000\u653b\u6483\u3000\u3059\u308b\u3053\u3068\u304c\u3000\u3067\u304d\u308b\u3002", "language": {"name": "ja", "url": "https://pokeapi.co/api/v2/language/11/"}, "version_group": {"name": "lets-go-pikachu-lets-go-eevee", "url": "https://pokeapi.co/api/v2/version-group/19/"}}, {"flavor_text": "\u4ee5\u6d41\u661f\u822c\u7684\u6c14\u52bf\u731b\u649e\u5bf9\u624b\u3002\n\u53ef\u4ee5\u65e0\u89c6\u5bf9\u624b\u7684\u7279\u6027\u8fdb\u884c\u653b\u51fb\u3002", "language": {"name": "zh-Hans", "url": "https://pokeapi.co/api/v2/language/12/"}, "version_group": {"name": "lets-go-pikachu-lets-go-eevee", "url": "https://pokeapi.co/api/v2/version-group/19/"}}, {"flavor_text": "\u308a\u3085\u3046\u305b\u3044\u306e\u3000\u3088\u3046\u306a\u3000\u3044\u304d\u304a\u3044\u3067\n\u3068\u3063\u3057\u3093\u3059\u308b\u3002\u3000\u3042\u3044\u3066\u306e\u3000\u3068\u304f\u305b\u3044\u3092\n\u3080\u3057\u3057\u3066\u3000\u3053\u3046\u3052\u304d\u3000\u3059\u308b\u3053\u3068\u304c\u3000\u3067\u304d\u308b\u3002", "language": {"name": "ja-Hrkt", "url": "https://pokeapi.co/api/v2/language/1/"}, "version_group": {"name": "sword-shield", "url": "https://pokeapi.co/api/v2/version-group/20/"}}, {"flavor_text": "\uc720\uc131 \uac19\uc740 \uae30\uc138\ub85c\n\ub3cc\uc9c4\ud55c\ub2e4. \uc0c1\ub300\uc758 \ud2b9\uc131\uc744\n\ubb34\uc2dc\ud558\uace0 \uacf5\uaca9\ud560 \uc218 \uc788\ub2e4.", "language": {"name": "ko", "url": "https://pokeapi.co/api/v2/language/3/"}, "version_group": {"name": "sword-shield", "url": "https://pokeapi.co/api/v2/version-group/20/"}}, {"flavor_text": "\u4ee5\u6d41\u661f\u822c\u7684\u6c23\u52e2\u731b\u649e\u5c0d\u624b\u3002\n\u53ef\u4e0d\u9867\u5c0d\u624b\u7684\u7279\u6027\u9032\u884c\u653b\u64ca\u3002", "language": {"name": "zh-Hant", "url": "https://pokeapi.co/api/v2/language/4/"}, "version_group": {"name": "sword-shield", "url": "https://pokeapi.co/api/v2/version-group/20/"}}, {"flavor_text": "Le lanceur fonce sur la cible \u00e0 la vitesse d\u2019une m\u00e9t\u00e9orite.\nIgnore le talent de l\u2019ennemi.", "language": {"name": "fr", "url": "https://pokeapi.co/api/v2/language/5/"}, "version_group": {"name": "sword-shield", "url": "https://pokeapi.co/api/v2/version-group/20/"}}, {"flavor_text": "Der Anwender st\u00fcrzt mit der Gewalt eines Meteors auf\ndas Ziel. Die F\u00e4higkeit des Zieles wird dabei ignoriert.", "language": {"name": "de", "url": "https://pokeapi.co/api/v2/language/6/"}, "version_group": {"name": "sword-shield", "url": "https://pokeapi.co/api/v2/version-group/20/"}}, {"flavor_text": "Ataca al objetivo con la potencia de un meteoro,\nignorando su habilidad.", "language": {"name": "es", "url": "https://pokeapi.co/api/v2/language/7/"}, "version_group": {"name": "sword-shield", "url": "https://pokeapi.co/api/v2/version-group/20/"}}, {"flavor_text": "Chi la usa travolge il bersaglio con la potenza\ndi una meteora. Questo attacco ignora l\u2019abilit\u00e0\ndel bersaglio.", "language": {"name": "it", "url": "https://pokeapi.co/api/v2/language/8/"}, "version_group": {"name": "sword-shield", "url": "https://pokeapi.co/api/v2/version-group/20/"}}, {"flavor_text": "The user slams into the target with the force of a\nmeteor. This move can be used on the target\nregardless of its Abilities.", "language": {"name": "en", "url": "https://pokeapi.co/api/v2/language/9/"}, "version_group": {"name": "sword-shield", "url": "https://pokeapi.co/api/v2/version-group/20/"}}, {"flavor_text": "\u6d41\u661f\u306e\u3000\u3088\u3046\u306a\u3000\u52e2\u3044\u3067\n\u7a81\u9032\u3059\u308b\u3002\u3000\u76f8\u624b\u306e\u3000\u7279\u6027\u3092\n\u7121\u8996\u3057\u3066\u3000\u653b\u6483\u3000\u3059\u308b\u3053\u3068\u304c\u3000\u3067\u304d\u308b\u3002", "language": {"name": "ja", "url": "https://pokeapi.co/api/v2/language/11/"}, "version_group": {"name": "sword-shield", "url": "https://pokeapi.co/api/v2/version-group/20/"}}, {"flavor_text": "\u4ee5\u6d41\u661f\u822c\u7684\u6c14\u52bf\u731b\u649e\u5bf9\u624b\u3002\n\u53ef\u4ee5\u65e0\u89c6\u5bf9\u624b\u7684\u7279\u6027\u8fdb\u884c\u653b\u51fb\u3002", "language": {"name": "zh-Hans", "url": "https://pokeapi.co/api/v2/language/12/"}, "version_group": {"name": "sword-shield", "url": "https://pokeapi.co/api/v2/version-group/20/"}}], "generation": {"name": "generation-vii", "url": "https://pokeapi.co/api/v2/generation/7/"}, "id": 713, "learned_by_pokemon": [{"name": "solgaleo", "url": "https://pokeapi.co/api/v2/pokemon/791/"}], "machines": [], "meta": {"ailment": {"name": "none", "url": "https://pokeapi.co/api/v2/move-ailment/0/"}, "ailment_chance": 0, "category": {"name": "damage", "url": "https://pokeapi.co/api/v2/move-category/0/"}, "crit_rate": 0, "drain": 0, "flinch_chance": 0, "healing": 0, "max_hits": null, "max_turns": null, "min_hits": null, "min_turns": null, "stat_chance": 0}, "name": "sunsteel-strike", "names": [{"language": {"name": "ja-Hrkt", "url": "https://pokeapi.co/api/v2/language/1/"}, "name": "\u30e1\u30c6\u30aa\u30c9\u30e9\u30a4\u30d6"}, {"language": {"name": "ko", "url": "https://pokeapi.co/api/v2/language/3/"}, "name": "\uba54\ud14c\uc624\ub4dc\ub77c\uc774\ube0c"}, {"language": {"name": "zh-Hant", "url": "https://pokeapi.co/api/v2/language/4/"}, "name": "\u6d41\u661f\u9583\u885d"}, {"language": {"name": "fr", "url": "https://pokeapi.co/api/v2/language/5/"}, "name": "Choc M\u00e9t\u00e9ore"}, {"language": {"name": "de", "url": "https://pokeapi.co/api/v2/language/6/"}, "name": "Stahlgestirn"}, {"language": {"name": "es", "url": "https://pokeapi.co/api/v2/language/7/"}, "name": "Meteoimpacto"}, {"language": {"name": "it", "url": "https://pokeapi.co/api/v2/language/8/"}, "name": "Astrocarica"}, {"language": {"name": "en", "url": "https://pokeapi.co/api/v2/language/9/"}, "name": "Sunsteel Strike"}, {"language": {"name": "ja", "url": "https://pokeapi.co/api/v2/language/11/"}, "name": "\u30e1\u30c6\u30aa\u30c9\u30e9\u30a4\u30d6"}, {"language": {"name": "zh-Hans", "url": "https://pokeapi.co/api/v2/language/12/"}, "name": "\u6d41\u661f\u95ea\u51b2"}], "past_values": [], "power": 100, "pp": 5, "priority": 0, "stat_changes": [], "super_contest_effect": null, "target": {"name": "selected-pokemon", "url": "https://pokeapi.co/api/v2/move-target/10/"}, "type": {"name": "steel", "url": "https://pokeapi.co/api/v2/type/9/"}}