{"accuracy": 90, "contest_combos": null, "contest_effect": null, "contest_type": null, "damage_class": {"name": "special", "url": "https://pokeapi.co/api/v2/move-damage-class/3/"}, "effect_chance": 100, "effect_changes": [], "effect_entries": [{"effect": "Inflicts regular damage.", "language": {"name": "en", "url": "https://pokeapi.co/api/v2/language/9/"}, "short_effect": "Inflicts regular damage with no additional effect."}], "flavor_text_entries": [{"flavor_text": "\u307b\u3068\u3070\u3057\u308b\u3000\u3067\u3093\u304d\u306e\u3000\u304a\u308a\u306e\u3000\u306a\u304b\u306b\n\uff14\u30fc\uff15\u30bf\u30fc\u30f3\u306e\u3000\u3042\u3044\u3060\n\u3042\u3044\u3066\u3092\u3000\u3068\u3058\u3053\u3081\u3066\u3000\u3053\u3046\u3052\u304d\u3059\u308b\u3002", "language": {"name": "ja-Hrkt", "url": "https://pokeapi.co/api/v2/language/1/"}, "version_group": {"name": "sword-shield", "url": "https://pokeapi.co/api/v2/version-group/20/"}}, {"flavor_text": "\uc804\uae30\uac00 \ud750\ub974\ub294 \uc6b0\ub9ac \uc548\uc5d0\n4-5\ud134 \ub3d9\uc548\n\uc0c1\ub300\ub97c \uac00\ub450\uc5b4 \uacf5\uaca9\ud55c\ub2e4.", "language": {"name": "ko", "url": "https://pokeapi.co/api/v2/language/3/"}, "version_group": {"name": "sword-shield", "url": "https://pokeapi.co/api/v2/version-group/20/"}}, {"flavor_text": "\u5c07\u5c0d\u624b\u56f0\u5728\n\u96fb\u6d41\u5954\u7ac4\u7684\u96fb\u7262\u4e2d\uff0c\n\u5728\uff14\uff5e\uff15\u56de\u5408\u5167\u9032\u884c\u653b\u64ca\u3002", "language": {"name": "zh-Hant", "url": "https://pokeapi.co/api/v2/language/4/"}, "version_group": {"name": "sword-shield", "url": "https://pokeapi.co/api/v2/version-group/20/"}}, {"flavor_text": "Le lanceur frappe l\u2019ennemi, et le pi\u00e8ge dans une prison\n\u00e9lectrique qui dure de quatre \u00e0 cinq tours.", "language": {"name": "fr", "url": "https://pokeapi.co/api/v2/language/5/"}, "version_group": {"name": "sword-shield", "url": "https://pokeapi.co/api/v2/version-group/20/"}}, {"flavor_text": "Das Ziel wird f\u00fcr vier bis f\u00fcnf Runden in einem\nelektrischen K\u00e4fig gefangen.", "language": {"name": "de", "url": "https://pokeapi.co/api/v2/language/6/"}, "version_group": {"name": "sword-shield", "url": "https://pokeapi.co/api/v2/version-group/20/"}}, {"flavor_text": "El objetivo queda atrapado en una jaula electrificada\nque permanece en el terreno de cuatro a cinco turnos.", "language": {"name": "es", "url": "https://pokeapi.co/api/v2/language/7/"}, "version_group": {"name": "sword-shield", "url": "https://pokeapi.co/api/v2/version-group/20/"}}, {"flavor_text": "Il Pok\u00e9mon attacca il bersaglio imprigionandolo\nin una gabbia di elettricit\u00e0, che sprigiona corrente\nper quattro o cinque turni.", "language": {"name": "it", "url": "https://pokeapi.co/api/v2/language/8/"}, "version_group": {"name": "sword-shield", "url": "https://pokeapi.co/api/v2/version-group/20/"}}, {"flavor_text": "The user traps the target in a cage of sparking\nelectricity for four to five turns.", "language": {"name": "en", "url": "https://pokeapi.co/api/v2/language/9/"}, "version_group": {"name": "sword-shield", "url": "https://pokeapi.co/api/v2/version-group/20/"}}, {"flavor_text": "\u307b\u3068\u3070\u3057\u308b\u3000\u96fb\u6c17\u306e\u3000\u304a\u308a\u306e\u3000\u4e2d\u306b\n\uff14\u30fc\uff15\u30bf\u30fc\u30f3\u306e\u3000\u9593\n\u76f8\u624b\u3092\u3000\u9589\u3058\u3053\u3081\u3066\u3000\u653b\u6483\u3059\u308b\u3002", "language": {"name": "ja", "url": "https://pokeapi.co/api/v2/language/11/"}, "version_group": {"name": "sword-shield", "url": "https://pokeapi.co/api/v2/version-group/20/"}}, {"flavor_text": "\u5c06\u5bf9\u624b\u56f0\u5728\n\u7535\u6d41\u56db\u6e85\u7684\u56da\u7b3c\u4e2d\uff0c\n\u5728\uff14\uff5e\uff15\u56de\u5408\u5185\u8fdb\u884c\u653b\u51fb\u3002", "language": {"name": "zh-Hans", "url": "https://pokeapi.co/api/v2/language/12/"}, "version_group": {"name": "sword-shield", "url": "https://pokeapi.co/api/v2/version-group/20/"}}], "generation": {"name": "generation-viii", "url": "https://pokeapi.co/api/v2/generation/8/"}, "id": 819, "learned_by_pokemon": [{"name": "regieleki", "url": "https://pokeapi.co/api/v2/pokemon/894/"}], "machines": [], "meta": {"ailment": {"name": "trap", "url": "https://pokeapi.co/api/v2/move-ailment/8/"}, "ailment_chance": 100, "category": {"name": "damage+ailment", "url": "https://pokeapi.co/api/v2/move-category/4/"}, "crit_rate": 0, "drain": 0, "flinch_chance": 0, "healing": 0, "max_hits": null, "max_turns": 6, "min_hits": null, "min_turns": 5, "stat_chance": 0}, "name": "thunder-cage", "names": [{"language": {"name": "ja-Hrkt", "url": "https://pokeapi.co/api/v2/language/1/"}, "name": "\u30b5\u30f3\u30c0\u30fc\u30d7\u30ea\u30ba\u30f3"}, {"language": {"name": "ko", "url": "https://pokeapi.co/api/v2/language/3/"}, "name": "\uc36c\ub354\ud504\ub9ac\uc98c"}, {"language": {"name": "zh-Hant", "url": "https://pokeapi.co/api/v2/language/4/"}, "name": "\u96f7\u96fb\u56da\u7c60"}, {"language": {"name": "fr", "url": "https://pokeapi.co/api/v2/language/5/"}, "name": "Voltage\u00f4le"}, {"language": {"name": "de", "url": "https://pokeapi.co/api/v2/language/6/"}, "name": "Blitzgef\u00e4ngnis"}, {"language": {"name": "es", "url": "https://pokeapi.co/api/v2/language/7/"}, "name": "Electrojaula"}, {"language": {"name": "it", "url": "https://pokeapi.co/api/v2/language/8/"}, "name": "Elettrogabbia"}, {"language": {"name": "en", "url": "https://pokeapi.co/api/v2/language/9/"}, "name": "Thunder Cage"}, {"language": {"name": "ja", "url": "https://pokeapi.co/api/v2/language/11/"}, "name": "\u30b5\u30f3\u30c0\u30fc\u30d7\u30ea\u30ba\u30f3"}, {"language": {"name": "zh-Hans", "url": "https://pokeapi.co/api/v2/language/12/"}, "name": "\u96f7\u7535\u56da\u7b3c"}], "past_values": [], "power": 80, "pp": 15, "priority": 0, "stat_changes": [], "super_contest_effect": null, "target": {"name": "selected-pokemon", "url": "https://pokeapi.co/api/v2/move-target/10/"}, "type": {"name": "electric", "url": "https://pokeapi.co/api/v2/type/13/"}}