{"accuracy": 100, "contest_combos": null, "contest_effect": {"url": "https://pokeapi.co/api/v2/contest-effect/12/"}, "contest_type": {"name": "cool", "url": "https://pokeapi.co/api/v2/contest-type/1/"}, "damage_class": {"name": "physical", "url": "https://pokeapi.co/api/v2/move-damage-class/2/"}, "effect_chance": null, "effect_changes": [], "effect_entries": [{"effect": "Inflicts regular damage.", "language": {"name": "en", "url": "https://pokeapi.co/api/v2/language/9/"}, "short_effect": "Inflicts regular damage with no additional effect."}], "flavor_text_entries": [{"flavor_text": "Strikes the target\nwith wings.", "language": {"name": "en", "url": "https://pokeapi.co/api/v2/language/9/"}, "version_group": {"name": "gold-silver", "url": "https://pokeapi.co/api/v2/version-group/3/"}}, {"flavor_text": "Strikes the target\nwith wings.", "language": {"name": "en", "url": "https://pokeapi.co/api/v2/language/9/"}, "version_group": {"name": "crystal", "url": "https://pokeapi.co/api/v2/version-group/4/"}}, {"flavor_text": "Strikes the foe with wings\nspread wide.", "language": {"name": "en", "url": "https://pokeapi.co/api/v2/language/9/"}, "version_group": {"name": "ruby-sapphire", "url": "https://pokeapi.co/api/v2/version-group/5/"}}, {"flavor_text": "Strikes the foe with wings\nspread wide.", "language": {"name": "en", "url": "https://pokeapi.co/api/v2/language/9/"}, "version_group": {"name": "emerald", "url": "https://pokeapi.co/api/v2/version-group/6/"}}, {"flavor_text": "The foe is struck\nwith large, imposing\nwings spread wide.", "language": {"name": "en", "url": "https://pokeapi.co/api/v2/language/9/"}, "version_group": {"name": "firered-leafgreen", "url": "https://pokeapi.co/api/v2/version-group/7/"}}, {"flavor_text": "The foe is struck\nwith large, imposing\nwings spread wide\nto inflict damage.\n", "language": {"name": "en", "url": "https://pokeapi.co/api/v2/language/9/"}, "version_group": {"name": "diamond-pearl", "url": "https://pokeapi.co/api/v2/version-group/8/"}}, {"flavor_text": "The foe is struck\nwith large, imposing\nwings spread wide\nto inflict damage.\n", "language": {"name": "en", "url": "https://pokeapi.co/api/v2/language/9/"}, "version_group": {"name": "platinum", "url": "https://pokeapi.co/api/v2/version-group/9/"}}, {"flavor_text": "The foe is struck\nwith large, imposing\nwings spread wide\nto inflict damage.\n", "language": {"name": "en", "url": "https://pokeapi.co/api/v2/language/9/"}, "version_group": {"name": "heartgold-soulsilver", "url": "https://pokeapi.co/api/v2/version-group/10/"}}, {"flavor_text": "L\u2019ennemi est frapp\u00e9 par de larges ailes\nd\u00e9ploy\u00e9es pour infliger des d\u00e9g\u00e2ts.", "language": {"name": "fr", "url": "https://pokeapi.co/api/v2/language/5/"}, "version_group": {"name": "black-white", "url": "https://pokeapi.co/api/v2/version-group/11/"}}, {"flavor_text": "The target is struck with large, imposing\nwings spread wide to inflict damage.", "language": {"name": "en", "url": "https://pokeapi.co/api/v2/language/9/"}, "version_group": {"name": "black-white", "url": "https://pokeapi.co/api/v2/version-group/11/"}}, {"flavor_text": "The target is struck with large, imposing\nwings spread wide to inflict damage.", "language": {"name": "en", "url": "https://pokeapi.co/api/v2/language/9/"}, "version_group": {"name": "black-2-white-2", "url": "https://pokeapi.co/api/v2/version-group/14/"}}, {"flavor_text": "\u304a\u304a\u304d\u304f\u3000\u3072\u308d\u3052\u305f\u3000\u308a\u3063\u3071\u306a\u3000\u3064\u3070\u3055\u3092\n\u3042\u3044\u3066\u306b\u3000\u3076\u3064\u3051\u3066\u3000\u3053\u3046\u3052\u304d\u3059\u308b\u3002\n", "language": {"name": "ja-Hrkt", "url": "https://pokeapi.co/api/v2/language/1/"}, "version_group": {"name": "x-y", "url": "https://pokeapi.co/api/v2/version-group/15/"}}, {"flavor_text": "\ud06c\uac8c \ud3bc\uce5c \ud6cc\ub96d\ud55c \ub0a0\uac1c\ub97c\n\uc0c1\ub300\uc5d0\uac8c \ubd80\ub52a\uccd0\uc11c \uacf5\uaca9\ud55c\ub2e4.", "language": {"name": "ko", "url": "https://pokeapi.co/api/v2/language/3/"}, "version_group": {"name": "x-y", "url": "https://pokeapi.co/api/v2/version-group/15/"}}, {"flavor_text": "L\u2019ennemi est frapp\u00e9 par de larges ailes d\u00e9ploy\u00e9es\npour infliger des d\u00e9g\u00e2ts.", "language": {"name": "fr", "url": "https://pokeapi.co/api/v2/language/5/"}, "version_group": {"name": "x-y", "url": "https://pokeapi.co/api/v2/version-group/15/"}}, {"flavor_text": "Trifft das Ziel mit ausgebreiteten Fl\u00fcgeln.", "language": {"name": "de", "url": "https://pokeapi.co/api/v2/language/6/"}, "version_group": {"name": "x-y", "url": "https://pokeapi.co/api/v2/version-group/15/"}}, {"flavor_text": "Golpea al objetivo con unas grandes alas.", "language": {"name": "es", "url": "https://pokeapi.co/api/v2/language/7/"}, "version_group": {"name": "x-y", "url": "https://pokeapi.co/api/v2/version-group/15/"}}, {"flavor_text": "Infligge danni al bersaglio spiegando delle grandi\nali possenti.", "language": {"name": "it", "url": "https://pokeapi.co/api/v2/language/8/"}, "version_group": {"name": "x-y", "url": "https://pokeapi.co/api/v2/version-group/15/"}}, {"flavor_text": "The target is struck with large, imposing\nwings spread wide to inflict damage.", "language": {"name": "en", "url": "https://pokeapi.co/api/v2/language/9/"}, "version_group": {"name": "x-y", "url": "https://pokeapi.co/api/v2/version-group/15/"}}, {"flavor_text": "\u5927\u304d\u304f\u3000\u3072\u308d\u3052\u305f\u3000\u308a\u3063\u3071\u306a\u3000\u7ffc\u3092\n\u76f8\u624b\u306b\u3000\u3076\u3064\u3051\u3066\u3000\u653b\u6483\u3059\u308b\u3002\n", "language": {"name": "ja", "url": "https://pokeapi.co/api/v2/language/11/"}, "version_group": {"name": "x-y", "url": "https://pokeapi.co/api/v2/version-group/15/"}}, {"flavor_text": "\u304a\u304a\u304d\u304f\u3000\u3072\u308d\u3052\u305f\u3000\u308a\u3063\u3071\u306a\u3000\u3064\u3070\u3055\u3092\n\u3042\u3044\u3066\u306b\u3000\u3076\u3064\u3051\u3066\u3000\u3053\u3046\u3052\u304d\u3059\u308b\u3002\n", "language": {"name": "ja-Hrkt", "url": "https://pokeapi.co/api/v2/language/1/"}, "version_group": {"name": "omega-ruby-alpha-sapphire", "url": "https://pokeapi.co/api/v2/version-group/16/"}}, {"flavor_text": "\ud06c\uac8c \ud3bc\uce5c \ud6cc\ub96d\ud55c \ub0a0\uac1c\ub97c\n\uc0c1\ub300\uc5d0\uac8c \ubd80\ub52a\uccd0\uc11c \uacf5\uaca9\ud55c\ub2e4.", "language": {"name": "ko", "url": "https://pokeapi.co/api/v2/language/3/"}, "version_group": {"name": "omega-ruby-alpha-sapphire", "url": "https://pokeapi.co/api/v2/version-group/16/"}}, {"flavor_text": "L\u2019ennemi est frapp\u00e9 par de larges ailes d\u00e9ploy\u00e9es\npour infliger des d\u00e9g\u00e2ts.", "language": {"name": "fr", "url": "https://pokeapi.co/api/v2/language/5/"}, "version_group": {"name": "omega-ruby-alpha-sapphire", "url": "https://pokeapi.co/api/v2/version-group/16/"}}, {"flavor_text": "Trifft das Ziel mit ausgebreiteten Fl\u00fcgeln.", "language": {"name": "de", "url": "https://pokeapi.co/api/v2/language/6/"}, "version_group": {"name": "omega-ruby-alpha-sapphire", "url": "https://pokeapi.co/api/v2/version-group/16/"}}, {"flavor_text": "Golpea al objetivo con unas grandes alas.", "language": {"name": "es", "url": "https://pokeapi.co/api/v2/language/7/"}, "version_group": {"name": "omega-ruby-alpha-sapphire", "url": "https://pokeapi.co/api/v2/version-group/16/"}}, {"flavor_text": "Infligge danni al bersaglio spiegando delle grandi\nali possenti.", "language": {"name": "it", "url": "https://pokeapi.co/api/v2/language/8/"}, "version_group": {"name": "omega-ruby-alpha-sapphire", "url": "https://pokeapi.co/api/v2/version-group/16/"}}, {"flavor_text": "The target is struck with large, imposing\nwings spread wide to inflict damage.", "language": {"name": "en", "url": "https://pokeapi.co/api/v2/language/9/"}, "version_group": {"name": "omega-ruby-alpha-sapphire", "url": "https://pokeapi.co/api/v2/version-group/16/"}}, {"flavor_text": "\u5927\u304d\u304f\u3000\u3072\u308d\u3052\u305f\u3000\u308a\u3063\u3071\u306a\u3000\u7ffc\u3092\n\u76f8\u624b\u306b\u3000\u3076\u3064\u3051\u3066\u3000\u653b\u6483\u3059\u308b\u3002\n", "language": {"name": "ja", "url": "https://pokeapi.co/api/v2/language/11/"}, "version_group": {"name": "omega-ruby-alpha-sapphire", "url": "https://pokeapi.co/api/v2/version-group/16/"}}, {"flavor_text": "\u304a\u304a\u304d\u304f\u3000\u3072\u308d\u3052\u305f\u3000\u308a\u3063\u3071\u306a\u3000\u3064\u3070\u3055\u3092\n\u3042\u3044\u3066\u306b\u3000\u3076\u3064\u3051\u3066\u3000\u3053\u3046\u3052\u304d\u3059\u308b\u3002", "language": {"name": "ja-Hrkt", "url": "https://pokeapi.co/api/v2/language/1/"}, "version_group": {"name": "sun-moon", "url": "https://pokeapi.co/api/v2/version-group/17/"}}, {"flavor_text": "\ud06c\uac8c \ud3bc\uce5c \ud6cc\ub96d\ud55c \ub0a0\uac1c\ub97c\n\uc0c1\ub300\uc5d0\uac8c \ubd80\ub52a\uccd0\uc11c \uacf5\uaca9\ud55c\ub2e4.", "language": {"name": "ko", "url": "https://pokeapi.co/api/v2/language/3/"}, "version_group": {"name": "sun-moon", "url": "https://pokeapi.co/api/v2/version-group/17/"}}, {"flavor_text": "\u7528\u5927\u5927\u4f38\u5c55\u958b\u4f86\u7684\u7f8e\u9e97\u7fc5\u8180\uff0c\n\u649e\u5411\u5c0d\u624b\u9032\u884c\u653b\u64ca\u3002", "language": {"name": "zh-Hant", "url": "https://pokeapi.co/api/v2/language/4/"}, "version_group": {"name": "sun-moon", "url": "https://pokeapi.co/api/v2/version-group/17/"}}, {"flavor_text": "L\u2019ennemi est frapp\u00e9 par de larges ailes d\u00e9ploy\u00e9es\npour infliger des d\u00e9g\u00e2ts.", "language": {"name": "fr", "url": "https://pokeapi.co/api/v2/language/5/"}, "version_group": {"name": "sun-moon", "url": "https://pokeapi.co/api/v2/version-group/17/"}}, {"flavor_text": "Trifft das Ziel mit ausgebreiteten Fl\u00fcgeln.", "language": {"name": "de", "url": "https://pokeapi.co/api/v2/language/6/"}, "version_group": {"name": "sun-moon", "url": "https://pokeapi.co/api/v2/version-group/17/"}}, {"flavor_text": "Golpea al objetivo con unas grandes alas.", "language": {"name": "es", "url": "https://pokeapi.co/api/v2/language/7/"}, "version_group": {"name": "sun-moon", "url": "https://pokeapi.co/api/v2/version-group/17/"}}, {"flavor_text": "Infligge danni al bersaglio spiegando delle grandi\nali possenti.", "language": {"name": "it", "url": "https://pokeapi.co/api/v2/language/8/"}, "version_group": {"name": "sun-moon", "url": "https://pokeapi.co/api/v2/version-group/17/"}}, {"flavor_text": "The target is struck with large, imposing wings\nspread wide to inflict damage.", "language": {"name": "en", "url": "https://pokeapi.co/api/v2/language/9/"}, "version_group": {"name": "sun-moon", "url": "https://pokeapi.co/api/v2/version-group/17/"}}, {"flavor_text": "\u5927\u304d\u304f\u3000\u3072\u308d\u3052\u305f\u3000\u308a\u3063\u3071\u306a\u3000\u7ffc\u3092\n\u76f8\u624b\u306b\u3000\u3076\u3064\u3051\u3066\u3000\u653b\u6483\u3059\u308b\u3002", "language": {"name": "ja", "url": "https://pokeapi.co/api/v2/language/11/"}, "version_group": {"name": "sun-moon", "url": "https://pokeapi.co/api/v2/version-group/17/"}}, {"flavor_text": "\u5927\u5927\u5730\u5c55\u5f00\u7f8e\u4e3d\u7684\u7fc5\u8180\uff0c\n\u5c06\u5176\u649e\u5411\u5bf9\u624b\u8fdb\u884c\u653b\u51fb\u3002", "language": {"name": "zh-Hans", "url": "https://pokeapi.co/api/v2/language/12/"}, "version_group": {"name": "sun-moon", "url": "https://pokeapi.co/api/v2/version-group/17/"}}, {"flavor_text": "\u304a\u304a\u304d\u304f\u3000\u3072\u308d\u3052\u305f\u3000\u308a\u3063\u3071\u306a\u3000\u3064\u3070\u3055\u3092\n\u3042\u3044\u3066\u306b\u3000\u3076\u3064\u3051\u3066\u3000\u3053\u3046\u3052\u304d\u3059\u308b\u3002", "language": {"name": "ja-Hrkt", "url": "https://pokeapi.co/api/v2/language/1/"}, "version_group": {"name": "ultra-sun-ultra-moon", "url": "https://pokeapi.co/api/v2/version-group/18/"}}, {"flavor_text": "\ud06c\uac8c \ud3bc\uce5c \ud6cc\ub96d\ud55c \ub0a0\uac1c\ub97c\n\uc0c1\ub300\uc5d0\uac8c \ubd80\ub52a\uccd0\uc11c \uacf5\uaca9\ud55c\ub2e4.", "language": {"name": "ko", "url": "https://pokeapi.co/api/v2/language/3/"}, "version_group": {"name": "ultra-sun-ultra-moon", "url": "https://pokeapi.co/api/v2/version-group/18/"}}, {"flavor_text": "\u7528\u5927\u5927\u4f38\u5c55\u958b\u4f86\u7684\u7f8e\u9e97\u7fc5\u8180\uff0c\n\u649e\u5411\u5c0d\u624b\u9032\u884c\u653b\u64ca\u3002", "language": {"name": "zh-Hant", "url": "https://pokeapi.co/api/v2/language/4/"}, "version_group": {"name": "ultra-sun-ultra-moon", "url": "https://pokeapi.co/api/v2/version-group/18/"}}, {"flavor_text": "L\u2019ennemi est frapp\u00e9 par de larges ailes d\u00e9ploy\u00e9es\npour infliger des d\u00e9g\u00e2ts.", "language": {"name": "fr", "url": "https://pokeapi.co/api/v2/language/5/"}, "version_group": {"name": "ultra-sun-ultra-moon", "url": "https://pokeapi.co/api/v2/version-group/18/"}}, {"flavor_text": "Trifft das Ziel mit ausgebreiteten Fl\u00fcgeln.", "language": {"name": "de", "url": "https://pokeapi.co/api/v2/language/6/"}, "version_group": {"name": "ultra-sun-ultra-moon", "url": "https://pokeapi.co/api/v2/version-group/18/"}}, {"flavor_text": "Golpea al objetivo con unas grandes alas.", "language": {"name": "es", "url": "https://pokeapi.co/api/v2/language/7/"}, "version_group": {"name": "ultra-sun-ultra-moon", "url": "https://pokeapi.co/api/v2/version-group/18/"}}, {"flavor_text": "Infligge danni al bersaglio spiegando delle grandi\nali possenti.", "language": {"name": "it", "url": "https://pokeapi.co/api/v2/language/8/"}, "version_group": {"name": "ultra-sun-ultra-moon", "url": "https://pokeapi.co/api/v2/version-group/18/"}}, {"flavor_text": "The target is struck with large, imposing wings\nspread wide to inflict damage.", "language": {"name": "en", "url": "https://pokeapi.co/api/v2/language/9/"}, "version_group": {"name": "ultra-sun-ultra-moon", "url": "https://pokeapi.co/api/v2/version-group/18/"}}, {"flavor_text": "\u5927\u304d\u304f\u3000\u3072\u308d\u3052\u305f\u3000\u308a\u3063\u3071\u306a\u3000\u7ffc\u3092\n\u76f8\u624b\u306b\u3000\u3076\u3064\u3051\u3066\u3000\u653b\u6483\u3059\u308b\u3002", "language": {"name": "ja", "url": "https://pokeapi.co/api/v2/language/11/"}, "version_group": {"name": "ultra-sun-ultra-moon", "url": "https://pokeapi.co/api/v2/version-group/18/"}}, {"flavor_text": "\u5927\u5927\u5730\u5c55\u5f00\u7f8e\u4e3d\u7684\u7fc5\u8180\uff0c\n\u5c06\u5176\u649e\u5411\u5bf9\u624b\u8fdb\u884c\u653b\u51fb\u3002", "language": {"name": "zh-Hans", "url": "https://pokeapi.co/api/v2/language/12/"}, "version_group": {"name": "ultra-sun-ultra-moon", "url": "https://pokeapi.co/api/v2/version-group/18/"}}, {"flavor_text": "\u304a\u304a\u304d\u304f\u3000\u3072\u308d\u3052\u305f\u3000\u308a\u3063\u3071\u306a\u3000\u3064\u3070\u3055\u3092\n\u3042\u3044\u3066\u306b\u3000\u3076\u3064\u3051\u3066\u3000\u3053\u3046\u3052\u304d\u3059\u308b\u3002", "language": {"name": "ja-Hrkt", "url": "https://pokeapi.co/api/v2/language/1/"}, "version_group": {"name": "lets-go-pikachu-lets-go-eevee", "url": "https://pokeapi.co/api/v2/version-group/19/"}}, {"flavor_text": "\ud06c\uac8c \ud3bc\uce5c \ud6cc\ub96d\ud55c \ub0a0\uac1c\ub97c\n\uc0c1\ub300\uc5d0\uac8c \ubd80\ub52a\uccd0\uc11c \uacf5\uaca9\ud55c\ub2e4.", "language": {"name": "ko", "url": "https://pokeapi.co/api/v2/language/3/"}, "version_group": {"name": "lets-go-pikachu-lets-go-eevee", "url": "https://pokeapi.co/api/v2/version-group/19/"}}, {"flavor_text": "\u7528\u5927\u5927\u4f38\u5c55\u958b\u4f86\u7684\u7f8e\u9e97\u7fc5\u8180\uff0c\n\u649e\u5411\u5c0d\u624b\u9032\u884c\u653b\u64ca\u3002", "language": {"name": "zh-Hant", "url": "https://pokeapi.co/api/v2/language/4/"}, "version_group": {"name": "lets-go-pikachu-lets-go-eevee", "url": "https://pokeapi.co/api/v2/version-group/19/"}}, {"flavor_text": "L\u2019ennemi est frapp\u00e9 par de larges ailes d\u00e9ploy\u00e9es\npour infliger des d\u00e9g\u00e2ts.", "language": {"name": "fr", "url": "https://pokeapi.co/api/v2/language/5/"}, "version_group": {"name": "lets-go-pikachu-lets-go-eevee", "url": "https://pokeapi.co/api/v2/version-group/19/"}}, {"flavor_text": "Trifft das Ziel mit ausgebreiteten Fl\u00fcgeln.", "language": {"name": "de", "url": "https://pokeapi.co/api/v2/language/6/"}, "version_group": {"name": "lets-go-pikachu-lets-go-eevee", "url": "https://pokeapi.co/api/v2/version-group/19/"}}, {"flavor_text": "Golpea al objetivo con unas grandes alas.", "language": {"name": "es", "url": "https://pokeapi.co/api/v2/language/7/"}, "version_group": {"name": "lets-go-pikachu-lets-go-eevee", "url": "https://pokeapi.co/api/v2/version-group/19/"}}, {"flavor_text": "Infligge danni al bersaglio spiegando delle grandi\nali possenti.", "language": {"name": "it", "url": "https://pokeapi.co/api/v2/language/8/"}, "version_group": {"name": "lets-go-pikachu-lets-go-eevee", "url": "https://pokeapi.co/api/v2/version-group/19/"}}, {"flavor_text": "The target is struck with large, imposing wings\nspread wide to inflict damage.", "language": {"name": "en", "url": "https://pokeapi.co/api/v2/language/9/"}, "version_group": {"name": "lets-go-pikachu-lets-go-eevee", "url": "https://pokeapi.co/api/v2/version-group/19/"}}, {"flavor_text": "\u5927\u304d\u304f\u3000\u3072\u308d\u3052\u305f\u3000\u308a\u3063\u3071\u306a\u3000\u7ffc\u3092\n\u76f8\u624b\u306b\u3000\u3076\u3064\u3051\u3066\u3000\u653b\u6483\u3059\u308b\u3002", "language": {"name": "ja", "url": "https://pokeapi.co/api/v2/language/11/"}, "version_group": {"name": "lets-go-pikachu-lets-go-eevee", "url": "https://pokeapi.co/api/v2/version-group/19/"}}, {"flavor_text": "\u5927\u5927\u5730\u5c55\u5f00\u7f8e\u4e3d\u7684\u7fc5\u8180\uff0c\n\u5c06\u5176\u649e\u5411\u5bf9\u624b\u8fdb\u884c\u653b\u51fb\u3002", "language": {"name": "zh-Hans", "url": "https://pokeapi.co/api/v2/language/12/"}, "version_group": {"name": "lets-go-pikachu-lets-go-eevee", "url": "https://pokeapi.co/api/v2/version-group/19/"}}, {"flavor_text": "\u304a\u304a\u304d\u304f\u3000\u3072\u308d\u3052\u305f\u3000\u308a\u3063\u3071\u306a\u3000\u3064\u3070\u3055\u3092\n\u3042\u3044\u3066\u306b\u3000\u3076\u3064\u3051\u3066\u3000\u3053\u3046\u3052\u304d\u3059\u308b\u3002", "language": {"name": "ja-Hrkt", "url": "https://pokeapi.co/api/v2/language/1/"}, "version_group": {"name": "sword-shield", "url": "https://pokeapi.co/api/v2/version-group/20/"}}, {"flavor_text": "\ud06c\uac8c \ud3bc\uce5c \ud6cc\ub96d\ud55c \ub0a0\uac1c\ub97c\n\uc0c1\ub300\uc5d0\uac8c \ubd80\ub52a\uccd0\uc11c \uacf5\uaca9\ud55c\ub2e4.", "language": {"name": "ko", "url": "https://pokeapi.co/api/v2/language/3/"}, "version_group": {"name": "sword-shield", "url": "https://pokeapi.co/api/v2/version-group/20/"}}, {"flavor_text": "\u7528\u5927\u5927\u4f38\u5c55\u958b\u4f86\u7684\u7f8e\u9e97\u7fc5\u8180\uff0c\n\u649e\u5411\u5c0d\u624b\u9032\u884c\u653b\u64ca\u3002", "language": {"name": "zh-Hant", "url": "https://pokeapi.co/api/v2/language/4/"}, "version_group": {"name": "sword-shield", "url": "https://pokeapi.co/api/v2/version-group/20/"}}, {"flavor_text": "L\u2019ennemi est frapp\u00e9 par de larges ailes d\u00e9ploy\u00e9es\npour infliger des d\u00e9g\u00e2ts.", "language": {"name": "fr", "url": "https://pokeapi.co/api/v2/language/5/"}, "version_group": {"name": "sword-shield", "url": "https://pokeapi.co/api/v2/version-group/20/"}}, {"flavor_text": "Trifft das Ziel mit ausgebreiteten Fl\u00fcgeln.", "language": {"name": "de", "url": "https://pokeapi.co/api/v2/language/6/"}, "version_group": {"name": "sword-shield", "url": "https://pokeapi.co/api/v2/version-group/20/"}}, {"flavor_text": "Golpea al objetivo con unas grandes alas.", "language": {"name": "es", "url": "https://pokeapi.co/api/v2/language/7/"}, "version_group": {"name": "sword-shield", "url": "https://pokeapi.co/api/v2/version-group/20/"}}, {"flavor_text": "Infligge danni al bersaglio spiegando delle grandi\nali possenti.", "language": {"name": "it", "url": "https://pokeapi.co/api/v2/language/8/"}, "version_group": {"name": "sword-shield", "url": "https://pokeapi.co/api/v2/version-group/20/"}}, {"flavor_text": "The target is struck with large, imposing wings\nspread wide to inflict damage.", "language": {"name": "en", "url": "https://pokeapi.co/api/v2/language/9/"}, "version_group": {"name": "sword-shield", "url": "https://pokeapi.co/api/v2/version-group/20/"}}, {"flavor_text": "\u5927\u304d\u304f\u3000\u3072\u308d\u3052\u305f\u3000\u308a\u3063\u3071\u306a\u3000\u7ffc\u3092\n\u76f8\u624b\u306b\u3000\u3076\u3064\u3051\u3066\u3000\u653b\u6483\u3059\u308b\u3002", "language": {"name": "ja", "url": "https://pokeapi.co/api/v2/language/11/"}, "version_group": {"name": "sword-shield", "url": "https://pokeapi.co/api/v2/version-group/20/"}}, {"flavor_text": "\u5927\u5927\u5730\u5c55\u5f00\u7f8e\u4e3d\u7684\u7fc5\u8180\uff0c\n\u5c06\u5176\u649e\u5411\u5bf9\u624b\u8fdb\u884c\u653b\u51fb\u3002", "language": {"name": "zh-Hans", "url": "https://pokeapi.co/api/v2/language/12/"}, "version_group": {"name": "sword-shield", "url": "https://pokeapi.co/api/v2/version-group/20/"}}], "generation": {"name": "generation-i", "url": "https://pokeapi.co/api/v2/generation/1/"}, "id": 17, "learned_by_pokemon": [{"name": "charmander", "url": "https://pokeapi.co/api/v2/pokemon/4/"}, {"name": "charizard", "url": "https://pokeapi.co/api/v2/pokemon/6/"}, {"name": "pidgey", "url": "https://pokeapi.co/api/v2/pokemon/16/"}, {"name": "pidgeotto", "url": "https://pokeapi.co/api/v2/pokemon/17/"}, {"name": "pidgeot", "url": "https://pokeapi.co/api/v2/pokemon/18/"}, {"name": "spearow", "url": "https://pokeapi.co/api/v2/pokemon/21/"}, {"name": "fearow", "url": "https://pokeapi.co/api/v2/pokemon/22/"}, {"name": "zubat", "url": "https://pokeapi.co/api/v2/pokemon/41/"}, {"name": "golbat", "url": "https://pokeapi.co/api/v2/pokemon/42/"}, {"name": "doduo", "url": "https://pokeapi.co/api/v2/pokemon/84/"}, {"name": "dodrio", "url": "https://pokeapi.co/api/v2/pokemon/85/"}, {"name": "scyther", "url": "https://pokeapi.co/api/v2/pokemon/123/"}, {"name": "aerodactyl", "url": "https://pokeapi.co/api/v2/pokemon/142/"}, {"name": "moltres", "url": "https://pokeapi.co/api/v2/pokemon/146/"}, {"name": "dragonite", "url": "https://pokeapi.co/api/v2/pokemon/149/"}, {"name": "hoothoot", "url": "https://pokeapi.co/api/v2/pokemon/163/"}, {"name": "noctowl", "url": "https://pokeapi.co/api/v2/pokemon/164/"}, {"name": "crobat", "url": "https://pokeapi.co/api/v2/pokemon/169/"}, {"name": "yanma", "url": "https://pokeapi.co/api/v2/pokemon/193/"}, {"name": "murkrow", "url": "https://pokeapi.co/api/v2/pokemon/198/"}, {"name": "gligar", "url": "https://pokeapi.co/api/v2/pokemon/207/"}, {"name": "scizor", "url": "https://pokeapi.co/api/v2/pokemon/212/"}, {"name": "mantine", "url": "https://pokeapi.co/api/v2/pokemon/226/"}, {"name": "skarmory", "url": "https://pokeapi.co/api/v2/pokemon/227/"}, {"name": "taillow", "url": "https://pokeapi.co/api/v2/pokemon/276/"}, {"name": "swellow", "url": "https://pokeapi.co/api/v2/pokemon/277/"}, {"name": "wingull", "url": "https://pokeapi.co/api/v2/pokemon/278/"}, {"name": "pelipper", "url": "https://pokeapi.co/api/v2/pokemon/279/"}, {"name": "starly", "url": "https://pokeapi.co/api/v2/pokemon/396/"}, {"name": "staravia", "url": "https://pokeapi.co/api/v2/pokemon/397/"}, {"name": "staraptor", "url": "https://pokeapi.co/api/v2/pokemon/398/"}, {"name": "honchkrow", "url": "https://pokeapi.co/api/v2/pokemon/430/"}, {"name": "mantyke", "url": "https://pokeapi.co/api/v2/pokemon/458/"}, {"name": "yanmega", "url": "https://pokeapi.co/api/v2/pokemon/469/"}, {"name": "gliscor", "url": "https://pokeapi.co/api/v2/pokemon/472/"}, {"name": "archen", "url": "https://pokeapi.co/api/v2/pokemon/566/"}, {"name": "archeops", "url": "https://pokeapi.co/api/v2/pokemon/567/"}, {"name": "ducklett", "url": "https://pokeapi.co/api/v2/pokemon/580/"}, {"name": "swanna", "url": "https://pokeapi.co/api/v2/pokemon/581/"}, {"name": "rufflet", "url": "https://pokeapi.co/api/v2/pokemon/627/"}, {"name": "braviary", "url": "https://pokeapi.co/api/v2/pokemon/628/"}, {"name": "hawlucha", "url": "https://pokeapi.co/api/v2/pokemon/701/"}, {"name": "noibat", "url": "https://pokeapi.co/api/v2/pokemon/714/"}, {"name": "noivern", "url": "https://pokeapi.co/api/v2/pokemon/715/"}, {"name": "flapple", "url": "https://pokeapi.co/api/v2/pokemon/841/"}, {"name": "quaxly", "url": "https://pokeapi.co/api/v2/pokemon/912/"}, {"name": "quaxwell", "url": "https://pokeapi.co/api/v2/pokemon/913/"}, {"name": "quaquaval", "url": "https://pokeapi.co/api/v2/pokemon/914/"}, {"name": "bombirdier", "url": "https://pokeapi.co/api/v2/pokemon/962/"}, {"name": "flamigo", "url": "https://pokeapi.co/api/v2/pokemon/973/"}, {"name": "fezandipiti", "url": "https://pokeapi.co/api/v2/pokemon/1016/"}, {"name": "charizard-mega-x", "url": "https://pokeapi.co/api/v2/pokemon/10034/"}, {"name": "charizard-mega-y", "url": "https://pokeapi.co/api/v2/pokemon/10035/"}, {"name": "aerodactyl-mega", "url": "https://pokeapi.co/api/v2/pokemon/10042/"}, {"name": "pidgeot-mega", "url": "https://pokeapi.co/api/v2/pokemon/10073/"}, {"name": "moltres-galar", "url": "https://pokeapi.co/api/v2/pokemon/10171/"}, {"name": "braviary-hisui", "url": "https://pokeapi.co/api/v2/pokemon/10240/"}], "machines": [], "meta": {"ailment": {"name": "none", "url": "https://pokeapi.co/api/v2/move-ailment/0/"}, "ailment_chance": 0, "category": {"name": "damage", "url": "https://pokeapi.co/api/v2/move-category/0/"}, "crit_rate": 0, "drain": 0, "flinch_chance": 0, "healing": 0, "max_hits": null, "max_turns": null, "min_hits": null, "min_turns": null, "stat_chance": 0}, "name": "wing-attack", "names": [{"language": {"name": "ja-Hrkt", "url": "https://pokeapi.co/api/v2/language/1/"}, "name": "\u3064\u3070\u3055\u3067\u3046\u3064"}, {"language": {"name": "ko", "url": "https://pokeapi.co/api/v2/language/3/"}, "name": "\ub0a0\uac1c\uce58\uae30"}, {"language": {"name": "zh-Hant", "url": "https://pokeapi.co/api/v2/language/4/"}, "name": "\u7fc5\u8180\u653b\u64ca"}, {"language": {"name": "fr", "url": "https://pokeapi.co/api/v2/language/5/"}, "name": "Cru-Ailes"}, {"language": {"name": "de", "url": "https://pokeapi.co/api/v2/language/6/"}, "name": "Fl\u00fcgelschlag"}, {"language": {"name": "es", "url": "https://pokeapi.co/api/v2/language/7/"}, "name": "Ataque Ala"}, {"language": {"name": "it", "url": "https://pokeapi.co/api/v2/language/8/"}, "name": "Attacco d\u2019Ala"}, {"language": {"name": "en", "url": "https://pokeapi.co/api/v2/language/9/"}, "name": "Wing Attack"}, {"language": {"name": "ja", "url": "https://pokeapi.co/api/v2/language/11/"}, "name": "\u3064\u3070\u3055\u3067\u3046\u3064"}, {"language": {"name": "zh-Hans", "url": "https://pokeapi.co/api/v2/language/12/"}, "name": "\u7fc5\u8180\u653b\u51fb"}], "past_values": [{"accuracy": null, "effect_chance": null, "effect_entries": [], "power": 35, "pp": null, "type": null, "version_group": {"name": "gold-silver", "url": "https://pokeapi.co/api/v2/version-group/3/"}}], "power": 60, "pp": 35, "priority": 0, "stat_changes": [], "super_contest_effect": {"url": "https://pokeapi.co/api/v2/super-contest-effect/5/"}, "target": {"name": "selected-pokemon", "url": "https://pokeapi.co/api/v2/move-target/10/"}, "type": {"name": "flying", "url": "https://pokeapi.co/api/v2/type/3/"}}